  0
SECTION
  2
HEADER
  9
$ACADVER
  1
AC1024
  9
$ACADMAINTVER
 70
6
  9
$DWGCODEPAGE
  3
ANSI_1252
  9
$LASTSAVEDBY
  1
ezdxf
  9
$INSBASE
 10
0.0
 20
0.0
 30
0.0
  9
$EXTMIN
 10
1e+20
 20
1e+20
 30
1e+20
  9
$EXTMAX
 10
-1e+20
 20
-1e+20
 30
-1e+20
  9
$LIMMIN
 10
0.0
 20
0.0
  9
$LIMMAX
 10
420.0
 20
297.0
  9
$ORTHOMODE
 70
0
  9
$REGENMODE
 70
1
  9
$FILLMODE
 70
1
  9
$QTEXTMODE
 70
0
  9
$MIRRTEXT
 70
1
  9
$LTSCALE
 40
1.0
  9
$ATTMODE
 70
1
  9
$TEXTSIZE
 40
2.5
  9
$TRACEWID
 40
1.0
  9
$TEXTSTYLE
  7
OpenSans
  9
$CLAYER
  8
0
  9
$CELTYPE
  6
ByLayer
  9
$CECOLOR
 62
256
  9
$CELTSCALE
 40
1.0
  9
$DISPSILH
 70
0
  9
$DIMSCALE
 40
1.0
  9
$DIMASZ
 40
0.175
  9
$DIMEXO
 40
0.125
  9
$DIMDLI
 40
3.75
  9
$DIMRND
 40
0.0
  9
$DIMDLE
 40
0.0
  9
$DIMEXE
 40
0.375
  9
$DIMTP
 40
0.0
  9
$DIMTM
 40
0.0
  9
$DIMTXT
 40
0.25
  9
$DIMCEN
 40
2.5
  9
$DIMTSZ
 40
0.0
  9
$DIMTOL
 70
0
  9
$DIMLIM
 70
0
  9
$DIMTIH
 70
0
  9
$DIMTOH
 70
0
  9
$DIMSE1
 70
0
  9
$DIMSE2
 70
0
  9
$DIMTAD
 70
1
  9
$DIMZIN
 70
12
  9
$DIMBLK
  1
ARCHTICK
  9
$DIMASO
 70
1
  9
$DIMSHO
 70
1
  9
$DIMPOST
  1

  9
$DIMAPOST
  1

  9
$DIMALT
 70
0
  9
$DIMALTD
 70
3
  9
$DIMALTF
 40
0.03937007874
  9
$DIMLFAC
 40
100.0
  9
$DIMTOFL
 70
1
  9
$DIMTVP
 40
0.0
  9
$DIMTIX
 70
0
  9
$DIMSOXD
 70
0
  9
$DIMSAH
 70
0
  9
$DIMBLK1
  1

  9
$DIMBLK2
  1

  9
$DIMSTYLE
  2
EZDXF
  9
$DIMCLRD
 70
0
  9
$DIMCLRE
 70
0
  9
$DIMCLRT
 70
0
  9
$DIMTFAC
 40
0.5
  9
$DIMGAP
 40
0.1
  9
$DIMJUST
 70
0
  9
$DIMSD1
 70
0
  9
$DIMSD2
 70
0
  9
$DIMTOLJ
 70
0
  9
$DIMTZIN
 70
8
  9
$DIMALTZ
 70
0
  9
$DIMALTTZ
 70
0
  9
$DIMUPT
 70
1
  9
$DIMDEC
 70
2
  9
$DIMTDEC
 70
2
  9
$DIMALTU
 70
2
  9
$DIMALTTD
 70
3
  9
$DIMTXSTY
  7
OpenSansCondensed-Light
  9
$DIMAUNIT
 70
0
  9
$DIMADEC
 70
2
  9
$DIMALTRND
 40
0.0
  9
$DIMAZIN
 70
3
  9
$DIMDSEP
 70
46
  9
$DIMATFIT
 70
3
  9
$DIMFRAC
 70
0
  9
$DIMLDRBLK
  1

  9
$DIMLUNIT
 70
2
  9
$DIMLWD
 70
-2
  9
$DIMLWE
 70
-2
  9
$DIMTMOVE
 70
2
  9
$DIMFXL
 40
1.0
  9
$DIMFXLON
 70
0
  9
$DIMJOGANG
 40
0.785398163397
  9
$DIMTFILL
 70
0
  9
$DIMTFILLCLR
 70
0
  9
$DIMARCSYM
 70
0
  9
$DIMLTYPE
  6

  9
$DIMLTEX1
  6

  9
$DIMLTEX2
  6

  9
$DIMTXTDIRECTION
 70
0
  9
$LUNITS
 70
2
  9
$LUPREC
 70
4
  9
$SKETCHINC
 40
1.0
  9
$FILLETRAD
 40
10.0
  9
$AUNITS
 70
0
  9
$AUPREC
 70
2
  9
$MENU
  1
.
  9
$ELEVATION
 40
0.0
  9
$PELEVATION
 40
0.0
  9
$THICKNESS
 40
0.0
  9
$LIMCHECK
 70
0
  9
$CHAMFERA
 40
0.0
  9
$CHAMFERB
 40
0.0
  9
$CHAMFERC
 40
0.0
  9
$CHAMFERD
 40
0.0
  9
$SKPOLY
 70
0
  9
$TDCREATE
 40
2461314.6438425924
  9
$TDUCREATE
 40
2458532.153996898
  9
$TDUPDATE
 40
2461314.6438425924
  9
$TDUUPDATE
 40
2458532.1544311
  9
$TDINDWG
 40
0.0
  9
$TDUSRTIMER
 40
0.0
  9
$USRTIMER
 70
1
  9
$ANGBASE
 50
0.0
  9
$ANGDIR
 70
0
  9
$PDMODE
 70
0
  9
$PDSIZE
 40
0.0
  9
$PLINEWID
 40
0.0
  9
$SPLFRAME
 70
0
  9
$SPLINETYPE
 70
6
  9
$SPLINESEGS
 70
8
  9
$HANDSEED
  5
95
  9
$SURFTAB1
 70
6
  9
$SURFTAB2
 70
6
  9
$SURFTYPE
 70
6
  9
$SURFU
 70
6
  9
$SURFV
 70
6
  9
$UCSBASE
  2

  9
$UCSNAME
  2

  9
$UCSORG
 10
0.0
 20
0.0
 30
0.0
  9
$UCSXDIR
 10
1.0
 20
0.0
 30
0.0
  9
$UCSYDIR
 10
0.0
 20
1.0
 30
0.0
  9
$UCSORTHOREF
  2

  9
$UCSORTHOVIEW
 70
0
  9
$UCSORGTOP
 10
0.0
 20
0.0
 30
0.0
  9
$UCSORGBOTTOM
 10
0.0
 20
0.0
 30
0.0
  9
$UCSORGLEFT
 10
0.0
 20
0.0
 30
0.0
  9
$UCSORGRIGHT
 10
0.0
 20
0.0
 30
0.0
  9
$UCSORGFRONT
 10
0.0
 20
0.0
 30
0.0
  9
$UCSORGBACK
 10
0.0
 20
0.0
 30
0.0
  9
$PUCSBASE
  2

  9
$PUCSNAME
  2

  9
$PUCSORG
 10
0.0
 20
0.0
 30
0.0
  9
$PUCSXDIR
 10
1.0
 20
0.0
 30
0.0
  9
$PUCSYDIR
 10
0.0
 20
1.0
 30
0.0
  9
$PUCSORTHOREF
  2

  9
$PUCSORTHOVIEW
 70
0
  9
$PUCSORGTOP
 10
0.0
 20
0.0
 30
0.0
  9
$PUCSORGBOTTOM
 10
0.0
 20
0.0
 30
0.0
  9
$PUCSORGLEFT
 10
0.0
 20
0.0
 30
0.0
  9
$PUCSORGRIGHT
 10
0.0
 20
0.0
 30
0.0
  9
$PUCSORGFRONT
 10
0.0
 20
0.0
 30
0.0
  9
$PUCSORGBACK
 10
0.0
 20
0.0
 30
0.0
  9
$USERI1
 70
0
  9
$USERI2
 70
0
  9
$USERI3
 70
0
  9
$USERI4
 70
0
  9
$USERI5
 70
0
  9
$USERR1
 40
0.0
  9
$USERR2
 40
0.0
  9
$USERR3
 40
0.0
  9
$USERR4
 40
0.0
  9
$USERR5
 40
0.0
  9
$WORLDVIEW
 70
1
  9
$SHADEDGE
 70
3
  9
$SHADEDIF
 70
70
  9
$TILEMODE
 70
1
  9
$MAXACTVP
 70
64
  9
$PINSBASE
 10
0.0
 20
0.0
 30
0.0
  9
$PLIMCHECK
 70
0
  9
$PEXTMIN
 10
1e+20
 20
1e+20
 30
1e+20
  9
$PEXTMAX
 10
-1e+20
 20
-1e+20
 30
-1e+20
  9
$PLIMMIN
 10
0.0
 20
0.0
  9
$PLIMMAX
 10
420.0
 20
297.0
  9
$UNITMODE
 70
0
  9
$VISRETAIN
 70
1
  9
$PLINEGEN
 70
0
  9
$PSLTSCALE
 70
1
  9
$TREEDEPTH
 70
3020
  9
$CMLSTYLE
  2
Standard
  9
$CMLJUST
 70
0
  9
$CMLSCALE
 40
20.0
  9
$PROXYGRAPHICS
 70
1
  9
$MEASUREMENT
 70
1
  9
$CELWEIGHT
370
-1
  9
$ENDCAPS
280
0
  9
$JOINSTYLE
280
0
  9
$LWDISPLAY
290
0
  9
$INSUNITS
 70
4
  9
$HYPERLINKBASE
  1

  9
$STYLESHEET
  1

  9
$XEDIT
290
1
  9
$CEPSNTYPE
380
0
  9
$PSTYLEMODE
290
1
  9
$FINGERPRINTGUID
  2
{DA1D48D2-3D24-4540-AE03-D4E3FB39340C}
  9
$VERSIONGUID
  2
{D0ED300E-289D-4C4C-8838-C048947E5312}
  9
$EXTNAMES
290
1
  9
$PSVPSCALE
 40
0.0
  9
$OLESTARTUP
290
0
  9
$SORTENTS
280
127
  9
$INDEXCTL
280
0
  9
$HIDETEXT
280
1
  9
$XCLIPFRAME
280
1
  9
$HALOGAP
280
0
  9
$OBSCOLOR
 70
257
  9
$OBSLTYPE
280
0
  9
$INTERSECTIONDISPLAY
280
0
  9
$INTERSECTIONCOLOR
 70
257
  9
$DIMASSOC
280
2
  9
$PROJECTNAME
  1

  9
$CAMERADISPLAY
290
0
  9
$LENSLENGTH
 40
50.0
  9
$CAMERAHEIGHT
 40
0.0
  9
$STEPSPERSEC
 40
24.0
  9
$STEPSIZE
 40
100.0
  9
$3DDWFPREC
 40
2.0
  9
$PSOLWIDTH
 40
0.005
  9
$PSOLHEIGHT
 40
0.08
  9
$LOFTANG1
 40
1.570796326795
  9
$LOFTANG2
 40
1.570796326795
  9
$LOFTMAG1
 40
0.0
  9
$LOFTMAG2
 40
0.0
  9
$LOFTPARAM
 70
7
  9
$LOFTNORMALS
280
1
  9
$LATITUDE
 40
37.795
  9
$LONGITUDE
 40
-122.394
  9
$NORTHDIRECTION
 40
0.0
  9
$TIMEZONE
 70
-8000
  9
$LIGHTGLYPHDISPLAY
280
1
  9
$TILEMODELIGHTSYNCH
280
1
  9
$CMATERIAL
347
20
  9
$SOLIDHIST
280
0
  9
$SHOWHIST
280
1
  9
$DWFFRAME
280
2
  9
$DGNFRAME
280
2
  9
$REALWORLDSCALE
290
1
  9
$INTERFERECOLOR
 62
256
  9
$CSHADOW
280
0
  9
$SHADOWPLANELOCATION
 40
0.0
  0
ENDSEC
  0
SECTION
  2
CLASSES
  0
CLASS
  1
ACDBDICTIONARYWDFLT
  2
AcDbDictionaryWithDefault
  3
ObjectDBX Classes
 90
0
 91
0
280
0
281
0
  0
CLASS
  1
SUN
  2
AcDbSun
  3
SCENEOE
 90
1153
 91
0
280
0
281
0
  0
CLASS
  1
VISUALSTYLE
  2
AcDbVisualStyle
  3
ObjectDBX Classes
 90
4095
 91
0
280
0
281
0
  0
CLASS
  1
MATERIAL
  2
AcDbMaterial
  3
ObjectDBX Classes
 90
1153
 91
0
280
0
281
0
  0
CLASS
  1
SCALE
  2
AcDbScale
  3
ObjectDBX Classes
 90
1153
 91
0
280
0
281
0
  0
CLASS
  1
TABLESTYLE
  2
AcDbTableStyle
  3
ObjectDBX Classes
 90
4095
 91
0
280
0
281
0
  0
CLASS
  1
MLEADERSTYLE
  2
AcDbMLeaderStyle
  3
ACDB_MLEADERSTYLE_CLASS
 90
4095
 91
0
280
0
281
0
  0
CLASS
  1
DICTIONARYVAR
  2
AcDbDictionaryVar
  3
ObjectDBX Classes
 90
0
 91
0
280
0
281
0
  0
CLASS
  1
CELLSTYLEMAP
  2
AcDbCellStyleMap
  3
ObjectDBX Classes
 90
1152
 91
0
280
0
281
0
  0
CLASS
  1
MENTALRAYRENDERSETTINGS
  2
AcDbMentalRayRenderSettings
  3
SCENEOE
 90
1024
 91
0
280
0
281
0
  0
CLASS
  1
ACDBDETAILVIEWSTYLE
  2
AcDbDetailViewStyle
  3
ObjectDBX Classes
 90
1025
 91
0
280
0
281
0
  0
CLASS
  1
ACDBSECTIONVIEWSTYLE
  2
AcDbSectionViewStyle
  3
ObjectDBX Classes
 90
1025
 91
0
280
0
281
0
  0
CLASS
  1
RASTERVARIABLES
  2
AcDbRasterVariables
  3
ISM
 90
0
 91
0
280
0
281
0
  0
CLASS
  1
ACDBPLACEHOLDER
  2
AcDbPlaceHolder
  3
ObjectDBX Classes
 90
0
 91
0
280
0
281
0
  0
CLASS
  1
LAYOUT
  2
AcDbLayout
  3
ObjectDBX Classes
 90
0
 91
0
280
0
281
0
  0
ENDSEC
  0
SECTION
  2
TABLES
  0
TABLE
  2
VPORT
  5
8
330
0
100
AcDbSymbolTable
 70
1
  0
VPORT
  5
23
330
8
100
AcDbSymbolTableRecord
100
AcDbViewportTableRecord
  2
*Active
 70
0
 10
0.0
 20
0.0
 11
1.0
 21
1.0
 12
0.0
 22
0.0
 13
0.0
 23
0.0
 14
0.5
 24
0.5
 15
0.5
 25
0.5
 16
0.0
 26
0.0
 36
1.0
 17
0.0
 27
0.0
 37
0.0
 40
1000.0
 41
1.34
 42
50.0
 43
0.0
 44
0.0
 50
0.0
 51
0.0
 71
0
 72
1000
 73
1
 74
3
 75
0
 76
0
 77
0
 78
0
281
0
 65
0
146
0.0
  0
ENDTAB
  0
TABLE
  2
LTYPE
  5
2
330
0
100
AcDbSymbolTable
 70
21
  0
LTYPE
  5
24
330
2
100
AcDbSymbolTableRecord
100
AcDbLinetypeTableRecord
  2
ByBlock
 70
0
  3

 72
65
 73
0
 40
0.0
  0
LTYPE
  5
25
330
2
100
AcDbSymbolTableRecord
100
AcDbLinetypeTableRecord
  2
ByLayer
 70
0
  3

 72
65
 73
0
 40
0.0
  0
LTYPE
  5
26
330
2
100
AcDbSymbolTableRecord
100
AcDbLinetypeTableRecord
  2
Continuous
 70
0
  3

 72
65
 73
0
 40
0.0
  0
LTYPE
  5
2F
330
2
100
AcDbSymbolTableRecord
100
AcDbLinetypeTableRecord
  2
CENTER
 70
0
  3
Center ____ _ ____ _ ____ _ ____ _ ____ _ ____
 72
65
 73
4
 40
5.08
 49
3.175
 74
0
 49
-0.635
 74
0
 49
0.635
 74
0
 49
-0.635
 74
0
  0
LTYPE
  5
30
330
2
100
AcDbSymbolTableRecord
100
AcDbLinetypeTableRecord
  2
CENTERX2
 70
0
  3
Center (2x) ________  __  ________  __  ________
 72
65
 73
4
 40
8.89
 49
6.35
 74
0
 49
-0.635
 74
0
 49
1.27
 74
0
 49
-0.635
 74
0
  0
LTYPE
  5
31
330
2
100
AcDbSymbolTableRecord
100
AcDbLinetypeTableRecord
  2
CENTER2
 70
0
  3
Center (.5x) ____ _ ____ _ ____ _ ____ _ ____
 72
65
 73
4
 40
2.54
 49
1.587
 74
0
 49
-0.318
 74
0
 49
0.318
 74
0
 49
-0.318
 74
0
  0
LTYPE
  5
32
330
2
100
AcDbSymbolTableRecord
100
AcDbLinetypeTableRecord
  2
DASHED
 70
0
  3
Dashed __ __ __ __ __ __ __ __ __ __ __ __ __ _
 72
65
 73
2
 40
1.524
 49
1.27
 74
0
 49
-0.254
 74
0
  0
LTYPE
  5
33
330
2
100
AcDbSymbolTableRecord
100
AcDbLinetypeTableRecord
  2
DASHEDX2
 70
0
  3
Dashed (2x) ____  ____  ____  ____  ____  ____
 72
65
 73
2
 40
3.048
 49
2.54
 74
0
 49
-0.508
 74
0
  0
LTYPE
  5
34
330
2
100
AcDbSymbolTableRecord
100
AcDbLinetypeTableRecord
  2
DASHED2
 70
0
  3
Dashed (.5x) _ _ _ _ _ _ _ _ _ _ _ _ _ _
 72
65
 73
2
 40
0.762
 49
0.635
 74
0
 49
-0.127
 74
0
  0
LTYPE
  5
35
330
2
100
AcDbSymbolTableRecord
100
AcDbLinetypeTableRecord
  2
PHANTOM
 70
0
  3
Phantom ______  __  __  ______  __  __  ______
 72
65
 73
6
 40
6.35
 49
3.175
 74
0
 49
-0.635
 74
0
 49
0.635
 74
0
 49
-0.635
 74
0
 49
0.635
 74
0
 49
-0.635
 74
0
  0
LTYPE
  5
36
330
2
100
AcDbSymbolTableRecord
100
AcDbLinetypeTableRecord
  2
PHANTOMX2
 70
0
  3
Phantom (2x)____________    ____    ____    ____________
 72
65
 73
6
 40
10.795
 49
6.35
 74
0
 49
-0.635
 74
0
 49
1.27
 74
0
 49
-0.635
 74
0
 49
1.27
 74
0
 49
-0.635
 74
0
  0
LTYPE
  5
37
330
2
100
AcDbSymbolTableRecord
100
AcDbLinetypeTableRecord
  2
PHANTOM2
 70
0
  3
Phantom (.5x) ___ _ _ ___ _ _ ___ _ _ ___ _ _ ___
 72
65
 73
6
 40
3.175
 49
1.587
 74
0
 49
-0.318
 74
0
 49
0.318
 74
0
 49
-0.318
 74
0
 49
0.318
 74
0
 49
-0.318
 74
0
  0
LTYPE
  5
38
330
2
100
AcDbSymbolTableRecord
100
AcDbLinetypeTableRecord
  2
DASHDOT
 70
0
  3
Dash dot __ . __ . __ . __ . __ . __ . __ . __
 72
65
 73
4
 40
3.556
 49
2.54
 74
0
 49
-0.508
 74
0
 49
0.0
 74
0
 49
-0.508
 74
0
  0
LTYPE
  5
39
330
2
100
AcDbSymbolTableRecord
100
AcDbLinetypeTableRecord
  2
DASHDOTX2
 70
0
  3
Dash dot (2x) ____  .  ____  .  ____  .  ____
 72
65
 73
4
 40
6.096
 49
5.08
 74
0
 49
-0.508
 74
0
 49
0.0
 74
0
 49
-0.508
 74
0
  0
LTYPE
  5
3A
330
2
100
AcDbSymbolTableRecord
100
AcDbLinetypeTableRecord
  2
DASHDOT2
 70
0
  3
Dash dot (.5x) _ . _ . _ . _ . _ . _ . _ . _
 72
65
 73
4
 40
1.778
 49
1.27
 74
0
 49
-0.254
 74
0
 49
0.0
 74
0
 49
-0.254
 74
0
  0
LTYPE
  5
3B
330
2
100
AcDbSymbolTableRecord
100
AcDbLinetypeTableRecord
  2
DOT
 70
0
  3
Dot .  .  .  .  .  .  .  .  .  .  .  .  .  .  .  .
 72
65
 73
2
 40
0.508
 49
0.0
 74
0
 49
-0.508
 74
0
  0
LTYPE
  5
3C
330
2
100
AcDbSymbolTableRecord
100
AcDbLinetypeTableRecord
  2
DOTX2
 70
0
  3
Dot (2x) .    .    .    .    .    .    .    . 
 72
65
 73
2
 40
1.016
 49
0.0
 74
0
 49
-1.016
 74
0
  0
LTYPE
  5
3D
330
2
100
AcDbSymbolTableRecord
100
AcDbLinetypeTableRecord
  2
DOT2
 70
0
  3
Dot (.5) . . . . . . . . . . . . . . . . . . . 
 72
65
 73
2
 40
0.254
 49
0.0
 74
0
 49
-0.254
 74
0
  0
LTYPE
  5
3E
330
2
100
AcDbSymbolTableRecord
100
AcDbLinetypeTableRecord
  2
DIVIDE
 70
0
  3
Divide __ . . __ . . __ . . __ . . __ . . __
 72
65
 73
6
 40
4.064
 49
2.54
 74
0
 49
-0.508
 74
0
 49
0.0
 74
0
 49
-0.508
 74
0
 49
0.0
 74
0
 49
-0.508
 74
0
  0
LTYPE
  5
3F
330
2
100
AcDbSymbolTableRecord
100
AcDbLinetypeTableRecord
  2
DIVIDEX2
 70
0
  3
Divide (2x) ____  . .  ____  . .  ____  . .  ____
 72
65
 73
6
 40
6.604
 49
5.08
 74
0
 49
-0.508
 74
0
 49
0.0
 74
0
 49
-0.508
 74
0
 49
0.0
 74
0
 49
-0.508
 74
0
  0
LTYPE
  5
40
330
2
100
AcDbSymbolTableRecord
100
AcDbLinetypeTableRecord
  2
DIVIDE2
 70
0
  3
Divide(.5x) _ . _ . _ . _ . _ . _ . _ . _
 72
65
 73
6
 40
2.032
 49
1.27
 74
0
 49
-0.254
 74
0
 49
0.0
 74
0
 49
-0.254
 74
0
 49
0.0
 74
0
 49
-0.254
 74
0
  0
ENDTAB
  0
TABLE
  2
LAYER
  5
1
330
0
100
AcDbSymbolTable
 70
8
  0
LAYER
  5
27
330
1
100
AcDbSymbolTableRecord
100
AcDbLayerTableRecord
  2
0
 70
0
 62
7
  6
Continuous
370
-3
390
13
347
21
  0
LAYER
  5
28
330
1
100
AcDbSymbolTableRecord
100
AcDbLayerTableRecord
  2
Defpoints
 70
0
 62
7
  6
Continuous
290
0
370
-3
390
13
347
21
  0
LAYER
  5
8A
330
1
100
AcDbSymbolTableRecord
100
AcDbLayerTableRecord
  2
CUT_OUT
 70
0
 62
7
  6
Continuous
370
-3
390
13
347
21
  0
LAYER
  5
8B
330
1
100
AcDbSymbolTableRecord
100
AcDbLayerTableRecord
  2
CUT_IN
 70
0
 62
1
  6
Continuous
370
-3
390
13
347
21
  0
LAYER
  5
8C
330
1
100
AcDbSymbolTableRecord
100
AcDbLayerTableRecord
  2
DRILL
 70
0
 62
3
  6
Continuous
370
-3
390
13
347
21
  0
LAYER
  5
8D
330
1
100
AcDbSymbolTableRecord
100
AcDbLayerTableRecord
  2
MARK
 70
0
 62
5
  6
Continuous
370
-3
390
13
347
21
  0
LAYER
  5
8E
330
1
100
AcDbSymbolTableRecord
100
AcDbLayerTableRecord
  2
TEXT
 70
0
 62
8
  6
Continuous
370
-3
390
13
347
21
  0
LAYER
  5
8F
330
1
100
AcDbSymbolTableRecord
100
AcDbLayerTableRecord
  2
SHEET
 70
0
 62
9
  6
Continuous
370
-3
390
13
347
21
  0
ENDTAB
  0
TABLE
  2
STYLE
  5
5
330
0
100
AcDbSymbolTable
 70
26
  0
STYLE
  5
29
330
5
100
AcDbSymbolTableRecord
100
AcDbTextStyleTableRecord
  2
Standard
 70
0
 40
0.0
 41
1.0
 50
0.0
 71
0
 42
2.5
  3
txt
  4

  0
STYLE
  5
41
330
5
100
AcDbSymbolTableRecord
100
AcDbTextStyleTableRecord
  2
OpenSans-Light
 70
0
 40
0.0
 41
1.0
 50
0.0
 71
0
 42
2.5
  3
OpenSans-Light.ttf
  4

  0
STYLE
  5
42
330
5
100
AcDbSymbolTableRecord
100
AcDbTextStyleTableRecord
  2
OpenSans-Light-Italic
 70
0
 40
0.0
 41
1.0
 50
0.0
 71
0
 42
2.5
  3
OpenSans-LightItalic.ttf
  4

  0
STYLE
  5
43
330
5
100
AcDbSymbolTableRecord
100
AcDbTextStyleTableRecord
  2
OpenSans
 70
0
 40
0.0
 41
1.0
 50
0.0
 71
0
 42
2.5
  3
OpenSans-Regular.ttf
  4

  0
STYLE
  5
44
330
5
100
AcDbSymbolTableRecord
100
AcDbTextStyleTableRecord
  2
OpenSans-Italic
 70
0
 40
0.0
 41
1.0
 50
0.0
 71
0
 42
2.5
  3
OpenSans-Italic.ttf
  4

  0
STYLE
  5
45
330
5
100
AcDbSymbolTableRecord
100
AcDbTextStyleTableRecord
  2
OpenSans-SemiBold
 70
0
 40
0.0
 41
1.0
 50
0.0
 71
0
 42
2.5
  3
OpenSans-SemiBold.ttf
  4

  0
STYLE
  5
46
330
5
100
AcDbSymbolTableRecord
100
AcDbTextStyleTableRecord
  2
OpenSans-SemiBoldItalic
 70
0
 40
0.0
 41
1.0
 50
0.0
 71
0
 42
2.5
  3
OpenSans-SemiBoldItalic.ttf
  4

  0
STYLE
  5
47
330
5
100
AcDbSymbolTableRecord
100
AcDbTextStyleTableRecord
  2
OpenSans-Bold
 70
0
 40
0.0
 41
1.0
 50
0.0
 71
0
 42
2.5
  3
OpenSans-Bold.ttf
  4

  0
STYLE
  5
48
330
5
100
AcDbSymbolTableRecord
100
AcDbTextStyleTableRecord
  2
OpenSans-BoldItalic
 70
0
 40
0.0
 41
1.0
 50
0.0
 71
0
 42
2.5
  3
OpenSans-BoldItalic.ttf
  4

  0
STYLE
  5
49
330
5
100
AcDbSymbolTableRecord
100
AcDbTextStyleTableRecord
  2
OpenSans-ExtraBold
 70
0
 40
0.0
 41
1.0
 50
0.0
 71
0
 42
2.5
  3
OpenSans-ExtraBold.ttf
  4

  0
STYLE
  5
4A
330
5
100
AcDbSymbolTableRecord
100
AcDbTextStyleTableRecord
  2
OpenSans-ExtraBoldItalic
 70
0
 40
0.0
 41
1.0
 50
0.0
 71
0
 42
2.5
  3
OpenSans-ExtraBoldItalic.ttf
  4

  0
STYLE
  5
4B
330
5
100
AcDbSymbolTableRecord
100
AcDbTextStyleTableRecord
  2
OpenSansCondensed-Bold
 70
0
 40
0.0
 41
1.0
 50
0.0
 71
0
 42
2.5
  3
OpenSansCondensed-Bold.ttf
  4

  0
STYLE
  5
4C
330
5
100
AcDbSymbolTableRecord
100
AcDbTextStyleTableRecord
  2
OpenSansCondensed-Light
 70
0
 40
0.0
 41
1.0
 50
0.0
 71
0
 42
2.5
  3
OpenSansCondensed-Light.ttf
  4

  0
STYLE
  5
4D
330
5
100
AcDbSymbolTableRecord
100
AcDbTextStyleTableRecord
  2
OpenSansCondensed-Italic
 70
0
 40
0.0
 41
1.0
 50
0.0
 71
0
 42
2.5
  3
OpenSansCondensed-LightItalic.ttf
  4

  0
STYLE
  5
4E
330
5
100
AcDbSymbolTableRecord
100
AcDbTextStyleTableRecord
  2
LiberationSans
 70
0
 40
0.0
 41
1.0
 50
0.0
 71
0
 42
2.5
  3
LiberationSans-Regular.ttf
  4

  0
STYLE
  5
4F
330
5
100
AcDbSymbolTableRecord
100
AcDbTextStyleTableRecord
  2
LiberationSans-Bold
 70
0
 40
0.0
 41
1.0
 50
0.0
 71
0
 42
2.5
  3
LiberationSans-Bold.ttf
  4

  0
STYLE
  5
50
330
5
100
AcDbSymbolTableRecord
100
AcDbTextStyleTableRecord
  2
LiberationSans-BoldItalic
 70
0
 40
0.0
 41
1.0
 50
0.0
 71
0
 42
2.5
  3
LiberationSans-BoldItalic.ttf
  4

  0
STYLE
  5
51
330
5
100
AcDbSymbolTableRecord
100
AcDbTextStyleTableRecord
  2
LiberationSans-Italic
 70
0
 40
0.0
 41
1.0
 50
0.0
 71
0
 42
2.5
  3
LiberationSans-Italic.ttf
  4

  0
STYLE
  5
52
330
5
100
AcDbSymbolTableRecord
100
AcDbTextStyleTableRecord
  2
LiberationSerif
 70
0
 40
0.0
 41
1.0
 50
0.0
 71
0
 42
2.5
  3
LiberationSerif-Regular.ttf
  4

  0
STYLE
  5
53
330
5
100
AcDbSymbolTableRecord
100
AcDbTextStyleTableRecord
  2
LiberationSerif-Bold
 70
0
 40
0.0
 41
1.0
 50
0.0
 71
0
 42
2.5
  3
LiberationSerif-Bold.ttf
  4

  0
STYLE
  5
54
330
5
100
AcDbSymbolTableRecord
100
AcDbTextStyleTableRecord
  2
LiberationSerif-BoldItalic
 70
0
 40
0.0
 41
1.0
 50
0.0
 71
0
 42
2.5
  3
LiberationSerif-BoldItalic.ttf
  4

  0
STYLE
  5
55
330
5
100
AcDbSymbolTableRecord
100
AcDbTextStyleTableRecord
  2
LiberationSerif-Italic
 70
0
 40
0.0
 41
1.0
 50
0.0
 71
0
 42
2.5
  3
LiberationSerif-Italic.ttf
  4

  0
STYLE
  5
56
330
5
100
AcDbSymbolTableRecord
100
AcDbTextStyleTableRecord
  2
LiberationMono
 70
0
 40
0.0
 41
1.0
 50
0.0
 71
0
 42
2.5
  3
LiberationMono-Regular.ttf
  4

  0
STYLE
  5
57
330
5
100
AcDbSymbolTableRecord
100
AcDbTextStyleTableRecord
  2
LiberationMono-Bold
 70
0
 40
0.0
 41
1.0
 50
0.0
 71
0
 42
2.5
  3
LiberationMono-Bold.ttf
  4

  0
STYLE
  5
58
330
5
100
AcDbSymbolTableRecord
100
AcDbTextStyleTableRecord
  2
LiberationMono-BoldItalic
 70
0
 40
0.0
 41
1.0
 50
0.0
 71
0
 42
2.5
  3
LiberationMono-BoldItalic.ttf
  4

  0
STYLE
  5
59
330
5
100
AcDbSymbolTableRecord
100
AcDbTextStyleTableRecord
  2
LiberationMono-Italic
 70
0
 40
0.0
 41
1.0
 50
0.0
 71
0
 42
2.5
  3
LiberationMono-Italic.ttf
  4

  0
ENDTAB
  0
TABLE
  2
VIEW
  5
7
330
0
100
AcDbSymbolTable
 70
0
  0
ENDTAB
  0
TABLE
  2
UCS
  5
6
330
0
100
AcDbSymbolTable
 70
0
  0
ENDTAB
  0
TABLE
  2
APPID
  5
3
330
0
100
AcDbSymbolTable
 70
3
  0
APPID
  5
2A
330
3
100
AcDbSymbolTableRecord
100
AcDbRegAppTableRecord
  2
ACAD
 70
0
  0
APPID
  5
92
330
3
100
AcDbSymbolTableRecord
100
AcDbRegAppTableRecord
  2
HATCHBACKGROUNDCOLOR
 70
0
  0
APPID
  5
93
330
3
100
AcDbSymbolTableRecord
100
AcDbRegAppTableRecord
  2
EZDXF
 70
0
  0
ENDTAB
  0
TABLE
  2
DIMSTYLE
  5
4
330
0
100
AcDbSymbolTable
 70
12
100
AcDbDimStyleTable
  0
DIMSTYLE
105
2B
330
4
100
AcDbSymbolTableRecord
100
AcDbDimStyleTableRecord
  2
Standard
 70
0
 40
1.0
 41
2.5
 42
0.625
 43
3.75
 44
1.25
 45
0.0
 46
0.0
 47
0.0
 48
0.0
 49
2.5
140
2.5
141
2.5
142
0.0
143
0.03937007874
144
1.0
145
0.0
146
1.0
147
0.625
148
0.0
 69
0
 70
0
 71
0
 72
0
 73
0
 74
0
 75
0
 76
0
 77
1
 78
8
 79
3
170
0
171
3
172
1
173
0
174
0
175
0
176
0
177
0
178
0
179
2
271
2
272
2
273
2
274
3
275
0
276
0
277
2
278
44
279
0
280
0
281
0
282
0
283
0
284
8
285
0
286
0
288
0
289
3
290
0
371
-2
372
-2
  0
DIMSTYLE
105
73
330
4
100
AcDbSymbolTableRecord
100
AcDbDimStyleTableRecord
  2
EZDXF
 70
0
 40
1.0
 41
0.175
 42
0.125
 43
3.75
 44
0.375
 45
0.0
 46
0.0
 47
0.0
 48
0.0
 49
2.5
140
0.25
141
2.5
142
0.0
143
0.03937007874
144
100.0
145
0.0
146
0.5
147
0.1
148
0.0
 69
0
 70
0
 71
0
 72
0
 73
0
 74
0
 75
0
 76
0
 77
1
 78
12
 79
3
170
0
171
3
172
1
173
0
174
0
175
0
176
0
177
0
178
0
179
2
271
2
272
2
273
2
274
3
275
0
276
0
277
2
278
46
279
2
280
0
281
0
282
0
283
0
284
8
285
0
286
0
288
1
289
3
290
0
340
4C
342
74
371
-2
372
-2
  0
DIMSTYLE
105
7C
330
4
100
AcDbSymbolTableRecord
100
AcDbDimStyleTableRecord
  2
EZ_M_100_H25_CM
 70
0
 40
1.0
 41
0.25
 42
0.125
 43
3.75
 44
0.375
 45
0.0
 46
0.0
 47
0.0
 48
0.0
 49
2.5
140
0.25
141
2.5
142
0.125
143
0.03937007874
144
100.0
145
0.0
146
0.5
147
0.1
148
0.0
 69
0
 70
0
 71
0
 72
0
 73
0
 74
0
 75
0
 76
0
 77
1
 78
12
 79
3
170
0
171
3
172
1
173
0
174
0
175
0
176
0
177
0
178
0
179
2
271
2
272
2
273
2
274
3
275
0
276
0
277
2
278
46
279
2
280
0
281
0
282
0
283
0
284
8
285
0
286
0
288
1
289
3
290
0
340
4C
371
-2
372
-2
  0
DIMSTYLE
105
7D
330
4
100
AcDbSymbolTableRecord
100
AcDbDimStyleTableRecord
  2
EZ_M_50_H25_CM
 70
0
 40
1.0
 41
0.125
 42
0.0625
 43
3.75
 44
0.1875
 45
0.0
 46
0.0
 47
0.0
 48
0.0
 49
2.5
140
0.125
141
2.5
142
0.0625
143
0.03937007874
144
100.0
145
0.0
146
0.5
147
0.05
148
0.0
 69
0
 70
0
 71
0
 72
0
 73
0
 74
0
 75
0
 76
0
 77
1
 78
12
 79
3
170
0
171
3
172
1
173
0
174
0
175
0
176
0
177
0
178
0
179
2
271
2
272
2
273
2
274
3
275
0
276
0
277
2
278
46
279
2
280
0
281
0
282
0
283
0
284
8
285
0
286
0
288
1
289
3
290
0
340
4C
371
-2
372
-2
  0
DIMSTYLE
105
7E
330
4
100
AcDbSymbolTableRecord
100
AcDbDimStyleTableRecord
  2
EZ_M_25_H25_CM
 70
0
 40
1.0
 41
0.0625
 42
0.03125
 43
3.75
 44
0.09375
 45
0.0
 46
0.0
 47
0.0
 48
0.0
 49
2.5
140
0.0625
141
2.5
142
0.03125
143
0.03937007874
144
100.0
145
0.0
146
0.5
147
0.025
148
0.0
 69
0
 70
0
 71
0
 72
0
 73
0
 74
0
 75
0
 76
0
 77
1
 78
12
 79
3
170
0
171
3
172
1
173
0
174
0
175
0
176
0
177
0
178
0
179
2
271
2
272
2
273
2
274
3
275
0
276
0
277
2
278
46
279
2
280
0
281
0
282
0
283
0
284
8
285
0
286
0
288
1
289
3
290
0
340
4C
371
-2
372
-2
  0
DIMSTYLE
105
7F
330
4
100
AcDbSymbolTableRecord
100
AcDbDimStyleTableRecord
  2
EZ_M_20_H25_CM
 70
0
 40
1.0
 41
0.05
 42
0.025
 43
3.75
 44
0.07500000000000001
 45
0.0
 46
0.0
 47
0.0
 48
0.0
 49
2.5
140
0.05
141
2.5
142
0.025
143
0.03937007874
144
100.0
145
0.0
146
0.5
147
0.020000000000000004
148
0.0
 69
0
 70
0
 71
0
 72
0
 73
0
 74
0
 75
0
 76
0
 77
1
 78
12
 79
3
170
0
171
3
172
1
173
0
174
0
175
0
176
0
177
0
178
0
179
2
271
2
272
2
273
2
274
3
275
0
276
0
277
2
278
46
279
2
280
0
281
0
282
0
283
0
284
8
285
0
286
0
288
1
289
3
290
0
340
4C
371
-2
372
-2
  0
DIMSTYLE
105
80
330
4
100
AcDbSymbolTableRecord
100
AcDbDimStyleTableRecord
  2
EZ_M_10_H25_CM
 70
0
 40
1.0
 41
0.025
 42
0.0125
 43
3.75
 44
0.037500000000000006
 45
0.0
 46
0.0
 47
0.0
 48
0.0
 49
2.5
140
0.025
141
2.5
142
0.0125
143
0.03937007874
144
100.0
145
0.0
146
0.5
147
0.010000000000000002
148
0.0
 69
0
 70
0
 71
0
 72
0
 73
0
 74
0
 75
0
 76
0
 77
1
 78
12
 79
3
170
0
171
3
172
1
173
0
174
0
175
0
176
0
177
0
178
0
179
2
271
2
272
2
273
2
274
3
275
0
276
0
277
2
278
46
279
2
280
0
281
0
282
0
283
0
284
8
285
0
286
0
288
1
289
3
290
0
340
4C
371
-2
372
-2
  0
DIMSTYLE
105
81
330
4
100
AcDbSymbolTableRecord
100
AcDbDimStyleTableRecord
  2
EZ_M_5_H25_CM
 70
0
 40
1.0
 41
0.0125
 42
0.00625
 43
3.75
 44
0.018750000000000003
 45
0.0
 46
0.0
 47
0.0
 48
0.0
 49
2.5
140
0.0125
141
2.5
142
0.00625
143
0.03937007874
144
100.0
145
0.0
146
0.5
147
0.005000000000000001
148
0.0
 69
0
 70
0
 71
0
 72
0
 73
0
 74
0
 75
0
 76
0
 77
1
 78
12
 79
3
170
0
171
3
172
1
173
0
174
0
175
0
176
0
177
0
178
0
179
2
271
2
272
2
273
2
274
3
275
0
276
0
277
2
278
46
279
2
280
0
281
0
282
0
283
0
284
8
285
0
286
0
288
1
289
3
290
0
340
4C
371
-2
372
-2
  0
DIMSTYLE
105
82
330
4
100
AcDbSymbolTableRecord
100
AcDbDimStyleTableRecord
  2
EZ_M_1_H25_CM
 70
0
 40
1.0
 41
0.0025
 42
0.00125
 43
3.75
 44
0.00375
 45
0.0
 46
0.0
 47
0.0
 48
0.0
 49
2.5
140
0.0025
141
2.5
142
0.00125
143
0.03937007874
144
100.0
145
0.0
146
0.5
147
0.001
148
0.0
 69
0
 70
0
 71
0
 72
0
 73
0
 74
0
 75
0
 76
0
 77
1
 78
12
 79
3
170
0
171
3
172
1
173
0
174
0
175
0
176
0
177
0
178
0
179
2
271
2
272
2
273
2
274
3
275
0
276
0
277
2
278
46
279
2
280
0
281
0
282
0
283
0
284
8
285
0
286
0
288
1
289
3
290
0
340
4C
371
-2
372
-2
  0
DIMSTYLE
105
83
330
4
100
AcDbSymbolTableRecord
100
AcDbDimStyleTableRecord
  2
EZ_RADIUS
 70
0
 40
1.0
 41
0.25
 42
0.125
 43
3.75
 44
0.375
 45
0.0
 46
0.0
 47
0.0
 48
0.0
 49
2.5
140
0.25
141
0.0
142
0.0
143
0.03937007874
144
100.0
145
0.0
146
0.5
147
0.1
148
0.0
 69
0
 70
0
 71
0
 72
0
 73
0
 74
0
 75
0
 76
0
 77
1
 78
12
 79
3
170
0
171
3
172
0
173
0
174
0
175
0
176
0
177
0
178
0
179
2
271
2
272
2
273
2
274
3
275
0
276
0
277
2
278
46
279
1
280
0
281
0
282
0
283
0
284
8
285
0
286
0
288
1
289
3
290
0
340
4C
342
84
371
-2
372
-2
  0
DIMSTYLE
105
88
330
4
100
AcDbSymbolTableRecord
100
AcDbDimStyleTableRecord
  2
EZ_RADIUS_INSIDE
 70
0
 40
1.0
 41
0.25
 42
0.125
 43
3.75
 44
0.375
 45
0.0
 46
0.0
 47
0.0
 48
0.0
 49
2.5
140
0.25
141
0.0
142
0.0
143
0.03937007874
144
100.0
145
0.0
146
0.5
147
0.1
148
0.0
 69
0
 70
0
 71
0
 72
0
 73
0
 74
0
 75
0
 76
0
 77
0
 78
12
 79
3
170
0
171
3
172
0
173
0
174
1
175
0
176
0
177
0
178
0
179
2
271
2
272
2
273
2
274
3
275
0
276
0
277
2
278
46
279
0
280
0
281
0
282
0
283
0
284
8
285
0
286
0
288
1
289
0
290
0
340
4C
342
84
371
-2
372
-2
  0
DIMSTYLE
105
89
330
4
100
AcDbSymbolTableRecord
100
AcDbDimStyleTableRecord
  2
EZ_CURVED
 70
0
 40
1.0
 41
0.25
 42
0.125
 43
3.75
 44
0.375
 45
0.0
 46
0.0
 47
0.0
 48
0.0
 49
2.5
140
0.25
141
2.5
142
0.0
143
0.03937007874
144
100.0
145
0.0
146
0.5
147
0.1
148
0.0
 69
0
 70
0
 71
0
 72
0
 73
0
 74
0
 75
0
 76
0
 77
1
 78
12
 79
2
 90
2
170
0
171
3
172
1
173
0
174
0
175
0
176
0
177
0
178
0
179
2
271
2
272
2
273
2
274
3
275
0
276
0
277
2
278
46
279
2
280
0
281
0
282
0
283
0
284
8
285
0
286
0
288
1
289
3
290
0
340
4C
371
-2
372
-2
  0
ENDTAB
  0
TABLE
  2
BLOCK_RECORD
  5
9
330
0
100
AcDbSymbolTable
 70
5
  0
BLOCK_RECORD
  5
17
330
9
100
AcDbSymbolTableRecord
100
AcDbBlockTableRecord
  2
*Model_Space
340
1A
 70
0
280
1
281
0
  0
BLOCK_RECORD
  5
1B
330
9
100
AcDbSymbolTableRecord
100
AcDbBlockTableRecord
  2
*Paper_Space
340
1E
 70
0
280
1
281
0
  0
BLOCK_RECORD
  5
74
330
9
100
AcDbSymbolTableRecord
100
AcDbBlockTableRecord
  2
_ARCHTICK
340
0
 70
0
280
1
281
0
  0
BLOCK_RECORD
  5
78
330
9
100
AcDbSymbolTableRecord
100
AcDbBlockTableRecord
  2
_CLOSEDFILLED
340
0
 70
0
280
1
281
0
  0
BLOCK_RECORD
  5
84
330
9
100
AcDbSymbolTableRecord
100
AcDbBlockTableRecord
  2
_CLOSEDBLANK
340
0
 70
0
280
1
281
0
  0
ENDTAB
  0
ENDSEC
  0
SECTION
  2
BLOCKS
  0
BLOCK
  5
18
330
17
100
AcDbEntity
  8
0
100
AcDbBlockBegin
  2
*Model_Space
 70
0
 10
0.0
 20
0.0
 30
0.0
  3
*Model_Space
  1

  0
ENDBLK
  5
19
330
17
100
AcDbEntity
  8
0
100
AcDbBlockEnd
  0
BLOCK
  5
1C
330
1B
100
AcDbEntity
  8
0
100
AcDbBlockBegin
  2
*Paper_Space
 70
0
 10
0.0
 20
0.0
 30
0.0
  3
*Paper_Space
  1

  0
ENDBLK
  5
1D
330
1B
100
AcDbEntity
  8
0
100
AcDbBlockEnd
  0
BLOCK
  5
75
330
74
100
AcDbEntity
  8
0
100
AcDbBlockBegin
  2
_ARCHTICK
 70
0
 10
0.0
 20
0.0
 30
0.0
  3
_ARCHTICK
  1

  0
LWPOLYLINE
  5
77
330
74
100
AcDbEntity
  8
0
  6
BYBLOCK
 62
0
100
AcDbPolyline
 90
2
 70
0
 43
0.15
 10
-0.5
 20
-0.5
 10
0.5
 20
0.5
  0
ENDBLK
  5
76
330
74
100
AcDbEntity
  8
0
100
AcDbBlockEnd
  0
BLOCK
  5
79
330
78
100
AcDbEntity
  8
0
100
AcDbBlockBegin
  2
_CLOSEDFILLED
 70
0
 10
0.0
 20
0.0
 30
0.0
  3
_CLOSEDFILLED
  1

  0
SOLID
  5
7B
330
78
100
AcDbEntity
  8
0
  6
BYBLOCK
 62
0
100
AcDbTrace
 10
-1.0
 20
0.16439898372402537
 30
0.0
 11
0.0
 21
0.0
 31
0.0
 12
-1.0
 22
-0.16439898372402537
 32
0.0
 13
-1.0
 23
-0.16439898372402537
 33
0.0
  0
ENDBLK
  5
7A
330
78
100
AcDbEntity
  8
0
100
AcDbBlockEnd
  0
BLOCK
  5
85
330
84
100
AcDbEntity
  8
0
100
AcDbBlockBegin
  2
_CLOSEDBLANK
 70
0
 10
0.0
 20
0.0
 30
0.0
  3
_CLOSEDBLANK
  1

  0
LWPOLYLINE
  5
87
330
84
100
AcDbEntity
  8
0
  6
BYBLOCK
 62
0
100
AcDbPolyline
 90
3
 70
1
 10
-1.0
 20
0.16439898372402537
 10
0.0
 20
0.0
 10
-1.0
 20
-0.16439898372402537
  0
ENDBLK
  5
86
330
84
100
AcDbEntity
  8
0
100
AcDbBlockEnd
  0
ENDSEC
  0
SECTION
  2
ENTITIES
  0
LWPOLYLINE
  5
90
330
17
100
AcDbEntity
  8
CUT_OUT
100
AcDbPolyline
 90
4901
 70
1
 10
4.947122401922002
 20
401.5214144170254
 10
4.950577214957377
 20
401.5785917676976
 10
4.951645302202905
 20
401.5995980653611
 10
4.956632255002546
 20
401.68275951568216
 10
4.95800269676829
 20
401.7032615789422
 10
5.1356312472343575
 20
404.1125239338779
 10
5.13647655874064
 20
404.12430555980836
 10
5.141135203560225
 20
404.19107723234794
 10
5.141934120762016
 20
404.2028620951987
 10
5.250420460368105
 20
405.851230617819
 10
5.303101478254746
 20
406.64415295051185
 10
5.36546313732606
 20
407.5490993204969
 10
5.3657996391286815
 20
407.5540418833576
 10
5.367694826800346
 20
407.5822218536674
 10
5.368025140727241
 20
407.5871950680221
 10
5.466487027427945
 20
409.0884981284908
 10
5.578023160537839
 20
410.635331957644
 10
5.639740235826366
 20
411.469189750921
 10
5.708869168799026
 20
412.31387362736507
 10
5.840150640220941
 20
413.8491264227566
 10
5.983328495634225
 20
415.39487729539434
 10
5.984040543557285
 20
415.4026753809037
 10
5.988091428837208
 20
415.4476878211776
 10
5.988795732450853
 20
415.45563214569887
 10
6.069693220858824
 20
416.38212949452964
 10
6.144323342821622
 20
417.2069503835746
 10
6.306559708635689
 20
418.931570452373
 10
6.307288711984313
 20
418.93943086787135
 10
6.31137798546564
 20
418.98416307169725
 10
6.312089193195959
 20
418.99205794583577
 10
6.544445947279598
 20
421.6100725074979
 10
6.564530293331018
 20
421.8157303301723
 10
6.567180970577397
 20
421.84052233693444
 10
6.569878326091498
 20
421.8638522573136
 10
6.576984583103865
 20
421.93215970613926
 10
6.612817085842721
 20
422.31963646554016
 10
6.616014347293515
 20
422.3567174051706
 10
6.620740752800032
 20
422.41581382307857
 10
6.6347957865881995
 20
422.56685732404355
 10
6.6372861118367155
 20
422.59142584982413
 10
6.918139549665227
 20
425.1519519356995
 10
6.91904978092208
 20
425.1603597930904
 10
6.924140591242065
 20
425.2080114770764
 10
6.925027117198908
 20
425.21642186699114
 10
7.069182127667148
 20
426.602747985247
 10
7.070562905468819
 20
426.61632701412304
 10
7.078212221854926
 20
426.6932921751797
 10
7.07953120524337
 20
426.7068773456027
 10
7.193805801250107
 20
427.91237988434006
 10
7.194242916011035
 20
427.91702960362994
 10
7.1966993890872
 20
427.94337992218146
 10
7.197129264916214
 20
427.948030316313
 10
7.333306532004428
 20
429.433812053126
 10
7.436090494759071
 20
430.5175984188874
 10
7.437394320094711
 20
430.5317004163623
 10
7.444615029320175
 20
430.6118621473738
 10
7.445855785657727
 20
430.6260113656517
 10
7.537506790911209
 20
431.7003927713797
 10
7.6739147108618795
 20
433.2909930337074
 10
7.6749361245724685
 20
433.30319583711025
 10
7.680583243017509
 20
433.3723597503364
 10
7.68155488268485
 20
433.38456718973714
 10
7.80456653084849
 20
434.9709862218891
 10
7.80498941120436
 20
434.97650596561465
 10
7.807356871586592
 20
435.00778669303736
 10
7.807769565609249
 20
435.0133072077141
 10
7.894214095921882
 20
436.18418706158184
 10
7.894708518246603
 20
436.19098923752614
 10
7.897466426183939
 20
436.22953802729967
 10
7.897945383353317
 20
436.2363413096741
 10
7.994470314782234
 20
437.63002874281165
 10
8.097222028284307
 20
439.0239374000372
 10
8.192569249895485
 20
440.29881696961195
 10
8.193053661459544
 20
440.30539110211123
 10
8.195759313347423
 20
440.34266933013805
 10
8.196229549643931
 20
440.3492483672528
 10
8.305120377620767
 20
441.8966500966606
 10
8.452540398530118
 20
443.76413346271363
 10
8.528369993910701
 20
444.7133198956316
 10
8.609975564434933
 20
445.6251528741418
 10
8.787456227475957
 20
447.5141303967497
 10
8.978571846140483
 20
449.3563463426827
 10
8.979631215956829
 20
449.3667339939228
 10
8.985661455107163
 20
449.4269006913944
 10
8.986706732245693
 20
449.43752024240445
 10
9.089807016093346
 20
450.5044342702596
 10
9.203899065124517
 20
451.63225730854504
 10
9.40130187795694
 20
453.46162012571403
 10
9.58545879377499
 20
455.15800852384956
 10
9.586329138966619
 20
455.1661288357904
 10
9.591199030278347
 20
455.21215601950587
 10
9.592047366057784
 20
455.2202796362383
 10
9.73815519255561
 20
456.63808111904814
 10
9.89247073715552
 20
458.1332056713643
 10
10.072674026997277
 20
459.84636294650744
 10
10.073574480967011
 20
459.8550447637439
 10
10.258062664100521
 20
461.6593820117565
 10
10.414518945456734
 20
463.19244585139234
 10
10.41524245232489
 20
463.1996206249449
 10
10.567295507743893
 20
464.72585254916294
 10
10.752356770121025
 20
466.59100299361853
 10
10.752807128391908
 20
466.5955776288406
 10
10.755338592234807
 20
466.6214952872683
 10
10.755781828059128
 20
466.6260694375275
 10
10.947955769190514
 20
468.62523489960927
 10
11.081623279004418
 20
470.0193832152032
 10
11.082331937033018
 20
470.02687335156014
 10
11.086294061259537
 20
470.0693183945298
 10
11.08698387363006
 20
470.07680963250516
 10
11.20760074848198
 20
471.40492234625964
 10
11.397288868252303
 20
473.44633045940043
 10
11.39796454107858
 20
473.4537006687036
 10
11.590862650789006
 20
475.58676341433124
 10
11.591586710699005
 20
475.5948933328587
 10
11.702591781088245
 20
476.860771382536
 10
11.70296480979988
 20
476.86506068985807
 10
11.80473496783685
 20
478.0450845001715
 10
11.99036516480703
 20
480.13632209086984
 10
12.181785396423209
 20
482.31700983594544
 10
12.268157392448472
 20
483.31234647525025
 10
12.347338704053186
 20
484.19842996836417
 10
12.34781296656729
 20
484.203791481606
 10
12.531856198755975
 20
486.30587385401884
 10
12.744873256286496
 20
488.6079383983767
 10
12.789558832075215
 20
489.0767373188992
 10
12.791066539392318
 20
489.0917494143177
 10
12.834414134412611
 20
489.5025200648827
 10
12.83515844650509
 20
489.5096550467122
 10
13.06122859448135
 20
491.70216442054857
 10
13.064135579634069
 20
491.7281374970647
 10
13.348610278777016
 20
494.08397686699203
 10
13.35747415593255
 20
494.15777264335986
 10
13.361134245049413
 20
494.18598438027016
 10
13.363282764254791
 20
494.2013979666444
 10
13.691786228909791
 20
496.45755877384727
 10
13.695763212606892
 20
496.4832969029374
 10
14.06122494908027
 20
498.71948603814644
 10
14.063262522494824
 20
498.73212285443594
 10
14.074655945035715
 20
498.8037557286412
 10
14.076639582807047
 20
498.81640112355717
 10
14.092641778668849
 20
498.9198538038008
 10
14.0950731205711
 20
498.93505539461177
 10
14.104195676266386
 20
498.99027424882036
 10
14.508414150232966
 20
501.32295886946713
 10
14.769200109645851
 20
502.8108111157277
 10
14.940941805232228
 20
503.7513061981507
 10
14.94995938850684
 20
503.7988408024182
 10
14.976535218056654
 20
503.93827438803794
 10
14.977431859553121
 20
503.94299932456465
 10
14.982362849333413
 20
503.96909782556224
 10
14.98323124987121
 20
503.9737138590183
 10
15.487260982155249
 20
506.66450465474554
 10
15.491029526618775
 20
506.6839153778818
 10
15.840738656076155
 20
508.4237960983524
 10
16.096962549143825
 20
509.70065067946445
 10
16.102464314920553
 20
509.72685340720193
 10
16.542007387809633
 20
511.7311042842441
 10
16.553342980534467
 20
511.7790200731093
 10
16.717932318365115
 20
512.427071640172
 10
16.719694186533218
 20
512.434043807831
 10
16.72963073563767
 20
512.4735646573846
 10
16.731375885690397
 20
512.4805410284014
 10
16.924310312845762
 20
513.255756731144
 10
16.931372089938407
 20
513.2830352572289
 10
17.550437093537766
 20
515.5850431030428
 10
17.56341011092036
 20
515.6304240087636
 10
18.010154788261104
 20
517.1049834631449
 10
18.01401661329959
 20
517.1178335841757
 10
18.035737317990368
 20
517.1906994468255
 10
18.039541630784015
 20
517.2035667117766
 10
18.787943668653725
 20
519.7558534924488
 10
18.798640042037675
 20
519.7907530404632
 10
19.988784945399686
 20
523.5116781177696
 10
19.993641162129165
 20
523.5265916610126
 10
20.22110677319364
 20
524.2129342228816
 10
20.22585476257524
 20
524.2273830994466
 10
20.25255228889722
 20
524.3093276477618
 10
20.25722696654765
 20
524.323800409275
 10
20.275063322688425
 20
524.3795039785707
 10
20.28481039486138
 20
524.4088962382909
 10
20.327482171524025
 20
524.5332610081696
 10
22.036888039743587
 20
529.4841955584187
 10
22.050659173527038
 20
529.5223963210931
 10
23.66970580331349
 20
533.829904477474
 10
24.096324875015227
 20
534.9574763729128
 10
24.11919328039471
 20
535.0143745212183
 10
24.70403282011779
 20
536.3876613453946
 10
24.706717057269373
 20
536.3939843892906
 10
24.721886689754058
 20
536.4298323303083
 10
24.7245564417766
 20
536.4361615038152
 10
26.50759835794338
 20
540.6767648170182
 10
26.538506942758147
 20
540.7454009052387
 10
28.412876052826334
 20
544.6433125809833
 10
29.22037415265828
 20
546.2975494813512
 10
29.26423980860028
 20
546.3806875187781
 10
30.31936953759174
 20
548.2369929777179
 10
30.321601162484114
 20
548.240926005567
 10
30.33423023119383
 20
548.263222679351
 10
30.33645592511931
 20
548.2671590665727
 10
32.40149217950653
 20
551.9258385525939
 10
32.437782250401426
 20
551.9867268780272
 10
34.36598795887568
 20
555.0546645314191
 10
35.726761375719946
 20
557.2187815669702
 10
35.75456480717003
 20
557.2613785241208
 10
37.142021184456894
 20
559.3102979314447
 10
38.83845455029575
 20
561.8032557340226
 10
38.86494457873749
 20
561.840926620989
 10
40.13281906561406
 20
563.5863623416005
 10
40.136583625030596
 20
563.5915565408535
 10
40.15788463033863
 20
563.6210131048676
 10
40.16163807430314
 20
563.6262153420574
 10
41.41455405083855
 20
565.3666634604845
 10
41.443163172590005
 20
565.4050951596176
 10
42.29269846567183
 20
566.5090492434413
 10
42.97171748790561
 20
567.3847069015567
 10
43.01634323037251
 20
567.4395339901757
 10
43.33946699198526
 20
567.8179389207103
 10
43.3427413861736
 20
567.821780048563
 10
43.361277960629195
 20
567.8435620304897
 10
43.36454588765565
 20
567.847408661926
 10
43.75802489133906
 20
568.3113577298213
 10
43.82089448723781
 20
568.3809527943693
 10
43.92578860027794
 20
568.4900094280531
 10
44.18406769877748
 20
568.7573110053464
 10
44.191063696740684
 20
568.7645757931843
 10
44.230889387526645
 20
568.8060709839593
 10
44.237905067002714
 20
568.8134055571526
 10
44.374258679177444
 20
568.9564406610214
 10
44.45375724358024
 20
569.039840043032
 10
44.6779000738419
 20
569.3039685014966
 10
45.85684152924989
 20
570.8679938295516
 10
46.04904145931147
 20
571.1562003555807
 10
46.07186563472118
 20
571.1951207010409
 10
46.113767709027854
 20
571.2595276886093
 10
46.176585877204786
 20
571.2944341069009
 10
46.455433278498504
 20
571.432085853
 10
46.702294615337564
 20
571.568745967013
 10
46.935224751066755
 20
571.7279943838253
 10
47.98291925912275
 20
572.5190634942413
 10
48.19985762889331
 20
572.699491458009
 10
48.39888513547152
 20
572.8995028527177
 10
49.28009888376448
 20
573.8725991734822
 10
49.45945487440048
 20
574.0904246426335
 10
49.617552716052614
 20
574.3241372414659
 10
50.30117281651434
 20
575.4449037996352
 10
50.43661393164729
 20
575.6924360414132
 10
50.548200170437724
 20
575.9515981869913
 10
50.684692699583366
 20
576.3147388572906
 10
50.71279787673018
 20
576.3798620066973
 10
50.767750978047616
 20
576.4247070981414
 10
50.812387551343875
 20
576.4577033540647
 10
51.07935912041734
 20
576.6800752304839
 10
52.51342408465729
 20
578.0226187595335
 10
52.75289380130488
 20
578.2743672946319
 10
52.83793269084873
 20
578.3748252861676
 10
52.92760788136525
 20
578.480709223548
 10
52.98289879465926
 20
578.5479482393366
 10
53.29061549168836
 20
578.9334282586676
 10
53.34393332198397
 20
579.0022446705697
 10
53.44737233597158
 20
579.1398293699125
 10
53.47864710874336
 20
579.1821972111426
 10
53.59627758758859
 20
579.3445133179807
 10
53.72526675357528
 20
579.4993985574215
 10
54.05117178702625
 20
579.8411002170435
 10
54.07242358062348
 20
579.8611833792655
 10
54.09042309592462
 20
579.8799451103471
 10
54.133240985609746
 20
579.9182171209098
 10
54.486570220075976
 20
580.2104453488148
 10
54.50897528664672
 20
580.2286159468727
 10
55.50049265790574
 20
581.01705667887
 10
55.52521372634868
 20
581.0369287476581
 10
55.66469990139274
 20
581.1502739623965
 10
55.689209490460485
 20
581.1704062843339
 10
55.859454762285054
 20
581.3117605467166
 10
55.9070914419886
 20
581.3497060142658
 10
55.990257023204606
 20
581.4132358790292
 10
56.02218822973276
 20
581.4379701563028
 10
56.20217858921137
 20
581.5793416152417
 10
56.233773899954656
 20
581.6045035460427
 10
56.57171227200541
 20
581.8773693587168
 10
56.7163132108563
 20
581.9805913688238
 10
57.25292636400013
 20
582.3175043283918
 10
57.32246567755578
 20
582.3625149699635
 10
57.71291255006423
 20
582.6229576641227
 10
57.78118265123538
 20
582.6698710659462
 10
58.267798062790405
 20
583.014246463269
 10
58.34935816607987
 20
583.0680658505185
 10
59.02540421205242
 20
583.4832032132891
 10
59.055933055756725
 20
583.5014550657394
 10
59.675388922019465
 20
583.8619000356686
 10
59.69544362247848
 20
583.8736736180098
 10
59.80882633221819
 20
583.9408298688929
 10
59.82878916481775
 20
583.9527585555836
 10
59.86766379038528
 20
583.9761928347361
 10
59.89993707824573
 20
583.9951031208566
 10
59.95329975164725
 20
584.0254831662578
 10
59.968147924613504
 20
584.0339925884191
 10
60.05214922965166
 20
584.0824521745151
 10
60.06694861867686
 20
584.0910461602377
 10
60.554913318273066
 20
584.3762708618908
 10
60.58897059498264
 20
584.3955860836209
 10
61.872323565289605
 20
585.1014494573691
 10
61.92776445625822
 20
585.1304532808057
 10
62.894865625324144
 20
585.610969400305
 10
62.940811979785394
 20
585.6342925294
 10
63.200017114396246
 20
585.768681301684
 10
63.245556115850206
 20
585.7927901213498
 10
64.21138868742611
 20
586.3147799328618
 10
64.26271976829167
 20
586.3412579949934
 10
66.01776181193668
 20
587.2041889053978
 10
66.05442718637005
 20
587.2216047373126
 10
66.5506235056846
 20
587.4491179083233
 10
66.56657820562975
 20
587.4564900056523
 10
66.65686488954981
 20
587.498529634878
 10
66.67277612630153
 20
587.5059950762145
 10
66.76212555438684
 20
587.5482369907015
 10
66.79120698881735
 20
587.56160812195
 10
66.91251627870048
 20
587.6158236122495
 10
66.92913046760026
 20
587.6233094382326
 10
67.02314768323782
 20
587.6660145932107
 10
67.03971609504805
 20
587.6736011994017
 10
70.21953231381542
 20
589.141324393613
 10
70.2452695170706
 20
589.1529115539495
 10
72.23300622496248
 20
590.0254129104924
 10
72.25340314244539
 20
590.0341865029391
 10
74.12738179173482
 20
590.8238808222904
 10
74.17765413047965
 20
590.8456080474559
 10
74.46137903752236
 20
590.9713170622722
 10
74.51124637372374
 20
590.9939583770869
 10
74.69804420238802
 20
591.080835552719
 10
74.76075862006854
 20
591.1082801828811
 10
74.76357517517363
 20
591.1094368924399
 10
74.81399501180113
 20
591.1290881252319
 10
77.6719356116011
 20
592.1839938838964
 10
79.15526254504584
 20
592.7158874305453
 10
79.17795984034598
 20
592.7238183952418
 10
83.67216013620248
 20
594.253685284192
 10
83.81921875810724
 20
594.3026063834056
 10
83.84301208299695
 20
594.310283748033
 10
83.99788312795647
 20
594.3587952890797
 10
88.72154389306263
 20
595.8299103642568
 10
88.74817346187871
 20
595.8379336621938
 10
89.4464893634709
 20
596.0412886052563
 10
93.74422903579443
 20
597.2545142458141
 10
94.32493361639956
 20
597.4165356441072
 10
94.34458856334908
 20
597.4218752640497
 10
94.83505974083064
 20
597.5515455133087
 10
94.85280069499916
 20
597.5561201131026
 10
97.5731090503773
 20
598.2398757622578
 10
97.59046357841055
 20
598.2441281301037
 10
100.50139768253447
 20
598.9390402021418
 10
105.1262162015517
 20
600.0301937769689
 10
106.14031384435526
 20
600.2607392647027
 10
107.2326800851067
 20
600.503264392794
 10
107.24978512837038
 20
600.5071145046404
 10
107.34720146235699
 20
600.5293408793151
 10
107.36438107926872
 20
600.5333137088261
 10
111.58404714379796
 20
601.5221950788616
 10
115.58607520595396
 20
602.4443211979315
 10
115.60590493920944
 20
602.4487488861528
 10
116.07991601502263
 20
602.5512219291359
 10
116.09660528798864
 20
602.5547306748753
 10
116.45172669597557
 20
602.6272857238554
 10
116.47826703542901
 20
602.6328332537423
 10
116.62851662216684
 20
602.6649481259794
 10
116.65500573973051
 20
602.6707352977305
 10
119.68831333192
 20
603.3478088830265
 10
119.72753599760907
 20
603.3560154388897
 10
122.2781440411996
 20
603.8542125931909
 10
122.30551570129165
 20
603.8596912836636
 10
122.4275917395602
 20
603.88471719121
 10
122.48063594506627
 20
603.8946006727422
 10
124.84726383703548
 20
604.2916567617491
 10
124.86619356689408
 20
604.2947083948524
 10
125.41377835162046
 20
604.3793965214818
 10
127.45201005952518
 20
604.6833539461488
 10
127.45970653942288
 20
604.6845119145905
 10
127.50367012290951
 20
604.6911847556794
 10
127.51142686460517
 20
604.6923724629629
 10
127.70675698187077
 20
604.7225427905357
 10
127.71167191199007
 20
604.7233061136191
 10
127.7395195744092
 20
604.7276546955966
 10
127.74443323220976
 20
604.7284261663372
 10
127.98769311853349
 20
604.7668259331037
 10
131.34890309005067
 20
605.2960240263346
 10
131.35546499732553
 20
605.2970645984944
 10
131.39264375275448
 20
605.3030025313619
 10
131.39920355065158
 20
605.3040576673925
 10
134.96281182227384
 20
605.8813089953055
 10
135.37425001944
 20
605.9471771625579
 10
135.37910537169836
 20
605.9479585501747
 10
135.80339343220214
 20
606.0165974230547
 10
135.80895894895698
 20
606.0175031483377
 10
135.83989691013696
 20
606.0225678034633
 10
135.845364239618
 20
606.0234680100164
 10
139.56208851243883
 20
606.6389599223688
 10
139.56698782800936
 20
606.6397754195364
 10
139.5947467685513
 20
606.6444195480949
 10
139.5996447273064
 20
606.6452431553241
 10
142.08904674353232
 20
607.0659632218144
 10
143.44375219962532
 20
607.2894536902625
 10
143.45077805817522
 20
607.2906213391957
 10
143.4908662581796
 20
607.2973326300526
 10
143.49793923234355
 20
607.298525433056
 10
143.65534227784727
 20
607.3252638151157
 10
143.66208020403548
 20
607.3264163001695
 10
143.89486479329406
 20
607.3665058413455
 10
147.39403500519265
 20
607.954440114976
 10
149.41307841930396
 20
608.2837122801186
 10
149.42853820705093
 20
608.2862749820222
 10
149.51638912840696
 20
608.3010735039875
 10
149.5318854080941
 20
608.3037256334634
 10
151.18756133805763
 20
608.5915556899938
 10
153.4360927695412
 20
608.9599393076246
 10
153.45624337645555
 20
608.9630981786539
 10
154.49324407017133
 20
609.1184121734141
 10
154.50885601787334
 20
609.1207924410153
 10
154.5972874989497
 20
609.1345133653468
 10
154.61288670037243
 20
609.1369757828418
 10
155.88633037539265
 20
609.3414324279418
 10
155.90552517978796
 20
609.3443868985348
 10
158.07964606249635
 20
609.6646343195623
 10
160.2454698824571
 20
609.9639909293123
 10
160.25686162980807
 20
609.9655877411958
 10
160.32231749234953
 20
609.9748908570117
 10
160.33386534223874
 20
609.9765550457585
 10
162.326569881924
 20
610.2676850000723
 10
164.7062336945289
 20
610.5924451750545
 10
166.5881281724281
 20
610.8454587531562
 10
169.1053805081019
 20
611.178094135902
 10
171.1202727145959
 20
611.4389237727153
 10
172.2854073664607
 20
611.5843768174832
 10
172.29857957459632
 20
611.5860508221906
 10
172.3736460870864
 20
611.5957595884065
 10
172.38688931603969
 20
611.5975023927008
 10
174.77426688543747
 20
611.9170889530295
 10
176.12330754770255
 20
612.0879948361485
 10
178.84527705550087
 20
612.4216621838905
 10
178.8632965373225
 20
612.4239264500018
 10
178.96551383830058
 20
612.4370851286474
 10
178.98354517588513
 20
612.4394619306888
 10
181.86354091811475
 20
612.8279739452665
 10
182.8525403838589
 20
612.9569342681227
 10
185.65177870460755
 20
613.303486370547
 10
185.6683318157319
 20
613.305582437604
 10
185.7624741257212
 20
613.3177694657511
 10
185.77908149272403
 20
613.3199665056254
 10
187.32179008313628
 20
613.5284404683123
 10
190.53579896779792
 20
613.9480397747038
 10
192.5043919259769
 20
614.19748421368
 10
193.5968469595793
 20
614.3324039203931
 10
193.6039004345145
 20
614.3332835191413
 10
197.60761601532235
 20
614.8373817384968
 10
202.4732664478952
 20
615.4186714427528
 10
202.572601023227
 20
615.4306165974017
 10
202.65491563272866
 20
615.4402133454763
 10
207.45326881961896
 20
615.9841342830051
 10
211.33299326042365
 20
616.3998098541342
 10
211.34107778165566
 20
616.4006871182773
 10
211.38712854512173
 20
616.4057473174416
 10
211.3952539363375
 20
616.4066513672883
 10
212.4625115861346
 20
616.5268693851558
 10
214.41491430948017
 20
616.7347967920875
 10
217.45080654346168
 20
617.0478737295498
 10
218.90574849289453
 20
617.190286367794
 10
218.9162924770394
 20
617.1913372368778
 10
218.97650010083373
 20
617.1974452504343
 10
218.9871230630298
 20
617.1985420470963
 10
221.6422202902414
 20
617.477451876403
 10
222.66561902645162
 20
617.5780390236407
 10
225.46819662804768
 20
617.834795793963
 10
225.47837259524093
 20
617.8357455418254
 10
225.53641512453217
 20
617.84126253766
 10
225.54665625959132
 20
617.8422536903697
 10
228.35404088728336
 20
618.1188167639491
 10
229.24783239705152
 20
618.2022893024284
 10
231.99626223855608
 20
618.4389728489042
 10
232.00490205794674
 20
618.4397294577319
 10
232.05433050692324
 20
618.444130025528
 10
232.0630520442421
 20
618.4449193276218
 10
233.57509032212948
 20
618.5839845426293
 10
236.86488087996267
 20
618.8747598347646
 10
238.57380849388602
 20
619.0223367342962
 10
239.50720427348443
 20
619.1008586768834
 10
239.51259585938817
 20
619.1013171413134
 10
243.52677000739578
 20
619.4463022838186
 10
245.29450088377948
 20
619.5926881526907
 10
248.31644575593862
 20
619.8381625084677
 10
248.53073257759505
 20
619.855646024195
 10
248.78032220582404
 20
619.8755200361796
 10
253.77262961665593
 20
620.2761563552351
 10
259.16867811765485
 20
620.7046621853502
 10
259.29730137139245
 20
620.7146383815073
 10
259.3012821189305
 20
620.7149497989544
 10
260.01135370609455
 20
620.770974794391
 10
264.85826871657815
 20
621.1467844840982
 10
269.93407126760695
 20
621.5252251622946
 10
270.6856771178236
 20
621.5819170181439
 10
271.52672920396105
 20
621.6386686625412
 10
271.53503632079236
 20
621.6392407837916
 10
276.9502562192486
 20
622.0197451846135
 10
282.4792456042921
 20
622.3909298421991
 10
284.0636714417679
 20
622.489032370159
 10
285.3376721019237
 20
622.5601554845618
 10
285.3476533904627
 20
622.5607293910678
 10
285.40494232239206
 20
622.5641191889297
 10
285.41505112927916
 20
622.5647344534281
 10
290.88345155525656
 20
622.9068296743138
 10
290.9941182806733
 20
622.9134253446591
 10
296.2474894247861
 20
623.2067874214708
 10
296.2535194135211
 20
623.2071302411059
 10
296.28775109327523
 20
623.2091109676778
 10
296.2937916265136
 20
623.2094665999532
 10
296.804011889563
 20
623.2400218410401
 10
297.2947902742893
 20
623.2680451648822
 10
301.74990769396476
 20
623.5093144387145
 10
304.49558841044126
 20
623.6557544297148
 10
305.8973414399796
 20
623.7274060977946
 10
306.09033382457653
 20
623.7367303550141
 10
306.41724166629194
 20
623.7526987822715
 10
310.010338613626
 20
623.9301072981943
 10
311.6951146574626
 20
624.0084363633357
 10
311.69885038601643
 20
624.008612379468
 10
313.6135022871418
 20
624.10002104626
 10
314.57837200321467
 20
624.1424526193853
 10
316.12091476862406
 20
624.1989669379918
 10
316.1278106715737
 20
624.1992275262121
 10
317.7237718139654
 20
624.2613753343753
 10
318.72964287229917
 20
624.2948582015306
 10
320.6638959879756
 20
624.3486855800834
 10
320.67157105801095
 20
624.3489089957388
 10
322.5392156155437
 20
624.4056669367083
 10
326.42257563516165
 20
624.5062764353092
 10
326.6977669416134
 20
624.5133462391872
 10
326.85062692372793
 20
624.5170365110007
 10
328.06793589556804
 20
624.5442129912585
 10
331.1872313358477
 20
624.6086732642609
 10
335.26941458741936
 20
624.6884955500632
 10
335.88668399311337
 20
624.6997100968026
 10
336.45571859731035
 20
624.7091748747237
 10
336.4631669810722
 20
624.7093080146599
 10
340.6249495558494
 20
624.7888689415121
 10
341.6560897187575
 20
624.8088427570807
 10
344.547189669441
 20
624.8573347698283
 10
344.55500047980723
 20
624.8574759523309
 10
344.59932015580483
 20
624.8583347675356
 10
344.60714107984745
 20
624.8584965201271
 10
345.1700831621145
 20
624.8708735847499
 10
345.5127701288491
 20
624.8784670366003
 10
346.0287607777892
 20
624.8883628400357
 10
346.1053933930473
 20
624.8858633317861
 10
346.17457484873927
 20
624.8527282628083
 10
346.67227831169464
 20
624.5818440920268
 10
346.9420207606463
 20
624.4520358708012
 10
347.2233569438424
 20
624.3497562780722
 10
348.55391581514266
 20
623.9399418344295
 10
348.84404452562916
 20
623.8662092472262
 10
349.14007701105197
 20
623.8217578058703
 10
350.5254827626949
 20
623.6839692304052
 10
350.8244714880181
 20
623.6692415288255
 10
351.12343948352844
 20
623.6843842077408
 10
352.50865265236195
 20
623.8240955712901
 10
352.8046231547487
 20
623.868957858137
 10
353.09464924612837
 20
623.9430930682819
 10
354.4246380199388
 20
624.3547539113956
 10
354.70583196971495
 20
624.4574238956825
 10
354.97539398712246
 20
624.5876063900332
 10
355.45120328715035
 20
624.8474309611904
 10
355.52049726377044
 20
624.8807281203427
 10
355.5940483550021
 20
624.883150665109
 10
356.8055973382409
 20
624.8575315612759
 10
357.0396897586574
 20
624.8524585435688
 10
357.80659113367415
 20
624.8358010828453
 10
361.63768993144345
 20
624.7529704453034
 10
363.89799685625087
 20
624.7016533647577
 10
367.94420007050303
 20
624.6099549977939
 10
368.08995815474884
 20
624.6064213792906
 10
372.51937500554754
 20
624.4864801081967
 10
377.2930115645172
 20
624.3588825683663
 10
377.4578892979784
 20
624.3540742498076
 10
382.3822344981045
 20
624.195017207847
 10
385.50794236241217
 20
624.0915921644148
 10
391.89728040385114
 20
623.8531818960623
 10
393.13321768841377
 20
623.8080593402806
 10
393.6943926358706
 20
623.7852392946886
 10
396.9606739419247
 20
623.6404107958564
 10
399.6751039204169
 20
623.5142297803361
 10
405.05080550374544
 20
623.2327484536409
 10
405.8280309564058
 20
623.1882756119373
 10
406.7147546258597
 20
623.1316142546312
 10
406.7221973668203
 20
623.1311479534193
 10
406.76564199094474
 20
623.1284802735864
 10
406.77330929421146
 20
623.128019321271
 10
412.2241093935183
 20
622.8073242079346
 10
418.00889258750874
 20
622.4338392488605
 10
419.00577214250325
 20
622.365115863957
 10
420.12402361715425
 20
622.284536376859
 10
420.1307213124992
 20
622.2840612848216
 10
426.5274935800552
 20
621.8375088216695
 10
433.46267941776017
 20
621.32299287631
 10
434.2321249453449
 20
621.2651642485619
 10
434.91676890680486
 20
621.2111601326933
 10
441.3770349319068
 20
620.7048537725873
 10
441.7587503918952
 20
620.674470459611
 10
447.7207420176984
 20
620.1637434358645
 10
448.93019538617966
 20
620.0607475300369
 10
451.2819330679365
 20
619.8444770987466
 10
455.4244278285353
 20
619.45809327027
 10
457.02757926637656
 20
619.297285021448
 10
457.03453377824485
 20
619.2965956120945
 10
457.0747170658929
 20
619.292659451814
 10
457.0818090609357
 20
619.2919732560272
 10
459.56782805009453
 20
619.0544145438379
 10
461.6172384688145
 20
618.8477387850921
 10
464.3352450009243
 20
618.5570838884265
 10
464.3437112423221
 20
618.5561906837845
 10
464.392029403683
 20
618.5511623354894
 10
464.4005574089705
 20
618.5502871625946
 10
466.96587235590357
 20
618.2907292034381
 10
469.1712368627692
 20
618.0575317645125
 10
471.54627615323045
 20
617.7927477317178
 10
471.5541496800281
 20
617.7918804645923
 10
471.59911430326815
 20
617.7869876953691
 10
471.6070503878791
 20
617.7861348210665
 10
472.9530194712831
 20
617.6432973185447
 10
476.3315626152356
 20
617.2697385138617
 10
479.06940840825047
 20
616.9617441718477
 10
480.5853867873106
 20
616.7841270370518
 10
480.5928269839281
 20
616.7832647325193
 10
485.8927694864226
 20
616.175715550919
 10
492.9627827285899
 20
615.3382943575285
 10
493.1226397455632
 20
615.3189940489693
 10
500.198902365599
 20
614.4593998794824
 10
505.9788631064025
 20
613.7398879096157
 10
506.9613805892073
 20
613.6183375725009
 10
508.4037052152638
 20
613.437332371612
 10
512.8083414775554
 20
612.8760897636375
 10
515.0387623514757
 20
612.582297285787
 10
515.0477411821211
 20
612.5811283707401
 10
515.0988325747448
 20
612.5745553972156
 10
515.1078504638991
 20
612.5734091203726
 10
518.0735080350548
 20
612.2010050444237
 10
518.9521290104682
 20
612.0864291221664
 10
521.484021584384
 20
611.7396976751214
 10
521.4974512422372
 20
611.7378894329886
 10
521.5739805305307
 20
611.7277610334936
 10
521.5874897695617
 20
611.726004330794
 10
523.9864620399549
 20
611.4195861987475
 10
524.9284110544445
 20
611.292115033689
 10
527.7512698177684
 20
610.9059470675915
 10
527.765460880432
 20
610.9040402144058
 10
527.8459185148483
 20
610.8934245329634
 10
527.8601214067621
 20
610.8915850661083
 10
529.9675229190323
 20
610.6237610354774
 10
529.9728538810353
 20
610.6230883883907
 10
534.0241479032742
 20
610.1155919557916
 10
535.1136696424162
 20
609.9737565290891
 10
535.1206482807443
 20
609.9728563620077
 10
535.7828105781142
 20
609.8882341039234
 10
535.7946535766755
 20
609.886744544996
 10
535.8609857862466
 20
609.8785355934774
 10
535.8727057011738
 20
609.8771086031747
 10
540.7792470995565
 20
609.2894948586259
 10
541.459181672625
 20
609.2070459534697
 10
546.3148158231269
 20
608.6114350313925
 10
546.3218650906829
 20
608.6105788080927
 10
546.3618264546167
 20
608.6057729773033
 10
546.3688794657329
 20
608.6049332375089
 10
546.7200117375273
 20
608.5635485216042
 10
547.1091693110694
 20
608.5159809617099
 10
552.8001748234241
 20
607.7972559417776
 10
558.2806308022516
 20
607.0628658940398
 10
558.2862393505319
 20
607.062119722535
 10
558.318288151194
 20
607.0578866444984
 10
558.3239445330653
 20
607.0571450080174
 10
559.009128540513
 20
606.9679696998617
 10
559.026546892334
 20
606.9655988604817
 10
559.7089914567399
 20
606.8686339231376
 10
564.9789658241114
 20
606.1018257740348
 10
565.0110270487759
 20
606.0968057993136
 10
570.2844077864336
 20
605.2125731439037
 10
570.2893297026753
 20
605.211752052137
 10
570.3172244082577
 20
605.2071223981625
 10
570.3221476834185
 20
605.2063094942101
 10
571.2338857494087
 20
605.0565471673798
 10
571.2738051919216
 20
605.0494345695256
 10
572.3402673461612
 20
604.8445090846435
 10
578.0737939499871
 20
603.7242910360997
 10
578.1136263769681
 20
603.7159458584642
 10
584.2767061797722
 20
602.3371912601606
 10
584.2814940187254
 20
602.3361242728115
 10
584.3086300278687
 20
602.330100196891
 10
584.3134196050468
 20
602.3290410395443
 10
586.04373965454
 20
601.9478851165323
 10
586.0789033040593
 20
601.939694289513
 10
588.3090320042098
 20
601.3918418594214
 10
595.379029955744
 20
599.6335228920723
 10
595.4182306570522
 20
599.6232091144999
 10
602.3202781533904
 20
597.7071785716781
 10
602.3249640643203
 20
597.7058818366345
 10
602.3515234935608
 20
597.6985551943475
 10
602.3562114999139
 20
597.6972660553446
 10
605.4112286897816
 20
596.8598394175169
 10
605.4612648609458
 20
596.8451841130618
 10
608.8290618122383
 20
595.7948847253953
 10
615.2214856900281
 20
593.7793582092877
 10
615.2927162232752
 20
593.7549165709463
 10
620.6911803668709
 20
591.7496526666741
 10
620.6963017401006
 20
591.7477556314913
 10
620.7253326117121
 20
591.737032192045
 10
620.7304574299637
 20
591.7351444833398
 10
624.0859382478841
 20
590.5026325019398
 10
624.1982559866999
 20
590.456126753621
 10
627.1646812415752
 20
589.0844675188898
 10
631.2925464650348
 20
587.1593239801448
 10
631.3925833420844
 20
587.1080178319578
 10
634.5623479304775
 20
585.3291868206734
 10
634.5691435584074
 20
585.3253847905053
 10
637.1485764427559
 20
583.8866313561753
 10
637.2363231505756
 20
583.8336779192682
 10
639.220938469886
 20
582.5414789465235
 10
641.6402348872832
 20
580.9616913077508
 10
641.7088581629865
 20
580.914103711221
 10
643.3680180255224
 20
579.6937568997662
 10
644.9151993535502
 20
578.5559658792713
 10
644.9549616348198
 20
578.5256913725466
 10
645.8929293697453
 20
577.7865286602869
 10
646.8551844315224
 20
577.0288319882802
 10
646.9116254055292
 20
576.9821114070529
 10
647.3452512909156
 20
576.6049417008834
 10
647.6847059921892
 20
576.3089932189337
 10
647.7556005314956
 20
576.2430365455506
 10
647.8057403076343
 20
576.1932737218827
 10
647.8104722996691
 20
576.1885877193797
 10
648.1394405928397
 20
575.863539030545
 10
648.1453122679236
 20
575.8577532368298
 10
648.1779034519201
 20
575.8257268774433
 10
648.1836728588547
 20
575.8200727059846
 10
648.3337439358695
 20
575.6733946637116
 10
648.3767086947389
 20
575.6310625334966
 10
648.6341450504316
 20
575.4048915146277
 10
650.1663840675512
 20
574.2066177627804
 10
650.3628413435883
 20
574.0703821116483
 10
650.3615275534487
 20
574.0684557727909
 10
650.4836307256419
 20
573.9851796954631
 10
650.5172757015937
 20
573.9199607448711
 10
650.6101957964478
 20
573.7155601997695
 10
650.739393861996
 20
573.4636387689552
 10
650.8917647153789
 20
573.2250184209456
 10
651.6522713563318
 20
572.1495172280963
 10
651.8264579396007
 20
571.9263231832521
 10
652.0209088977417
 20
571.7205432709115
 10
652.9697668157476
 20
570.8069012085093
 10
653.1827503134882
 20
570.6203681628176
 10
653.4123694595128
 20
570.4547432998777
 10
654.5158507309978
 20
569.7354365153731
 10
654.7600604721983
 20
569.5921949370943
 10
655.016685807496
 20
569.4726123935174
 10
655.1939121933981
 20
569.3999986970332
 10
655.2606660990417
 20
569.3686781074745
 10
655.3486035424241
 20
569.2489978051651
 10
655.3504470179025
 20
569.2503523348362
 10
655.4931687592418
 20
569.0591159111168
 10
656.7423132717906
 20
567.5713460530579
 10
656.9779464209623
 20
567.3212969960991
 10
657.0018154405274
 20
567.2987114563157
 10
657.1701944391766
 20
567.1378553586342
 10
657.1748659926012
 20
567.1334021239372
 10
657.2032344158874
 20
567.1064176457398
 10
657.2082460930435
 20
567.101661442772
 10
657.5469441682974
 20
566.7809692644661
 10
657.5517514005871
 20
566.7764276330591
 10
657.6069481654176
 20
566.7243955254921
 10
657.6749010337129
 20
566.6560846842472
 10
657.9535220461402
 20
566.3573888309271
 10
658.3879966252193
 20
565.8904612515541
 10
658.4361129341819
 20
565.8361750671011
 10
659.3102476120048
 20
564.8005364802693
 10
660.0248125354491
 20
563.9547199393131
 10
660.0560161820216
 20
563.9165284275167
 10
661.1364212078282
 20
562.5488849506784
 10
662.646928308201
 20
560.636763582025
 10
662.6764996998768
 20
560.5980536406712
 10
664.6425770013636
 20
557.9358646352473
 10
664.6457809665715
 20
557.9315344107292
 10
665.8713142201739
 20
556.2783073780115
 10
665.9028028919038
 20
556.2341847686264
 10
667.1292824659366
 20
554.4482196305162
 10
669.2698078817768
 20
551.2999388009032
 10
669.3104177534183
 20
551.2368719309927
 10
671.5685164385778
 20
547.5295126645344
 10
671.5740905999603
 20
547.520397549965
 10
671.6057693755038
 20
547.4688016745567
 10
671.6113759646846
 20
547.459706469973
 10
672.583491678175
 20
545.8889750145432
 10
672.6330522801522
 20
545.8026141066259
 10
673.3830656016999
 20
544.3889509565744
 10
675.4181420942252
 20
540.4643446854726
 10
675.4557105826705
 20
540.3864718881691
 10
677.3909624545427
 20
536.0604710385101
 10
677.3942279562641
 20
536.053197384595
 10
677.4127871988711
 20
536.012004687592
 10
677.416072020113
 20
536.0047397380301
 10
677.9672741880981
 20
534.789963581472
 10
677.9996609365658
 20
534.712956370769
 10
678.4203485725297
 20
533.629146119292
 10
680.1721520650401
 20
529.1221903582793
 10
680.1945374796213
 20
529.0606524239502
 10
681.9099079002924
 20
524.0040840210372
 10
682.032928518279
 20
523.6339990360219
 10
682.0522735217053
 20
523.5711966685087
 10
682.1350210185076
 20
523.2799606277688
 10
682.1406294581809
 20
523.2604720927992
 10
682.1727834472799
 20
523.1501459622843
 10
682.1785234972255
 20
523.1306957844558
 10
683.2862946365065
 20
519.423215349097
 10
683.6056658364232
 20
518.3308291463661
 10
683.621948891595
 20
518.2704768637809
 10
684.7525671430909
 20
513.7030675835151
 10
684.7578567678966
 20
513.6820253703061
 10
684.7882620301018
 20
513.5628963879219
 10
684.7937036990738
 20
513.5418929809099
 10
684.8876454794947
 20
513.1846286994825
 10
684.9051705171012
 20
513.1103432046332
 10
685.0007970597097
 20
512.65324712337
 10
685.9287658908179
 20
508.18180938564785
 10
685.9373154551246
 20
508.13723321920736
 10
686.6121329293874
 20
504.30637172075683
 10
686.881361421642
 20
502.77056973029266
 10
686.8852105635983
 20
502.74756179139797
 10
687.0806736298547
 20
501.5206450519883
 10
687.5696515918095
 20
498.3204156158228
 10
687.5730529187484
 20
498.2969050128529
 10
688.0128827329529
 20
495.07676511963615
 10
688.0144700619225
 20
495.0653085070512
 10
688.0235900326929
 20
495.0004053253424
 10
688.0252215190471
 20
494.9889549175979
 10
688.1040631543755
 20
494.4431498509638
 10
688.1062883413747
 20
494.42713584965117
 10
688.1854370991002
 20
493.8340979708257
 10
688.5604985038028
 20
490.8343907461316
 10
688.5629572050328
 20
490.81353243900344
 10
688.8293304583528
 20
488.4087143084121
 10
688.831350533895
 20
488.3909604138206
 10
688.8430971178187
 20
488.2903901509571
 10
688.845222901915
 20
488.2726486031002
 10
689.0391118254486
 20
486.69428148658335
 10
689.0415799529007
 20
486.6729260212013
 10
689.2242481148899
 20
484.9865152376286
 10
689.4781208845266
 20
482.5311264439838
 10
689.7916997254943
 20
479.2546785248852
 10
689.7921519322086
 20
479.24999238904024
 10
689.7947787232767
 20
479.222993029632
 10
689.7952460761203
 20
479.21822880609193
 10
689.8639006208302
 20
478.52406083418487
 10
689.9185342909625
 20
477.950677101279
 10
690.2185666805344
 20
474.6466940307562
 10
690.5041463275842
 20
471.4465491885858
 10
690.5050435051401
 20
471.43667975762
 10
690.5102216234238
 20
471.38074259963247
 10
690.5111517192447
 20
471.3708728415106
 10
690.58707499807
 20
470.57921471967404
 10
690.5877601508546
 20
470.5721583252647
 10
690.5916899244784
 20
470.53217674352004
 10
690.5923917509614
 20
470.5251219879575
 10
690.7142133248022
 20
469.3150882748947
 10
690.9928940283601
 20
466.33366571457054
 10
691.1565003595595
 20
464.5502970643564
 10
691.1589179211647
 20
464.52511254091405
 10
691.1732229922236
 20
464.3824203756384
 10
691.1758536369538
 20
464.3572499741754
 10
691.4865050297391
 20
461.50145556957597
 10
691.5575179535756
 20
460.8222938708152
 10
691.8152732946514
 20
458.10009787703734
 10
691.8183716667343
 20
458.069092176823
 10
691.8369339996043
 20
457.89260576181516
 10
691.8403722838633
 20
457.8614780484841
 10
692.1629623907834
 20
455.07436938641524
 10
692.1646979672654
 20
455.05864919139566
 10
692.2406645169456
 20
454.3356477349742
 10
692.5723509381737
 20
451.08840167917856
 10
692.5742973472669
 20
451.06991299974476
 10
692.5856585680249
 20
450.9651139479273
 10
692.5877208318456
 20
450.9466261823441
 10
692.8050646336844
 20
449.0515315611957
 10
693.1041527276768
 20
446.32332575790883
 10
693.382222194032
 20
443.7091223118132
 10
693.3829386581676
 20
443.70245744872466
 10
693.5733744074981
 20
441.9493729171137
 10
694.0016802853604
 20
437.97384381739516
 10
694.4116038137165
 20
434.0485050168094
 10
694.5182061121267
 20
432.9901875680954
 10
694.5364469960314
 20
432.80581560641616
 10
694.5373374879708
 20
432.7969492692622
 10
694.5425018868077
 20
432.7462858799129
 10
694.5434266431289
 20
432.7373466433178
 10
694.6737253378874
 20
431.4959719445079
 10
695.0258071830649
 20
428.0540674825245
 10
695.3491914512862
 20
424.7172679580416
 10
695.3513372964946
 20
424.6959215791684
 10
695.3639517920581
 20
424.5747892460747
 10
695.3662544553799
 20
424.55342087754184
 10
695.4961884632636
 20
423.38689451488096
 10
695.6171751673508
 20
422.25554026507143
 10
695.6188655850942
 20
422.23884423753213
 10
695.7642658031461
 20
420.7176957365673
 10
695.7660710216215
 20
420.6973480546745
 10
695.8393468966963
 20
419.80220869061975
 10
695.8421643233219
 20
419.76993495548345
 10
695.8591166427873
 20
419.5871429312062
 10
695.8622824185206
 20
419.5549015023206
 10
695.953084478082
 20
418.67880689789695
 10
695.9558786585819
 20
418.64893745793165
 10
696.0126144891458
 20
417.9692033176349
 10
696.0153346639897
 20
417.9306172174797
 10
696.0349843337951
 20
417.5891709872128
 10
696.0381535397782
 20
417.5408915480899
 10
696.0583170501569
 20
417.2674738010021
 10
696.0622644589187
 20
417.2192517513506
 10
696.0852350466345
 20
416.96397351092867
 10
696.0889828778643
 20
416.9123625980126
 10
696.1241286875345
 20
416.27675664580056
 10
696.1250218775676
 20
416.2586106065444
 10
696.1521794036466
 20
415.62928356651247
 10
696.1537542674071
 20
415.5968620551471
 10
696.1636720958668
 20
415.41319476214125
 10
696.1655976602308
 20
415.3807921882161
 10
696.21779101128
 20
414.57604916383843
 10
696.3071118507764
 20
413.066209456892
 10
696.3106103999881
 20
412.9999063720792
 10
696.3110590665281
 20
412.9916211841886
 10
696.3146947557022
 20
412.92616033074955
 10
696.3153586238444
 20
412.91460964503176
 10
696.3190121822859
 20
412.8531114811593
 10
696.319470774376
 20
412.84555340551685
 10
696.322123508105
 20
412.80272766997325
 10
696.3226011752413
 20
412.7951707758793
 10
696.3595511071284
 20
412.22209564160573
 10
696.4280973414818
 20
411.05367193069543
 10
696.4285034387959
 20
411.0468813828335
 10
696.4308930289178
 20
411.0076699988397
 10
696.4313227164841
 20
411.00075082844205
 10
696.5505907494809
 20
409.1154175283282
 10
696.5508953103779
 20
409.1106630900277
 10
696.5526425467967
 20
409.08372266335186
 10
696.5529546576461
 20
409.0789687146996
 10
696.5662484781212
 20
408.8789126209863
 10
696.5819684474291
 20
408.64464256666747
 10
696.7170946723732
 20
406.5948673767484
 10
696.7173312213961
 20
406.59131126784496
 10
696.8644887048948
 20
404.3987174617485
 10
696.8823624419682
 20
404.133383674199
 10
696.9011076848194
 20
403.85488501450425
 10
697.0535366099976
 20
401.59184018808526
 10
697.2257640324951
 20
399.0700185437094
 10
697.235333738178
 20
398.9277200666029
 10
697.2441168256648
 20
398.7969112826567
 10
697.2444268777864
 20
398.79234569290844
 10
697.2462036896302
 20
398.7664736409977
 10
697.246520727083
 20
398.76190822346484
 10
697.338288393599
 20
397.4548572807046
 10
697.4279201065198
 20
396.10147023145583
 10
697.5976037508616
 20
393.4970479513029
 10
697.5979178485106
 20
393.4922853624571
 10
697.6410181491065
 20
392.84658820059076
 10
697.6828990607753
 20
392.2060504795024
 10
697.6832535445203
 20
392.2007022985915
 10
697.6852942984665
 20
392.170324207148
 10
697.6856592321346
 20
392.1649636892191
 10
697.8611033393754
 20
389.6214754460683
 10
697.8614850150548
 20
389.6160147060143
 10
697.9603423151495
 20
388.219949091143
 10
698.051399706497
 20
386.8743870425276
 10
698.0518323537466
 20
386.86809206093903
 10
698.0543344229792
 20
386.83223839877314
 10
698.0547826530008
 20
386.8259117474155
 10
698.0621576668909
 20
386.723353342723
 10
698.0631143914029
 20
386.7104386355317
 10
698.0686937553071
 20
386.63726739719425
 10
698.0697062196743
 20
386.62435694021246
 10
698.0783519998174
 20
386.5170812577983
 10
698.2835302968492
 20
383.93624035969526
 10
698.2857355720621
 20
383.9099635559241
 10
698.2988872664482
 20
383.7611083824216
 10
698.301323618834
 20
383.73484993374944
 10
698.3943614391558
 20
382.7778524214843
 10
698.5320382337395
 20
381.2971684875329
 10
698.5443178272135
 20
381.1610063000669
 10
698.5466296807863
 20
381.13649599552775
 10
698.560443202142
 20
380.9962045347405
 10
698.5629835402812
 20
380.9714572503009
 10
698.5900944414036
 20
380.71771183196006
 10
698.5906608165167
 20
380.71245468557674
 10
698.5938965257553
 20
380.68266704498035
 10
698.5944721658253
 20
380.67741090499663
 10
698.8698049703621
 20
378.1836703322844
 10
699.0257990226501
 20
376.75545503510807
 10
699.1588166033176
 20
375.47342902194276
 10
699.1611788902765
 20
375.4486473421267
 10
699.2629381265517
 20
374.2781888207047
 10
699.2653111773723
 20
374.24716832259963
 10
699.3258312126944
 20
373.3312500658676
 10
699.3902550065231
 20
372.30991954048307
 10
699.3917349673868
 20
372.2824382326456
 10
699.4478551271311
 20
371.0255625602689
 10
699.4486296260666
 20
371.0050758664648
 10
699.4989396056775
 20
369.3802318351062
 10
699.5444811169975
 20
367.68434980556765
 10
699.544631683119
 20
367.67892579727925
 10
699.5455199715136
 20
367.64793639961374
 10
699.5456817148431
 20
367.6424678245098
 10
699.6248234789789
 20
365.0467639347758
 10
699.6249708630148
 20
365.04205157333166
 10
699.6258270215233
 20
365.015348867467
 10
699.6259818111109
 20
365.01063674347097
 10
699.678277404299
 20
363.4558797945113
 10
699.6792240185505
 20
363.4308478109279
 10
699.6851802610703
 20
363.28902520768474
 10
699.6863358565274
 20
363.2640020008593
 10
699.7432765201293
 20
362.13345699838726
 10
699.7437640648718
 20
362.12406966387596
 10
699.7466101488476
 20
362.0708792502305
 10
699.7471271047673
 20
362.061493489434
 10
699.9589353935062
 20
358.32262022466114
 10
699.9592204381295
 20
358.31766127540226
 10
699.9608589530152
 20
358.2895619228475
 10
699.961152207834
 20
358.28460345234953
 10
699.9883046235814
 20
357.83185934443884
 10
700.2082351023266
 20
354.0695977775997
 10
700.2085893063731
 20
354.0636402743546
 10
700.2106309719327
 20
354.02986770182105
 10
700.2109971967336
 20
354.02390819357515
 10
700.2306924460681
 20
353.7085376056744
 10
700.2505099697725
 20
353.38876172288866
 10
700.4955171411294
 20
349.40147264874184
 10
700.5116124337749
 20
349.13437182242217
 10
700.7342575899495
 20
345.2010246286417
 10
700.7345270261421
 20
345.1963298654896
 10
700.8054148155479
 20
343.977848445812
 10
700.90147058649
 20
342.1239626069747
 10
701.0493490722758
 20
339.14410570556356
 10
701.1409112365491
 20
337.0945148018908
 10
701.1411198258472
 20
337.08992444806773
 10
701.1423358000952
 20
337.06360935567136
 10
701.142553981855
 20
337.0589656816021
 10
701.2534276620551
 20
334.73755148537487
 10
701.3263632967318
 20
333.0254298495207
 10
701.3877762304026
 20
331.3144643070226
 10
701.3880411303417
 20
331.3073215653646
 10
701.3896159583796
 20
331.26618138244817
 10
701.389902660411
 20
331.2589216848109
 10
701.457285788932
 20
329.60352492772023
 10
701.5181296046767
 20
327.81852758548445
 10
701.5842187292199
 20
325.483141907257
 10
701.5843743359853
 20
325.47781083523546
 10
701.5852938294302
 20
325.4472408572169
 10
701.58546094567
 20
325.4418463003933
 10
701.6541112524883
 20
323.2883875716428
 10
701.7369692569052
 20
320.1443206489361
 10
701.7784947802484
 20
318.4236876051882
 10
701.7995266970074
 20
317.25040217082227
 10
701.7996194190345
 20
317.2454570664944
 10
701.8001844290366
 20
317.2165930602962
 10
701.800288461738
 20
317.2114994961509
 10
701.8625991787068
 20
314.2825132289839
 10
701.8712253332619
 20
313.6599884329196
 10
701.9157029662393
 20
310.22513820297655
 10
701.9158113342501
 20
310.2175171054237
 10
701.9232044358712
 20
309.7402369712838
 10
701.9296828289396
 20
309.23582641854455
 10
701.969176297556
 20
306.1173992486966
 10
702.0103567107835
 20
302.7367852244712
 10
702.0112396563153
 20
302.6515767174793
 10
702.0117608178177
 20
302.58403113972355
 10
702.0118318878117
 20
302.57615887086325
 10
702.0123209700666
 20
302.52885936767757
 10
702.0124188913683
 20
302.52051251375536
 10
702.0166366296455
 20
302.1991114563535
 10
702.0362802528646
 20
299.2649123754077
 10
702.0409796432315
 20
297.4630174276673
 10
702.041037714836
 20
297.45060189437567
 10
702.0415139519316
 20
297.38001355875144
 10
702.0416238564081
 20
297.36755695865367
 10
702.0586290642384
 20
295.8073568929216
 10
702.0683175825196
 20
294.16973235775987
 10
702.065496600845
 20
293.1257938812165
 10
702.0654953430133
 20
293.1100601132995
 10
702.0657266591181
 20
293.01907526105765
 10
702.0658104468748
 20
293.0030191996087
 10
702.0742785229245
 20
291.93037990820824
 10
702.0718942166952
 20
290.296681286265
 10
702.0654940997651
 20
288.6608034390636
 10
702.0654715913515
 20
288.6507114463599
 10
702.06544018604
 20
288.5934355744911
 10
702.0654516709403
 20
288.5833280532915
 10
702.0704274573839
 20
286.8194079848792
 10
702.0710548596098
 20
284.2492560804728
 10
702.0690854992555
 20
283.11626644761793
 10
702.0690809942163
 20
283.111453974055
 10
702.0689803692433
 20
282.360731747597
 10
702.0689826239482
 20
282.3566296458399
 10
702.0721134546906
 20
279.81811267874383
 10
702.0699931406233
 20
279.5054017541571
 10
702.0699508246594
 20
279.49770439842735
 10
702.0574901014068
 20
276.54109036952053
 10
702.0564145746249
 20
276.26659046943
 10
702.0546465967105
 20
275.98985173956834
 10
702.0546216854443
 20
275.9854460120624
 10
702.054496048208
 20
275.9599098374774
 10
702.0544772615547
 20
275.9554034366266
 10
702.0445847953678
 20
273.0610056400164
 10
702.0425350930261
 20
272.6900377735854
 10
702.0122632647509
 20
270.1570282976474
 10
702.0122051974963
 20
270.15178618886966
 10
702.0118978719856
 20
270.12166580982995
 10
702.0118483471583
 20
270.116350400041
 10
702.0070747576268
 20
269.55016937062635
 10
701.9965200557162
 20
268.9338040597108
 10
701.9525919524126
 20
266.4562704010991
 10
701.9441908285936
 20
266.10314797474626
 10
701.8696215345578
 20
263.21778499732994
 10
701.8694902747492
 20
263.21252764998
 10
701.8624503302948
 20
262.92029132524027
 10
701.8540386874311
 20
262.60438436763013
 10
701.7788566120232
 20
259.81692820431607
 10
701.7004951533269
 20
256.90880949967345
 10
701.691035963039
 20
256.59089865397584
 10
701.5758910245731
 20
252.654803830161
 10
701.512851221271
 20
250.61955220005092
 10
701.5125301679409
 20
250.60853266718212
 10
701.5108245944709
 20
250.54604851895925
 10
701.5105438827493
 20
250.5350213446461
 10
701.4482494931924
 20
247.89730559908165
 10
701.4184973226775
 20
246.7297031361993
 10
701.3422132835485
 20
244.23858116703659
 10
701.3417624037531
 20
244.22243697830908
 10
701.3394468698716
 20
244.1306768796281
 10
701.3390819620479
 20
244.11448279704388
 10
701.2849751712504
 20
241.38629329572396
 10
701.259157596581
 20
240.31909025943375
 10
701.1806684716172
 20
237.3046821422742
 10
701.180423199159
 20
237.29461273816136
 10
701.1791284802591
 20
237.2375226627023
 10
701.1789169214148
 20
237.22744755474326
 10
701.1386168250533
 20
235.14129804529608
 10
701.0747302843804
 20
232.13894412621175
 10
701.029577032552
 20
230.2727778449622
 10
701.0024755082841
 20
229.17734676936817
 10
701.002361414409
 20
229.17258207717197
 10
701.0017361743298
 20
229.1455749318305
 10
701.0016296245904
 20
229.14080887679702
 10
700.9385191679889
 20
226.21374846643513
 10
700.9265225358297
 20
225.78444317844088
 10
700.9264074935601
 20
225.7802198324469
 10
700.8379909605344
 20
222.44814047020208
 10
700.837859498114
 20
222.44302139647024
 10
700.8281452751542
 20
222.05174319384167
 10
700.818588994709
 20
221.6844032670525
 10
700.8184981438264
 20
221.68082906800979
 10
700.738284156429
 20
218.449294764149
 10
700.7288660606264
 20
218.06658829887292
 10
700.6509788303563
 20
215.62733263469013
 10
700.6507426235527
 20
215.6196245922353
 10
700.6273583936678
 20
214.823098416661
 10
700.5918781524529
 20
213.8598184043874
 10
700.517661011183
 20
212.0959671368868
 10
700.516813112257
 20
212.07830834935578
 10
700.4615879206426
 20
211.05439541372567
 10
700.4606404990298
 20
211.0357510685152
 10
700.4556005589988
 20
210.93008427812995
 10
700.4547691752089
 20
210.91143439831802
 10
700.4103182902973
 20
209.83933001382425
 10
700.4095548002804
 20
209.82305226460474
 10
700.3673769560487
 20
209.0173511699152
 10
700.3664415964251
 20
209.00116052076856
 10
700.321564249812
 20
208.29104595029554
 10
700.3202372072458
 20
208.26872652005412
 10
700.3131887302455
 20
208.1422237924798
 10
700.3120280689507
 20
208.11989509180896
 10
700.2763763847452
 20
207.38092114066308
 10
700.2751874660756
 20
207.35947038702318
 10
700.2212837291263
 20
206.49855129565083
 10
700.1293382329325
 20
205.050580321327
 10
700.1286664387674
 20
205.03968757062108
 10
700.1249710713012
 20
204.97794157140345
 10
700.124338771163
 20
204.9670440258181
 10
700.0577545390709
 20
203.78220806333107
 10
699.9427265404422
 20
201.90799208828247
 10
699.8250731013406
 20
199.98416587795276
 10
699.8248247338125
 20
199.98005842725075
 10
699.7134172262439
 20
198.1164101736448
 10
699.4739504970994
 20
194.15884158020785
 10
699.297387009962
 20
191.2192343990605
 10
699.1520875975721
 20
188.89449861754554
 10
699.138799838836
 20
188.68192042764088
 10
699.1252722380655
 20
188.46245560003564
 10
699.1249325873201
 20
188.4568596653982
 10
699.1230571959918
 20
188.42547668023957
 10
699.1227310928862
 20
188.41993349042707
 10
698.9751253134413
 20
185.8706500003504
 10
698.8196363768276
 20
183.28137199225725
 10
698.5700687487342
 20
179.33434870787198
 10
698.5694444619799
 20
179.32420240322085
 10
698.5660004024865
 20
179.26663638640247
 10
698.5654098576897
 20
179.25647664151776
 10
698.4713367558929
 20
177.589230203081
 10
698.3552457795593
 20
175.54854453321923
 10
698.2162713320251
 20
173.37613862764226
 10
698.1258681530107
 20
172.05836621266684
 10
698.1243667940569
 20
172.03516518126014
 10
698.1163440186822
 20
171.9032564723954
 10
698.1150187106884
 20
171.87997289985327
 10
697.9979854680203
 20
169.6727008145308
 10
697.9716939305026
 20
169.22615870564147
 10
697.9705248211517
 20
169.20819298440165
 10
697.8477772558483
 20
167.48326581203605
 10
697.84566725483
 20
167.45118822085539
 10
697.8346848741471
 20
167.2693572825664
 10
697.8329187211705
 20
167.23725892335634
 10
697.7446696318973
 20
165.45985741861315
 10
697.7434452117329
 20
165.4383237330655
 10
697.7241423911707
 20
165.1370779558663
 10
697.5839569779314
 20
163.1499060473924
 10
697.5826660458742
 20
163.13073199936184
 10
697.5756647320177
 20
163.02152467806775
 10
697.5744912326281
 20
163.00224878592
 10
697.5134144821207
 20
161.94279371540804
 10
697.5124020691287
 20
161.92673215766573
 10
697.4100799913392
 20
160.43125515185162
 10
697.2897685009108
 20
158.74170379651437
 10
697.2066263987831
 20
157.63048346518775
 10
697.2063604420634
 20
157.6269000280222
 10
697.0431412324817
 20
155.40973498532514
 10
696.8372065682138
 20
152.75486411280968
 10
696.81332727022
 20
152.4441192860767
 10
696.794648010705
 20
152.201982441906
 10
696.6028160679857
 20
149.77558520012553
 10
696.4327203802022
 20
147.6614640181003
 10
696.4322644357195
 20
147.6557282770716
 10
696.410603957191
 20
147.37989299262279
 10
696.3908780736788
 20
147.1384113969025
 10
696.2410537022622
 20
145.31270193941293
 10
696.0963156850037
 20
143.5863691783129
 10
696.0689366329303
 20
143.25882434656233
 10
696.0369479253761
 20
142.87477668017343
 10
695.8756351126117
 20
140.975794858184
 10
695.7088731759619
 20
139.07121335926018
 10
695.7081258816206
 20
139.06253351574026
 10
695.7039550814965
 20
139.01325238247472
 10
695.7032317081168
 20
139.0045546380095
 10
695.606438821246
 20
137.8198686638818
 10
695.6060898147202
 20
137.8155587695431
 10
695.476863110209
 20
136.2053098604442
 10
695.4766009635778
 20
136.20202065894642
 10
695.2525394513375
 20
133.37102246239718
 10
694.9838363421344
 20
130.00203143826343
 10
694.9835247639791
 20
129.99809214739798
 10
694.8922183129805
 20
128.83394867921598
 10
694.8915869637103
 20
128.82575512480938
 10
694.785103616739
 20
127.41867379435928
 10
694.5380618577875
 20
124.26879106881094
 10
694.384423176353
 20
122.37288155067336
 10
694.3830571395838
 20
122.35538937714057
 10
694.3755994553201
 20
122.25615570100274
 10
694.3743346467977
 20
122.23863999734479
 10
694.2090564182781
 20
119.85258604997168
 10
694.2081199207738
 20
119.83859176520517
 10
694.2029985087088
 20
119.7592789228485
 10
694.2021274472705
 20
119.74528041272865
 10
694.064670837863
 20
117.44970684295612
 10
694.0635872263283
 20
117.4331461684888
 10
694.0498683164446
 20
117.23989668596636
 10
694.0404003697806
 20
117.10788228206309
 10
694.0374150422197
 20
117.06114747827462
 10
694.0225606099398
 20
116.79610202141677
 10
694.0203044283157
 20
116.74930832196378
 10
694.008872358931
 20
116.466280581295
 10
694.0071528312832
 20
116.43292400696228
 10
693.9355716964667
 20
115.29165308330283
 10
693.9339112842727
 20
115.26813892084357
 10
693.8936274764254
 20
114.75506601643667
 10
693.8889011837957
 20
114.6840983311753
 10
693.8668899817544
 20
114.28169714613725
 10
693.8638474221627
 20
114.21063736127576
 10
693.848240731669
 20
113.70632064197116
 10
693.8469074371831
 20
113.67430311743027
 10
693.7812432308751
 20
112.41993915144306
 10
693.7793543422997
 20
112.38970699070995
 10
693.7602904877639
 20
112.12720288205134
 10
693.7575881092453
 20
112.08608476009965
 10
693.743875646693
 20
111.8529898318055
 10
693.7417382922605
 20
111.81183847072754
 10
693.7373663999725
 20
111.71480350365107
 10
693.7276621811357
 20
111.52400796289896
 10
693.5847950732555
 20
109.1536336938702
 10
693.5842560063571
 20
109.144455622045
 10
693.5812296587409
 20
109.09154444673567
 10
693.5807101517217
 20
109.08220634403176
 10
693.4506217599369
 20
106.67626259303279
 10
693.4499247391834
 20
106.66281137643071
 10
693.446146090289
 20
106.58657940084547
 10
693.4455094690702
 20
106.57312519037515
 10
693.3809189469728
 20
105.1399443531669
 10
693.2852007006097
 20
103.16674709747238
 10
693.1788125083679
 20
101.05006813555195
 10
693.1785373248861
 20
101.04448956183762
 10
693.0709436626598
 20
98.8212746574655
 10
692.9751716773774
 20
96.88444187512496
 10
692.8977922916595
 20
95.35825437782802
 10
692.8974246080375
 20
95.35082003028697
 10
692.8953920780979
 20
95.30866350326613
 10
692.8950426310605
 20
95.30122366887724
 10
692.7791881300577
 20
92.76754057884179
 10
692.7788301338564
 20
92.75947344965635
 10
692.6558198294322
 20
89.90067903788358
 10
692.6547426090121
 20
89.87922283795066
 10
692.6249422324721
 20
89.35993977418647
 10
692.6237104221829
 20
89.33693048061116
 10
692.617231010961
 20
89.206519939504
 10
692.6161759642785
 20
89.18350186347973
 10
692.6069845665529
 20
88.96459536380607
 10
692.5442724439763
 20
87.60186876279857
 10
692.4071638775335
 20
84.85672718604266
 10
692.3800516880206
 20
84.39149362966461
 10
692.3784038318656
 20
84.36044821892287
 10
692.3697925399463
 20
84.18061222002177
 10
692.368440951175
 20
84.14886825112157
 10
692.353160398012
 20
83.7389148644778
 10
692.279145316549
 20
82.1072922487588
 10
692.1494350474482
 20
79.60322803093018
 10
692.1092126854937
 20
78.89299786566957
 10
692.1078478862341
 20
78.86688305631355
 10
692.1007193406865
 20
78.718037245012
 10
692.0995764843299
 20
78.69176473443315
 10
691.9924200710657
 20
75.95187054760672
 10
691.9602702508946
 20
75.29076706318065
 10
691.9600695932933
 20
75.28658062368706
 10
691.9587812910397
 20
75.25930356564095
 10
691.9585578096545
 20
75.25448978402977
 10
691.7906193394017
 20
71.5732806647595
 10
691.7895819508676
 20
71.54824494201779
 10
691.7842960033355
 20
71.40635420775473
 10
691.7834677575868
 20
71.38131069368308
 10
691.7635641852439
 20
70.69241596760335
 10
691.7360556795022
 20
69.81048630717939
 10
691.6056880057006
 20
66.48637891565633
 10
691.6054319837943
 20
66.47965852774306
 10
691.6040056488885
 20
66.44108166305963
 10
691.6037616720519
 20
66.43427369372452
 10
691.4958758366888
 20
63.32518475575671
 10
691.4955970529215
 20
63.316813511669096
 10
691.4940835029859
 20
63.26937436524594
 10
691.4938280924746
 20
63.26100237542886
 10
691.4651408494886
 20
62.27554274655597
 10
691.4649835510168
 20
62.269960636789165
 10
691.4641216344236
 20
62.238327884058805
 10
691.4639747269928
 20
62.23274549116687
 10
691.4430855019164
 20
61.40984482015915
 10
691.3612169634616
 20
58.40431154953555
 10
691.3606947513981
 20
58.38212585682584
 10
691.3582000038506
 20
58.25636886472361
 10
691.3578418547368
 20
58.23417477203651
 10
691.3430637603494
 20
57.04592629486203
 10
691.3425904440132
 20
57.02253763962537
 10
691.295821822102
 20
55.35458869608996
 10
691.2956254872049
 20
55.34726770544407
 10
691.2945635621845
 20
55.30578080648715
 10
691.2943850999169
 20
55.298459358353
 10
691.2813613413794
 20
54.735974587080506
 10
691.2812555062148
 20
54.731242337208045
 10
691.2284465514907
 20
52.28359284517782
 10
691.192597826792
 20
50.83825888774433
 10
691.1919664126247
 20
50.818219042062736
 10
691.1804614222752
 20
50.517079554142896
 10
691.1794872327541
 20
50.487845244930014
 10
691.1747745794396
 20
50.322161879320646
 10
691.1740854725795
 20
50.29291946129155
 10
691.1698133729435
 20
50.06431852099723
 10
691.1687862208865
 20
50.030173755194426
 10
691.1219010630593
 20
48.899984056720626
 10
690.9881289383719
 20
46.03030521279479
 10
690.9864048816619
 20
45.999951142696574
 10
690.9397768140446
 20
45.30378884152819
 10
690.9382253635674
 20
45.27909927299126
 10
690.930010825102
 20
45.13915826847557
 10
690.9286630180113
 20
45.11445674606938
 10
690.7713724935197
 20
41.99542632368755
 10
690.7662568594707
 20
41.908383192629486
 10
690.7651630288849
 20
41.89185417126765
 10
690.5190591064486
 20
38.49008314805843
 10
690.5162352320356
 20
38.44668063487694
 10
690.5020170883804
 20
38.200632270353964
 10
690.4998227479067
 20
38.157193378942
 10
690.4695269188734
 20
37.45671983430472
 10
690.4683713919069
 20
37.433996398419026
 10
690.4008508616292
 20
36.27898805626191
 10
690.3993595921639
 20
36.25640424923023
 10
690.1969289850458
 20
33.50651196257536
 10
690.1956849456537
 20
33.490747825558344
 10
690.0439200835381
 20
31.68878534466893
 10
690.0407504097142
 20
31.647793694127046
 10
690.0243815681813
 20
31.415397431791746
 10
690.0217739559439
 20
31.374366192417142
 10
689.904433474426
 20
29.30394525439678
 10
689.9033649506982
 20
29.28682501961086
 10
689.6857101159326
 20
26.093308553907548
 10
689.6835763089837
 20
26.06574681670449
 10
689.6564557342833
 20
25.75292425781697
 10
689.6318010517765
 20
25.492420684851822
 10
689.6286510663397
 20
25.456886585503156
 10
689.6114757140483
 20
25.249097411602634
 10
689.6086696237555
 20
25.212409902920058
 10
689.5441454093532
 20
24.294839392201425
 10
689.5429670856918
 20
24.27924514279593
 10
689.3543504649087
 20
21.945061848620156
 10
689.3525025960251
 20
21.924037449225864
 10
689.1513384954824
 20
19.806203660411626
 10
689.1484319530948
 20
19.773730378251656
 10
689.1329620097074
 20
19.58963200894351
 10
689.1304085436252
 20
19.55712905747839
 10
689.0319078515952
 20
18.209575128102358
 10
689.0291869287868
 20
18.1771827615174
 10
688.7565431825515
 20
15.30488201831406
 10
688.755024777718
 20
15.289706162694642
 10
688.7213853989796
 20
14.969914267872724
 10
688.7192153599635
 20
14.948550191675935
 10
688.7073519386599
 20
14.827444907433033
 10
688.705334878339
 20
14.80606584551117
 10
688.6965611702044
 20
14.709372870376995
 10
688.692623784418
 20
14.67136572800274
 10
688.2308062870782
 20
10.706860918134254
 10
688.1986776502381
 20
10.450520652513887
 10
688.1958289773374
 20
10.427042754659368
 10
688.1792872449421
 20
10.286065778259655
 10
688.1764719717337
 20
10.261175224636759
 10
688.156744606552
 20
10.079990360221359
 10
688.1515209720824
 20
10.037625629421797
 10
687.7593885832621
 20
7.191423715314414
 10
687.7560528621966
 20
7.1685204705441095
 10
687.6379484835868
 20
6.399270532824318
 10
687.6349619903742
 20
6.379374019734001
 10
687.618416816577
 20
6.266571855810639
 10
687.6155638250972
 20
6.2466557614550595
 10
687.4484960505874
 20
5.051864803921916
 10
687.4426866001561
 20
5.013873814622826
 10
687.3989555389458
 20
4.750519862247359
 10
687.3866369078112
 20
4.685300754994728
 10
687.2131128871104
 20
3.8664000909445235
 10
687.1706818386369
 20
3.667134777342426
 10
687.1498688211195
 20
3.5833760813723927
 10
687.1288019893004
 20
3.5215800383548697
 10
687.0603118214391
 20
3.490813736004469
 10
687.0221764404332
 20
3.4759810957330046
 10
686.8938769891029
 20
3.4326418864757784
 10
685.829429310163
 20
3.125882489276819
 10
685.7640720576496
 20
3.1062395881557165
 10
685.3950366127187
 20
2.990734599195804
 10
685.3301430870683
 20
2.9696101027660404
 10
685.0869215109506
 20
2.8873641060704642
 10
685.0335937236217
 20
2.8704328281076243
 10
684.2078671091942
 20
2.625126234500385
 10
684.1711290068151
 20
2.6147191032432033
 10
683.3720046483515
 20
2.39929322927199
 10
683.3102911651442
 20
2.384051860678312
 10
682.9271698220307
 20
2.2980036812476214
 10
682.8482868759609
 20
2.279163194919562
 10
682.4028225266313
 20
2.1663820137181062
 10
682.3244776908199
 20
2.1454160935740276
 10
681.1159119276624
 20
1.8044197006645675
 10
680.9634250206616
 20
1.76986817399046
 10
679.6662753951723
 20
1.5463386197068871
 10
679.5996067277085
 20
1.5340728837812208
 10
679.2226595487122
 20
1.460309616419977
 10
679.1562850381356
 20
1.4465406714693927
 10
678.5763107201283
 20
1.3193779295765466
 10
678.4790761647989
 20
1.3013963171988507
 10
676.4433529906175
 20
0.9939593966234384
 10
676.364316133358
 20
0.9841617967209686
 10
674.2928685499202
 20
0.7830626598441199
 10
674.2391388861274
 20
0.7788194308704419
 10
673.4236017824742
 20
0.7291391772150178
 10
673.3319198798825
 20
0.7221424709264852
 10
672.8131401396948
 20
0.674545009345195
 10
672.7217157200597
 20
0.6647419151359486
 10
671.6728752430729
 20
0.5359920307583366
 10
671.6284736889987
 20
0.5312113517482544
 10
670.3087359738346
 20
0.4089612029874843
 10
670.2140390192453
 20
0.40304682377831114
 10
670.1839175707472
 20
0.4018274852323884
 10
669.9096197498627
 20
0.38850364986603836
 10
669.8612326877501
 20
0.38576134740947055
 10
668.6427935491461
 20
0.3068288333485043
 10
668.5776421543844
 20
0.3040288715010888
 10
667.9865482123716
 20
0.29149086488303055
 10
667.9589766566896
 20
0.2911595258655666
 10
667.5375165767482
 20
0.2899687556360391
 10
667.5058342340417
 20
0.2902138630528839
 10
666.4179499158759
 20
0.3101220158548017
 10
666.0902242796328
 20
0.3174582839754976
 10
666.0315502907123
 20
0.3197530632817802
 10
666.001692667306
 20
0.3211775740934968
 10
665.7280964986294
 20
0.3320232019146374
 10
665.6797988543537
 20
0.33354829882608783
 10
665.5015255317717
 20
0.3377407853431009
 10
665.4084172634884
 20
0.3428302829273093
 10
664.7408047743247
 20
0.40018700431659227
 10
664.677868118715
 20
0.406934680328618
 10
664.1229828521492
 20
0.47829900827008487
 10
663.9730992256564
 20
0.4937604921470893
 10
663.1221895043343
 20
0.5599900319027711
 10
662.9717186036914
 20
0.5679062831688384
 10
662.5194632845685
 20
0.5803218125332137
 10
662.3815776405045
 20
0.5904848220669692
 10
661.059618577488
 20
0.7494840839858625
 10
660.9531775343851
 20
0.7661850176197049
 10
659.5545854934562
 20
1.0374368229184938
 10
659.4798173006874
 20
1.0539286647992299
 10
658.0551446318486
 20
1.406536887913603
 10
658.0101736911889
 20
1.4173001255504687
 10
657.7822070042575
 20
1.4700069513806966
 10
657.6888643584057
 20
1.4947798377504569
 10
656.3356542266087
 20
1.900986848670584
 10
656.2796102708246
 20
1.9190165169747786
 10
654.932647538991
 20
2.3817049535142303
 10
654.9167147074816
 20
2.3872783813613694
 10
654.6829313951571
 20
2.470536882012965
 10
654.6091402027732
 20
2.4990309211650015
 10
652.4932590236372
 20
3.380868177640707
 10
652.4369515824192
 20
3.405703303407904
 10
651.4484245257304
 20
3.866158156630405
 10
651.417305080505
 20
3.8810916896121626
 10
649.797925045131
 20
4.681248647966754
 10
649.760509865005
 20
4.700392765412801
 10
649.2530843468599
 20
4.969061694737746
 10
649.1634641191918
 20
5.020543565516789
 10
647.9825961085851
 20
5.754137121907718
 10
647.923782353773
 20
5.792612725622831
 10
647.3314213426561
 20
6.2002648767845585
 10
647.2492024556726
 20
6.261079524220861
 10
644.6772332014206
 20
8.302758020653073
 10
644.6563621949483
 20
8.319175774738198
 10
644.5376841441155
 20
8.411684148407403
 10
644.5166686349197
 20
8.427916521417615
 10
644.0914960181501
 20
8.753325592101305
 10
643.967181417406
 20
8.859717428029342
 10
643.7900180877484
 20
9.02893985672685
 10
643.7563380766073
 20
9.062141332523538
 10
641.5942152383848
 20
11.261825938208204
 10
641.5240287730252
 20
11.338361133638756
 10
640.9323077815461
 20
12.030246697740893
 10
640.9059704417158
 20
12.061912373170202
 10
640.1535465295851
 20
12.992250298828111
 10
640.1151246762073
 20
13.04184363832286
 10
639.3471477073729
 20
14.077135505058322
 10
639.2912182511177
 20
14.157937206699216
 10
638.771398724836
 20
14.964149476812139
 10
638.7547515225187
 20
14.990568210752116
 10
638.3638885349407
 20
15.625415208890132
 10
638.3266880669265
 20
15.68931320264008
 10
637.8680737376812
 20
16.523706783724606
 10
637.8247049922543
 20
16.60894180939161
 10
637.6809106346527
 20
16.915347769678107
 10
637.6713785860937
 20
16.935464841263354
 10
637.6169415741738
 20
17.04925933064783
 10
637.6072605130289
 20
17.069305117587078
 10
637.0586181788999
 20
18.194653250514733
 10
636.9972933718917
 20
18.339207521595682
 10
636.4963155316523
 20
19.716686172249723
 10
636.4785992007976
 20
19.764147179898515
 10
636.3759443992599
 20
20.03222272997158
 10
636.3574291678468
 20
20.079377812748447
 10
636.3512880616478
 20
20.094638128205617
 10
636.3168537364311
 20
20.19130790621216
 10
636.3135003193902
 20
20.20256744390059
 10
635.8347311543084
 20
21.929315154682598
 10
635.8110881365546
 20
22.02725486056022
 10
635.5691227292591
 20
23.201168934152918
 10
635.5558241093061
 20
23.2624425602979
 10
635.4768467832447
 20
23.60882772283793
 10
635.4622705155839
 20
23.669810039738962
 10
635.1527819674313
 20
24.90727007903618
 10
635.1367835872488
 20
24.978576222007234
 10
634.8166537281516
 20
26.58804658852327
 10
634.8096152089481
 20
26.62597606870696
 10
634.6367255431405
 20
27.629417177048424
 10
634.629543223629
 20
27.67534555291408
 10
634.5187650498402
 20
28.46356704959595
 10
634.5135761461124
 20
28.498955735381827
 10
634.4829781859173
 20
28.699307960718272
 10
634.477367741851
 20
28.734632268508392
 10
634.0828730673443
 20
31.12631819870421
 10
634.0760283095856
 20
31.172229029017757
 10
633.7332981750783
 20
33.74325161267049
 10
633.614589194451
 20
34.68726133980542
 10
633.4658661709423
 20
35.9232464017841
 10
633.4619022462106
 20
35.9600221084539
 10
633.2278251576365
 20
38.41592118308711
 10
633.2225530809146
 20
38.49129419987847
 10
633.1751063919208
 20
39.553453625415415
 10
633.1633404601415
 20
39.716746635961215
 10
633.0714894380106
 20
40.63944484283908
 10
633.0508330989248
 20
40.8018528478739
 10
632.855238025696
 20
42.0635745490421
 10
632.8421682063913
 20
42.17554597537227
 10
632.6175660029243
 20
45.027214536756304
 10
632.6141178586178
 20
45.0854364848239
 10
632.5581544524784
 20
46.49397518894344
 10
632.526945818986
 20
47.43410549742126
 10
632.5262760577785
 20
47.45256703124116
 10
632.522112781709
 20
47.55833568105541
 10
632.5213199748977
 20
47.57699848150784
 10
632.332173061618
 20
51.724965300918825
 10
632.1402131917264
 20
56.71067211800565
 10
632.1182033014925
 20
57.27133940365334
 10
632.0949839194541
 20
57.85341109200206
 10
632.0938225994214
 20
57.90360072861853
 10
632.0638275123648
 20
62.5915848873145
 10
632.0655631254458
 20
62.67394576424107
 10
632.2109808294706
 20
65.66751704555264
 10
632.2144435889012
 20
65.79250461710387
 10
632.2193005324007
 20
66.50081445712647
 10
632.2175521197618
 20
66.6258377621474
 10
632.0969644418478
 20
70.08715860656818
 10
632.0960599958677
 20
70.13552230609162
 10
632.0909739666165
 20
72.1122505331684
 10
632.0916328103667
 20
72.16072869298884
 10
632.1948035613307
 20
75.62735841474407
 10
632.195568401661
 20
75.65849145005629
 10
632.1989866822054
 20
75.83492888724086
 10
632.1994282995677
 20
75.86606818464077
 10
632.2085342374857
 20
76.87886778339015
 10
632.2088707193077
 20
76.89989510009997
 10
632.2459886399465
 20
78.512667926772
 10
632.3699553529814
 20
83.69623540010784
 10
632.3700969873006
 20
83.70242492553041
 10
632.3708634764636
 20
83.73750366955483
 10
632.3709923509759
 20
83.74369417690826
 10
632.4609976060617
 20
88.29270291460978
 10
632.4620172626348
 20
88.32578183524072
 10
632.5332455242933
 20
90.02688703473657
 10
632.5357604481112
 20
90.0712307364648
 10
632.6266413345718
 20
91.34083822829749
 10
632.6310113122134
 20
91.41464864536152
 10
632.6506163018848
 20
91.8331380806859
 10
632.6531659178314
 20
91.90703377629978
 10
632.7567982350502
 20
96.58162869481006
 10
632.7584738149606
 20
96.62666362585392
 10
632.7618458172387
 20
96.69118718664106
 10
632.7665295956854
 20
96.75481257834267
 10
633.0985762860691
 20
100.24868659750777
 10
633.1095307018976
 20
100.41000820396061
 10
633.146929346315
 20
101.32505494707644
 10
633.1491761451441
 20
101.48673244034543
 10
633.107956695386
 20
104.64362825710009
 10
633.1092109160415
 20
104.72757746624293
 10
633.1104250884307
 20
104.75583976143798
 10
633.3673807023908
 20
109.68446177377984
 10
633.3694848591842
 20
109.73210015150579
 10
633.3792779009898
 20
110.00255944914116
 10
633.3806261606862
 20
110.05030185157699
 10
633.40845564668
 20
111.4228860365042
 10
633.4094210979334
 20
111.45428040164506
 10
633.5022138299173
 20
113.70455136886909
 10
633.7202862646539
 20
118.02693763827878
 10
633.9000949769229
 20
121.61958485050073
 10
634.0538362007458
 20
124.55621639835894
 10
634.217873454928
 20
127.42464180214355
 10
634.2186352763072
 20
127.43852791569776
 10
634.2227806843921
 20
127.51743158592026
 10
634.2234798691062
 20
127.53135747633357
 10
634.3816372946599
 20
130.83469685881255
 10
634.3819186214395
 20
130.84069857213672
 10
634.3834787478908
 20
130.87470983719734
 10
634.3837480540744
 20
130.88071210191703
 10
634.5346938548666
 20
134.32192923064838
 10
634.6373711789605
 20
136.23586711368472
 10
634.637646964612
 20
136.2410930501125
 10
634.7171170937296
 20
137.77237153338382
 10
634.7181834987521
 20
137.79449764843773
 10
634.7237545606769
 20
137.91969917097916
 10
634.7246563555823
 20
137.94180009834676
 10
634.8449406246161
 20
141.1829741552417
 10
634.9786109793013
 20
144.79935523760656
 10
634.9796493393716
 20
144.82257302607283
 10
634.9917211311233
 20
145.0525638623479
 10
634.9932019102748
 20
145.08390603554847
 10
635.0006639466437
 20
145.26154984994884
 10
635.0018168400977
 20
145.29290579618976
 10
635.0039309593651
 20
145.35995198708204
 10
635.0047997876067
 20
145.38224247556502
 10
635.1614449936802
 20
148.7562459854799
 10
635.2998625781213
 20
151.6745145600475
 10
635.3006501003379
 20
151.6895275762543
 10
635.3234704596287
 20
152.08652321555383
 10
635.3241677524834
 20
152.09911563968154
 10
635.3279690693953
 20
152.17048064432086
 10
635.3286134188495
 20
152.18307588852576
 10
635.3343901871319
 20
152.30084672563927
 10
635.5445971082961
 20
155.95944820655944
 10
635.5451326353859
 20
155.9690369097089
 10
635.5481068730242
 20
156.02386729266323
 10
635.5486161117348
 20
156.0335440947232
 10
635.6976662051783
 20
158.95579005257042
 10
635.7548526526036
 20
160.01132407894346
 10
635.7558278065613
 20
160.0276655294403
 10
635.8142675377
 20
160.92454532360796
 10
635.8158945326375
 20
160.95136557418243
 10
635.8244333501523
 20
161.1033846956471
 10
635.8258200661799
 20
161.13021844253572
 10
635.9690210944135
 20
164.1648562483735
 10
635.9693566242677
 20
164.1721553921071
 10
635.9712075860695
 20
164.21351944992483
 10
635.9715253370216
 20
164.22081938922884
 10
636.0217213089591
 20
165.40726556527875
 10
636.0259815525153
 20
165.47336273621647
 10
636.1631507642214
 20
167.05613667679324
 10
636.1715666172988
 20
167.18587358981014
 10
636.2033051845365
 20
167.92167636955122
 10
636.2060921073653
 20
168.05165608428922
 10
636.2057519748969
 20
169.51754256481559
 10
636.206692089359
 20
169.57098819980962
 10
636.27595143957
 20
171.52617324943986
 10
636.2766461671504
 20
171.5430871014708
 10
636.3991332393973
 20
174.16435688460788
 10
636.4008445819518
 20
174.20769794771022
 10
636.4087661842943
 20
174.4533523080092
 10
636.4098507271764
 20
174.49671358348596
 10
636.4449244706872
 20
176.46944923712306
 10
636.445721344261
 20
176.49846754594302
 10
636.5547844291025
 20
179.43437253417102
 10
636.6244299027048
 20
181.0590348994309
 10
636.6248871705858
 20
181.07018663138132
 10
636.6273808999974
 20
181.1338980202023
 10
636.6277998857281
 20
181.14514203871153
 10
636.6811157895612
 20
182.65187058070165
 10
636.681944565335
 20
182.67161203785614
 10
636.8307458099423
 20
185.7345370751669
 10
636.8321655764682
 20
185.75947539737274
 10
636.9886650179977
 20
188.1565113329213
 10
636.9914982639032
 20
188.2062584726283
 10
637.0052110527507
 20
188.48826938333372
 10
637.0072176735821
 20
188.53805671770908
 10
637.085876506711
 20
190.9970503079198
 10
637.2385960180679
 20
194.6675987085094
 10
637.2417852740688
 20
194.7211232183646
 10
637.2974265139521
 20
195.4384832937311
 10
637.3045421574705
 20
195.5646246091508
 10
637.329796076328
 20
196.27990133022053
 10
637.3315942784272
 20
196.4062303858958
 10
637.3273437130183
 20
197.02899397198087
 10
637.3282832631646
 20
197.09328760777282
 10
637.4648253982348
 20
200.87922442113577
 10
637.545020682657
 20
202.9586687101118
 10
637.5463936742804
 20
203.0026402709884
 10
637.5523483899267
 20
203.25193021988514
 10
637.5530765621972
 20
203.29593068897384
 10
637.5779972905436
 20
206.00074764065508
 10
637.5782743381454
 20
206.01889691406174
 10
637.655245206536
 20
209.6295794946758
 10
637.676919020302
 20
210.353155990848
 10
637.677393091757
 20
210.37069677075806
 10
637.6798531660802
 20
210.47277298018227
 10
637.6802332004481
 20
210.49078776133427
 10
637.690814203674
 20
211.07565127409356
 10
637.6912884505088
 20
211.09497784170736
 10
637.7915459361552
 20
214.33036090655438
 10
637.7925197251252
 20
214.35515794839012
 10
637.8959869491835
 20
216.5307452952452
 10
637.8981896357157
 20
216.5889730721056
 10
637.9074659408909
 20
216.91901507380717
 10
637.9085372989184
 20
216.97727464828222
 10
637.9189635175237
 20
218.17903179406954
 10
637.9192154958853
 20
218.19643541514793
 10
637.9684847079586
 20
220.62562414559034
 10
637.9670570701311
 20
220.79719567218132
 10
637.9655706827403
 20
220.83743607677582
 10
637.9681747201848
 20
221.0561645723502
 10
637.9690524848168
 20
221.0926323230941
 10
638.0355249476182
 20
222.92681047332235
 10
638.0366714031782
 20
222.96525066139682
 10
638.0397797313344
 20
223.09802705576575
 10
638.040255474428
 20
223.12267813574005
 10
638.0522788691037
 20
223.91428675870208
 10
638.0526198574795
 20
223.95437528863565
 10
638.0530342069477
 20
224.18154460371161
 10
638.0528394607129
 20
224.2216341108072
 10
638.0437283498591
 20
225.0111603095895
 10
638.0436732469841
 20
225.04005681513132
 10
638.0516170008202
 20
226.06826665147514
 10
638.0516696883282
 20
226.07657588128401
 10
638.0519030414122
 20
226.12366182406134
 10
638.0519327138442
 20
226.13197116792807
 10
638.0530062235882
 20
226.62304172043793
 10
638.0529914781359
 20
226.64106643679884
 10
638.0526010822978
 20
226.7432051607097
 10
638.0524780407641
 20
226.76122946313953
 10
638.0492490580605
 20
227.0896865504122
 10
638.0494625152289
 20
227.13371709627535
 10
638.0661280868765
 20
227.987105060311
 10
638.0906768898813
 20
228.9384028860538
 10
638.0914851816206
 20
228.98202144200246
 10
638.0942800838259
 20
229.23027628491215
 10
638.0944533818347
 20
229.2740899771286
 10
638.0936628769605
 20
229.51026616586915
 10
638.0954912955892
 20
229.58948915902033
 10
638.1077424440061
 20
229.83679654233532
 10
638.1091237491248
 20
229.8679575053701
 10
638.1160329512898
 20
230.04457137236247
 10
638.117090199742
 20
230.07574501261897
 10
638.1443583450889
 20
231.02548743337442
 10
638.1450657922078
 20
231.04547955063697
 10
638.1872082045136
 20
232.04732791374636
 10
638.1887879486015
 20
232.07759649982495
 10
638.2112055312825
 20
232.43726890555422
 10
638.2116533039052
 20
232.4445974972038
 10
638.2141398586234
 20
232.48612921503872
 10
638.214569693781
 20
232.4934588806251
 10
638.2364826477167
 20
232.87511536758672
 10
638.3039906089427
 20
233.8979733929573
 10
638.3092751212108
 20
233.95893953858337
 10
638.3915493670615
 20
234.72551480746841
 10
638.3991414520835
 20
234.80661508208743
 10
638.4359157059168
 20
235.26666764147961
 10
638.4413031915319
 20
235.34794414052493
 10
638.475508618299
 20
235.997478707452
 10
638.4758803388313
 20
236.00470324648393
 10
638.4779373921222
 20
236.04564477066882
 10
638.4782916905845
 20
236.0528701850519
 10
638.5489749474641
 20
237.5307792601287
 10
638.5452638011442
 20
237.86944889145343
 10
638.5477930930069
 20
237.95228991937753
 10
638.5721891044651
 20
238.25417799187272
 10
638.5819352742432
 20
238.49249636115036
 10
638.5837123419834
 20
240.09431575637225
 10
638.584339601781
 20
240.1360575197856
 10
638.5931746119797
 20
240.44123163261756
 10
638.5933774790531
 20
240.6075473961241
 10
638.5684153678219
 20
241.5491833020236
 10
638.5594011481667
 20
241.71525472698823
 10
638.4949639655742
 20
242.4998037642383
 10
638.490819442989
 20
242.57095040307541
 10
638.4530098399675
 20
243.6687981224173
 10
638.4521211384638
 20
243.7206279151534
 10
638.4521258248394
 20
243.7549780331799
 10
638.4519735620172
 20
243.78561514479728
 10
638.4374244135003
 20
245.22949122066805
 10
638.4375051393934
 20
245.26629702440596
 10
638.4598251701567
 20
246.80947298728935
 10
638.460464394074
 20
246.83664325151736
 10
638.5138789983298
 20
248.47546159239758
 10
638.5144615445404
 20
248.4908942297459
 10
638.5538346308954
 20
249.40859637856758
 10
638.5874841987388
 20
250.09468844430668
 10
638.5885079704628
 20
250.11318163936303
 10
638.6927813921543
 20
251.8060533955691
 10
638.6952926478809
 20
251.8403948241928
 10
638.7951450934802
 20
253.0196237459346
 10
638.803038436165
 20
253.1430640444895
 10
638.8333287893628
 20
253.8431311663777
 10
638.836126961766
 20
253.96679192166087
 10
638.8370404889611
 20
254.42194144849267
 10
638.837266376367
 20
254.44513512264632
 10
638.8661342496778
 20
256.0973302879204
 10
638.8663825451797
 20
256.185195597752
 10
638.8640452145733
 20
256.3829477837651
 10
638.8823761195272
 20
256.93377552016153
 10
638.8840358742764
 20
257.03283051593166
 10
638.884045886025
 20
257.07418602869706
 10
638.91797512273
 20
259.10030950919605
 10
638.9183423361703
 20
259.13265134379975
 10
638.9194352134657
 20
259.315926691438
 10
638.9194537234018
 20
259.3482706053732
 10
638.9156863611022
 20
260.1301354411533
 10
638.9151055124128
 20
260.17645584350504
 10
638.9097878089315
 20
260.4388943047523
 10
638.9084918013539
 20
260.48520021607675
 10
638.8579758112842
 20
261.8995573483779
 10
638.8073083314696
 20
263.7479304075081
 10
638.7994468558488
 20
264.14196549646914
 10
638.7990707823787
 20
264.15852326696324
 10
638.7965878077573
 20
264.25599130921785
 10
638.7961003105252
 20
264.27319032039935
 10
638.7834395600465
 20
264.67879258238804
 10
638.7445256122727
 20
266.46650095265824
 10
638.7176722058673
 20
268.1578111687521
 10
638.7174199377909
 20
268.17167983871053
 10
638.715798247992
 20
268.2507771000839
 10
638.7154795875599
 20
268.26473478775256
 10
638.7063716798937
 20
268.6267531402929
 10
638.705981153206
 20
268.68034326301665
 10
638.7093979341965
 20
269.0033069143599
 10
638.7095656517856
 20
269.03407674167886
 10
638.7096218414179
 20
269.2084385753777
 10
638.7094739555557
 20
269.2392085044037
 10
638.6929984791855
 20
270.89755621359467
 10
638.683731225228
 20
272.61806298557366
 10
638.6838709425119
 20
272.64809586126813
 10
638.687185174888
 20
272.8739590908245
 10
638.6873245965043
 20
272.88479449202254
 10
638.6880037569957
 20
272.94619629006377
 10
638.6881040392202
 20
272.95703212417357
 10
638.6901908549287
 20
273.23719775234866
 10
638.6902589814906
 20
273.2500273000346
 10
638.6904895752209
 20
273.32272850468297
 10
638.6905028347471
 20
273.335558226399
 10
638.6885896789578
 20
275.0672502604344
 10
638.6886906724594
 20
275.0863920845682
 10
638.7034175255948
 20
276.3497027555353
 10
638.7035985968569
 20
276.3729894767901
 10
638.7041124936954
 20
276.50494920766823
 10
638.7041127982704
 20
276.52823663288996
 10
638.7020774790124
 20
277.05440533319376
 10
638.7017656920729
 20
277.0875811462597
 10
638.69895945036
 20
277.27556088840765
 10
638.6982807937036
 20
277.308731224686
 10
638.6693580514218
 20
278.4214731801441
 10
638.668852010069
 20
278.4615143186188
 10
638.668889387574
 20
278.51402999193647
 10
638.6611138408807
 20
278.7320294473672
 10
638.6515425632348
 20
278.86470266957997
 10
638.6376374169324
 20
279.4515005554072
 10
638.6372264848042
 20
279.4925163140581
 10
638.6384923181096
 20
279.838832420033
 10
638.6384018289725
 20
279.87554968883535
 10
638.6321383062109
 20
280.6051990134453
 10
638.6325333162345
 20
280.6548234771879
 10
638.6342535436181
 20
280.72501213992916
 10
638.6346145664455
 20
280.85541224613576
 10
638.6206047856813
 20
281.5939800061445
 10
638.6152987219627
 20
281.7242726142389
 10
638.5774889506567
 20
282.3290535512087
 10
638.5745674081681
 20
282.4212986315197
 10
638.5736708710433
 20
283.43431220651917
 10
638.5734735136843
 20
283.4661702480729
 10
638.5716384825165
 20
283.62566705302476
 10
638.5700371731689
 20
283.8268012427802
 10
638.569587701482
 20
283.8600751428259
 10
638.5468872939125
 20
285.0513283494503
 10
638.5474105972173
 20
285.1287444293371
 10
638.5704795450524
 20
285.8367249141643
 10
638.5720172737891
 20
285.9523578653461
 10
638.568101171988
 20
286.6074927914484
 10
638.5651811990269
 20
286.72309909649493
 10
638.5573334100943
 20
286.899228131363
 10
638.5565542436764
 20
286.9199285093255
 10
638.5308325474921
 20
287.75703373538715
 10
638.5301265551942
 20
287.8052698608818
 10
638.5306145561706
 20
288.14251157459097
 10
638.5204407307414
 20
288.39374987823277
 10
638.5159214391892
 20
288.4484766309261
 10
638.4857058724385
 20
289.32582858012245
 10
638.4850589111406
 20
289.3505248216101
 10
638.4763258497211
 20
289.83684169973566
 10
638.4760441359654
 20
289.85073655041015
 10
638.4518155634905
 20
290.92317504889803
 10
638.4406826585704
 20
291.39913189100105
 10
638.4387665381751
 20
291.4570831531437
 10
638.4247415079617
 20
291.78521333753946
 10
638.4217069372061
 20
291.8430974132415
 10
638.3494664957046
 20
293.00606232188136
 10
638.3474025485019
 20
293.04941911436896
 10
638.2938763136008
 20
294.6660341466784
 10
638.2906617115152
 20
294.78726605594477
 10
638.2905221122459
 20
294.79236701957467
 10
638.2894239704353
 20
294.83128286690567
 10
638.2892223170848
 20
294.83815014906475
 10
638.286406241572
 20
294.9304489374747
 10
638.285958731167
 20
294.9487992087808
 10
638.2532130492646
 20
296.7415453834144
 10
638.235022532218
 20
298.5256805748247
 10
638.2348145191129
 20
298.5418223948459
 10
638.2333750957362
 20
298.6342253786143
 10
638.2330767572001
 20
298.65053111833413
 10
638.2294471594373
 20
298.8232402477281
 10
638.2292038000571
 20
298.8709793672648
 10
638.2310815774237
 20
299.04456317054644
 10
638.2312536556335
 20
299.0724710400441
 10
638.2314931576718
 20
299.2306161440776
 10
638.2314056099159
 20
299.2585244067617
 10
638.2170689202719
 20
301.09926428086845
 10
638.2080078810321
 20
303.2331848737756
 10
638.208023975172
 20
303.24894677935936
 10
638.2086252654447
 20
303.3446997832277
 10
638.208683348739
 20
303.3610104012618
 10
638.2107098252927
 20
305.76603612930296
 10
638.2250094756865
 20
307.8055356681132
 10
638.2250640371808
 20
307.8372951560956
 10
638.2244188886734
 20
308.01773918784966
 10
638.2241360340581
 20
308.0495818063182
 10
638.2155060815899
 20
308.6577124895995
 10
638.2151783473121
 20
308.67661085057057
 10
638.2129838531451
 20
308.783694462062
 10
638.2125370587135
 20
308.80259038310135
 10
638.1621092886787
 20
310.68441794548033
 10
638.1616774703787
 20
310.7067286266684
 10
638.1473195226463
 20
311.9118136915564
 10
638.1472201825243
 20
311.9343032403373
 10
638.1481821470259
 20
312.2466663836066
 10
638.1467336000812
 20
312.3495775394548
 10
638.1285266759807
 20
312.93239810647384
 10
638.123548915926
 20
313.03519901206835
 10
638.1095826255739
 20
313.24799607911524
 10
638.1070825552846
 20
313.29975828051687
 10
638.0656395181487
 20
314.63683596600094
 10
638.0652113616261
 20
314.65371812396535
 10
638.0267662389103
 20
316.60234555425995
 10
638.0187914798163
 20
317.19766554946125
 10
638.0186952863496
 20
317.2042988352946
 10
638.0180813918394
 20
317.2436320206198
 10
638.017965026568
 20
317.2505730472621
 10
637.9731300906922
 20
319.7522156306408
 10
637.972900130374
 20
319.7733805052406
 10
637.9677383511873
 20
321.1284425037736
 10
637.9678944666143
 20
322.53410937321314
 10
637.968107178111
 20
322.5591670832509
 10
637.9686667024553
 20
322.5923702586148
 10
637.9690760880217
 20
322.6329723724936
 10
637.969838837111
 20
322.86305432017946
 10
637.9696986592812
 20
322.90365825592716
 10
637.9527409866909
 20
324.5629090653706
 10
637.9458187185877
 20
325.63688023572035
 10
637.945403100774
 20
325.671091962199
 10
637.9419364794735
 20
325.86527751906374
 10
637.9411289630023
 20
325.8995422611879
 10
637.8664376747026
 20
328.4501788499698
 10
637.8653661285414
 20
328.48126297391485
 10
637.8583811564158
 20
328.65736929870616
 10
637.8569874066068
 20
328.68844064296707
 10
637.8512993501463
 20
328.8020837874262
 10
637.8460262263247
 20
328.9069854645193
 10
637.844013037711
 20
328.9427700794872
 10
637.8313963826674
 20
329.1454373162593
 10
637.8289562524208
 20
329.1811895589554
 10
637.7017292814247
 20
330.89459054476134
 10
637.659530589905
 20
331.52174211464387
 10
637.6559352863223
 20
331.56948436744904
 10
637.6332400417266
 20
331.84181714880214
 10
637.6288486445512
 20
331.8898442293386
 10
637.411618058713
 20
334.07203137417525
 10
637.4041623083949
 20
334.1392355446109
 10
637.3576280787352
 20
334.5195261942918
 10
637.3486596151497
 20
334.58654526170875
 10
637.3231171193526
 20
334.76232597884837
 10
637.3184585018147
 20
334.793252387279
 10
637.2927285249755
 20
334.9582191468139
 10
637.280699002353
 20
335.0389703950874
 10
637.0325764321603
 20
336.97248875047507
 10
637.0277927549496
 20
337.00807757893426
 10
636.9994794645193
 20
337.2095768792648
 10
636.9942701525295
 20
337.2451059004625
 10
636.7956869033455
 20
338.54524268592695
 10
636.7918607688518
 20
338.57189293757733
 10
636.7214218587039
 20
339.09591333061996
 10
636.6875927302743
 20
339.3669540107677
 10
636.6824169077389
 20
339.4063032733174
 10
636.6445923439537
 20
339.6798579256986
 10
636.3949753971592
 20
341.59215390970235
 10
636.389331212828
 20
341.6418663413085
 10
636.3476520117396
 20
342.0731034485866
 10
636.3372676517492
 20
342.16555222690613
 10
636.2703181911637
 20
342.68836822878586
 10
636.2570723270278
 20
342.7804505757832
 10
636.1976252657184
 20
343.1526666097037
 10
636.1877835557584
 20
343.2257989988377
 10
635.9685236661082
 20
345.22629906943007
 10
635.9640137621666
 20
345.2746672190848
 10
635.9583689135413
 20
345.34804442482084
 10
635.9570073463731
 20
345.36737543652964
 10
635.8171342135199
 20
347.554758744148
 10
635.7222575583023
 20
349.2497790875101
 10
635.7207540812785
 20
349.27477016432397
 10
635.7115823497129
 20
349.4173002239645
 10
635.7098581429732
 20
349.4424458665429
 10
635.6588209153945
 20
350.1435972835872
 10
635.6576063335228
 20
350.1618136578372
 10
635.6096448798065
 20
350.95371507745983
 10
635.5099095391993
 20
352.6513020248659
 10
635.5090661076397
 20
352.6651138764345
 10
635.5041030850596
 20
352.743418480126
 10
635.5031953676636
 20
352.75723493142556
 10
635.3873252927019
 20
354.4607975947301
 10
635.326344779794
 20
355.35553884731837
 10
635.3233301952646
 20
355.3957792339056
 10
635.304715047267
 20
355.6236791687081
 10
635.3011595016285
 20
355.6638750584707
 10
635.2257825055503
 20
356.4553364974213
 10
635.0850432315375
 20
358.07981316221293
 10
635.0833721624513
 20
358.0984269847159
 10
635.0734682165532
 20
358.2050167446232
 10
635.0716612344515
 20
358.22382123228476
 10
634.9015466291228
 20
359.93744763188397
 10
634.9003727173969
 20
359.94904367965233
 10
634.8935929338484
 20
360.0147414031519
 10
634.8923739791994
 20
360.026332802644
 10
634.8247331054406
 20
360.6577545979949
 10
634.7648888286517
 20
361.2488816465259
 10
634.7644088357988
 20
361.2535858980059
 10
634.7615167096312
 20
361.28171115198234
 10
634.7610022070171
 20
361.2866740082894
 10
634.5880702972518
 20
362.9413466687389
 10
634.5877095114286
 20
362.94477968709566
 10
634.4087221912671
 20
364.6385388174001
 10
634.4049681489361
 20
364.67940571846657
 10
634.3990515800687
 20
364.75518095210236
 10
634.3975861058002
 20
364.7732463632314
 10
634.3889726021653
 20
364.87559084171505
 10
634.3873980114319
 20
364.8936470693941
 10
634.3727180645676
 20
365.05630677638527
 10
634.3710505738065
 20
365.0762717757115
 10
634.2389684352031
 20
366.79610315586626
 10
634.2353248054096
 20
366.8632105500684
 10
634.2253023175193
 20
367.1779255347817
 10
634.2232929040185
 20
367.22791626985037
 10
634.2095451279495
 20
367.5110789857126
 10
634.2067023256491
 20
367.56102925908914
 10
634.1813719631471
 20
367.94904116250996
 10
634.1789841305774
 20
367.997826176589
 10
634.1152553299893
 20
369.9505627225156
 10
634.114840589214
 20
369.96557615815556
 10
634.1136737335319
 20
370.01717262238435
 10
634.1134857452082
 20
370.02502981080863
 10
634.0617115558318
 20
372.0766021405806
 10
634.0613602593303
 20
372.08943383651234
 10
634.0592140270257
 20
372.1621421297
 10
634.058807829161
 20
372.17497220503236
 10
634.0125400301358
 20
373.5437800034195
 10
634.0100647999401
 20
373.6008881224191
 10
633.9929571388348
 20
373.92433262165144
 10
633.9893942742725
 20
373.9813832133782
 10
633.9437154373106
 20
374.61562469827885
 10
633.8990989201279
 20
375.24040132702225
 10
633.8969442274622
 20
375.27679475580084
 10
633.8461939593824
 20
376.3561846974809
 10
633.8457007166694
 20
376.3663105831963
 10
633.842808732134
 20
376.42368568689756
 10
633.8422812739084
 20
376.4338098479863
 10
633.7889943919431
 20
377.42439491510464
 10
633.787072191787
 20
377.45684855648665
 10
633.775183651422
 20
377.64068715342194
 10
633.772909874415
 20
377.6731180589038
 10
633.7092696410646
 20
378.51538100453746
 10
633.7086696465651
 20
378.52318622567407
 10
633.7052119779139
 20
378.5674112875667
 10
633.7045916184048
 20
378.5752149164968
 10
633.6453916612268
 20
379.30780264824386
 10
633.6436876553438
 20
379.33115899978895
 10
633.5915942922416
 20
380.13120121485974
 10
633.5906285056288
 20
380.1455063264831
 10
633.584962044836
 20
380.2265550033226
 10
633.5839279020947
 20
380.2408553358779
 10
633.5272326155559
 20
380.99964022012756
 10
633.5262643838328
 20
381.01224133353935
 10
633.5206273579493
 20
381.08363571322786
 10
633.5196060495672
 20
381.09623263590856
 10
633.4563982093791
 20
381.85597320039477
 10
633.3963366143565
 20
382.60298656336806
 10
633.3955757523054
 20
382.612269347532
 10
633.3911606130829
 20
382.6651276662217
 10
633.3903669182441
 20
382.6744543933004
 10
633.3437121747716
 20
383.2127542480923
 10
633.3421542865915
 20
383.23219790753194
 10
633.3045565490952
 20
383.74315706548026
 10
633.2578922174378
 20
384.38805620172127
 10
633.2566250538408
 20
384.40728486871296
 10
633.224537871342
 20
384.94702621663384
 10
633.2229300168704
 20
384.98030885694493
 10
633.2050643653994
 20
385.4608141061026
 10
633.1828514332342
 20
386.0661360202622
 10
633.1822750069512
 20
386.08085764071916
 10
633.1788033618005
 20
386.1642814191583
 10
633.1781545642161
 20
386.17900177355875
 10
633.1443850458276
 20
386.90467115669554
 10
633.1436422045999
 20
386.9230637241727
 10
633.1187704269669
 20
387.64938259427913
 10
633.1166716919973
 20
387.69877078769593
 10
633.1024741541514
 20
387.97851688990943
 10
633.0995619333831
 20
388.02786379769213
 10
633.0517468274338
 20
388.7384775445998
 10
633.0501870970185
 20
388.7604528874571
 10
633.0408915346181
 20
388.8849454026439
 10
633.0391704704984
 20
388.9069086990956
 10
632.9575478801735
 20
389.9016228767757
 10
632.9537007346545
 20
389.96487754891984
 10
632.938805577242
 20
390.34065658402153
 10
632.9221875420703
 20
390.7523108126875
 10
632.9139293506846
 20
390.8844469699752
 10
632.8506519264031
 20
391.6316524568462
 10
632.8365740455283
 20
391.76327863483243
 10
632.7445929080272
 20
392.4745081865108
 10
632.7374485969947
 20
392.54157404969817
 10
632.6805450147663
 20
393.2203258037723
 10
632.6783066280653
 20
393.2507352771297
 10
632.5953577807984
 20
394.559157865564
 10
632.5846925497926
 20
394.68522439838046
 10
632.5092289285229
 20
395.3979537496432
 10
632.493257849354
 20
395.52345850046555
 10
632.3067346183276
 20
396.77743977779807
 10
632.2986479195995
 20
396.8411520145317
 10
632.2222703499215
 20
397.5670076355202
 10
632.2186664236068
 20
397.6061893321197
 10
632.1030181727602
 20
399.0744138090777
 10
632.0938362316992
 20
399.1710033327456
 10
632.0329718539681
 20
399.7173343464341
 10
632.0206712583486
 20
399.81357643427265
 10
631.9392561654006
 20
400.3778614955741
 10
631.9323046206566
 20
400.43334043362995
 10
631.7872332818954
 20
401.7966698305403
 10
631.7840710768301
 20
401.8298966591119
 10
631.6158833814613
 20
403.8332128004695
 10
631.614387862767
 20
403.85252045307374
 10
631.5212683803697
 20
405.16468240973836
 10
631.5186655616194
 20
405.1986298841156
 10
631.5028252363561
 20
405.39090792476907
 10
631.4998373203025
 20
405.42482367390915
 10
631.2521336775719
 20
408.0650329399209
 10
631.2500561992165
 20
408.089291711436
 10
631.0034742443077
 20
411.27230316365603
 10
630.9412964184257
 20
412.13529654013945
 10
630.8866753522077
 20
412.9338821530121
 10
630.8861925042698
 20
412.94082336911345
 10
630.8833817037346
 20
412.98056446148007
 10
630.882877462156
 20
412.98757701589966
 10
630.6426958078112
 20
416.2739782496369
 10
630.6417598336343
 20
416.2864287123873
 10
630.6363091921774
 20
416.35696993828526
 10
630.6353214090756
 20
416.3694163978194
 10
630.3771835296154
 20
419.5384256447501
 10
630.3754068607861
 20
419.56266133463
 10
630.3490135149506
 20
419.96766221428766
 10
630.3484459462827
 20
419.97618448163325
 10
630.3189366926059
 20
420.4099636117339
 10
630.3166136776092
 20
420.4416349640875
 10
630.3026385182966
 20
420.6192758046261
 10
630.3000057641826
 20
420.6506365017152
 10
630.0262629409349
 20
423.7182886707811
 10
629.7838989686298
 20
426.47758568412854
 10
629.7825024587303
 20
426.49459474026037
 10
629.7460875224601
 20
426.9713623127574
 10
629.743943194655
 20
426.9978873987842
 10
629.7311256336378
 20
427.14813884790703
 10
629.7287461006733
 20
427.1746438691938
 10
629.663758889561
 20
427.8641668011711
 10
629.421379524346
 20
430.5108495600754
 10
629.4197882692066
 20
430.5277017652504
 10
629.410495306864
 20
430.6232383264661
 10
629.4088077727359
 20
430.6400931134844
 10
629.2268350741242
 20
432.4072602483467
 10
629.2217760208098
 20
432.45295111705224
 10
629.1911263867545
 20
432.7116285227911
 10
629.1853678100999
 20
432.75723650782004
 10
628.9597873198129
 20
434.4399941421696
 10
628.7151616264364
 20
436.3375723116179
 10
628.7084748367059
 20
436.399607282214
 10
628.6323408247241
 20
437.27691732308995
 10
628.6222941212577
 20
437.37423571964206
 10
628.556389978608
 20
437.9246059796409
 10
628.5431753047046
 20
438.02154502725125
 10
628.4184297446873
 20
438.8370482949782
 10
628.4105878979747
 20
438.89614944883385
 10
628.1479763045747
 20
441.230278080763
 10
627.9881073207802
 20
442.7485919900395
 10
627.9775808125632
 20
442.83617843240904
 10
627.9105350167995
 20
443.33234572235654
 10
627.8974132003134
 20
443.4197337274747
 10
627.5119969046327
 20
445.75204438361396
 10
627.5058050478187
 20
445.78814256688577
 10
627.4694707699102
 20
445.9924757967586
 10
627.4628386796055
 20
446.0284956982637
 10
626.9357033563897
 20
448.79646268971385
 10
626.929373799542
 20
448.83202361293627
 10
626.868183365886
 20
449.2015405488561
 10
626.8563788234742
 20
449.26815648344933
 10
626.7852403490235
 20
449.644836127104
 10
626.771936631159
 20
449.7111689323699
 10
626.7560177133264
 20
449.7861461714065
 10
626.7530363704764
 20
449.8000263935945
 10
626.739670132908
 20
449.8615461856697
 10
626.7321823777057
 20
449.89820783553364
 10
626.1481445295733
 20
452.9515560422227
 10
626.145255368937
 20
452.96710430337873
 10
625.6933890826339
 20
455.47231425434995
 10
625.6851941762548
 20
455.5159011074893
 10
625.6369337200085
 20
455.76253415436736
 10
625.6280953599395
 20
455.8059950983103
 10
625.5460698851599
 20
456.1946078358886
 10
625.5341902386986
 20
456.2575035687614
 10
625.4825003660567
 20
456.56727877425135
 10
625.4775205841697
 20
456.59924176386863
 10
625.2110946662842
 20
458.43956395853843
 10
625.1997992696531
 20
458.5425798860688
 10
625.0737230512962
 20
460.2283579428338
 10
625.0723863835365
 20
460.24556500329214
 10
625.0645315318795
 20
460.34304894241507
 10
625.0630958950067
 20
460.36024802835254
 10
625.0292581746005
 20
460.75202920319373
 10
625.0246041284831
 20
460.82888314002275
 10
625.010479860752
 20
461.234458296571
 10
624.9484021551855
 20
463.05657688947775
 10
624.8994095730436
 20
464.63823386083214
 10
624.8824768264215
 20
465.2813381527499
 10
624.8793476375519
 20
465.3604706613832
 10
624.8556559010517
 20
465.8094208634142
 10
624.8504270338665
 20
465.8885945190517
 10
624.7987895612839
 20
466.5394501553027
 10
624.7004728774534
 20
467.8308313251275
 10
624.6843190866541
 20
467.98812077523297
 10
624.5693526413938
 20
468.87648683119414
 10
624.5449277471441
 20
469.03274152689977
 10
624.3632239389029
 20
470.02328469669754
 10
624.3526189755627
 20
470.07820653754663
 10
624.2896290457119
 20
470.3888382653252
 10
624.2780019280876
 20
470.4435528336363
 10
624.1308513141767
 20
471.10559285315486
 10
624.095880835033
 20
471.2466944236798
 10
623.8784868832817
 20
472.04091845388325
 10
623.8367221315797
 20
472.1801603051043
 10
623.6832259567766
 20
472.6502096740145
 10
623.6610844441809
 20
472.7244610504227
 10
623.490234373639
 20
473.35659832979695
 10
623.4792597042975
 20
473.39612894671745
 10
623.4155417053782
 20
473.61969823758636
 10
623.4040274836645
 20
473.6590750802679
 10
623.1851819644686
 20
474.38892918124066
 10
623.1581460631965
 20
474.47442833471416
 10
622.997743043278
 20
474.9565068951323
 10
622.9681638819027
 20
475.04115982428743
 10
622.6663260460446
 20
475.86523010209913
 10
622.65087441112
 20
475.9095511236421
 10
622.3428743116533
 20
476.8395745455769
 10
622.325069701875
 20
476.8971930698501
 10
622.2616775060966
 20
477.11798251291225
 10
622.2409401084351
 20
477.19857552652013
 10
622.1481172188121
 20
477.60582406429
 10
622.1369084281417
 20
477.65322208315945
 10
622.0712166847189
 20
477.92127445935614
 10
622.0592398845503
 20
477.9684842617151
 10
621.7035952677791
 20
479.32408934246905
 10
621.6814635311016
 20
479.42158029366044
 10
621.3563952402874
 20
481.1128265137078
 10
621.3503171708119
 20
481.146519191929
 10
621.3204467923267
 20
481.32364762239354
 10
621.3070629342435
 20
481.42327280317954
 10
621.2778431125173
 20
481.71443731634207
 10
621.2746667388556
 20
481.74455757393446
 10
621.2558062630435
 20
481.9151430594786
 10
621.2523259682497
 20
481.94522971457917
 10
621.0040866905047
 20
484.0002897076855
 10
620.9943034744311
 20
484.1243351600758
 10
620.9101982780633
 20
486.384281671199
 10
620.9093925709867
 20
486.4136880499826
 10
620.9075046769301
 20
486.5210290413142
 10
620.9140855938438
 20
486.69012774118164
 10
620.9156287257292
 20
486.70625709456453
 10
621.0805950138495
 20
488.3912477392314
 10
621.0842688167023
 20
488.42485918665216
 10
621.1751056229275
 20
489.1772887821362
 10
621.1895958678384
 20
489.27185458599996
 10
621.4802996770255
 20
490.83433086979176
 10
621.4818088845941
 20
490.84250553078164
 10
621.4902968624365
 20
490.88884035386593
 10
621.4917834127684
 20
490.8970191653874
 10
621.6384189838998
 20
491.71019120039387
 10
621.6555791557023
 20
491.79217340442085
 10
622.0080343071156
 20
493.26906086290154
 10
622.0828844765958
 20
493.5787835824109
 10
622.1048158907713
 20
493.6595697907874
 10
622.1115519078392
 20
493.68189667716723
 10
622.115400339831
 20
493.69475647969347
 10
622.1370449623448
 20
493.7676770534857
 10
622.1408358156334
 20
493.78055394679114
 10
622.5450927095903
 20
495.16517365150975
 10
622.5672145537992
 20
495.234623522895
 10
622.9343318713507
 20
496.2971562858899
 10
622.9522161789428
 20
496.3461421085312
 10
622.9887794319966
 20
496.44113092935663
 10
623.0018476944923
 20
496.4757155505855
 10
623.3887250959863
 20
497.51896748084255
 10
623.413841794866
 20
497.5893756974392
 10
623.5511733925551
 20
497.9900558085046
 10
623.5745279973094
 20
498.0610679762208
 10
623.6956714537855
 20
498.44549123813186
 10
623.7603249115233
 20
498.6847047179074
 10
623.783790034264
 20
498.78834420021263
 10
624.0320690838792
 20
499.68313466823685
 10
624.0861165257597
 20
499.9125486817136
 10
624.1219872005581
 20
500.14549762513866
 10
624.2596872182155
 20
501.353579367531
 10
624.277159716521
 20
501.5886253786772
 10
624.2821069731683
 20
501.73029257460234
 10
624.2782479273524
 20
502.01962213075115
 10
624.1864522378472
 20
503.5083700854401
 10
624.1547372666058
 20
503.79598205475713
 10
624.0954614124992
 20
504.07920079957324
 10
623.7564989639861
 20
505.38187538948597
 10
623.6702136668885
 20
505.65806614204666
 10
623.5577216339746
 20
505.9246595156068
 10
622.9752205894702
 20
507.13814588217934
 10
622.8375683276761
 20
507.39266177386065
 10
622.676036408106
 20
507.6327324369066
 10
621.8716222505645
 20
508.7119796244656
 10
621.6877133954104
 20
508.93537169525405
 10
621.4831384982135
 20
509.14000697015103
 10
620.4866752850755
 20
510.04494768288873
 10
620.2633374943823
 20
510.22892245165747
 10
620.0233145088621
 20
510.39052520756616
 10
618.8717961621717
 20
511.0875633169554
 10
618.6173209019054
 20
511.2252906788257
 10
618.3507607356578
 20
511.33786137690174
 10
616.989105797491
 20
511.8369797124908
 10
616.6929488599221
 20
511.9284813615878
 10
616.3889311320371
 20
511.98893551437516
 10
614.7396217835624
 20
512.2291112576869
 10
614.4103630440472
 20
512.2586524693552
 10
614.0798530313423
 20
512.251787177247
 10
612.5479385543822
 20
512.1353009013133
 10
612.2201905414287
 20
512.0921124683828
 10
611.8991842631253
 20
512.0131253173785
 10
610.3599345374922
 20
511.5430564758554
 10
610.0994294538154
 20
511.4501716365395
 10
609.8485853040833
 20
511.3336911465798
 10
608.9175229758105
 20
510.847978336346
 10
608.6672529956322
 20
510.70161734881094
 10
608.5048698002092
 20
510.59580434194527
 10
608.5059126943988
 20
510.5942038913388
 10
608.3538679933336
 20
510.4955030011704
 10
606.9795341657302
 20
509.50235585740415
 10
606.7456676496793
 20
509.3148809643359
 10
606.3172114729867
 20
508.93474419912974
 10
606.2307985487964
 20
508.8549957750017
 10
605.7502007847402
 20
508.39369809302036
 10
605.6669794665447
 20
508.3106245303444
 10
605.52212769958
 20
508.1602481679372
 10
605.4743113666642
 20
508.10943865080503
 10
605.2067430364107
 20
507.81841329131964
 10
605.1601212341988
 20
507.76650552424024
 10
604.86126805633
 20
507.42588268716986
 10
604.8422031633596
 20
507.40456652963917
 10
604.2532269114736
 20
506.7585423544223
 10
604.1958726258435
 20
506.693781493738
 10
603.876234784987
 20
506.32220777713337
 10
603.8207715755924
 20
506.25582016111673
 10
603.3025805432972
 20
505.61706619419397
 10
602.452460965877
 20
504.5740801969217
 10
602.4404072541696
 20
504.55948123113694
 10
601.9938513367906
 20
504.02553343977775
 10
601.9692788367839
 20
503.99689204068136
 10
601.3745428320084
 20
503.3210676608139
 10
601.1377213594444
 20
503.05324047330527
 10
601.0825990531424
 20
502.99418951356097
 10
600.2585074483854
 20
502.15772599487184
 10
600.1951327198393
 20
502.0970564280615
 10
600.0524994686853
 20
501.96829262403105
 10
599.9944884948424
 20
501.920056242186
 10
599.9254050799261
 20
501.9111539652728
 10
599.8956473655728
 20
501.9087373662717
 10
599.7950879092004
 20
501.8988638001828
 10
599.2263831647388
 20
501.83333776095435
 10
599.1262132506819
 20
501.8200833318415
 10
599.0032065790379
 20
501.8016943848357
 10
598.9266895736464
 20
501.78924265425246
 10
598.7121417965895
 20
501.7514772361584
 10
598.64599221093
 20
501.7413492842153
 10
597.9852767978591
 20
501.6552274557821
 10
597.7404705806626
 20
501.6129445273398
 10
596.3659425991383
 20
501.31645248654945
 10
596.1254742268875
 20
501.25405944236496
 10
595.2722735544186
 20
500.99453629745676
 10
595.1769342592829
 20
500.96378820902635
 10
594.6397639450195
 20
500.7805878604123
 10
594.5455043882604
 20
500.74667382057237
 10
594.5244386762388
 20
500.7386948043121
 10
594.1888739676883
 20
500.58744834556467
 10
592.3171751961765
 20
499.60148125866465
 10
592.1220293664722
 20
499.48913146235594
 10
591.442310483581
 20
499.06306241006007
 10
591.335196135849
 20
498.9926887530774
 10
590.737056300758
 20
498.58115726932056
 10
590.6330454639893
 20
498.5062728188528
 10
589.7460184201973
 20
497.83841689360645
 10
589.7035342335505
 20
497.80583185021004
 10
589.4644607006629
 20
497.6190523887776
 10
589.4225648075122
 20
497.58571434286404
 10
589.4035364545479
 20
497.57029349583775
 10
589.3286862781932
 20
497.5134260813796
 10
589.2807181885643
 20
497.479299496835
 10
589.259436035692
 20
497.464434138872
 10
588.8717483247651
 20
497.1986001792923
 10
588.7020998646074
 20
497.0980124051415
 10
588.2293696083091
 20
496.8582768134594
 10
588.1727122237143
 20
496.8324486068634
 10
588.1141038352915
 20
496.81141976259033
 10
588.0477273151328
 20
496.79067731883106
 10
587.1733884004036
 20
496.52455313895496
 10
587.0185125052479
 20
496.4863079000347
 10
586.241458636854
 20
496.33781838167465
 10
586.2127903938634
 20
496.3321952606101
 10
586.0504966957886
 20
496.2995408100252
 10
586.0218845703924
 20
496.29363878266344
 10
584.9947822515002
 20
496.07655190662746
 10
584.8990913351682
 20
496.05954586991686
 10
583.5092671179946
 20
495.85876674086046
 10
583.4688935146457
 20
495.85349259852967
 10
583.0780787135126
 20
495.8078250534686
 10
582.9698620027611
 20
495.7991365107129
 10
582.8258539112036
 20
495.79280927670635
 10
582.719970928664
 20
495.7862796827188
 10
582.1208420911476
 20
495.7386860260907
 10
582.0152561673987
 20
495.72841693191094
 10
580.7057928421507
 20
495.57764578275425
 10
580.64751933655
 20
495.5732324650714
 10
580.5890791320658
 20
495.5733785050803
 10
579.9506689044094
 20
495.599915609077
 10
579.6948164300683
 20
495.5996312351568
 10
578.24815590081
 20
495.5362754878571
 10
577.9932581152742
 20
495.5141918191415
 10
577.782940791972
 20
495.486893000578
 10
577.6782876446216
 20
495.4770244680838
 10
576.851151763272
 20
495.428197940296
 10
576.4237996095943
 20
495.37195148990975
 10
576.3678686074976
 20
495.36045258853704
 10
576.2947120297139
 20
495.35279070656225
 10
575.8556395777478
 20
495.32855324096914
 10
575.7815161765046
 20
495.32814138049696
 10
575.7386745636899
 20
495.3321640588158
 10
575.3409851322641
 20
495.34301059243774
 10
574.5646413545765
 20
495.312649571963
 10
574.4901578000636
 20
495.31158803305095
 10
574.2101469563069
 20
495.3145522631984
 10
573.9234518996642
 20
495.3038684514029
 10
572.3061068160678
 20
495.165928327273
 10
572.0217432622422
 20
495.12790769348516
 10
571.178482570412
 20
494.9738065265082
 10
571.0908091019115
 20
494.96045036551686
 10
570.7329196060401
 20
494.91671338624974
 10
570.6164734776346
 20
494.90706923438734
 10
570.4358382455237
 20
494.8991778310866
 10
570.3066556567259
 20
494.89073834517956
 10
570.0257658842627
 20
494.8662913946473
 10
569.9565609830684
 20
494.8618774262006
 10
568.3384650894013
 20
494.79618785705895
 10
568.2957916331234
 20
494.7950634104159
 10
566.3533557817487
 20
494.7715329404411
 10
566.2858093561301
 20
494.7722359990804
 10
566.151966636546
 20
494.7766449804937
 10
566.1110655828072
 20
494.777713165461
 10
563.758958538326
 20
494.82309367845903
 10
563.7074448022205
 20
494.82497352489384
 10
560.8888922220369
 20
494.97636448747005
 10
560.8532555498955
 20
494.97806616487424
 10
560.6512654709028
 20
494.98650784608907
 10
560.6156110820912
 20
494.9877856041751
 10
560.5484126865673
 20
494.989793804253
 10
560.5064867838981
 20
494.99163409171683
 10
560.4197070947114
 20
494.9966603875313
 10
557.3004296576921
 20
495.19684551185446
 10
557.2949572604552
 20
495.19719169111613
 10
557.2636279301853
 20
495.1991448138201
 10
557.2580989058031
 20
495.1994843782578
 10
554.0515590492894
 20
495.3934422730142
 10
554.0346362967044
 20
495.39456195398395
 10
554.0248599262969
 20
495.39526433237614
 10
553.9711496536194
 20
495.3986391784665
 10
553.6998155352471
 20
495.4132462357561
 10
553.6528845761056
 20
495.4165115661977
 10
550.9908486781773
 20
495.64372919670666
 10
549.2093379891767
 20
495.79628015383025
 10
549.0605365344599
 20
495.8053045986513
 10
548.2166695625586
 20
495.8354645765959
 10
548.0676033335402
 20
495.83708597428927
 10
547.0268574812885
 20
495.8225439371375
 10
546.9867904471622
 20
495.8225192909141
 10
545.8746230806684
 20
495.83669079255924
 10
545.7171627426115
 20
495.84700366258437
 10
545.580190839709
 20
495.8632503536295
 10
545.3572206747631
 20
495.8812988777488
 10
544.0919797679471
 20
495.93634362238464
 10
543.8682845986671
 20
495.9377274286048
 10
543.7138029406863
 20
495.9329205966511
 10
543.5518667537496
 20
495.9366381599772
 10
542.6029426972784
 20
496.0098612336985
 10
542.5552182878582
 20
496.0143119900922
 10
541.4945035520238
 20
496.13035716097346
 10
541.3408721551039
 20
496.1431800600202
 10
540.4691042264953
 20
496.19342784781287
 10
540.3150169506152
 20
496.19834152987136
 10
538.7926984099252
 20
496.2077511861937
 10
536.3796617015971
 20
496.24598834747076
 10
536.3236332194078
 20
496.2479289086224
 10
536.2742844411187
 20
496.25056369033723
 10
536.2625858533526
 20
496.2511653874901
 10
536.1962874965592
 20
496.2544455650921
 10
536.1845866485428
 20
496.25500157845977
 10
536.0020766641661
 20
496.2633171883985
 10
535.9649532527084
 20
496.26477833781973
 10
535.75454547579
 20
496.2717552531413
 10
535.7174068164408
 20
496.2727565610836
 10
533.130466138191
 20
496.32647626362245
 10
533.1066729167264
 20
496.3271592521272
 10
530.5979379427198
 20
496.4190999590394
 10
530.2930237420319
 20
496.4301310499942
 10
530.2692345588828
 20
496.4308971812068
 10
530.1344802955738
 20
496.4347018958953
 10
530.11069646104
 20
496.4352790481918
 10
529.8378135926789
 20
496.4408184217216
 10
529.800127408988
 20
496.44205747497284
 10
527.4866480185804
 20
496.547245166356
 10
527.4679541929804
 20
496.54821204416623
 10
526.1477150133092
 20
496.62475987100527
 10
525.9753264916792
 20
496.62978949581895
 10
524.9985889445724
 20
496.6301999405779
 10
524.8261962567265
 20
496.62531519976176
 10
523.5261475121198
 20
496.5510342529186
 10
523.4818865287646
 20
496.54916059545315
 10
523.2795615084435
 20
496.5435874471228
 10
523.0701560384592
 20
496.5524860827819
 10
522.7108272148872
 20
496.59307360684795
 10
522.492386821906
 20
496.609697634722
 10
521.2530628887255
 20
496.65859786948937
 10
521.0339917693659
 20
496.6592368146719
 10
520.4860020456507
 20
496.6408154948632
 10
520.3499190814241
 20
496.64398394726004
 10
520.2509357204079
 20
496.65665009470786
 10
519.116175395982
 20
496.8565598960375
 10
518.992420448144
 20
496.87570780116494
 10
518.2892378388312
 20
496.96952475337434
 10
518.1647916011777
 20
496.9834912604198
 10
517.3064985507199
 20
497.0617160156261
 10
517.1556359369024
 20
497.0832437257635
 10
514.9535584055044
 20
497.51266944130003
 10
514.4503404204534
 20
497.6139133463255
 10
514.4282956840136
 20
497.61852460859956
 10
514.1906777664461
 20
497.6701066624785
 10
514.1645847187066
 20
497.67601508366783
 10
511.1954888989058
 20
498.3762207064985
 10
511.18061948182856
 20
498.3798075080621
 10
508.00676459001915
 20
499.16255030254297
 10
507.9738889652276
 20
499.1710540615028
 10
507.93424576911207
 20
499.1817885564127
 10
507.84702074669565
 20
499.2040082034789
 10
507.3509878822489
 20
499.32247232414284
 10
507.2631355271074
 20
499.3420652041632
 10
507.1001476273117
 20
499.3758564031309
 10
507.06845282662
 20
499.3822495316933
 10
506.8886598698524
 20
499.4175081817599
 10
506.8568980076572
 20
499.4235593464076
 10
503.7523469585822
 20
499.997708419532
 10
503.57581497398917
 20
500.0249481075974
 10
502.5719175685105
 20
500.14938269379627
 10
502.3940773488822
 20
500.16606797092345
 10
499.6715589127904
 20
500.3399276703072
 10
499.6514135278574
 20
500.34135038418844
 10
499.57502216864475
 20
500.3472624031234
 10
499.43189758955407
 20
500.3549049057698
 10
498.62036865849575
 20
500.378816655671
 10
498.4770423994936
 20
500.3796144445994
 10
498.35480279164904
 20
500.3773742550093
 10
498.3383018102703
 20
500.3770264462595
 10
498.24480250303213
 20
500.37479833616675
 10
498.22830368484927
 20
500.3743597520689
 10
495.58982287090373
 20
500.2969581011449
 10
495.517207650964
 20
500.29394716564445
 10
495.1059990835754
 20
500.2719043311229
 10
495.03347810950015
 20
500.267135241202
 10
492.8298464458433
 20
500.09538983604637
 10
492.80766330962206
 20
500.09382628682795
 10
492.5504676517197
 20
500.07761325883985
 10
490.3063467444328
 20
499.9510315752449
 10
490.2082883658794
 20
499.9487176144539
 10
488.2852794815712
 20
499.9662766025697
 10
488.1921268606343
 20
499.97002515410867
 10
486.3079294713339
 20
500.1046112987392
 10
486.2255582829845
 20
500.11278517892214
 10
484.4308651059831
 20
500.3410493377204
 10
484.372618671696
 20
500.34787977384184
 10
484.0422143455129
 20
500.3833553137279
 10
483.9838455219641
 20
500.3890458675054
 10
483.496874978661
 20
500.4317214311954
 10
483.47889308444667
 20
500.433406417743
 10
482.8928825421307
 20
500.4918793088576
 10
482.83123429960085
 20
500.4993224735431
 10
481.13730548080525
 20
500.7395144924278
 10
479.9235299800229
 20
500.91778385813495
 10
479.76076104898414
 20
500.93716376000435
 10
478.8357009930782
 20
501.0217479090393
 10
478.67202533157155
 20
501.0322119150409
 10
477.3154051524245
 20
501.0817588243315
 10
477.25414729568655
 20
501.08651989817884
 10
477.1934864117278
 20
501.0962897494371
 10
476.31805000097825
 20
501.27442895727233
 10
476.11054794331636
 20
501.30912476489493
 10
474.92951559145763
 20
501.4642546778638
 10
474.7200921317193
 20
501.48432250065906
 10
474.0156494162969
 20
501.5269661174317
 10
473.8405003846775
 20
501.5480439139611
 10
473.78002488256806
 20
501.5603517713134
 10
472.1648368463231
 20
501.92574963476466
 10
472.0496680923465
 20
501.94944140825476
 10
471.39470976612796
 20
502.07084818449084
 10
471.2787010849261
 20
502.09000876666977
 10
470.04058723756
 20
502.26965272529003
 10
469.9899969885281
 20
502.2778780209661
 10
467.4544978952532
 20
502.73471352099216
 10
466.75728166333886
 20
502.8654571064551
 10
466.7388703981561
 20
502.8688501962771
 10
466.63266719662715
 20
502.8880803957572
 10
466.61391464911605
 20
502.89141447149956
 10
466.17743732472667
 20
502.9675886092831
 10
466.15844431530024
 20
502.9710293437005
 10
463.0788995614243
 20
503.54940204227887
 10
463.05879473620655
 20
503.55310707864544
 10
462.944797414419
 20
503.57371382459013
 10
462.92466780834405
 20
503.5772817722804
 10
460.28175536230907
 20
504.03645235813025
 10
460.26325361424847
 20
504.03978636473903
 10
459.3351436214419
 20
504.21304326529264
 10
459.30069021009274
 20
504.21926710408
 10
458.9298773744332
 20
504.2840205612566
 10
458.86440075978
 20
504.29470978671213
 10
458.8514736524812
 20
504.2966736781111
 10
458.8390809283871
 20
504.29852991463883
 10
458.76883388411306
 20
504.30890186926763
 10
458.7564335146687
 20
504.3107063254273
 10
454.98899160365306
 20
504.85089814644095
 10
454.89944826436266
 20
504.86236510943763
 10
454.3911936283523
 20
504.9196940248335
 10
454.3013458104265
 20
504.9284616052058
 10
450.63706176196337
 20
505.23045020838686
 10
450.6181665592545
 20
505.23194735779543
 10
450.5110682001384
 20
505.2400928565522
 10
450.49216391541324
 20
505.24147059412087
 10
450.4423497953889
 20
505.2449428629963
 10
450.40975242018794
 20
505.2470367867088
 10
450.2249758055936
 20
505.25789633635236
 10
450.19235756395074
 20
505.25963521491406
 10
446.5389435213299
 20
505.434458169108
 10
446.52922290947953
 20
505.43490751916175
 10
446.4741354830865
 20
505.4373644922805
 10
446.4644134648343
 20
505.43778230961226
 10
446.38311636812733
 20
505.4411440813196
 10
443.31595418936126
 20
505.5899408177796
 10
443.27063357045114
 20
505.5928294264952
 10
443.2296708963324
 20
505.5960640855297
 10
443.2193967196551
 20
505.5968576431262
 10
440.4181412912559
 20
505.8083820922676
 10
440.32180467551257
 20
505.818795987447
 10
437.9950568885078
 20
506.14667203303884
 10
437.9890313716887
 20
506.147549412583
 10
437.9442726175723
 20
506.15489504862137
 10
435.57250054730537
 20
506.60084071097566
 10
435.545466450837
 20
506.606181281815
 10
433.46422324410577
 20
507.037230469684
 10
433.4279479525842
 20
507.0445105048348
 10
433.22214278250385
 20
507.0844946528647
 10
433.1857804677365
 20
507.0913267646598
 10
432.8606958665483
 20
507.1503338612107
 10
432.8042675256849
 20
507.16002108091095
 10
432.4840173962814
 20
507.21185838071966
 10
432.42741446328546
 20
507.2204669726143
 10
432.16702940385085
 20
507.2575296780675
 10
432.1457824163353
 20
507.26070933405254
 10
430.3213412455386
 20
507.5471133924369
 10
430.1296518635345
 20
507.57091046061134
 10
429.04039825612927
 20
507.6706507766825
 10
428.8475747890029
 20
507.6820626193118
 10
427.2195828084667
 20
507.725890374617
 10
427.18289052951906
 20
507.72732782349163
 10
427.01676855565523
 20
507.73587346567115
 10
426.93616091224465
 20
507.73893415460964
 10
426.479248249931
 20
507.75013408447137
 10
426.3985874558731
 20
507.75102643806713
 10
426.1601690628462
 20
507.750458499438
 10
426.0969257065228
 20
507.74964111326375
 10
425.73864236160716
 20
507.7412323169762
 10
425.6754302926304
 20
507.7390818344904
 10
423.90270531566034
 20
507.6600570558994
 10
422.1753589950048
 20
507.59657142377614
 10
422.10037413652736
 20
507.59569741445097
 10
420.49696452333825
 20
507.6171426836929
 10
420.37645716033757
 20
507.6236114700872
 10
418.5576671939227
 20
507.79486701053065
 10
418.5180928614089
 20
507.79926748916637
 10
418.51437379565783
 20
507.79977174324097
 10
416.15791247048156
 20
508.1402483698928
 10
416.1526461551076
 20
508.1410045142438
 10
416.1227999294962
 20
508.14526286636976
 10
416.11753228142726
 20
508.14600967003656
 10
413.4909573479416
 20
508.51600823393534
 10
413.342186350578
 20
508.5380342924582
 10
413.2816801110404
 20
508.5463639410757
 10
412.9293599312489
 20
508.5912169491745
 10
412.8671018895832
 20
508.59848277170903
 10
412.67291996284683
 20
508.6190909563551
 10
409.8993542591803
 20
508.9150273604636
 10
409.8088226954522
 20
508.92330175515747
 10
409.2952358372629
 20
508.9624058598877
 10
409.20449461648786
 20
508.96793341868556
 10
406.3083177546513
 20
509.1003469693617
 10
406.289174468834
 20
509.10116095075557
 10
406.1806824208946
 20
509.10542704009754
 10
406.1615343267628
 20
509.1061187400046
 10
405.9533607289438
 20
509.1129731574621
 10
405.9010179814715
 20
509.1142394762269
 10
405.604373036146
 20
509.11882646176184
 10
405.55201616055336
 20
509.1191791008255
 10
405.46752950251795
 20
509.1190108656763
 10
405.4358482422447
 20
509.11928238194264
 10
402.5853739502582
 20
509.1738224210386
 10
399.6045505843918
 20
509.2369093858857
 10
399.55213339524596
 20
509.23893641863367
 10
397.36181023018804
 20
509.36203182316774
 10
397.24651757690077
 20
509.37299078823617
 10
395.3999693188995
 20
509.62078606563216
 10
395.33361796013224
 20
509.63120737610404
 10
393.2548464495637
 20
510.00557893023574
 10
391.25276991692743
 20
510.36685176714076
 10
391.1975767007383
 20
510.3769621755413
 10
391.1104937008174
 20
510.39159301164557
 10
390.61252796052435
 20
510.4677385746405
 10
390.5244490948733
 20
510.47987415981686
 10
390.4637777391807
 20
510.48731915469466
 10
390.45920511428005
 20
510.48787669930937
 10
388.6008775759259
 20
510.71301658452603
 10
388.4257137045935
 20
510.7290437702925
 10
387.4315726826216
 20
510.79068381243866
 10
387.2557887575362
 20
510.79641762122213
 10
385.40648038418396
 20
510.8025015752979
 10
385.39364756172466
 20
510.80251634633333
 10
385.320928446789
 20
510.80244451642574
 10
385.30809567855187
 20
510.80240439363774
 10
385.26377729117047
 20
510.80217103809633
 10
385.15381087825807
 20
510.79957543106775
 10
384.53118385088237
 20
510.7734514234123
 10
384.4235358540804
 20
510.76699475738
 10
384.391642459557
 20
510.76450579498
 10
382.62574809392845
 20
510.63292219784927
 10
382.6035769775834
 20
510.6314351909174
 10
380.65868626209664
 20
510.51545620354796
 10
380.45212431996083
 20
510.50314958712437
 10
380.20805925536536
 20
510.48988908514775
 10
380.17555736219833
 20
510.48848443529596
 10
378.70468809714947
 20
510.4410105127019
 10
378.6044849683612
 20
510.44112591812257
 10
377.7716192036037
 20
510.46992816775935
 10
377.6176252720368
 20
510.47129857076203
 10
376.74547008324856
 20
510.456670586524
 10
376.59160872312657
 20
510.45013676488634
 10
375.56084084050343
 20
510.37982278014283
 10
375.44974582993007
 20
510.376373406208
 10
375.23111029788384
 20
510.3776921987011
 10
375.07644328878837
 20
510.38663123235585
 10
374.4006855356598
 20
510.46087627378006
 10
374.20388987112585
 20
510.4759663015004
 10
373.08732330143704
 20
510.52471014017544
 10
372.88996129659284
 20
510.5268271096645
 10
372.2012444571332
 20
510.51155191080557
 10
372.0314311959839
 20
510.51741936049996
 10
371.1681885226647
 20
510.59641207647235
 10
371.1499584012267
 20
510.5981925636544
 10
369.4055163349365
 20
510.7793267693197
 10
369.2612577625425
 20
510.79079674856735
 10
368.44278494461713
 20
510.8360401526655
 10
368.29814108252685
 20
510.84054007406945
 10
366.3749135465169
 20
510.85396251215093
 10
366.34448815507204
 20
510.8540205662523
 10
366.17208115113294
 20
510.8534752667383
 10
366.14165673564554
 20
510.8532247531116
 10
363.08335632816835
 20
510.81253255124386
 10
363.03224413470645
 20
510.81272344941704
 10
362.75252241668505
 20
510.818535349221
 10
362.7219440734689
 20
510.81901477762824
 10
362.54865824419136
 20
510.8208482738734
 10
362.5180766025543
 20
510.8210159647549
 10
362.19861083435893
 20
510.8211393711858
 10
362.1509229175323
 20
510.82077874794606
 10
361.8807277148545
 20
510.81658760207085
 10
361.83305155575044
 20
510.8154689808624
 10
358.4797244697994
 20
510.7101167360951
 10
358.4761555165996
 20
510.7100024833467
 10
354.9292594316566
 20
510.5943427793929
 10
354.9006333497215
 20
510.59368276735603
 10
354.87306557951405
 20
510.59331037835034
 10
354.86644093898974
 20
510.5932135753097
 10
354.77376338939195
 20
510.5917569574889
 10
354.7527233724463
 20
510.5913524536871
 10
354.6335063745789
 20
510.58864213601873
 10
354.6124697127013
 20
510.5880900550375
 10
351.01820571509603
 20
510.48114692834537
 10
347.7467682654884
 20
510.4004137789374
 10
347.5645794059059
 20
510.39755672007175
 10
347.36966481017106
 20
510.39494858953105
 10
347.3592634421456
 20
510.3947913728381
 10
347.29998961801493
 20
510.39379265602577
 10
347.28952983309097
 20
510.39359817355586
 10
344.1766130816929
 20
510.33028887596106
 10
341.3690461133814
 20
510.2823867614671
 10
341.2317477715316
 20
510.2809343698847
 10
341.0867056927876
 20
510.28022496914343
 10
341.07231890488987
 20
510.280120104514
 10
340.98573653840094
 20
510.27928138186724
 10
340.9704576567028
 20
510.27909446045044
 10
338.4327716398441
 20
510.2415846391857
 10
336.327717408434
 20
510.21294768119947
 10
336.2960353039847
 20
510.2128513560864
 10
336.1254560414764
 20
510.21413437127745
 10
336.09523683258004
 20
510.2142094602935
 10
334.2680986714811
 20
510.2095470211517
 10
334.23195566018427
 20
510.20989028803456
 10
332.6550242955267
 20
510.24387229799004
 10
332.60258197910184
 20
510.2459208157154
 10
331.1044505134359
 20
510.33071372590337
 10
331.0449433981416
 20
510.3352710824387
 10
329.3932878926888
 20
510.49487391902926
 10
329.3531665980767
 20
510.49847920896224
 10
329.12568749272765
 20
510.51738173324725
 10
329.0855214056011
 20
510.5204479755447
 10
329.0104962750885
 20
510.52566893233694
 10
328.93619566734606
 20
510.5315337052089
 10
327.210138107241
 20
510.70041427068406
 10
327.1657071768372
 20
510.70442818545325
 10
326.91377916628386
 20
510.7253002654385
 10
326.8692934607401
 20
510.7286530390078
 10
325.0575994172511
 20
510.85165596099785
 10
324.99452230070517
 20
510.8552716796687
 10
324.6369161988948
 20
510.8719945106709
 10
324.5737769271255
 20
510.8742810831544
 10
324.3899125556351
 20
510.8790016643262
 10
324.32603684529795
 20
510.879961230419
 10
323.9640648706251
 20
510.88154447339434
 10
323.90018321029123
 20
510.8811437101201
 10
323.77631631473145
 20
510.8790475833422
 10
323.7443389984016
 20
510.87884737142076
 10
322.1124839855745
 20
510.88602568697377
 10
321.96722229605575
 20
510.88314643190824
 10
321.14503549794574
 20
510.8469172191352
 10
321.0000835636913
 20
510.8370083691746
 10
319.39246955541074
 20
510.6879258844829
 10
319.36427229187973
 20
510.6855790197199
 10
319.22958449116715
 20
510.67564712434427
 10
319.16218325447323
 20
510.6699122420914
 10
318.7806663785979
 20
510.6331137611013
 10
318.7134115794945
 20
510.62586065281744
 10
318.54152002813316
 20
510.6053599932069
 10
318.4822826390934
 20
510.59769619343837
 10
318.1470755461464
 20
510.5509315419518
 10
318.0880024800765
 20
510.542089881911
 10
316.38831987617147
 20
510.27036641785276
 10
316.33873857152474
 20
510.26201329746925
 10
316.058197700483
 20
510.2123285192884
 10
316.00876335291395
 20
510.20314561827684
 10
314.4674768084809
 20
509.903453983281
 10
314.42518665046566
 20
509.8958579218399
 10
314.4023035400466
 20
509.8920852063371
 10
314.3889544969238
 20
509.88985342118394
 10
314.30887910390595
 20
509.8762801173716
 10
314.2732096703827
 20
509.8700121972381
 10
314.0713059264692
 20
509.8332754998704
 10
314.0357147569052
 20
509.8265774434493
 10
312.71120625155555
 20
509.56902501046534
 10
312.63989661100527
 20
509.55693541648174
 10
311.8774600934761
 20
509.4465156961993
 10
311.7627723787549
 20
509.4343874367493
 10
311.2769635661135
 20
509.4018418687639
 10
311.12634269112493
 20
509.3993374492987
 10
310.7281060426134
 20
509.4127396015384
 10
310.59878245717374
 20
509.42270559723636
 10
309.7639928798333
 20
509.523516332569
 10
309.65948159386625
 20
509.5398958801594
 10
309.3324520020324
 20
509.60304154874837
 10
309.30811396714176
 20
509.60795022184607
 10
308.2799046528214
 20
509.8241979136518
 10
308.183294415577
 20
509.8447993483721
 10
308.159658635278
 20
509.84974014585555
 10
308.12724038797614
 20
509.8563807674975
 10
308.1186152914683
 20
509.8581343709901
 10
308.06972529137136
 20
509.8679997355729
 10
308.0610950871726
 20
509.8697280267851
 10
305.9022153875412
 20
510.29877394556695
 10
305.79623096235275
 20
510.31786613870327
 10
305.1939387715157
 20
510.41523716351907
 10
305.08733739309156
 20
510.43051316886505
 10
302.9366989443481
 20
510.69940180625895
 10
302.8165171341819
 20
510.7154049879448
 10
302.6462869711141
 20
510.7331472376461
 10
301.6646673749658
 20
510.80722381178174
 10
301.4910357898874
 20
510.81527690000917
 10
301.32273327848554
 20
510.8182011717945
 10
301.3009118543057
 20
510.8185009316863
 10
301.1772528635556
 20
510.8197497858189
 10
301.155429836165
 20
510.81989079900296
 10
298.8716689021918
 20
510.82634089718334
 10
298.62309119799727
 20
510.81672904479166
 10
297.2195884867965
 20
510.70403832045895
 10
296.972661723147
 20
510.6738648864057
 10
294.6559557205027
 20
510.2927055837288
 10
294.6259299708119
 20
510.28807735469655
 10
294.5274517559412
 20
510.27391717568776
 10
294.3979772823272
 20
510.25239940776356
 10
293.6673680879126
 20
510.1144897474461
 10
293.53895870564173
 20
510.08732940505035
 10
293.3503168574583
 20
510.0430968248895
 10
293.3205258323984
 20
510.0359507794207
 10
293.1519219624501
 20
509.9945958024465
 10
293.12220546550213
 20
509.9871459065339
 10
290.53274386204146
 20
509.32389946014865
 10
290.4963485874223
 20
509.31433379237325
 10
290.29045820396794
 20
509.258837370585
 10
290.25418577996606
 20
509.2488159299905
 10
287.65375011045955
 20
508.5127753159612
 10
287.60508651559076
 20
508.4998793908817
 10
285.9008585963612
 20
508.0787345658397
 10
285.8850142352545
 20
508.0749103649482
 10
285.7113407283396
 20
508.0339897330588
 10
285.5557988747381
 20
508.00590261950356
 10
284.2763508852318
 20
507.8439586872555
 10
284.12819810789426
 20
507.8326289854681
 10
282.8137396447121
 20
507.7974649950568
 10
282.6839833388513
 20
507.79961220559403
 10
281.27634530196144
 20
507.8839436112859
 10
281.1970509207872
 20
507.8908098670614
 10
279.35291640072705
 20
508.0999291771169
 10
279.3212425676494
 20
508.10386264845414
 10
277.2342461092037
 20
508.3856178517808
 10
277.2033542000218
 20
508.38962522224494
 10
277.0281877039114
 20
508.41142410671563
 10
276.99725584979217
 20
508.41511049678024
 10
274.6248757595751
 20
508.6853612297409
 10
274.5601345953939
 20
508.69202571013494
 10
274.1929091655827
 20
508.72580670769815
 10
274.1280386629771
 20
508.73106517992244
 10
271.98877380925796
 20
508.8811378806753
 10
271.8842821710199
 20
508.8866388504156
 10
271.29183123793814
 20
508.90747578460946
 10
271.1872113203365
 20
508.9093294217824
 10
271.1131343246449
 20
508.9093498444825
 10
271.0376842027348
 20
508.9084217153247
 10
270.63836131676203
 20
508.8984857457329
 10
270.61361130186083
 20
508.8980742256636
 10
268.652740782658
 20
508.88165321373947
 10
268.493443183042
 20
508.87608459595066
 10
267.59234416995514
 20
508.8205861448109
 10
267.4335671818933
 20
508.806564632429
 10
265.2664974433078
 20
508.55701588756915
 10
265.1808300566418
 20
508.5476662955076
 10
265.1108957470416
 20
508.5392017975326
 10
264.70352427077023
 20
508.4850354299
 10
264.6317488920124
 20
508.47460731991293
 10
264.569034710423
 20
508.4647201740306
 10
264.5110755748104
 20
508.4549999468504
 10
264.1832170156606
 20
508.39670814189867
 10
264.12545940640496
 20
508.38585444250805
 10
261.88048935415236
 20
507.94117544625374
 10
261.8011014881222
 20
507.9243314439451
 10
261.3526246140967
 20
507.8228185922132
 10
261.2737214132154
 20
507.8038333722441
 10
259.6287872428653
 20
507.38442279834703
 10
259.0111519849299
 20
507.2328806980065
 10
258.95932198146863
 20
507.21967282107664
 10
258.66307082893354
 20
507.14136001283396
 10
258.6109150307552
 20
507.12706868212484
 10
256.19212803202583
 20
506.4407947588202
 10
256.1754574889569
 20
506.4360127765774
 10
256.0810703321117
 20
506.40864209233655
 10
256.06442771188324
 20
506.4037638188395
 10
253.69972248206696
 20
505.7031943220924
 10
253.65824296724136
 20
505.6905788243725
 10
253.558847872505
 20
505.6595625913989
 10
253.5241077860628
 20
505.64918102343347
 10
252.44591106901504
 20
505.3411229650194
 10
252.4287441700684
 20
505.3363282430712
 10
251.48612866870025
 20
505.07908274484964
 10
251.43163683959227
 20
505.065303278345
 10
249.2026506445777
 20
504.54588880491036
 10
249.1955499529386
 20
504.54430018211224
 10
249.16200135013554
 20
504.5375539929573
 10
249.07160584287328
 20
504.5207581816908
 10
249.05809246809883
 20
504.51821529564825
 10
248.98155017427612
 20
504.5036302045574
 10
248.96804859678025
 20
504.5010254066202
 10
246.40608122724768
 20
504.0006640404239
 10
246.36139086073302
 20
503.992636102023
 10
243.72955742718884
 20
503.56088193112424
 10
243.71368196067306
 20
503.55836482331307
 10
243.52792990118016
 20
503.5299326401072
 10
243.49619163935807
 20
503.5254211719133
 10
243.21781721677337
 20
503.4888817554729
 10
240.47827844215357
 20
503.1283510035147
 10
240.422089343597
 20
503.1220313640057
 10
237.9735932490093
 20
502.8932928170666
 10
237.93453854571214
 20
502.88938645314204
 10
237.71338450301238
 20
502.86580382656985
 10
237.67438424883164
 20
502.8613868476704
 10
236.99449939465177
 20
502.7798783833151
 10
236.15495822121642
 20
502.67898052995184
 10
236.09894659397781
 20
502.6733130943873
 10
233.9610615983566
 20
502.4974589340991
 10
232.5475577639962
 20
502.3936617037285
 10
232.3780960455902
 20
502.3763686174556
 10
231.42012176163553
 20
502.2510386784513
 10
231.25167249999168
 20
502.2241093971834
 10
229.41451602442987
 20
501.8765766047211
 10
229.36442648719495
 20
501.8679775251084
 10
229.32066982421208
 20
501.86122670499185
 10
229.16068883784163
 20
501.84526909459163
 10
227.99860326513442
 20
501.79205248345374
 10
227.74618930811232
 20
501.7697807368519
 10
226.32416846254878
 20
501.58350493196315
 10
226.07453440781973
 20
501.5400115403299
 10
225.07702956438158
 20
501.3224507256007
 10
224.93205511097628
 20
501.29885035160305
 10
224.88290560452646
 20
501.2947871724547
 10
223.3206018422017
 20
501.2057052608368
 10
223.13396301892755
 20
501.189202624225
 10
222.08047473522237
 20
501.0627895855729
 10
221.89523010430423
 20
501.03466816874624
 10
220.79129567291835
 20
500.8316299914562
 10
220.7504438139752
 20
500.8246983573516
 10
219.07142491326982
 20
500.56361267516525
 10
219.00615425158801
 20
500.5549259399037
 10
218.52078694497064
 20
500.50114363053734
 10
218.05814799012444
 20
500.4527370621213
 10
218.01243325110397
 20
500.44759923311346
 10
217.7515542424276
 20
500.4162520749758
 10
217.70555903921186
 20
500.4103643540262
 10
215.62263584634528
 20
500.1273568497978
 10
215.57949216095113
 20
500.1221302848865
 10
213.33302387484352
 20
499.88295398605175
 10
212.97519514291028
 20
499.84702617400336
 10
212.60467138276496
 20
499.810438227349
 10
212.597841179302
 20
499.80975587718035
 10
210.07102837700205
 20
499.5544025813369
 10
210.04490518910947
 20
499.5516470501342
 10
209.89713699481746
 20
499.53540569804966
 10
209.8710699608219
 20
499.53242522408755
 10
207.400318138814
 20
499.2389714112496
 10
207.3783128842599
 20
499.236522384274
 10
207.08451271698937
 20
499.206018033007
 10
206.71578088686243
 20
499.1676034812747
 10
206.6961569142603
 20
499.16549376568116
 10
206.58502505796412
 20
499.15317637939233
 10
206.56542023715053
 20
499.15093817326084
 10
204.07148738741682
 20
498.8579037091748
 10
204.03847994907545
 20
498.8543951749919
 10
201.4797469126942
 20
498.6110138564315
 10
201.47289246595656
 20
498.6103539370108
 10
201.43405495312416
 20
498.60656982103615
 10
201.4272020392088
 20
498.6058941698027
 10
201.06973862496966
 20
498.5702363883847
 10
201.06217118534587
 20
498.5694718295889
 10
200.69738261574116
 20
498.5321490497997
 10
198.08038452980705
 20
498.2733474148074
 10
198.03620217082715
 20
498.26864747493846
 10
197.78593814174022
 20
498.2401496303762
 10
197.7418107327293
 20
498.23479334514116
 10
195.26617812994377
 20
497.9156670926578
 10
195.24232817723504
 20
497.9127866352321
 10
195.00562566471336
 20
497.8861204316985
 10
194.7021724012226
 20
497.8523645816546
 10
194.66779274549805
 20
497.84833929605696
 10
194.47295021946536
 20
497.82438621729693
 10
194.4385904490385
 20
497.8199606432286
 10
192.06571055747082
 20
497.5003925073032
 10
192.02803670600417
 20
497.4958032535676
 10
189.59531879470515
 20
497.23064899214296
 10
189.55210143156043
 20
497.2265703908406
 10
189.52804406723573
 20
497.2246507795347
 10
189.52139507256743
 20
497.2241127957423
 10
186.9822070537686
 20
497.0158201103717
 10
186.94343856067144
 20
497.0131449798163
 10
184.29586615346136
 20
496.86488768285716
 10
184.1767446777664
 20
496.85844044376256
 10
184.15830590041537
 20
496.8575573891949
 10
181.41807764589007
 20
496.74327745265816
 10
178.85608982941545
 20
496.64584522934354
 10
178.8271554128118
 20
496.64460496460026
 10
178.66309813621578
 20
496.63677919545364
 10
178.63415340437675
 20
496.6352583122799
 10
178.3440392175845
 20
496.61860872087664
 10
178.3145590703579
 20
496.61677121299
 10
178.14756092472123
 20
496.6055365888678
 10
178.11810029787918
 20
496.6034089183412
 10
177.82747230227974
 20
496.5809808052426
 10
177.79078179661803
 20
496.57860132980704
 10
175.542571648771
 20
496.46044978615424
 10
175.50515061382544
 20
496.45824865627856
 10
175.2931857450382
 20
496.44445137127997
 10
175.25579513449028
 20
496.4417828376119
 10
173.8067977032539
 20
496.32926608503055
 10
173.70446667557547
 20
496.3195536359327
 10
173.12573377950042
 20
496.25460307380104
 10
173.0237955549527
 20
496.2413906073665
 10
171.96553212770786
 20
496.08574816442115
 10
171.9095972604117
 20
496.07859309640065
 10
171.43077654938978
 20
496.0264714592669
 10
171.25230426836114
 20
496.01775916372276
 10
170.9601100019584
 20
496.0209362561576
 10
170.8387889932142
 20
496.01980191546204
 10
170.15176393430104
 20
495.9994792383638
 10
170.03058800542388
 20
495.9934403516833
 10
169.84406194633684
 20
495.9803589861542
 10
169.65387991493057
 20
495.9791199544496
 10
169.03992506487975
 20
496.01414542054283
 10
169.01000330838096
 20
496.0161526998404
 10
167.65870247315272
 20
496.12038270656547
 10
167.59291484613126
 20
496.1247304716189
 10
167.21990054520558
 20
496.14526815817646
 10
167.15403326032197
 20
496.1481691428567
 10
165.6703187234142
 20
496.197187658257
 10
165.59456472048453
 20
496.1987330313555
 10
165.16526200026271
 20
496.2020681057938
 10
165.0894931311523
 20
496.2016998509234
 10
162.47432395265287
 20
496.155958935168
 10
162.4441407657972
 20
496.15573475849646
 10
162.20438660519923
 20
496.1563664395896
 10
162.16159452692787
 20
496.1561739831291
 10
161.9191283725375
 20
496.1533540730612
 10
161.87634339280612
 20
496.15255125821034
 10
161.63850899522356
 20
496.1463914248287
 10
161.61841525379944
 20
496.1458036302316
 10
161.5045633822783
 20
496.14209135052687
 10
161.48447403062323
 20
496.14136892616204
 10
159.50231136934383
 20
496.0634388005516
 10
159.45282944961068
 20
496.0623106481034
 10
159.03518237621424
 20
496.0596814391343
 10
158.99401960799742
 20
496.059139857555
 10
158.7607978950798
 20
496.05447073607064
 10
158.71964643372849
 20
496.0533643787297
 10
156.7926286072249
 20
495.98832280570014
 10
156.77726428916813
 20
495.9878830195779
 10
156.0677550777175
 20
495.9712118389325
 10
156.04851046360153
 20
495.970883175587
 10
153.64125766371
 20
495.94521939151633
 10
153.58572500550025
 20
495.9456555250624
 10
152.55548786635956
 20
495.97282668285175
 10
152.31909647082682
 20
495.9697428908636
 10
150.9826797159998
 20
495.8995745577773
 10
150.74726514694953
 20
495.87788625830865
 10
150.13064689570555
 20
495.79646777933704
 10
150.07568470860966
 20
495.7902393718926
 10
149.22368590715612
 20
495.70957118050626
 10
149.1004924591178
 20
495.69533239671273
 10
148.8706205314532
 20
495.6639363996719
 10
148.4429391917627
 20
495.62937510921574
 10
148.3730687578997
 20
495.6253670131117
 10
147.24370804751604
 20
495.58698993733276
 10
147.20043475089005
 20
495.5861442811654
 10
146.7842734905685
 20
495.5840171407659
 10
146.52137396264413
 20
495.5711261653703
 10
145.03818341133538
 20
495.43297303171664
 10
144.77742573413008
 20
495.3970874801952
 10
143.78717577561426
 20
495.21623268458177
 10
143.73716972445393
 20
495.2079703211498
 10
143.34486345778788
 20
495.14994195358497
 10
143.21827448638328
 20
495.136678865696
 10
142.8939446890525
 20
495.1165664925439
 10
142.78336924521895
 20
495.1076544779233
 10
142.10275524391585
 20
495.04011255431067
 10
142.10278661579108
 20
495.0397964226937
 10
142.0785176922664
 20
495.038395308948
 10
142.04686329062693
 20
495.0349950074507
 10
140.29364449731997
 20
494.8977447067814
 10
140.2652745626432
 20
494.8957941568471
 10
138.40128444778932
 20
494.7853790155883
 10
138.3850279291711
 20
494.7843717536631
 10
138.2929239500944
 20
494.77841391568427
 10
138.27667313970485
 20
494.7773184085295
 10
137.90935876947157
 20
494.7515550064128
 10
137.84971774540406
 20
494.74856349485776
 10
137.35960673341563
 20
494.7337537170497
 10
135.38594661922914
 20
494.67526276788465
 10
135.33083089765327
 20
494.67464263089647
 10
133.16949426412907
 20
494.69004179313896
 10
132.51376291955452
 20
494.695477490397
 10
132.45507560587097
 20
494.6971133506579
 10
131.72020437380684
 20
494.73200300145396
 10
131.715507355037
 20
494.73222231373154
 10
131.68888996061952
 20
494.7334442233958
 10
131.6841926038809
 20
494.7336561733989
 10
129.38689243037544
 20
494.8355089613394
 10
129.3257837029825
 20
494.8394696156747
 10
126.75131301772885
 20
495.05918750303863
 10
126.33979535163982
 20
495.0970137651771
 10
126.25807213176654
 20
495.1068116418161
 10
125.93044555732641
 20
495.1552684553553
 10
125.90456195466012
 20
495.15898150917917
 10
125.7577997876812
 20
495.1793824674775
 10
125.73188480485533
 20
495.18286977601065
 10
123.12504484840264
 20
495.52210520406203
 10
123.05663441276326
 20
495.53296553085534
 10
122.99919570666557
 20
495.5452423230787
 10
120.92822900898543
 20
496.04253967163584
 10
120.84272757819829
 20
496.0617546334398
 10
120.35675096338338
 20
496.1635365513697
 10
120.27072477735652
 20
496.18024597210814
 10
119.99242577069785
 20
496.23009517368337
 10
119.9021301339202
 20
496.24915372838376
 10
117.87604980592587
 20
496.742369814609
 10
117.8418510551248
 20
496.7511224740792
 10
117.05164031025424
 20
496.9633035675253
 10
116.91830377047066
 20
497.0035702170346
 10
116.91821035475846
 20
497.0032608859138
 10
116.87405714812436
 20
497.01705603570736
 10
116.17486854536321
 20
497.2191815018879
 10
116.05070830834183
 20
497.25221069280843
 10
115.88869503061935
 20
497.29161506816104
 10
115.83890047585385
 20
497.3046347597593
 10
112.31815175173631
 20
498.29003573481174
 10
112.26260440225943
 20
498.3060741050709
 10
112.24102962321615
 20
498.31254032984225
 10
109.21466197890553
 20
499.2472668524931
 10
109.20371177960524
 20
499.2506260561515
 10
109.14162457803758
 20
499.26954300797684
 10
109.13066163327923
 20
499.27286037984504
 10
107.8115760036172
 20
499.6692667641441
 10
107.76161179504888
 20
499.6838105470114
 10
107.47779158978528
 20
499.7637625616943
 10
107.4275826313802
 20
499.77743751156055
 10
106.07236451664235
 20
500.1339493369822
 10
106.04061979679514
 20
500.14267387863174
 10
104.20195686006633
 20
500.66977080174655
 10
103.73973767705749
 20
500.80704841508157
 10
103.71305510804163
 20
500.8152563488881
 10
103.3882230552826
 20
500.9185480842869
 10
101.68666063602322
 20
501.4614114593476
 10
101.62353286128246
 20
501.48311099142313
 10
100.10673445948294
 20
502.0425390235538
 10
100.01114451553048
 20
502.0815837790783
 10
98.91802556556621
 20
502.5726474421293
 10
98.8612337187327
 20
502.59960444912224
 10
97.98271547405574
 20
503.0393960778248
 10
97.59390421133588
 20
503.23521334223733
 10
97.58543521599091
 20
503.23946183508644
 10
97.53709805753951
 20
503.26361482710274
 10
97.5285611929408
 20
503.2678635649439
 10
96.58517995852588
 20
503.7355086107184
 10
96.52559306667953
 20
503.76673037001365
 10
96.32976272200597
 20
503.87500518083436
 10
96.26891180765017
 20
503.9125557932091
 10
96.21192525168368
 20
503.9557462401473
 10
96.12671031689823
 20
504.02699408602405
 10
96.02603132423971
 20
504.1071396236693
 10
95.66156279968973
 20
504.41251672902445
 10
95.55375248757423
 20
504.49870522510054
 10
95.5366178862275
 20
504.5117688168124
 10
95.50709138747797
 20
504.53486924658023
 10
95.25517769148323
 20
504.7370827185624
 10
95.17389525919029
 20
504.8072595381456
 10
95.01547198798849
 20
504.95426106353915
 10
94.95213375890029
 20
505.0166265197306
 10
94.9298204190109
 20
505.039939319297
 10
94.67522838467625
 20
505.276789774161
 10
94.54756124119717
 20
505.3824428897135
 10
93.96648347601268
 20
505.9136257002252
 10
93.7393078438086
 20
506.1016571687869
 10
93.49476877521556
 20
506.2664759934655
 10
92.32103245272805
 20
506.9762716982623
 10
92.06149286358362
 20
507.1162852786876
 10
91.7894606157571
 20
507.2301407009529
 10
90.49964982227817
 20
507.6968901136995
 10
90.21775349086965
 20
507.7834872232077
 10
89.92871696498963
 20
507.84198925517217
 10
88.57256366451185
 20
508.0476956548725
 10
88.2791798270668
 20
508.0775373197522
 10
87.98428356787605
 20
508.0784302654938
 10
86.61407772994318
 20
508.0151621141929
 10
86.32051855295435
 20
507.9870977124997
 10
86.03113304224598
 20
507.93034714220454
 10
84.6997064680333
 20
507.60054390578244
 10
84.41729087865923
 20
507.5156555325193
 10
84.14457411718132
 20
507.40344961001176
 10
82.90326337386784
 20
506.81982769831814
 10
82.64288062965915
 20
506.6813884424868
 10
82.39734791177159
 20
506.5180535549596
 10
81.29401491949511
 20
505.7031160080097
 10
81.06570474513455
 20
505.51646375026763
 10
80.85682321465936
 20
505.3082976933248
 10
79.93400980740165
 20
504.29346651886294
 10
79.74657528736327
 20
504.0657981158407
 10
79.58239890756778
 20
503.82082726583207
 10
78.87568652360932
 20
502.64523188321374
 10
78.73635467665315
 20
502.3853256742448
 10
78.6232136890344
 20
502.11299551073466
 10
78.15985143732189
 20
500.8219640157808
 10
78.07399456024609
 20
500.53984135150944
 10
78.0162514058311
 20
500.25065226258147
 10
77.8141054066781
 20
498.8939636865622
 10
77.7850339316335
 20
498.6005025300602
 10
77.78491504587362
 20
498.305604942917
 10
77.85177955685793
 20
496.93556989429806
 10
77.88061440914413
 20
496.64208539329263
 10
77.93812437598478
 20
496.3528498409296
 10
78.27142126435285
 20
495.0222935356653
 10
78.35705064226772
 20
494.7401017379909
 10
78.46997201740271
 20
494.46768043912755
 10
78.92675185363203
 20
493.50273734697765
 10
78.95868163150647
 20
493.43041601922073
 10
79.67853063810782
 20
491.676210873982
 10
79.81296069899594
 20
491.39201040843864
 10
79.92121406727915
 20
491.19111554404265
 10
79.94580428297752
 20
491.1463964822535
 10
80.04026606682623
 20
490.9780190638725
 10
80.08715805777018
 20
490.8873313191394
 10
80.364575089813
 20
490.3028654672744
 10
80.46852019754584
 20
490.1035180908267
 10
80.56186803813722
 20
489.9397697936969
 10
80.63426170929739
 20
489.8194170384517
 10
81.06018637449495
 20
489.14745684787215
 10
81.13813360082935
 20
489.03062423587517
 10
81.33434926188465
 20
488.7509329101855
 10
81.57285302531585
 20
488.4067497505429
 10
81.59003745304886
 20
488.3813923812173
 10
81.60991195303797
 20
488.35140699931605
 10
81.63494769634116
 20
488.31233533935836
 10
81.66907108998805
 20
488.2572225799146
 10
81.67984516463974
 20
488.23955008347997
 10
81.74135715455299
 20
488.1370690198965
 10
81.80595045983335
 20
488.01748316642465
 10
81.95010426499704
 20
487.7189850498756
 10
82.00349346433603
 20
487.59432971952634
 10
82.17755103099626
 20
487.13108686932674
 10
82.22156754478522
 20
486.99438144296596
 10
82.35160296370799
 20
486.5125173142199
 10
82.39015409089939
 20
486.3205680600022
 10
82.46913504703241
 20
485.7294499844355
 10
82.48224528546314
 20
485.51505775594603
 10
82.47752890686792
 20
485.0733338141906
 10
82.47390850288343
 20
485.00737749626626
 10
82.46448463564752
 20
484.941997576369
 10
82.35760897120639
 20
484.3781143720971
 10
82.31093204229325
 20
484.1954998054154
 10
82.04277374848255
 20
483.3674293902855
 10
82.02315616082939
 20
483.3044999194683
 10
81.91592292906199
 20
482.9467290389119
 10
81.89769268752542
 20
482.8833837444051
 10
81.80198397632739
 20
482.5365280652405
 10
81.77492446767661
 20
482.4489861669846
 10
81.65330245467896
 20
482.09430729385315
 10
81.62771313706185
 20
482.0252563186767
 10
81.2922169381726
 20
481.18393465747573
 10
81.2683307263519
 20
481.1274230693817
 10
81.01306302454884
 20
480.55635496071136
 10
80.94945856123076
 20
480.40277832141425
 10
80.61345649004983
 20
479.52331633855476
 10
80.55845590995983
 20
479.36645255024916
 10
80.14820751608215
 20
478.08363876908055
 10
80.12673436787543
 20
478.0135541208216
 10
80.00992590378644
 20
477.6149911172183
 10
79.9901714492409
 20
477.54440276448844
 10
79.67683133369553
 20
476.3696329065709
 10
79.39529463671005
 20
475.34836273765393
 10
79.35995287122819
 20
475.20681209272516
 10
79.28126175271137
 20
474.85550037654457
 10
79.2712777481587
 20
474.8137807407903
 10
78.96006140436526
 20
473.5912582225316
 10
78.94556418551974
 20
473.5383733902706
 10
78.9243191008706
 20
473.46608273579307
 10
78.87956060154414
 20
473.2953731141546
 10
78.65462367736103
 20
472.3215474086754
 10
78.61998054112752
 20
472.1485013128115
 10
78.60247680543671
 20
472.0453985904792
 10
78.59371786846339
 20
471.99836437882914
 10
78.28655274918918
 20
470.4835775889682
 10
78.27973853106698
 20
470.4517502269861
 10
78.1273589327414
 20
469.77593030890836
 10
78.12506631808236
 20
469.76567869820633
 10
78.11217659029597
 20
469.7075637015446
 10
78.10991988680388
 20
469.69730412585477
 10
78.06648790197056
 20
469.49818982422204
 10
78.05373059648434
 20
469.43661108099616
 10
77.98510559416673
 20
469.08695233277183
 10
77.97364184100508
 20
469.0251197133532
 10
77.87048306244702
 20
468.43421902671116
 10
77.85885539049082
 20
468.37473568511285
 10
77.46634078721655
 20
466.5620907979527
 10
77.45786562170952
 20
466.5216048301348
 10
77.41142392530321
 20
466.2918660970039
 10
77.4035077663633
 20
466.2512671259808
 10
76.8520251196901
 20
463.31531327073765
 10
76.65456357994202
 20
462.2644493959878
 10
76.41120743300286
 20
461.002375305376
 10
76.4083928064668
 20
460.9875786124901
 10
76.39257098260464
 20
460.9032495399057
 10
76.38981644759457
 20
460.88836087612145
 10
75.79208731143558
 20
457.61133994521776
 10
75.12723038674494
 20
454.1024420044581
 10
75.12248185620564
 20
454.0784552738793
 10
74.92897201982368
 20
453.141177447994
 10
74.92030147034336
 20
453.10185432184835
 10
74.71856181883493
 20
452.24197441820434
 10
74.71008241508815
 20
452.2047699855547
 10
74.66337550482012
 20
451.99364932187734
 10
74.65536999904003
 20
451.9563400472403
 10
73.97814909767123
 20
448.69934043209423
 10
73.96280037400709
 20
448.63309524507576
 10
73.2278531715287
 20
445.7590033500701
 10
73.21490008782695
 20
445.7115984544292
 10
73.1637637557426
 20
445.5358300966865
 10
73.1517508826687
 20
445.4965520502144
 10
73.06710434626115
 20
445.2327562478459
 10
73.04925431194653
 20
445.1751432650539
 10
72.95139778504256
 20
444.8476917686288
 10
72.9347096056531
 20
444.7897315738405
 10
72.1840927894869
 20
442.08060694257546
 10
72.17663919567798
 20
442.0532019790563
 10
72.13513834110069
 20
441.8977113568045
 10
72.12794451655577
 20
441.87023706018766
 10
71.56143037457423
 20
439.6640701649679
 10
71.5420843978369
 20
439.5947003475652
 10
71.51937707681412
 20
439.50832930546767
 10
71.3120145138023
 20
438.6689796726707
 10
71.27947252772213
 20
438.52138416585643
 10
71.25181718091045
 20
438.37898048519185
 10
71.24420227761976
 20
438.33827000603713
 10
71.202645942262
 20
438.1072923705884
 10
71.1955937803279
 20
438.06648064583794
 10
70.86696276036662
 20
436.08315414586025
 10
70.83572704722309
 20
435.8264746950596
 10
70.72171575774917
 20
434.3675174620322
 10
70.71269897514753
 20
434.10910169651027
 10
70.72861501977758
 20
432.1753487776582
 10
70.72867343106492
 20
432.16905435417004
 10
70.72904184818276
 20
432.1333863478955
 10
70.72911346649158
 20
432.1270920608483
 10
70.72917092470334
 20
432.12246861315515
 10
70.73991296292343
 20
431.9033861042053
 10
70.8361819603686
 20
430.7809491152747
 10
70.84989932056197
 20
430.65320653985066
 10
71.09526327886368
 20
428.75259666934517
 10
71.10815251334765
 20
428.66334192835177
 10
71.17679083513008
 20
428.2337837311252
 10
71.1900731591407
 20
428.15706286406567
 10
71.31309036005928
 20
427.49753282019265
 10
71.51321294572745
 20
426.41941561045496
 10
71.52479009157503
 20
426.3473009713655
 10
71.5261070353356
 20
426.3375925988647
 10
71.53498038779458
 20
426.2768514021076
 10
71.79805465762718
 20
424.5964035460269
 10
71.81244525933971
 20
424.46907901058887
 10
71.91578856892619
 20
422.9909451365842
 10
71.91942441837602
 20
422.8795349950168
 10
71.91926964413011
 20
422.8455536979104
 10
71.91923887069606
 20
422.8304533767722
 10
71.92022019979953
 20
420.7808874589997
 10
71.91752617469484
 20
420.6903168388968
 10
71.81494244659729
 20
418.9812498873721
 10
71.81367399559423
 20
418.9586980083485
 10
71.80696731340026
 20
418.83087909876815
 10
71.80586869417937
 20
418.8083183086391
 10
71.78093787890066
 20
418.25335188584774
 10
71.77762236098727
 20
418.2004319397487
 10
71.70584224580352
 20
417.30785933969617
 10
71.70214052453139
 20
417.2683706755834
 10
71.55824423923139
 20
415.9247565624687
 10
71.54796341155753
 20
415.84768731290353
 10
71.43689654022614
 20
415.1530013478149
 10
71.42079111996406
 20
415.0380419788477
 10
71.34216741462467
 20
414.38512718270084
 10
71.33052145804646
 20
414.2696308071283
 10
71.17132051893248
 20
412.3120331437677
 10
71.15984208427011
 20
412.21232599463497
 10
70.89973241051882
 20
410.4687283602543
 10
70.88098632831014
 20
410.3164910322381
 10
70.79688441210772
 20
409.4517616706207
 10
70.78594403904685
 20
409.29876517433144
 10
70.68634654465268
 20
407.1265479884223
 10
70.68506208495614
 20
407.0948783735449
 10
70.67873172409867
 20
406.9153846650893
 10
70.6777819277836
 20
406.8837032473481
 10
70.65273123495592
 20
405.8692180456033
 10
70.65103359218722
 20
405.82587534783323
 10
70.55872601577028
 20
404.1056194270112
 10
70.55555422286989
 20
404.02749217300607
 10
70.54335317080671
 20
403.5846253208614
 10
70.54221858095252
 20
403.50644194158883
 10
70.54124587708401
 20
402.84858036593573
 10
70.54214358062416
 20
402.7706253320265
 10
70.55296865885975
 20
402.3290339691424
 10
70.55589168501808
 20
402.25112858356727
 10
70.5970851523291
 20
401.43605084993635
 10
70.59786739241537
 20
401.4185451658138
 10
70.70709473605433
 20
398.605841961347
 10
70.70904043571068
 20
398.5634670344615
 10
70.7217630250687
 20
398.3234345169988
 10
70.72430769067813
 20
398.2810913374711
 10
70.94703196196264
 20
394.96648998393
 10
70.96902899245538
 20
394.6152110642517
 10
70.97086890190786
 20
394.57857735432776
 10
70.97955669969258
 20
394.34953085395966
 10
70.98082516872131
 20
394.31994481330895
 10
70.98884040386264
 20
394.1523308636381
 10
70.9904008535155
 20
394.12275878538753
 10
71.07611124569684
 20
392.6377809814966
 10
71.0777121074222
 20
392.6030538422699
 10
71.12311261969205
 20
391.28674175399294
 10
71.12374793484645
 20
391.20733961792075
 10
71.07868072875488
 20
388.7682415896237
 10
71.07830846273356
 20
388.7417716134774
 10
71.07686079441606
 20
388.5917692099569
 10
71.07672211692301
 20
388.5652969794551
 10
71.07661173836107
 20
388.4317381473542
 10
71.06885347441022
 20
388.28065730851824
 10
71.05945278893182
 20
388.18861995310783
 10
71.05738498707524
 20
388.169578602764
 10
70.81382442665819
 20
386.05276033543265
 10
70.80149565415405
 20
385.9673367824156
 10
70.333323531556
 20
383.2741366786475
 10
70.32091363848855
 20
383.21084490759347
 10
69.68152495385743
 20
380.2846100981917
 10
69.66477491533755
 20
380.2024640055456
 10
69.57638320482226
 20
379.7357503270767
 10
69.56193509394262
 20
379.65316826837477
 10
69.2011137347593
 20
377.4062904697887
 10
69.19952165894648
 20
377.39626817447373
 10
69.1905959817147
 20
377.33946010008174
 10
69.18903781691546
 20
377.3294324766739
 10
69.05267268724111
 20
376.4419595395061
 10
69.02759600523927
 20
376.22768106082776
 10
68.9293331097436
 20
375.0101782398094
 10
68.91972084502049
 20
374.7946516503322
 10
68.91104447864501
 20
373.7863690122104
 10
68.91008432567463
 20
373.74408617263265
 10
68.83489076439952
 20
371.7018743650202
 10
68.83302042907957
 20
371.6225829563148
 10
68.82836283326395
 20
371.1732172576997
 10
68.82858926053609
 20
371.0939041164219
 10
68.86017685811697
 20
369.1289543763459
 10
68.86147906883741
 20
369.07649820436126
 10
68.87145704563545
 20
368.77933783998816
 10
68.87367652132002
 20
368.7269124676985
 10
68.95165567939802
 20
367.200917990677
 10
68.9527680650595
 20
367.1746262537088
 10
69.00439834690985
 20
365.63455582796087
 10
69.00510616084671
 20
365.60437605627845
 10
69.02643760265988
 20
364.01088901000674
 10
69.02569024827517
 20
363.9393938241634
 10
68.96352603337203
 20
362.12728780529653
 10
68.96321423188004
 20
362.1177566099277
 10
68.9615332045745
 20
362.0637438551323
 10
68.96125170204704
 20
362.0542117167802
 10
68.9299657242401
 20
360.93450570541444
 10
68.91780171246006
 20
360.781287108545
 10
68.77601084484553
 20
359.70105526448265
 10
68.7739459769196
 20
359.6849880305973
 10
68.76249097696933
 20
359.59390956162514
 10
68.76051289853558
 20
359.5778314121694
 10
68.52814207423239
 20
357.6460622362446
 10
68.51763318925299
 20
357.5736459062802
 10
68.179778704618
 20
355.58769849539027
 10
68.17271937919514
 20
355.54924156479797
 10
67.9111724437322
 20
354.22206920032454
 10
67.90287311400186
 20
354.18274109742333
 10
67.58664602929002
 20
352.7776888404843
 10
67.57446652817958
 20
352.7210232805378
 10
67.50855859253164
 20
352.39928703207545
 10
67.49747608619788
 20
352.3423967518453
 10
67.01424171481915
 20
349.72744615745484
 10
67.0096599898879
 20
349.7020416583328
 10
66.98431680690561
 20
349.5579742629096
 10
66.97995384980106
 20
349.5325312799025
 10
66.51485053368958
 20
346.74838338036466
 10
66.50730842098312
 20
346.7068419942205
 10
66.25100392478532
 20
345.40005546676997
 10
66.23366194456378
 20
345.30326277677676
 10
66.1444093743566
 20
344.75333391585895
 10
66.13024895383603
 20
344.6560248638402
 10
65.93456547704011
 20
343.1369980403483
 10
65.93274472416789
 20
343.12258897117874
 10
65.92262484094243
 20
343.04091316731683
 10
65.92087386662962
 20
343.026495452371
 10
65.55096226386388
 20
339.9177448267332
 10
65.54628861609427
 20
339.87597555573336
 10
65.52146411436547
 20
339.6391111701689
 10
65.51737609741537
 20
339.597280522305
 10
65.21451212218591
 20
336.2566443254548
 10
65.09003649715487
 20
334.94603568324055
 10
65.08889177415705
 20
334.9337128661449
 10
65.08251685763605
 20
334.8635157719829
 10
65.08141755285811
 20
334.85112570785054
 10
64.98219419622092
 20
333.7058308305722
 10
64.98077610782809
 20
333.6889053610844
 10
64.97301185228736
 20
333.59297252384147
 10
64.97168961132007
 20
333.57603929701105
 10
64.71789759033288
 20
330.2028566561525
 10
64.71745073018218
 20
330.19683642397064
 10
64.52325776629186
 20
327.5444632634019
 10
64.5214843619089
 20
327.5224648518152
 10
64.42229771000427
 20
326.3956537673881
 10
64.41843568105696
 20
326.34730820767095
 10
64.39876691039598
 20
326.07319420198695
 10
64.39568694023694
 20
326.0247925264397
 10
64.38425256708877
 20
325.8188474130264
 10
64.38268798513002
 20
325.7943043761494
 10
64.3125091921878
 20
324.8193844195688
 10
64.31104191368979
 20
324.8006419432349
 10
64.08035766788635
 20
322.0737024922712
 10
64.07667039351202
 20
322.0358383359559
 10
64.02321694400013
 20
321.55078149356314
 10
64.0131913282101
 20
321.44147193852655
 10
63.96773144362527
 20
320.82125590914023
 10
63.96171144622946
 20
320.7116527548711
 10
63.942989621913114
 20
320.1999994512104
 10
63.942332149805
 20
320.1842860061895
 10
63.854676129133054
 20
318.32299514368003
 10
63.8532814500756
 20
318.29786812129436
 10
63.792486432458816
 20
317.34681541451664
 10
63.79201113167653
 20
317.33922904867717
 10
63.78937222773976
 20
317.2962363112684
 10
63.78891615039805
 20
317.288648765486
 10
63.77614737055961
 20
317.071630395243
 10
63.773135756342356
 20
317.00944697439485
 10
63.7597280750349
 20
316.65694182551647
 10
63.75800747651954
 20
316.5947093003426
 10
63.74505033843724
 20
315.8442814803904
 10
63.74360234630632
 20
315.7993837370437
 10
63.70307845990027
 20
314.9417339817074
 10
63.70172685824849
 20
314.9094392034571
 10
63.69505389754761
 20
314.7264004483851
 10
63.69405032453676
 20
314.6940929822122
 10
63.65355279906544
 20
313.11657313510534
 10
63.65329700387173
 20
313.1058637477456
 10
63.65195585312654
 20
313.0451748589999
 10
63.651738300732234
 20
313.0344646265215
 10
63.64572078776155
 20
312.7096587899157
 10
63.64530411807601
 20
312.67834283069016
 10
63.6438693370136
 20
312.50087909232053
 10
63.64377961094806
 20
312.469560489782
 10
63.644560041662714
 20
312.1381504711642
 10
63.64459788544883
 20
312.12857268984135
 10
63.6448989710218
 20
312.07429910068873
 10
63.64496739277985
 20
312.064721488991
 10
63.657197369993696
 20
310.6654647047292
 10
63.65861198420737
 20
310.59590972555844
 10
63.67119651594379
 20
310.2019201220482
 10
63.67422360656002
 20
310.13241664743606
 10
63.749853118744
 20
308.7617362929109
 10
63.750948425818876
 20
308.73865463313285
 10
63.75476261307705
 20
308.6426668026774
 10
63.75874843976675
 20
308.56666983415676
 10
63.78679209469743
 20
308.13638829596346
 10
63.79270430961543
 20
308.06051688004555
 10
63.80503676220275
 20
307.9245447439305
 10
63.80862951707263
 20
307.88748992451275
 10
63.83029036496879
 20
307.67764844415046
 10
63.83434266718092
 20
307.64064106142223
 10
63.969084086320436
 20
306.47690395744723
 10
63.97232350828233
 20
306.4461549464289
 10
63.989024354632136
 20
306.27024571816787
 10
63.99206316127271
 20
306.23988033609186
 10
64.13957419505954
 20
304.83787745484517
 10
64.14474410309384
 20
304.7921183627237
 10
64.1760282876005
 20
304.5330596506723
 10
64.18189997123739
 20
304.4873853056614
 10
64.19758545728678
 20
304.37235973707044
 10
64.20094193581315
 20
304.3460044037475
 10
64.22236779143572
 20
304.16498884099775
 10
64.22507739715672
 20
304.1403551624075
 10
64.31550233009
 20
303.2507176676972
 10
64.32052171047229
 20
303.18848329300613
 10
64.36033519274895
 20
302.5219664032214
 10
64.36097573997
 20
302.51154757658514
 10
64.36450685880277
 20
302.4556986840514
 10
64.366810718419
 20
302.29491874964316
 10
64.36672420033489
 20
302.29223171627496
 10
64.36153685561561
 20
302.09585643215297
 10
64.36082167060033
 20
302.0611964768028
 10
64.35348846872614
 20
301.56753026918307
 10
64.34901828552069
 20
301.4719829734414
 10
64.29787135487874
 20
300.82300053818574
 10
64.29514208670986
 20
300.7923797293588
 10
64.28391478014186
 20
300.67950870143864
 10
64.27790471626855
 20
300.62810774197663
 10
64.26558073699533
 20
300.5364459814715
 10
64.26282691319705
 20
300.51540046633664
 10
64.24764401115112
 20
300.3960891009517
 10
64.2450391518052
 20
300.3750246294277
 10
64.09891336504478
 20
299.15803220482496
 10
64.0933782879444
 20
299.11677839239644
 10
64.0439691112158
 20
298.7836617185935
 10
64.03698696373209
 20
298.74086099387813
 10
63.92335322815222
 20
298.1025019457132
 10
63.91372400022112
 20
298.0532065540844
 10
63.84449601814924
 20
297.7278552573441
 10
63.82881924482035
 20
297.6490029424297
 10
63.51410980265331
 20
295.9471230338181
 10
63.509121950703104
 20
295.9194237739445
 10
63.48159445561845
 20
295.76233278360013
 10
63.476866683341484
 20
295.73458794923386
 10
63.279380963390906
 20
294.5418878866733
 10
63.26291355419784
 20
294.4575164170053
 10
63.191741009172176
 20
294.1413476796598
 10
63.179245918706215
 20
294.0831522375698
 10
63.113888552224864
 20
293.76332645380626
 10
63.093836707733544
 20
293.65512182118323
 10
62.99149805015037
 20
293.040121323995
 10
62.9754282233763
 20
292.9312540669516
 10
62.778938743575964
 20
291.4070879698208
 10
62.768546356386764
 20
291.31536744070667
 10
62.71766740397544
 20
290.79485664639617
 10
62.7101017635959
 20
290.7028598080911
 10
62.603090754247205
 20
289.1001110241121
 10
62.597364757395326
 20
288.9445024929401
 10
62.54986275710252
 20
288.09158560826523
 10
62.54534683661251
 20
287.89727397361327
 10
62.54620482120475
 20
287.80364348483147
 10
62.546905232189374
 20
287.7607236081921
 10
62.552613936213504
 20
287.51755401343246
 10
62.553928380143134
 20
287.4746485519697
 10
62.59954821183402
 20
286.2677284508675
 10
62.600570073450854
 20
286.2231336644562
 10
62.601250023721946
 20
286.1385662813525
 10
62.603029168691876
 20
286.056605671263
 10
62.619453813885
 20
285.5924019540009
 10
62.62347179353253
 20
285.5105205592736
 10
62.7219321546325
 20
283.94211642466166
 10
62.72369674195312
 20
283.9158511857385
 10
62.734348840953885
 20
283.76706207299077
 10
62.73634383075762
 20
283.7408133290265
 10
62.764830956639855
 20
283.3865730112654
 10
62.765598264650805
 20
283.37721477201995
 10
62.77002931954746
 20
283.32419170689695
 10
62.77082591394088
 20
283.3148359150665
 10
62.82758251428572
 20
282.6603624943523
 10
62.939744555723735
 20
281.32401233633516
 10
62.94173953020248
 20
281.2974009337887
 10
63.00660763695208
 20
280.3148888473634
 10
63.05318755344433
 20
279.5021264237108
 10
63.0556202029245
 20
279.4211930348428
 10
63.058600185067064
 20
278.4222100541029
 10
63.05887620556791
 20
278.389492238419
 10
63.06145126837305
 20
278.2041062982866
 10
63.06208409833761
 20
278.17139343878773
 10
63.08862712466197
 20
277.10114686501066
 10
63.08908704207647
 20
277.0620915411399
 10
63.08735071953265
 20
275.6671853915451
 10
63.08724524061614
 20
275.6511665080617
 10
63.07151492793923
 20
274.33205586395235
 10
63.05585430833082
 20
273.1102882710473
 10
63.01676713397768
 20
271.07655153044783
 10
63.0159259244453
 20
271.0475021059203
 10
62.940100332493785
 20
269.0867498494128
 10
62.938964900737176
 20
269.0522499612867
 10
62.93365573914048
 20
268.85672119253877
 10
62.93291733821195
 20
268.8222105238968
 10
62.90801925459169
 20
267.2303829489165
 10
62.83276626716713
 20
262.8289812683937
 10
62.83230289946977
 20
262.8106421257366
 10
62.832210316963426
 20
262.72069107329287
 10
62.82401478819526
 20
262.4011402631067
 10
62.82304165622293
 20
262.3153802729113
 10
62.82346682429392
 20
262.1711615592055
 10
62.82340300586054
 20
262.15221356094884
 10
62.77013021964609
 20
256.65139136170615
 10
62.77004454109863
 20
256.6405043845512
 10
62.76967097590608
 20
256.5788108720115
 10
62.7696248078384
 20
256.5679236556137
 10
62.76536937233266
 20
254.8138295906451
 10
62.76551962433871
 20
254.77565733732342
 10
62.76774715456935
 20
254.55936361899754
 10
62.76838309531939
 20
254.52119636760727
 10
62.86458875365912
 20
250.34317527122482
 10
62.981750346891545
 20
244.79174953623692
 10
62.98467586642403
 20
244.54503559839537
 10
62.98497113451225
 20
244.52550051746786
 10
62.98717721820367
 20
244.4054212935105
 10
62.987641381044625
 20
244.38423217075578
 10
62.99372611027354
 20
244.14505323224537
 10
63.092509769222886
 20
238.8793340065573
 10
63.12361212337714
 20
235.52271118818152
 10
63.12425423524542
 20
235.4825023767766
 10
63.12943529173532
 20
235.25400363038005
 10
63.13062068420567
 20
235.21368614717974
 10
63.194427821171814
 20
233.44770306639734
 10
63.31340321134053
 20
229.82760788762087
 10
63.31398771636293
 20
229.7524062429717
 10
63.31396859323894
 20
229.7513012501679
 10
63.31496695805828
 20
229.60620808268075
 10
63.34049553999802
 20
228.7847159003012
 10
63.34850819341341
 20
228.63984070791292
 10
63.350796489126935
 20
228.61109458341272
 10
63.35482641483895
 20
228.5378825220119
 10
63.430948811302414
 20
226.04627474610083
 10
63.43117231261408
 20
226.0392303028135
 10
63.43248570881252
 20
225.99931334336551
 10
63.43272575921327
 20
225.99226944459141
 10
63.48328990310711
 20
224.55804014660316
 10
63.484687058593806
 20
224.52392506879656
 10
63.49370404954095
 20
224.3306587123755
 10
63.49548937963476
 20
224.29656174515418
 10
63.57098892321642
 20
222.99637846560904
 10
63.5721955961439
 20
222.97223929533175
 10
63.63154170163216
 20
221.5563530622266
 10
63.6787833841189
 20
220.35556488609436
 10
63.67926826290403
 20
220.343825515488
 10
63.68215223226065
 20
220.2771678427232
 10
63.68268425189717
 20
220.2654057147232
 10
63.745227962976685
 20
218.9402746562543
 10
63.74605990495303
 20
218.9196296755827
 10
63.77789135540206
 20
217.96661452594773
 10
63.800768210306956
 20
217.1556323147043
 10
63.80153026730187
 20
217.13193899449217
 10
63.80640978688575
 20
216.99684304381395
 10
63.80736567271384
 20
216.9730059391907
 10
63.85680831656697
 20
215.85144698608002
 10
63.858239567621695
 20
215.7938822523467
 10
63.864388961216775
 20
214.7076372853882
 10
63.86474943526963
 20
214.67511179303932
 10
63.8677912274394
 20
214.4908181162286
 10
63.86850433266176
 20
214.45829844410434
 10
63.888869735872674
 20
213.7137585772881
 10
63.90793110620086
 20
212.88345701996093
 10
63.90830610924809
 20
212.8565228633879
 10
63.914716924053266
 20
211.55498917168623
 10
63.914827101515186
 20
211.5401112063729
 10
63.91566049722752
 20
211.45580489435457
 10
63.91584445974803
 20
211.44092765842993
 10
63.93533452113218
 20
210.12807319584417
 10
63.95655359897603
 20
208.76060356612453
 10
63.965156461172114
 20
207.45206441721075
 10
63.965439205788414
 20
207.42612168310836
 10
63.96770101981292
 20
207.27754882334207
 10
63.96821475143378
 20
207.25133173943067
 10
64.01006504204832
 20
205.5052230772226
 10
64.01047153207298
 20
205.4898979771482
 10
64.0129968458752
 20
205.40306229584525
 10
64.01348164410172
 20
205.3877394730908
 10
64.09712519546503
 20
202.94179400896135
 10
64.09783275152444
 20
202.86804818419023
 10
64.09026019293128
 20
202.363081755443
 10
64.09100431397667
 20
202.2375552966903
 10
64.11009619192481
 20
201.5266931820415
 10
64.11609090149472
 20
201.40130774022242
 10
64.15384071176095
 20
200.8526594218396
 10
64.15678391418311
 20
200.79193036945549
 10
64.24454718125162
 20
197.6757567428277
 10
64.2850632249415
 20
195.56635639083163
 10
64.28624851704683
 20
195.52184971785542
 10
64.29486930091929
 20
195.2687374296708
 10
64.29672337001983
 20
195.2240814506861
 10
64.41546133723307
 20
192.8000352403882
 10
64.41618894961363
 20
192.78326007260816
 10
64.54300773171326
 20
189.42543141944316
 10
64.54364202468139
 20
189.40491621868063
 10
64.56901444209421
 20
188.35085894716536
 10
64.56929339755709
 20
188.34007600717393
 10
64.57098398792118
 20
188.27897575466787
 10
64.5713017117505
 20
188.26819388736197
 10
64.60370837058804
 20
187.23177003687135
 10
64.60399702864231
 20
187.2229532312596
 10
64.72599897266588
 20
183.65683689689564
 10
64.82293680536725
 20
180.66074657021383
 10
64.82322431163806
 20
180.65223438210268
 10
64.8249230109866
 20
180.60397180862103
 10
64.82523487875375
 20
180.5954553066391
 10
64.88482633054565
 20
179.0289733122096
 10
64.88523544631357
 20
179.01868379762527
 10
64.88765383198916
 20
178.96038072921021
 10
64.8880982645502
 20
178.95009267954538
 10
64.98911085421781
 20
176.70129663602694
 10
65.06803431681959
 20
174.59097291573994
 10
65.11116267339759
 20
173.36456306169606
 10
65.1124053416084
 20
173.3337392355075
 10
65.1203494816595
 20
173.15901277505955
 10
65.12191002140975
 20
173.12818576191592
 10
65.2934922906494
 20
170.05221412369843
 10
65.29550968571937
 20
169.9992044401452
 10
65.35430393814346
 20
167.11098414677159
 10
65.35601861506285
 20
167.0536733240189
 10
65.36883732657884
 20
166.72903973131
 10
65.37164697369911
 20
166.67177214532452
 10
65.47265985969034
 20
164.949347361017
 10
65.47360033252846
 20
164.93149024362896
 10
65.58820573857446
 20
162.4769460483376
 10
65.58964107842394
 20
162.4312950703565
 10
65.61037028607109
 20
161.15224194103183
 10
65.61299380178019
 20
161.0663363383577
 10
65.63482886883861
 20
160.57986835696374
 10
65.63991212649802
 20
160.49407315956273
 10
65.7393771030707
 20
159.14332572426994
 10
65.74194041114743
 20
159.09994263670495
 10
65.83594384052714
 20
156.9902911276228
 10
65.8365808922386
 20
156.97400503846083
 10
65.89867206858327
 20
155.13023394279193
 10
65.90110661548658
 20
155.07376230038005
 10
65.91791543457157
 20
154.7539196965556
 10
65.921413504974
 20
154.69750394592933
 10
66.08756123270274
 20
152.37272093205732
 10
66.08867676582963
 20
152.35576132149055
 10
66.22203878757176
 20
150.1363132330527
 10
66.22353032861133
 20
150.1065575502359
 10
66.26407819769588
 20
149.09726409173328
 10
66.26730961732477
 20
149.0133252775242
 10
66.26824588916816
 20
148.9783226157458
 10
66.26898165360171
 20
148.9294336942679
 10
66.26979981097634
 20
148.8912368471381
 10
66.27581403682387
 20
148.67482789250508
 10
66.2771185625844
 20
148.63664456204714
 10
66.38681476029086
 20
145.9308589141665
 10
66.3879358850906
 20
145.8519561030772
 10
66.36591899448246
 20
144.03294884645885
 10
66.36963380319014
 20
143.84304408173634
 10
66.42470325498817
 20
142.76885178630147
 10
66.44042816476957
 20
142.5795627304098
 10
66.6116243558364
 20
141.09153377516526
 10
66.61890865216895
 20
141.00743188483895
 10
66.63128682925503
 20
140.795167476266
 10
66.63259085396106
 20
140.76882156576542
 10
66.74193148589228
 20
138.08135199630044
 10
66.74567081785284
 20
138.01023585856194
 10
66.77163952882432
 20
137.6075626772265
 10
66.77706585215788
 20
137.5365553348912
 10
66.86837113829853
 20
136.50333063217664
 10
66.87089030259818
 20
136.4707892918793
 10
66.97858594023734
 20
134.8507639112454
 10
66.9802833665521
 20
134.82066205104056
 10
67.09093316827091
 20
132.43146324102986
 10
67.0913624927623
 20
132.42248419630351
 10
67.0938715561735
 20
132.37160672209905
 10
67.0943277838249
 20
132.36262900411438
 10
67.21807089852825
 20
129.99750727601315
 10
67.21851577093327
 20
129.989223864233
 10
67.22110160517144
 20
129.94228812170599
 10
67.22156938045214
 20
129.93400597171814
 10
67.3472227126083
 20
127.76259036887487
 10
67.45458277983539
 20
125.70317230703992
 10
67.45501540148177
 20
125.69508366294906
 10
67.45755103227452
 20
125.64884598430342
 10
67.4580096098652
 20
125.64068700071721
 10
67.6141797506462
 20
122.92806331467801
 10
67.61463265881042
 20
122.92036872832452
 10
67.61725514754272
 20
122.87676945402151
 10
67.61772782390659
 20
122.86907605672567
 10
67.85308152401785
 20
119.11715353373725
 10
67.90631258069067
 20
118.11606733100882
 10
67.9394184281611
 20
117.42884401161646
 10
67.94119150153574
 20
117.3958251252431
 10
67.95232179031552
 20
117.20790063274234
 10
67.95446959742173
 20
117.1747481833888
 10
68.11169029146106
 20
114.93985166046872
 10
68.11382191783417
 20
114.90311979310303
 10
68.18693013619401
 20
113.30455216201571
 10
68.18768646773236
 20
113.28530817481959
 10
68.28211364292224
 20
110.41292164394136
 10
68.28493478512382
 20
110.34831714998299
 10
68.30486438560195
 20
109.98244733004191
 10
68.30907736424558
 20
109.91791865196728
 10
68.45444098782662
 20
108.00826314284691
 10
68.45626771553634
 20
107.98098194419481
 10
68.57670980044719
 20
105.89754305371835
 10
68.57905337761326
 20
105.83263601624745
 10
68.59667096445634
 20
104.61241161215995
 10
68.59969884286926
 20
104.51418690772871
 10
68.62596616680776
 20
103.95803688450914
 10
68.63220954762312
 20
103.85996405032765
 10
68.73390996758218
 20
102.59069151956214
 10
68.7375739893256
 20
102.52904383790772
 10
68.79707751134328
 20
100.99526405013401
 10
68.79815517267002
 20
100.94934178715158
 10
68.81198358770104
 20
99.25256638270841
 10
68.81384022068966
 20
99.16869274758366
 10
68.83100343488223
 20
98.69366522202077
 10
68.83520461594514
 20
98.60987629773598
 10
68.9617080483361
 20
96.63845900317497
 10
68.96358554305516
 20
96.60242159141666
 10
69.08267839092031
 20
93.62832170548103
 10
69.08376820924292
 20
93.58657823698405
 10
69.08876756377208
 20
93.1761840568391
 10
69.08980657237419
 20
93.12573325830812
 10
69.09809807098009
 20
92.83991870475555
 10
69.09998551018157
 20
92.78949251925226
 10
69.10263588101861
 20
92.73169322404459
 10
69.1032964233375
 20
92.71533850361493
 10
69.10416265163724
 20
92.69053572335855
 10
69.1049272564486
 20
92.65934723661519
 10
69.15840867547627
 20
88.8695328648509
 10
69.1950847976862
 20
85.43335337043493
 10
69.1956783270756
 20
85.39765341488146
 10
69.20024732215478
 20
85.19529430524915
 10
69.20126622395924
 20
85.15958845107457
 10
69.23838357850366
 20
84.08357811908434
 10
69.26980928462513
 20
82.88510075630091
 10
69.2701560438743
 20
82.86812840618953
 10
69.32482649209021
 20
79.15598537706003
 10
69.32499262952268
 20
79.14586427267494
 10
69.32603083049088
 20
79.08851312816032
 10
69.32623111711354
 20
79.0783926419638
 10
69.42845748876942
 20
74.31881071980558
 10
69.44042545981233
 20
73.50572524649314
 10
69.44058255354753
 20
73.48662665375394
 10
69.44165599833303
 20
72.89570842997156
 10
69.44195724924793
 20
72.85829660022969
 10
69.44498615471133
 20
72.64631657351143
 10
69.44575393658954
 20
72.60891140986149
 10
69.5075015702032
 20
70.30189502082658
 10
69.50801999351
 20
70.25430773258492
 10
69.4935941789704
 20
67.35251824083895
 10
69.49267033371831
 20
67.30681379329539
 10
69.37049267969536
 20
63.86179060664702
 10
69.36878861585672
 20
63.722526294914445
 10
69.37745014200675
 20
62.93363804983457
 10
69.3822115059366
 20
62.79444472467321
 10
69.56165006785966
 20
59.67221020157987
 10
69.56406480381452
 20
59.59911641661719
 10
69.60322742959465
 20
55.06661970713668
 10
69.60312322116681
 20
55.03173866047919
 10
69.59834467242581
 20
54.70480561438919
 10
69.59803198845606
 20
54.654156135715965
 10
69.59832365773286
 20
54.52557881200582
 10
69.59757449858216
 20
54.47465457917389
 10
69.45612418265938
 20
50.01241802852405
 10
69.45533808468184
 20
49.99200848510654
 10
69.27209904762645
 20
45.95025744284135
 10
69.26956026787866
 20
45.90587928466067
 10
69.26611966578338
 20
45.857463443623146
 10
69.26507850304762
 20
45.842266754979136
 10
69.16813228352243
 20
44.372544535438834
 10
69.16680340503206
 20
44.354125585314875
 10
68.99701652363177
 20
42.18676060435865
 10
68.99331105577056
 20
42.14645289552257
 10
68.63853278519434
 20
38.78537321393077
 10
68.6359409550322
 20
38.759767179013664
 10
68.62187663470098
 20
38.61460645648572
 10
68.61950457098084
 20
38.588979128855726
 10
68.58402775336009
 20
38.186908928256145
 10
68.58030957209166
 20
38.14999105550439
 10
68.5159619147662
 20
37.58167751416764
 10
68.51301770996571
 20
37.55744065187062
 10
68.11940493041891
 20
34.52366041791524
 10
68.11340753381063
 20
34.48202068934299
 10
67.75721813326237
 20
32.23300624022059
 10
67.75059867073094
 20
32.18911066291153
 10
67.71493108180022
 20
31.940107562019847
 10
67.70896186191948
 20
31.896118842948113
 10
67.50962221361993
 20
30.340859751219085
 10
67.50426994370207
 20
30.302945376426152
 10
67.00461192076557
 20
27.06283483030444
 10
66.99718390375483
 20
27.01899169819322
 10
66.8832086194821
 20
26.40194720350462
 10
66.86589407012872
 20
26.320835190102656
 10
66.83046340452279
 20
26.174765082637208
 10
66.81511628457378
 20
26.1081934834327
 10
66.73245751216126
 20
25.730021815637826
 10
66.7186302801635
 20
25.663118007326062
 10
66.67809774386058
 20
25.45507511234527
 10
66.66486808470364
 20
25.393982312742395
 10
66.46635798129358
 20
24.561548852138486
 10
65.83946667730766
 20
21.92319754892779
 10
65.8241048345414
 20
21.863947958625204
 10
65.47708484031614
 20
20.629750210856173
 10
65.46672220946198
 20
20.594552827063268
 10
65.24388079677851
 20
19.870465408433915
 10
65.20535887994862
 20
19.7606486858179
 10
64.77766690661929
 20
18.67788729578578
 10
64.764582923722
 20
18.64416996881377
 10
64.69159520071827
 20
18.452666375834355
 10
64.67891864560767
 20
18.41879376599823
 10
64.5237270416614
 20
17.996371882604535
 10
64.4724415766463
 20
17.873839570661403
 10
64.31174590971932
 20
17.533124614638837
 10
64.30333411885039
 20
17.515585198253348
 10
63.902725719604746
 20
16.693983064346156
 10
63.86621161026159
 20
16.62385236248585
 10
63.24840488046374
 20
15.509969244973576
 10
63.226754393243596
 20
15.472234953186359
 10
63.050836512034266
 20
15.175678362330984
 10
62.97594957034005
 20
15.061608164802635
 10
61.9478148875196
 20
13.640941193848619
 10
61.941641470641514
 20
13.632379149256877
 10
61.906744258358685
 20
13.583799529752582
 10
61.90060100535078
 20
13.575215816918984
 10
60.92352903674657
 20
12.204906306027652
 10
60.88935038124606
 20
12.158860174952252
 10
60.86017317503888
 20
12.121083067153648
 10
60.82482615030193
 20
12.077056121862057
 10
60.6496851153758
 20
11.867126405685212
 10
60.60933466746508
 20
11.820728594655748
 10
58.43295827230918
 20
9.419410910143085
 10
58.39407920209038
 20
9.378110554674095
 10
57.82023829458575
 20
8.791176411778082
 10
57.78701967371302
 20
8.758243211447308
 10
57.21654361308521
 20
8.210041251117673
 10
57.15335387824541
 20
8.1526861019384
 10
54.72330395208735
 20
6.069987221449026
 10
54.68975294438894
 20
6.042068402567708
 10
54.482032879597625
 20
5.874272650338725
 10
54.43482955697618
 20
5.83911644477422
 10
54.38501003312706
 20
5.807777531269068
 10
54.255074397185695
 20
5.733004484652241
 10
54.220024538617054
 20
5.712517678433159
 10
52.562805276509835
 20
4.728760895626436
 10
52.07080687935479
 20
4.44256164102876
 10
51.95343406111772
 20
4.381100957880562
 10
50.40786037149422
 20
3.6570909374402163
 10
50.38916624123533
 20
3.6482551534575123
 10
50.28340686345035
 20
3.597821347833076
 10
50.264774076261176
 20
3.5888569278191085
 10
49.59997918829191
 20
3.2661914714210525
 10
49.51165789758085
 20
3.2267901983471745
 10
48.073206846752726
 20
2.639932734705411
 10
47.498010905905005
 20
2.409742450120291
 10
47.47983814314074
 20
2.4024008480007524
 10
47.37526129377301
 20
2.359755023995433
 10
47.35683151835383
 20
2.352167973585779
 10
47.34918397295206
 20
2.348989932584601
 10
47.27289277411859
 20
2.319697244051838
 10
46.163938017183284
 20
1.9282262336600127
 10
45.44561567483299
 20
1.678062765943622
 10
45.37626038274868
 20
1.6557862374037882
 10
45.37172443922026
 20
1.654450017311774
 10
45.35056132206205
 20
1.6481309286309624
 10
45.2307707142017
 20
1.611881885153366
 10
45.20965469219607
 20
1.605407163191387
 10
44.68243081495018
 20
1.441620973198951
 10
44.66777582889193
 20
1.4371502296396557
 10
43.80242940415218
 20
1.1779855555329277
 10
43.722865409842825
 20
1.1565202633102558
 10
42.77716426836588
 20
0.9290621886735266
 10
42.76087765388337
 20
0.9250968008150267
 10
42.668650462271955
 20
0.9023686413553946
 10
42.65238625840823
 20
0.8983123148258301
 10
42.2091484670064
 20
0.7864516468939655
 10
42.1317295277002
 20
0.76907798683078
 10
41.2871483937663
 20
0.6028809751843482
 10
41.27222204797181
 20
0.6000222292860826
 10
40.73308422593817
 20
0.4995933712395413
 10
40.64982276594765
 20
0.48649293485971157
 10
40.42000720601402
 20
0.4569248770871468
 10
40.3906641101712
 20
0.4530023246561541
 10
40.22450099992841
 20
0.429954761060344
 10
40.195198040203366
 20
0.4257428443340814
 10
38.94191749559917
 20
0.2392841542970814
 10
38.83517935349897
 20
0.22729320712255685
 10
37.67609874691652
 20
0.13897657430436539
 10
37.63540434554125
 20
0.13559713260673334
 10
37.40494563081717
 20
0.11487863948809718
 10
37.364300997410055
 20
0.11094561207630704
 10
36.79099592535789
 20
0.05152805816902628
 10
36.700144631748685
 20
0.04489364407550056
 10
36.563972062809
 20
0.039100161565556846
 10
35.624636661591694
 20
0.005280371309027032
 10
35.58762736065256
 20
0.004408766903964079
 10
35.193025678681465
 20
0.0
 10
35.15385930877255
 20
7.379619808034477e-05
 10
33.990289793187856
 20
0.0174594903421621
 10
33.95902617629457
 20
0.017763685693523712
 10
33.93054836449704
 20
0.017892372999597228
 10
33.8708471034891
 20
0.01935107419257065
 10
33.37384107975032
 20
0.0414018420721618
 10
32.871365361197206
 20
0.06517730618190853
 10
32.85947786422679
 20
0.06571615573540157
 10
32.79166700366727
 20
0.0686552084217169
 10
32.77969933739456
 20
0.06914997593213457
 10
32.58284985429924
 20
0.07689451789087798
 10
31.526720164822336
 20
0.12501936013472914
 10
31.47035568480385
 20
0.127056995467683
 10
31.149942623811967
 20
0.13562526807118047
 10
31.093383999238426
 20
0.13660422441688524
 10
30.964622506349485
 20
0.13761875517741373
 10
30.655144889763903
 20
0.14193766928036666
 10
30.635657635713187
 20
0.14234149394900442
 10
29.20409636006866
 20
0.1814414665020081
 10
29.185927298643662
 20
0.18204791772177487
 10
28.507206424037577
 20
0.2088208147538353
 10
28.480375961716902
 20
0.20975895301614855
 10
28.328316469859885
 20
0.2143946576315443
 10
28.30147868660913
 20
0.21509265619079088
 10
26.936708608200092
 20
0.24447755999443643
 10
26.854036759662165
 20
0.2485422531165682
 10
25.439903584380033
 20
0.35725696386566597
 10
25.41749110339265
 20
0.3588955586851057
 10
25.290454363515778
 20
0.367705101703109
 10
25.268030237081916
 20
0.3691757650576051
 10
24.85311227198099
 20
0.3948273958249615
 10
24.78150770133567
 20
0.40097945460144047
 10
23.401283278039955
 20
0.5529563766006049
 10
22.874884885382528
 20
0.6136995728282955
 10
22.791893681187844
 20
0.6256448427050145
 10
22.68011682334935
 20
0.644941039663081
 10
22.654948609851658
 20
0.6491756962683439
 10
22.114273132879077
 20
0.7377833054741245
 10
22.073783919765276
 20
0.7449901249547679
 10
20.993124610670407
 20
0.952663672827498
 10
20.917463829351732
 20
0.9692403438272663
 10
19.88593425627016
 20
1.2233240239139036
 10
19.84450050869384
 20
1.2332183946263626
 10
19.609325137797896
 20
1.2876162581033554
 10
19.567755074906586
 20
1.2969213041184275
 10
18.754004682460106
 20
1.4730137922714448
 10
18.693380100533602
 20
1.4874574832369944
 10
17.062960197933194
 20
1.9118842184813332
 10
17.00453463223579
 20
1.9283628440876441
 10
16.9634366709343
 20
1.9408575127138192
 10
16.924203771089935
 20
1.95249344619765
 10
16.80754963101589
 20
1.9862275653129018
 10
16.772080932655285
 20
1.996960944434619
 10
15.776702821262916
 20
2.311650984475108
 10
15.701892632727265
 20
2.337492690850894
 10
15.185345549592967
 20
2.531326058947741
 10
15.147714037496769
 20
2.545161051289
 10
14.933956135763651
 20
2.622130286019768
 10
14.896143088004578
 20
2.635461120015549
 10
14.752696243034904
 20
2.6849575217723043
 10
14.681254437104087
 20
2.711660050400127
 10
14.608100308712551
 20
2.741143582304119
 10
14.59170714194505
 20
2.7478633801618173
 10
14.326968472115254
 20
2.8582142616664328
 10
14.263730148233947
 20
2.888192613910519
 10
14.2451513707515
 20
2.955665691785299
 10
14.132746620531407
 20
3.456102138449154
 10
14.125950212667192
 20
3.4879759350179427
 10
14.110385695456102
 20
3.565067474481566
 10
14.097919038156476
 20
3.635413097531142
 10
13.780330630609114
 20
5.71453664155834
 10
13.722024676141302
 20
6.097132060602036
 10
13.716518793975183
 20
6.1368119109205
 10
13.648868097908291
 20
6.677281034893525
 10
13.311943165330831
 20
9.414652689244178
 10
13.309490828642595
 20
9.435816021889707
 10
13.291920413066578
 20
9.597480936901576
 10
13.290512920553851
 20
9.610179445785064
 10
13.282383946355367
 20
9.682120295506309
 10
13.280922386855252
 20
9.694812695076678
 10
13.24829081822412
 20
9.972976815194812
 10
13.246390967277193
 20
9.990012501946069
 10
12.968480988608178
 20
12.618237878873089
 10
12.966546101131485
 20
12.637755791078263
 10
12.869530921082912
 20
13.68616177560071
 10
12.867860244273174
 20
13.703657424032627
 10
12.85810276559232
 20
13.802770699917346
 10
12.856329621182624
 20
13.820256260646403
 10
12.622921941744778
 20
16.056681181521697
 10
12.620098978356452
 20
16.08663702034795
 10
12.419127665485348
 20
18.475520850244237
 10
12.417116635915988
 20
18.49837855717803
 10
12.405225648184
 20
18.627859753389117
 10
12.403039847721743
 20
18.65070141012754
 10
12.309433905340427
 20
19.590950588222455
 10
12.307977000906135
 20
19.60639454989868
 10
12.123734598936153
 20
21.67373552695946
 10
12.004138320279367
 20
23.153036833845505
 10
12.002672968210845
 20
23.172814006907288
 10
11.962126964193999
 20
23.77425226923927
 10
11.959937472042895
 20
23.80445748792286
 10
11.946666806968551
 20
23.97555264089334
 10
11.944172513917863
 20
24.005734218281674
 10
11.793670377218405
 20
25.721308552577483
 10
11.676581009645247
 20
27.195632431139614
 10
11.674704598946391
 20
27.222304147216164
 10
11.529112819717852
 20
29.594824408188742
 10
11.526253000607312
 20
29.636645720860884
 10
11.508392632368839
 20
29.873506333449455
 10
11.504948737799907
 20
29.91528360417456
 10
11.341717898915476
 20
31.73964537882975
 10
11.339962625418593
 20
31.76097687996358
 10
11.070851315539983
 20
35.344034320869184
 10
11.06948688158866
 20
35.3639798198418
 10
11.054442762160022
 20
35.60774461703562
 10
11.045508822928241
 20
35.77259982022022
 10
11.044029086641274
 20
35.797923106944495
 10
11.03445143326718
 20
35.95073259546814
 10
11.03263981432616
 20
35.97769146087637
 10
11.013570688938842
 20
36.24355808443377
 10
11.0120719205633
 20
36.267032286040546
 10
10.814811067170126
 20
39.79090564633074
 10
10.813356314191026
 20
39.82308009665229
 10
10.786886015474977
 20
40.591201017698495
 10
10.786153463853907
 20
40.61062917643562
 10
10.78164565477141
 20
40.720707265099094
 10
10.780787212003702
 20
40.74013026846515
 10
10.75375380703042
 20
41.309922020938984
 10
10.752745977819131
 20
41.33592886263017
 10
10.703374323769538
 20
42.978015524640284
 10
10.656118584868977
 20
44.636563012133365
 10
10.640383480193407
 20
45.2263011849835
 10
10.570488797866119
 20
47.882595799743086
 10
10.568851104330065
 20
47.96600231090224
 10
10.568623910965186
 20
47.97661623469719
 10
10.494842063014971
 20
51.160231380834915
 10
10.494713875585205
 20
51.16555830409959
 10
10.493960673420304
 20
51.19574352944744
 10
10.493823024754533
 20
51.201070216625055
 10
10.479655424182567
 20
51.73109605978084
 10
10.460304305801515
 20
52.45612183961498
 10
10.46013102260332
 20
52.462370150673905
 10
10.367401528057144
 20
55.68489421363924
 10
10.367235610407533
 20
55.690479261406495
 10
10.36626977103208
 20
55.72200187465921
 10
10.366094110695599
 20
55.727566321161646
 10
10.271672296517806
 20
58.633106671998064
 10
10.241811907297404
 20
59.72564295790988
 10
10.216652061118452
 20
60.723136263776496
 10
10.21626199587297
 20
60.73727799286203
 10
10.213859404017683
 20
60.81751851385698
 10
10.213401983539427
 20
60.83167761865553
 10
10.097332622574584
 20
64.17956042816357
 10
9.981186634089113
 20
67.53311776438261
 10
9.942699680636792
 20
68.70542247884057
 10
9.896843159717264
 20
70.12688520162197
 10
9.89654221666683
 20
70.13580236193678
 10
9.793513987919141
 20
73.05962052869572
 10
9.793281780852112
 20
73.06601642835125
 10
9.687891486356364
 20
75.8859180995999
 10
9.64801231930528
 20
77.09878860759511
 10
9.618895289232569
 20
78.01554131362894
 10
9.618306103666043
 20
78.0325679957873
 10
9.614692208362385
 20
78.12907536558743
 10
9.614006085954315
 20
78.14610429065428
 10
9.49828795792024
 20
80.82867725112015
 10
9.497693692967232
 20
80.84178742133176
 10
9.494163716501134
 20
80.91607060210552
 10
9.493512106355524
 20
80.92917804724141
 10
9.365926335629979
 20
83.38719861803159
 10
9.359401989794208
 20
83.52978572031546
 10
9.352355483170697
 20
83.68322132893655
 10
9.351860913887776
 20
83.69359827938027
 10
9.348967010924753
 20
83.75218417065088
 10
9.348438325234497
 20
83.7625250113071
 10
9.252572435999525
 20
85.57623024128819
 10
9.251332866959046
 20
85.60487260475333
 10
9.201155299963943
 20
87.09353477766479
 10
9.200909070785315
 20
87.10059309467968
 10
9.1994666937332
 20
87.14058851682188
 10
9.199203848533784
 20
87.14764623460027
 10
9.189330658475058
 20
87.40461986566672
 10
9.17836453158003
 20
87.68992632012692
 10
9.12438486200773
 20
89.29394148088434
 10
9.123623102339025
 20
89.31448341759878
 10
9.118892980142789
 20
89.43123526500628
 10
9.117987442681567
 20
89.45183570639
 10
9.046094705171868
 20
90.96852522119974
 10
9.013547223539376
 20
91.68017804633993
 10
9.013210886210516
 20
91.68734432699588
 10
8.973283943264562
 20
92.5168793467891
 10
8.972968385571846
 20
92.52329254625278
 10
8.971174162034345
 20
92.55897915811559
 10
8.970850426558854
 20
92.56528580483945
 10
8.879660598822966
 20
94.30595667328916
 10
8.769187084735847
 20
96.44230663325416
 10
8.737372141956882
 20
97.10384742991201
 10
8.712711026475404
 20
97.7061628537135
 10
8.712400613061789
 20
97.71352319324998
 10
8.710496112726958
 20
97.75740179485214
 10
8.710150021831737
 20
97.76514464561632
 10
8.5972133135528
 20
100.2206885318848
 10
8.596474474653633
 20
100.23925884268587
 10
8.519049511684955
 20
102.54476913560282
 10
8.518674184586814
 20
102.5553850602316
 10
8.516440835733192
 20
102.61553797922275
 10
8.516027921623731
 20
102.62615250832698
 10
8.481570236915502
 20
103.47331837065414
 10
8.439078575773578
 20
104.610768445074
 10
8.375615253809826
 20
106.57526452516035
 10
8.375394269876836
 20
106.58187895847513
 10
8.374089314758237
 20
106.6196887899226
 10
8.373851604097297
 20
106.62636085833284
 10
8.316365583638799
 20
108.19095092447651
 10
8.316171549679098
 20
108.19611089467037
 10
8.315046860995267
 20
108.2253497540629
 10
8.314843945956227
 20
108.23050938263984
 10
8.251706527699241
 20
109.8015056143154
 10
8.251493835735232
 20
109.80668627217665
 10
8.188631355724624
 20
111.30624441375022
 10
8.188329063824597
 20
111.31325928402421
 10
8.18657776415256
 20
111.35282284012337
 10
8.186260455414242
 20
111.35980693702047
 10
8.097572185535341
 20
113.2629591873094
 10
8.096562998291347
 20
113.28315173050382
 10
8.090458782643509
 20
113.3975553436398
 10
8.089313536518375
 20
113.41774062716476
 10
7.977735934947873
 20
115.27372264948568
 10
7.977297590716091
 20
115.280871592045
 10
7.86298939395499
 20
117.10938559076865
 10
7.862247347540574
 20
117.12089999451234
 10
7.857936173975816
 20
117.18585045494427
 10
7.857153143431731
 20
117.1973149924394
 10
7.700454105493122
 20
119.42871221745614
 10
7.603884587691141
 20
120.78783949139114
 10
7.602838632544092
 20
120.80208069480884
 10
7.596723029942041
 20
120.8827200954191
 10
7.595609903417028
 20
120.89694868458477
 10
7.476148143267039
 20
122.3786380646412
 10
7.298420249671665
 20
124.59211326052502
 10
7.154928817526923
 20
126.38558283337537
 10
7.15429963742514
 20
126.39332086674438
 10
7.150677459203621
 20
126.43716616208434
 10
7.150028239173309
 20
126.44490274232032
 10
6.959236279207403
 20
128.68374966780536
 10
6.668903231587194
 20
132.1375427610704
 10
6.626574954074442
 20
132.69165973708314
 10
6.597943321220612
 20
133.10777896016327
 10
6.5957527269769685
 20
133.1374647622726
 10
6.582236095857127
 20
133.30903339543352
 10
6.5796975375666875
 20
133.33929827575278
 10
6.495797503265521
 20
134.28223128969432
 10
6.494254827308225
 20
134.30088701344732
 10
6.292237272888087
 20
136.94466602206808
 10
6.1853105421021155
 20
138.54367253160873
 10
6.181801189228679
 20
138.59061660496087
 10
6.159710101308235
 20
138.85789945427751
 10
6.155439539088661
 20
138.90503678027707
 10
5.998276690063676
 20
140.49966952956083
 10
5.996554118735958
 20
140.51834246247194
 10
5.871912503758779
 20
141.96852094693656
 10
5.870069935328104
 20
141.9921443963114
 10
5.784472987878303
 20
143.21398909867767
 10
5.781039750300181
 20
143.2582882275013
 10
5.7597271137987605
 20
143.50915636332172
 10
5.755638171576834
 20
143.55339978640697
 10
5.690939741023783
 20
144.20107639467267
 10
5.689453019823304
 20
144.21679555877603
 10
5.563193455315911
 20
145.63111175516855
 10
5.561836159924724
 20
145.64730570802095
 10
5.448942341232737
 20
147.08796985749024
 10
5.39564337186016
 20
147.81506417058927
 10
5.393912077966036
 20
147.83752519545024
 10
5.38355164143826
 20
147.96565652209847
 10
5.3816378320891545
 20
147.98826107698605
 10
5.195388078719191
 20
150.09339607151134
 10
4.973794693052298
 20
152.8212528271897
 10
4.963652734509253
 20
152.95844738797211
 10
4.963427317596938
 20
152.9614758485859
 10
4.961347891639889
 20
152.98922306017175
 10
4.960976926804051
 20
152.99411932719173
 10
4.7413791096724935
 20
155.86138216756012
 10
4.56330208500259
 20
158.39799805973115
 10
4.562745644028325
 20
158.4057794352134
 10
4.499233574963796
 20
159.27800252599442
 10
4.434353798387519
 20
160.158171214
 10
4.254607122632308
 20
162.71028779933715
 10
4.0721912118702335
 20
165.39029678158545
 10
4.071462917045835
 20
165.40072833604
 10
4.06722916672561
 20
165.45988532064837
 10
4.06646382363391
 20
165.47032349085174
 10
4.032364691332532
 20
165.92452108353007
 10
4.032119451370249
 20
165.92776411162893
 10
3.992315538740229
 20
166.4503594360578
 10
3.8058106003771286
 20
169.0269148850898
 10
3.6470296937399667
 20
171.2429747878424
 10
3.573450103107973
 20
172.27238667193478
 10
3.5722471330531675
 20
172.29081058042505
 10
3.5114405597258838
 20
173.31941450934562
 10
3.510302763709774
 20
173.33771223008233
 10
3.5035385088124826
 20
173.44137847507517
 10
3.5022889168137112
 20
173.45966890108934
 10
3.361235157035537
 20
175.43549164269058
 10
3.2190470775192352
 20
177.71019428515103
 10
3.20214374994066
 20
178.0199688140554
 10
3.1876670634648008
 20
178.2937037316083
 10
3.1870572324359046
 20
178.3048421261488
 10
3.1834743016949005
 20
178.3681276842578
 10
3.1828211985069856
 20
178.37929455199196
 10
3.0547076983982606
 20
180.5019003476258
 10
2.942579757158626
 20
182.35442271066097
 10
2.9284578278454774
 20
182.5982611411741
 10
2.927128965463112
 20
182.61985670240665
 10
2.9191108237682784
 20
182.7429200256073
 10
2.917617081137621
 20
182.76463200063077
 10
2.897533016186287
 20
183.0418699530661
 10
2.7964239256511405
 20
184.54747032457627
 10
2.7376335235010174
 20
185.46939138703033
 10
2.7357009668193086
 20
185.4976026611134
 10
2.7239740215472352
 20
185.6577202366472
 10
2.7217711247115517
 20
185.68596661837984
 10
2.6697448053249673
 20
186.31475043694482
 10
2.6683557207996955
 20
186.33287439361138
 10
2.6107194577567157
 20
187.14981222439616
 10
2.6083025923137484
 20
187.19288392812427
 10
2.6025126099891054
 20
187.3317427366174
 10
2.600496603745455
 20
187.37319980332234
 10
2.5874481403345726
 20
187.6080309301216
 10
2.5848587676570673
 20
187.64945613754594
 10
2.5764446045380964
 20
187.77060158588407
 10
2.574024383303197
 20
187.814929071648
 10
2.543631843648143
 20
188.57920868476657
 10
2.542868434343177
 20
188.60326634001632
 10
2.5308415391800168
 20
189.11067005129985
 10
2.529702485328812
 20
189.1485984473518
 10
2.521888931742069
 20
189.3634750920802
 10
2.520270241332639
 20
189.40138604712064
 10
2.4778152439449173
 20
190.26719993207814
 10
2.4103590547718454
 20
191.77083389257314
 10
2.4079332272549436
 20
191.83677291082958
 10
2.407517239253764
 20
191.84755273864698
 10
2.4037474974941233
 20
191.94088566764458
 10
2.4030369977476767
 20
191.95735437879478
 10
2.4000947938602053
 20
192.02146139938253
 10
2.3995450140783987
 20
192.0329587813476
 10
2.3963046205481646
 20
192.0981043537416
 10
2.3957107312826906
 20
192.10959954166617
 10
2.3567907150885503
 20
192.83588323076282
 10
2.3084527500412264
 20
193.8611883124475
 10
2.307881995272055
 20
193.87281511204634
 10
2.304467110883877
 20
193.93972825611903
 10
2.30384121450993
 20
193.95153527856286
 10
2.201770293956997
 20
195.80781348340034
 10
2.201325554378741
 20
195.81571162554536
 10
2.198746360272139
 20
195.86046435012122
 10
2.1982807957688237
 20
195.86836129208407
 10
2.1889018185702867
 20
196.0239562263324
 10
2.1883962112582935
 20
196.03215712551344
 10
2.176823059366143
 20
196.21577808286943
 10
2.0603740698848583
 20
198.0940600585237
 10
2.0596647671139294
 20
198.10516722504784
 10
2.0555277128268585
 20
198.16811436362718
 10
2.054777033724804
 20
198.17922133438623
 10
1.9320628880461186
 20
199.94615347147808
 10
1.9229067869742948
 20
200.08752939276656
 10
1.9225713347851752
 20
200.09264130492392
 10
1.9201688960661158
 20
200.12877950184162
 10
1.9195861407989696
 20
200.13735965257084
 10
1.9175024439614958
 20
200.16740181873763
 10
1.9171111213152585
 20
200.17296878276713
 10
1.7902607729931788
 20
201.95386192588157
 10
1.7193601024776513
 20
202.9935345300166
 10
1.7177124741330658
 20
203.01640684517642
 10
1.7078637753073167
 20
203.14620202350415
 10
1.7060380719590853
 20
203.1691004601698
 10
1.6546036011077376
 20
203.78445912621527
 10
1.5589795246414155
 20
205.0626171629308
 10
1.556525805697504
 20
205.10268708240068
 10
1.5529270893692342
 20
205.17802293712828
 10
1.5511824024149519
 20
205.2107862414677
 10
1.5402809760643663
 20
205.3963843733228
 10
1.538178080473699
 20
205.42912663766137
 10
1.5296360751352722
 20
205.5516478595033
 10
1.5277680835276328
 20
205.58324212148557
 10
1.470760891548423
 20
206.75759678646105
 10
1.469492808300231
 20
206.79174963436697
 10
1.4590256219479443
 20
207.19862896264866
 10
1.4579454467238975
 20
207.2329679325841
 10
1.450710508065299
 20
207.4275128750887
 10
1.449237160752432
 20
207.46183722333276
 10
1.400546773765143
 20
208.46241422320045
 10
1.3996396878779365
 20
208.48436468876307
 10
1.368619683444365
 20
209.39697079251368
 10
1.3680637444506942
 20
209.41744133202843
 10
1.3611725714084741
 20
209.75644093656484
 10
1.3605267346450205
 20
209.7825977155082
 10
1.356220718994848
 20
209.9308001876079
 10
1.3553467804285901
 20
209.95695033906188
 10
1.3525552733509016
 20
210.03082639148622
 10
1.3518853232220636
 20
210.05283723668208
 10
1.319464558266418
 20
211.45685188729536
 10
1.3192939663099992
 20
211.46388247877235
 10
1.2840545757288169
 20
212.84923798566183
 10
1.2837868984263991
 20
212.85912051720754
 10
1.2821884445928617
 20
212.9147481638263
 10
1.2818901268240666
 20
212.92456965379094
 10
1.2721343633743913
 20
213.22931110354997
 10
1.2627670915029512
 20
213.532995774857
 10
1.2133344920237619
 20
215.11846660239223
 10
1.212878347889614
 20
215.1321012830319
 10
1.2101181125266862
 20
215.20935141571277
 10
1.2096000142599905
 20
215.22298279306722
 10
1.1495110454776523
 20
216.71458699844914
 10
1.1488475070043478
 20
216.73427022119265
 10
1.1308825899535577
 20
217.39620902978845
 10
1.1265917632617857
 20
217.55919177540756
 10
1.1264458023291581
 20
217.56455374571885
 10
1.1209526396935985
 20
217.75992740770596
 10
1.1206229593349804
 20
217.77093399975865
 10
1.1186913737324744
 20
217.83169479845168
 10
1.1183305208571142
 20
217.84243966898066
 10
1.0941619060579342
 20
218.52559949796253
 10
1.0936502685742084
 20
218.54287925705515
 10
1.0467512900349334
 20
220.5099196174685
 10
1.0465613513810013
 20
220.5174855243244
 10
1.0454309545982028
 20
220.56035755861976
 10
1.0452219295700047
 20
220.56792296222486
 10
0.9815489869348539
 20
222.77179062108692
 10
0.9813387827771862
 20
222.77878378459167
 10
0.9801014195421658
 20
222.81841025878714
 10
0.979874907159342
 20
222.8254029130537
 10
0.9621464639850501
 20
223.35366046385997
 10
0.9448075267633271
 20
223.91378253316853
 10
0.944570807035916
 20
223.92113787222172
 10
0.8646395718816962
 20
226.31348411653357
 10
0.8643364300204439
 20
226.3221793462214
 10
0.7959665692573594
 20
228.20487220787166
 10
0.7954834193189981
 20
228.2203908086433
 10
0.762727110004846
 20
229.48248458144099
 10
0.7624157219914309
 20
229.49367696820119
 10
0.7605328415411918
 20
229.55709694049517
 10
0.7601796831048659
 20
229.56828808712822
 10
0.7481870615309845
 20
229.92707963171227
 10
0.7480613754860315
 20
229.93077177844398
 10
0.7342106432926698
 20
230.33041324793336
 10
0.6467475380267729
 20
233.42082037898078
 10
0.561840506892338
 20
236.4022150834136
 10
0.5614491780075923
 20
236.41499842958996
 10
0.5590772916299329
 20
236.48743107630276
 10
0.5586314768025318
 20
236.50021244331253
 10
0.5533478756087788
 20
236.64295715840865
 10
0.5461828986265687
 20
236.83190386022235
 10
0.4560484516857741
 20
239.6638003758712
 10
0.4010404116660311
 20
241.62903803988928
 10
0.40045244449930806
 20
241.6479185071809
 10
0.3967773529799956
 20
241.75508526029267
 10
0.39606916119919333
 20
241.7739950280281
 10
0.34568196558063846
 20
243.0147607128618
 10
0.2722737339979062
 20
245.18801742315486
 10
0.25560528897614176
 20
245.82866865352005
 10
0.24702178271098774
 20
246.2314315946273
 10
0.24654647375496097
 20
246.2507986912987
 10
0.24346152369241736
 20
246.3618754979828
 10
0.24285305573692995
 20
246.38147554509203
 10
0.21661332797111754
 20
247.14612647213764
 10
0.21616678976886305
 20
247.16141183436702
 10
0.18237731183990036
 20
248.56273989054114
 10
0.16674480651653312
 20
249.6144538793802
 10
0.16638057318277788
 20
249.63446597458744
 10
0.1638930955253386
 20
249.74995908677062
 10
0.16338487905443344
 20
249.77033877425794
 10
0.13614479588051154
 20
250.7316123229545
 10
0.13579018515565622
 20
250.74686553409208
 10
0.1112976985875207
 20
252.09555265367442
 10
0.11109583515798249
 20
252.11111548101638
 10
0.10527948470672754
 20
252.85850728021813
 10
0.10506021887471206
 20
252.87829534269127
 10
0.10344789474271465
 20
252.9904221636299
 10
0.10309810390629082
 20
253.0102083492238
 10
0.09607420431194669
 20
253.3450306502615
 10
0.08645747948071403
 20
253.95580811103693
 10
0.0694236588888657
 20
256.07223381334313
 10
0.06676959527919735
 20
257.31592492628306
 10
0.06665041593129217
 20
257.3370191760241
 10
0.06554829829241271
 20
257.45726132018865
 10
0.06527875967123009
 20
257.4784798810736
 10
0.028570492454662144
 20
259.73878156927884
 10
0.016767392771555478
 20
261.0163809426789
 10
0.013314358658192305
 20
262.75199438565375
 10
0.01325365391306832
 20
262.7660220322045
 10
0.012718722825127315
 20
262.84627520674627
 10
0.01259089355943388
 20
262.86043732276426
 10
0.007791247741124607
 20
263.2819454806524
 10
0.003984430678372064
 20
263.8980964013367
 10
0.0
 20
266.75795413267554
 10
0.00601567452360996
 20
268.97230664638437
 10
0.006025772279713237
 20
268.9780408645313
 10
0.006052094464507718
 20
269.01072873535276
 10
0.006051193716302805
 20
269.01649718854867
 10
0.004559869480431189
 20
270.3509436066257
 10
0.012336885098704897
 20
271.8273159543582
 10
0.02695164898142366
 20
273.9635637200077
 10
0.04899022451360224
 20
276.17969887793384
 10
0.06459173762954151
 20
277.68855736990946
 10
0.0828220325535085
 20
278.9776249963566
 10
0.08292931880350807
 20
278.98604745016996
 10
0.11316686452619251
 20
281.6538945598097
 10
0.16237675980329414
 20
286.199316616077
 10
0.1648021123207286
 20
286.3383519267816
 10
0.1661491951688845
 20
286.41723446397776
 10
0.16623463655758997
 20
286.42251031455004
 10
0.1684739152073007
 20
286.5687234624102
 10
0.26055316040520893
 20
290.75612094712983
 10
0.2606766387627317
 20
290.7619982398769
 10
0.31351878983554116
 20
293.40025182693034
 10
0.3136123936046147
 20
293.4051227265016
 10
0.3141178716545028
 20
293.43258736982824
 10
0.3142031909578691
 20
293.4374361121163
 10
0.3312586844207317
 20
294.45338883537966
 10
0.34933314814412597
 20
295.4579542804867
 10
0.39428379095403443
 20
298.04585371066605
 10
0.3943793833417999
 20
298.0516834791988
 10
0.394888754915371
 20
298.08470534369485
 10
0.3949729863064704
 20
298.0905330198722
 10
0.45057655748291836
 20
302.21478034778363
 10
0.4508823626380263
 20
302.2309752060381
 10
0.5466699039254195
 20
306.1753332865467
 10
0.5468323051229618
 20
306.18235979627127
 10
0.5477056616228424
 20
306.2221652056952
 10
0.5478515610082013
 20
306.22919005065125
 10
0.5960185378853566
 20
308.6870002691595
 10
0.5961104981738004
 20
308.69189672333596
 10
0.6112475659251118
 20
309.53450669132053
 10
0.6255972530028089
 20
310.32480417444054
 10
0.6256948140844543
 20
310.33047231040183
 10
0.6262173317717838
 20
310.3625934351231
 10
0.6263041848846456
 20
310.36826195691015
 10
0.6626833362177535
 20
312.89864565351934
 10
0.6627837230921045
 20
312.906309167199
 10
0.6632971095621656
 20
312.9497363880012
 10
0.6633779179646808
 20
312.95740013312883
 10
0.6855357728906597
 20
315.34851229928665
 10
0.7068717338415809
 20
316.4944953345689
 10
0.7070185719522897
 20
316.5030353976244
 10
0.7078128102434107
 20
316.55339898552256
 10
0.7079398031419828
 20
316.56228688859363
 10
0.7118969116448284
 20
316.87127800331825
 10
0.7119560280287374
 20
316.87621085661084
 10
0.7122680377588608
 20
316.90416394515745
 10
0.7123190424693462
 20
316.90909688900047
 10
0.7156784372525067
 20
317.2620736170809
 10
0.7467969615685206
 20
319.92647492155817
 10
0.7605511378655478
 20
320.75987131549954
 10
0.7606632896965948
 20
320.76721108778463
 10
0.7612580115049354
 20
320.80952103068694
 10
0.7613536701648513
 20
320.81698762385605
 10
0.8013505984075664
 20
324.27488526317063
 10
0.8022108545408742
 20
324.34346543495883
 10
0.802311538907702
 20
324.3526012300307
 10
0.8032648793404178
 20
324.45297420590697
 10
0.8488850184165813
 20
327.7157098957621
 10
0.8959727735394836
 20
330.25415130740345
 10
0.8960782066260435
 20
330.2601595717125
 10
0.8966450213957273
 20
330.2944160889207
 10
0.896738955830358
 20
330.30046145854095
 10
0.9120377980837588
 20
331.3533513956063
 10
0.9393928531679876
 20
332.48759949650093
 10
0.9395295289407954
 20
332.49350807006783
 10
0.9403173391664268
 20
332.52908116080874
 10
0.9404497948544872
 20
332.53535891176307
 10
0.9897185028365243
 20
334.99237434250176
 10
1.0656776222116946
 20
337.9867647502964
 10
1.077829244606903
 20
338.38234881982294
 10
1.091987418432268
 20
338.77398273928725
 10
1.0923360349032691
 20
338.7840985672783
 10
1.09427638604933
 20
338.8433032756766
 10
1.094600598231466
 20
338.8537517675643
 10
1.1882179575905525
 20
342.050440594631
 10
1.2842547398726083
 20
344.8230029797447
 10
1.3419141645105697
 20
346.14624138031536
 10
1.4100539326707917
 20
347.4456852515727
 10
1.410331363353464
 20
347.4510684056548
 10
1.4119527634925362
 20
347.48308904220136
 10
1.4122335644130999
 20
347.4887400134738
 10
1.563290983534955
 20
350.5876422907876
 10
1.6021775765649409
 20
351.2822964197383
 10
1.770895350255671
 20
353.98302193324673
 10
1.7712828354681278
 20
353.9893313613136
 10
1.7965443123356408
 20
354.4078710760276
 10
1.826789546137718
 20
354.89335924257387
 10
1.8270373127566586
 20
354.8973798186279
 10
2.010457776964131
 20
357.9067014620741
 10
2.0106411486759725
 20
357.9097352908505
 10
2.190429087064672
 20
360.90950345183654
 10
2.204567586862993
 20
361.1298350533321
 10
2.216271146391591
 20
361.3057964546022
 10
2.217238602852092
 20
361.32091867838454
 10
2.2225485185204548
 20
361.40734259748893
 10
2.223446723168877
 20
361.4225962811538
 10
2.263083007481157
 20
362.1262493152328
 10
2.4048659043218095
 20
364.2780750397343
 10
2.5298899169279707
 20
366.03953561247766
 10
2.531352176299606
 20
366.06125263410854
 10
2.5392148023635173
 20
366.18470582366655
 10
2.5405230622320687
 20
366.2064967799018
 10
2.616652603713419
 20
367.55664360176905
 10
2.703438947380164
 20
368.9309978487038
 10
2.704844676013238
 20
368.9510897223636
 10
2.7795228915452412
 20
369.9242247989973
 10
2.7813267725969126
 20
369.94908449271117
 10
2.790963359139198
 20
370.0899956938276
 10
2.7925606366369493
 20
370.1148695166739
 10
2.863741447278528
 20
371.3003278577929
 10
2.865026007887991
 20
371.3196381870989
 10
2.941504048517004
 20
372.36721835000645
 10
3.0701512049515145
 20
374.0409772714721
 10
3.0715183568761972
 20
374.05951606676956
 10
3.0789557870637623
 20
374.16481569629116
 10
3.0802105826153934
 20
374.18340209047847
 10
3.171577743089358
 20
375.6022963174838
 10
3.313679142640467
 20
377.7159035603483
 10
3.411026782197098
 20
379.08152160391046
 10
3.411465455740995
 20
379.08776731773867
 10
3.4139352874899487
 20
379.12346505583554
 10
3.414364510253506
 20
379.12976511662185
 10
3.4697359882238175
 20
379.9553094826638
 10
3.470361631682181
 20
379.9648657327459
 10
3.473820501015325
 20
380.01902331296054
 10
3.47441563551763
 20
380.02858151154976
 10
3.5993196002702916
 20
382.0875914764974
 10
3.6011717493429956
 20
382.11420548579963
 10
3.652861086612006
 20
382.7723754391184
 10
3.6534104629193394
 20
382.7794788035004
 10
3.656475793323011
 20
382.8197348315164
 10
3.657008298603614
 20
382.82683948055524
 10
3.8349143540859814
 20
385.2388740929354
 10
3.835505663269828
 20
385.2470430015258
 10
3.8387932193621737
 20
385.29333795595755
 10
3.8393622244752805
 20
385.3015084484278
 10
3.894229533549776
 20
386.1051903472599
 10
3.9685328021341775
 20
387.18667673405935
 10
4.096024675801573
 20
389.0189788954608
 10
4.189868625413908
 20
390.37635085464
 10
4.2813145431227895
 20
391.6899136868503
 10
4.37362753487065
 20
392.98417323090223
 10
4.453299694463226
 20
394.09324210587056
 10
4.527822182943737
 20
395.13853113927985
 10
4.6141394371696265
 20
396.3300613718351
 10
4.68306585315986
 20
397.27772286565255
 10
4.683773577419004
 20
397.28768233182234
 10
4.687690239186509
 20
397.34412801277
 10
4.68836483837714
 20
397.3540901703883
 10
4.770026043589496
 20
398.59054624621183
 10
4.770824382063722
 20
398.603029861492
 10
4.77520079388637
 20
398.67377941800794
 10
4.775947072534507
 20
398.6862662535956
 10
4.90458826955097
 20
400.916786124469
 10
4.906382795753927
 20
400.9436918505251
 10
4.909616304368342
 20
400.9863889936097
 10
4.910857021545439
 20
401.00341537104
 10
4.947122401922002
 20
401.5214144170254
  0
TEXT
  5
91
330
17
100
AcDbEntity
  8
TEXT
100
AcDbText
 10
0.0
 20
-25.0
 30
0.0
 40
10.0
  1
В2 Верхний валик — верхний слой; HR 3530, 50 мм; 1 шт.
 11
0.0
 21
-25.0
 31
0.0
100
AcDbText
  0
ENDSEC
  0
SECTION
  2
OBJECTS
  0
DICTIONARY
  5
A
330
0
100
AcDbDictionary
281
1
  3
ACAD_COLOR
350
B
  3
ACAD_GROUP
350
C
  3
ACAD_LAYOUT
350
D
  3
ACAD_MATERIAL
350
E
  3
ACAD_MLEADERSTYLE
350
F
  3
ACAD_MLINESTYLE
350
10
  3
ACAD_PLOTSETTINGS
350
11
  3
ACAD_PLOTSTYLENAME
350
12
  3
ACAD_SCALELIST
350
14
  3
ACAD_TABLESTYLE
350
15
  3
ACAD_VISUALSTYLE
350
16
  3
EZDXF_META
350
2D
  0
DICTIONARY
  5
B
330
A
100
AcDbDictionary
281
1
  0
DICTIONARY
  5
C
330
A
100
AcDbDictionary
281
1
  0
DICTIONARY
  5
D
330
A
100
AcDbDictionary
281
1
  3
Model
350
1A
  3
Layout1
350
1E
  0
DICTIONARY
  5
E
330
A
100
AcDbDictionary
281
1
  3
ByBlock
350
1F
  3
ByLayer
350
20
  3
Global
350
21
  0
DICTIONARY
  5
F
330
A
100
AcDbDictionary
281
1
  3
Standard
350
2C
  0
DICTIONARY
  5
10
330
A
100
AcDbDictionary
281
1
  3
Standard
350
22
  0
DICTIONARY
  5
11
330
A
100
AcDbDictionary
281
1
  0
ACDBDICTIONARYWDFLT
  5
12
330
A
100
AcDbDictionary
281
1
  3
Normal
350
13
100
AcDbDictionaryWithDefault
340
13
  0
ACDBPLACEHOLDER
  5
13
330
12
  0
DICTIONARY
  5
14
330
A
100
AcDbDictionary
281
1
  0
DICTIONARY
  5
15
330
A
100
AcDbDictionary
281
1
  0
DICTIONARY
  5
16
330
A
100
AcDbDictionary
281
1
  3
2dWireframe
350
5A
  3
Basic
350
5B
  3
Brighten
350
5C
  3
ColorChange
350
5D
  3
Conceptual
350
5E
  3
Dim
350
5F
  3
EdgeColorOff
350
60
  3
Facepattern
350
61
  3
Flat
350
62
  3
FlatWithEdges
350
63
  3
Gouraud
350
64
  3
GouraudWithEdges
350
65
  3
Hidden
350
66
  3
JitterOff
350
67
  3
Linepattern
350
68
  3
Modeling
350
69
  3
OverhangOff
350
6A
  3
Realistic
350
6B
  3
Shaded
350
6C
  3
Shaded with edges
350
6D
  3
Shades of Gray
350
6E
  3
Sketchy
350
6F
  3
Thicken
350
70
  3
Wireframe
350
71
  3
X-Ray
350
72
  0
LAYOUT
  5
1A
330
D
100
AcDbPlotSettings
  1

  4
A3
  6

 40
7.5
 41
20.0
 42
7.5
 43
20.0
 44
420.0
 45
297.0
 46
0.0
 47
0.0
 48
0.0
 49
0.0
140
0.0
141
0.0
142
1.0
143
1.0
 70
1024
 72
1
 73
0
 74
5
  7

 75
16
 76
0
 77
2
 78
300
147
1.0
148
0.0
149
0.0
100
AcDbLayout
  1
Model
 70
1
 71
0
 10
0.0
 20
0.0
 11
420.0
 21
297.0
 12
0.0
 22
0.0
 32
0.0
 14
1e+20
 24
1e+20
 34
1e+20
 15
-1e+20
 25
-1e+20
 35
-1e+20
146
0.0
 13
0.0
 23
0.0
 33
0.0
 16
1.0
 26
0.0
 36
0.0
 17
0.0
 27
1.0
 37
0.0
 76
1
330
17
  0
LAYOUT
  5
1E
330
D
100
AcDbPlotSettings
  1

  4
A3
  6

 40
7.5
 41
20.0
 42
7.5
 43
20.0
 44
420.0
 45
297.0
 46
0.0
 47
0.0
 48
0.0
 49
0.0
140
0.0
141
0.0
142
1.0
143
1.0
 70
0
 72
1
 73
0
 74
5
  7

 75
16
 76
0
 77
2
 78
300
147
1.0
148
0.0
149
0.0
100
AcDbLayout
  1
Layout1
 70
1
 71
1
 10
0.0
 20
0.0
 11
420.0
 21
297.0
 12
0.0
 22
0.0
 32
0.0
 14
1e+20
 24
1e+20
 34
1e+20
 15
-1e+20
 25
-1e+20
 35
-1e+20
146
0.0
 13
0.0
 23
0.0
 33
0.0
 16
1.0
 26
0.0
 36
0.0
 17
0.0
 27
1.0
 37
0.0
 76
1
330
1B
  0
MATERIAL
  5
1F
102
{ACAD_REACTORS
330
E
102
}
330
E
100
AcDbMaterial
  1
ByBlock
  2

 70
0
 40
1.0
 71
1
 41
1.0
 91
-1023410177
 42
1.0
 72
1
  3

 73
1
 74
1
 75
1
 44
0.5
 73
0
 45
1.0
 46
1.0
 77
1
  4

 78
1
 79
1
170
1
 48
1.0
171
1
  6

172
1
173
1
174
1
140
1.0
141
1.0
175
1
  7

176
1
177
1
178
1
143
1.0
179
1
  8

270
1
271
1
272
1
145
1.0
146
1.0
273
1
  9

274
1
275
1
276
1
 42
1.0
 72
1
  3

 73
1
 74
1
 75
1
 94
63
  0
MATERIAL
  5
20
102
{ACAD_REACTORS
330
E
102
}
330
E
100
AcDbMaterial
  1
ByLayer
  2

 70
0
 40
1.0
 71
1
 41
1.0
 91
-1023410177
 42
1.0
 72
1
  3

 73
1
 74
1
 75
1
 44
0.5
 73
0
 45
1.0
 46
1.0
 77
1
  4

 78
1
 79
1
170
1
 48
1.0
171
1
  6

172
1
173
1
174
1
140
1.0
141
1.0
175
1
  7

176
1
177
1
178
1
143
1.0
179
1
  8

270
1
271
1
272
1
145
1.0
146
1.0
273
1
  9

274
1
275
1
276
1
 42
1.0
 72
1
  3

 73
1
 74
1
 75
1
 94
63
  0
MATERIAL
  5
21
102
{ACAD_REACTORS
330
E
102
}
330
E
100
AcDbMaterial
  1
Global
  2

 70
0
 40
1.0
 71
1
 41
1.0
 91
-1023410177
 42
1.0
 72
1
  3

 73
1
 74
1
 75
1
 44
0.5
 73
0
 45
1.0
 46
1.0
 77
1
  4

 78
1
 79
1
170
1
 48
1.0
171
1
  6

172
1
173
1
174
1
140
1.0
141
1.0
175
1
  7

176
1
177
1
178
1
143
1.0
179
1
  8

270
1
271
1
272
1
145
1.0
146
1.0
273
1
  9

274
1
275
1
276
1
 42
1.0
 72
1
  3

 73
1
 74
1
 75
1
 94
63
  0
MLINESTYLE
  5
22
102
{ACAD_REACTORS
330
10
102
}
330
10
100
AcDbMlineStyle
  2
Standard
 70
0
  3

 62
256
 51
90.0
 52
90.0
 71
2
 49
0.5
 62
256
  6
BYLAYER
 49
-0.5
 62
256
  6
BYLAYER
  0
MLEADERSTYLE
  5
2C
102
{ACAD_REACTORS
330
F
102
}
330
F
100
AcDbMLeaderStyle
179
2
170
2
171
1
172
0
 90
2
 40
0.0
 41
0.0
173
1
 91
-1056964608
 92
-2
290
1
 42
2.0
291
1
 43
8.0
  3
Standard
 44
4.0
300

342
29
174
1
175
1
176
0
178
1
 93
-1056964608
 45
4.0
292
0
297
0
 46
4.0
 94
-1056964608
 47
1.0
 49
1.0
140
1.0
294
1
141
0.0
177
0
142
1.0
295
0
296
0
143
3.75
271
0
272
9
273
9
  0
DICTIONARY
  5
2D
330
A
100
AcDbDictionary
280
1
281
1
  3
CREATED_BY_EZDXF
350
2E
  3
WRITTEN_BY_EZDXF
350
94
  0
DICTIONARYVAR
  5
2E
330
2D
100
DictionaryVariables
280
0
  1
1.4.4 @ 2026-09-30T15:27:08.013080+00:00
  0
VISUALSTYLE
  5
5A
102
{ACAD_REACTORS
330
16
102
}
330
16
100
AcDbVisualStyle
  2
2dWireframe
 70
4
 90
0
 40
0.6
 62
7
290
0
291
0
  0
VISUALSTYLE
  5
5B
102
{ACAD_REACTORS
330
16
102
}
330
16
100
AcDbVisualStyle
  2
Basic
 70
7
 90
1
 40
0.6
 62
7
290
0
291
1
  0
VISUALSTYLE
  5
5C
102
{ACAD_REACTORS
330
16
102
}
330
16
100
AcDbVisualStyle
  2
Brighten
 70
12
 90
2
 40
0.6
 62
7
290
0
291
1
  0
VISUALSTYLE
  5
5D
102
{ACAD_REACTORS
330
16
102
}
330
16
100
AcDbVisualStyle
  2
ColorChange
 70
16
 90
2
 40
0.6
 62
8
290
0
291
1
  0
VISUALSTYLE
  5
5E
102
{ACAD_REACTORS
330
16
102
}
330
16
100
AcDbVisualStyle
  2
Conceptual
 70
9
 90
3
 40
0.6
 62
7
290
0
291
0
  0
VISUALSTYLE
  5
5F
102
{ACAD_REACTORS
330
16
102
}
330
16
100
AcDbVisualStyle
  2
Dim
 70
11
 90
2
 40
0.6
 62
7
290
0
291
1
  0
VISUALSTYLE
  5
60
102
{ACAD_REACTORS
330
16
102
}
330
16
100
AcDbVisualStyle
  2
EdgeColorOff
 70
22
 90
2
 40
0.6
 62
7
290
0
291
1
  0
VISUALSTYLE
  5
61
102
{ACAD_REACTORS
330
16
102
}
330
16
100
AcDbVisualStyle
  2
Facepattern
 70
15
 90
2
 40
0.6
 62
7
290
0
291
1
  0
VISUALSTYLE
  5
62
102
{ACAD_REACTORS
330
16
102
}
330
16
100
AcDbVisualStyle
  2
Flat
 70
0
 90
2
 40
0.6
 62
7
290
0
291
1
  0
VISUALSTYLE
  5
63
102
{ACAD_REACTORS
330
16
102
}
330
16
100
AcDbVisualStyle
  2
FlatWithEdges
 70
1
 90
2
 40
0.6
 62
7
290
0
291
1
  0
VISUALSTYLE
  5
64
102
{ACAD_REACTORS
330
16
102
}
330
16
100
AcDbVisualStyle
  2
Gouraud
 70
2
 90
2
 40
0.6
 62
7
290
0
291
1
  0
VISUALSTYLE
  5
65
102
{ACAD_REACTORS
330
16
102
}
330
16
100
AcDbVisualStyle
  2
GouraudWithEdges
 70
3
 90
2
 40
0.6
 62
7
290
0
291
1
  0
VISUALSTYLE
  5
66
102
{ACAD_REACTORS
330
16
102
}
330
16
100
AcDbVisualStyle
  2
Hidden
 70
6
 90
1
 40
0.6
 62
7
290
0
291
0
  0
VISUALSTYLE
  5
67
102
{ACAD_REACTORS
330
16
102
}
330
16
100
AcDbVisualStyle
  2
JitterOff
 70
20
 90
2
 40
0.6
 62
7
290
0
291
1
  0
VISUALSTYLE
  5
68
102
{ACAD_REACTORS
330
16
102
}
330
16
100
AcDbVisualStyle
  2
Linepattern
 70
14
 90
2
 40
0.6
 62
7
290
0
291
1
  0
VISUALSTYLE
  5
69
102
{ACAD_REACTORS
330
16
102
}
330
16
100
AcDbVisualStyle
  2
Modeling
 70
10
 90
2
 40
0.6
 62
7
290
0
291
0
  0
VISUALSTYLE
  5
6A
102
{ACAD_REACTORS
330
16
102
}
330
16
100
AcDbVisualStyle
  2
OverhangOff
 70
21
 90
2
 40
0.6
 62
7
290
0
291
1
  0
VISUALSTYLE
  5
6B
102
{ACAD_REACTORS
330
16
102
}
330
16
100
AcDbVisualStyle
  2
Realistic
 70
8
 90
2
 40
0.6
 62
7
290
0
291
0
  0
VISUALSTYLE
  5
6C
102
{ACAD_REACTORS
330
16
102
}
330
16
100
AcDbVisualStyle
  2
Shaded
 70
27
 90
2
 40
0.6
 62
7
290
0
291
0
  0
VISUALSTYLE
  5
6D
102
{ACAD_REACTORS
330
16
102
}
330
16
100
AcDbVisualStyle
  2
Shaded with edges
 70
26
 90
2
 40
0.6
 62
7
290
0
291
0
  0
VISUALSTYLE
  5
6E
102
{ACAD_REACTORS
330
16
102
}
330
16
100
AcDbVisualStyle
  2
Shades of Gray
 70
23
 90
2
 40
0.6
 62
7
290
0
291
0
  0
VISUALSTYLE
  5
6F
102
{ACAD_REACTORS
330
16
102
}
330
16
100
AcDbVisualStyle
  2
Sketchy
 70
24
 90
1
 40
0.6
 62
7
290
0
291
0
  0
VISUALSTYLE
  5
70
102
{ACAD_REACTORS
330
16
102
}
330
16
100
AcDbVisualStyle
  2
Thicken
 70
13
 90
2
 40
0.6
 62
7
290
0
291
1
  0
VISUALSTYLE
  5
71
102
{ACAD_REACTORS
330
16
102
}
330
16
100
AcDbVisualStyle
  2
Wireframe
 70
5
 90
0
 40
0.6
 62
7
290
0
291
0
  0
VISUALSTYLE
  5
72
102
{ACAD_REACTORS
330
16
102
}
330
16
100
AcDbVisualStyle
  2
X-Ray
 70
25
 90
2
 40
0.5
 62
7
290
0
291
0
  0
DICTIONARYVAR
  5
94
330
2D
100
DictionaryVariables
280
0
  1
1.4.4 @ 2026-09-30T15:27:08.052002+00:00
  0
ENDSEC
  0
EOF
