Поставщик;Коллекция;Артикул / цвет;Цвет (как на сайте);Статус;Состав;Ширина, см;Плотность;Истирание (Мартиндейл), циклов;Истирание (как на сайте);Страна;Цена, ₽/п.м.;Цена без скидки, ₽;Комментарий к цене;Наличие;Страница товара;Фото (файл в папке velour);Фото (оригинал на сайте);Источник;Дата сбора
Аметист;Brugge;Brugge ambre;ambre;;Полиэстер - 85%, Хлопок - 15%;140;363 (г/кв.м);50000;50000 циклов;;;;192 BYN/п.м. у дилера в РБ;не проверено: сайт Аметиста недоступен;https://xn--80ablbatmgfod1dzgm.xn--90ais/katalog/velyur/velyur-brugge.html;photos/Аметист/Brugge/Brugge_ambre.jpg;https://xn--80ablbatmgfod1dzgm.xn--90ais/assets/images/products/619/ambre.jpg;"мебельныеткани.бел (дилер в РБ; официальный ametist-store.ru закрыт капчей)";2026-09-30
Аметист;Brugge;Brugge chocolate;chocolate;;Полиэстер - 85%, Хлопок - 15%;140;363 (г/кв.м);50000;50000 циклов;;;;192 BYN/п.м. у дилера в РБ;не проверено: сайт Аметиста недоступен;https://xn--80ablbatmgfod1dzgm.xn--90ais/katalog/velyur/velyur-brugge.html;photos/Аметист/Brugge/Brugge_chocolate.jpg;https://xn--80ablbatmgfod1dzgm.xn--90ais/assets/images/products/619/chocolate.jpg;"мебельныеткани.бел (дилер в РБ; официальный ametist-store.ru закрыт капчей)";2026-09-30
Аметист;Brugge;Brugge doiphin;doiphin;;Полиэстер - 85%, Хлопок - 15%;140;363 (г/кв.м);50000;50000 циклов;;;;192 BYN/п.м. у дилера в РБ;не проверено: сайт Аметиста недоступен;https://xn--80ablbatmgfod1dzgm.xn--90ais/katalog/velyur/velyur-brugge.html;photos/Аметист/Brugge/Brugge_doiphin.jpg;https://xn--80ablbatmgfod1dzgm.xn--90ais/assets/images/products/619/doiphin.jpg;"мебельныеткани.бел (дилер в РБ; официальный ametist-store.ru закрыт капчей)";2026-09-30
Аметист;Brugge;Brugge emerald;emerald;;Полиэстер - 85%, Хлопок - 15%;140;363 (г/кв.м);50000;50000 циклов;;;;192 BYN/п.м. у дилера в РБ;не проверено: сайт Аметиста недоступен;https://xn--80ablbatmgfod1dzgm.xn--90ais/katalog/velyur/velyur-brugge.html;photos/Аметист/Brugge/Brugge_emerald.jpg;https://xn--80ablbatmgfod1dzgm.xn--90ais/assets/images/products/619/emerald.jpg;"мебельныеткани.бел (дилер в РБ; официальный ametist-store.ru закрыт капчей)";2026-09-30
Аметист;Brugge;Brugge grafit;grafit;;Полиэстер - 85%, Хлопок - 15%;140;363 (г/кв.м);50000;50000 циклов;;;;192 BYN/п.м. у дилера в РБ;не проверено: сайт Аметиста недоступен;https://xn--80ablbatmgfod1dzgm.xn--90ais/katalog/velyur/velyur-brugge.html;photos/Аметист/Brugge/Brugge_grafit.jpg;https://xn--80ablbatmgfod1dzgm.xn--90ais/assets/images/products/619/grafit.jpg;"мебельныеткани.бел (дилер в РБ; официальный ametist-store.ru закрыт капчей)";2026-09-30
Аметист;Brugge;Brugge green;green;;Полиэстер - 85%, Хлопок - 15%;140;363 (г/кв.м);50000;50000 циклов;;;;192 BYN/п.м. у дилера в РБ;не проверено: сайт Аметиста недоступен;https://xn--80ablbatmgfod1dzgm.xn--90ais/katalog/velyur/velyur-brugge.html;photos/Аметист/Brugge/Brugge_green.jpg;https://xn--80ablbatmgfod1dzgm.xn--90ais/assets/images/products/619/green.jpg;"мебельныеткани.бел (дилер в РБ; официальный ametist-store.ru закрыт капчей)";2026-09-30
Аметист;Brugge;Brugge grey;grey;;Полиэстер - 85%, Хлопок - 15%;140;363 (г/кв.м);50000;50000 циклов;;;;192 BYN/п.м. у дилера в РБ;не проверено: сайт Аметиста недоступен;https://xn--80ablbatmgfod1dzgm.xn--90ais/katalog/velyur/velyur-brugge.html;photos/Аметист/Brugge/Brugge_grey.jpg;https://xn--80ablbatmgfod1dzgm.xn--90ais/assets/images/products/619/grey.jpg;"мебельныеткани.бел (дилер в РБ; официальный ametist-store.ru закрыт капчей)";2026-09-30
Аметист;Brugge;Brugge jam;jam;;Полиэстер - 85%, Хлопок - 15%;140;363 (г/кв.м);50000;50000 циклов;;;;192 BYN/п.м. у дилера в РБ;не проверено: сайт Аметиста недоступен;https://xn--80ablbatmgfod1dzgm.xn--90ais/katalog/velyur/velyur-brugge.html;photos/Аметист/Brugge/Brugge_jam.jpg;https://xn--80ablbatmgfod1dzgm.xn--90ais/assets/images/products/619/jam.jpg;"мебельныеткани.бел (дилер в РБ; официальный ametist-store.ru закрыт капчей)";2026-09-30
Аметист;Brugge;Brugge latte;latte;;Полиэстер - 85%, Хлопок - 15%;140;363 (г/кв.м);50000;50000 циклов;;;;192 BYN/п.м. у дилера в РБ;не проверено: сайт Аметиста недоступен;https://xn--80ablbatmgfod1dzgm.xn--90ais/katalog/velyur/velyur-brugge.html;photos/Аметист/Brugge/Brugge_latte.jpg;https://xn--80ablbatmgfod1dzgm.xn--90ais/assets/images/products/619/latte.jpg;"мебельныеткани.бел (дилер в РБ; официальный ametist-store.ru закрыт капчей)";2026-09-30
Аметист;Brugge;Brugge marigold;marigold;;Полиэстер - 85%, Хлопок - 15%;140;363 (г/кв.м);50000;50000 циклов;;;;192 BYN/п.м. у дилера в РБ;не проверено: сайт Аметиста недоступен;https://xn--80ablbatmgfod1dzgm.xn--90ais/katalog/velyur/velyur-brugge.html;photos/Аметист/Brugge/Brugge_marigold.jpg;https://xn--80ablbatmgfod1dzgm.xn--90ais/assets/images/products/619/marigold.jpg;"мебельныеткани.бел (дилер в РБ; официальный ametist-store.ru закрыт капчей)";2026-09-30
Аметист;Brugge;Brugge mocco;mocco;;Полиэстер - 85%, Хлопок - 15%;140;363 (г/кв.м);50000;50000 циклов;;;;192 BYN/п.м. у дилера в РБ;не проверено: сайт Аметиста недоступен;https://xn--80ablbatmgfod1dzgm.xn--90ais/katalog/velyur/velyur-brugge.html;photos/Аметист/Brugge/Brugge_mocco.jpg;https://xn--80ablbatmgfod1dzgm.xn--90ais/assets/images/products/619/mocco.jpg;"мебельныеткани.бел (дилер в РБ; официальный ametist-store.ru закрыт капчей)";2026-09-30
Аметист;Brugge;Brugge moss;moss;;Полиэстер - 85%, Хлопок - 15%;140;363 (г/кв.м);50000;50000 циклов;;;;192 BYN/п.м. у дилера в РБ;не проверено: сайт Аметиста недоступен;https://xn--80ablbatmgfod1dzgm.xn--90ais/katalog/velyur/velyur-brugge.html;photos/Аметист/Brugge/Brugge_moss.jpg;https://xn--80ablbatmgfod1dzgm.xn--90ais/assets/images/products/619/moss.jpg;"мебельныеткани.бел (дилер в РБ; официальный ametist-store.ru закрыт капчей)";2026-09-30
Аметист;Brugge;Brugge navy;navy;;Полиэстер - 85%, Хлопок - 15%;140;363 (г/кв.м);50000;50000 циклов;;;;192 BYN/п.м. у дилера в РБ;не проверено: сайт Аметиста недоступен;https://xn--80ablbatmgfod1dzgm.xn--90ais/katalog/velyur/velyur-brugge.html;photos/Аметист/Brugge/Brugge_navy.jpg;https://xn--80ablbatmgfod1dzgm.xn--90ais/assets/images/products/619/navy.jpg;"мебельныеткани.бел (дилер в РБ; официальный ametist-store.ru закрыт капчей)";2026-09-30
Аметист;Brugge;Brugge ocean;ocean;;Полиэстер - 85%, Хлопок - 15%;140;363 (г/кв.м);50000;50000 циклов;;;;192 BYN/п.м. у дилера в РБ;не проверено: сайт Аметиста недоступен;https://xn--80ablbatmgfod1dzgm.xn--90ais/katalog/velyur/velyur-brugge.html;photos/Аметист/Brugge/Brugge_ocean.jpg;https://xn--80ablbatmgfod1dzgm.xn--90ais/assets/images/products/619/ocean.jpg;"мебельныеткани.бел (дилер в РБ; официальный ametist-store.ru закрыт капчей)";2026-09-30
Аметист;Brugge;Brugge sky;sky;;Полиэстер - 85%, Хлопок - 15%;140;363 (г/кв.м);50000;50000 циклов;;;;192 BYN/п.м. у дилера в РБ;не проверено: сайт Аметиста недоступен;https://xn--80ablbatmgfod1dzgm.xn--90ais/katalog/velyur/velyur-brugge.html;photos/Аметист/Brugge/Brugge_sky.jpg;https://xn--80ablbatmgfod1dzgm.xn--90ais/assets/images/products/619/sky.jpg;"мебельныеткани.бел (дилер в РБ; официальный ametist-store.ru закрыт капчей)";2026-09-30
Аметист;Brugge;Brugge terra;terra;;Полиэстер - 85%, Хлопок - 15%;140;363 (г/кв.м);50000;50000 циклов;;;;192 BYN/п.м. у дилера в РБ;не проверено: сайт Аметиста недоступен;https://xn--80ablbatmgfod1dzgm.xn--90ais/katalog/velyur/velyur-brugge.html;photos/Аметист/Brugge/Brugge_terra.jpg;https://xn--80ablbatmgfod1dzgm.xn--90ais/assets/images/products/619/terra.jpg;"мебельныеткани.бел (дилер в РБ; официальный ametist-store.ru закрыт капчей)";2026-09-30
Аметист;Brugge;Brugge violet;violet;;Полиэстер - 85%, Хлопок - 15%;140;363 (г/кв.м);50000;50000 циклов;;;;192 BYN/п.м. у дилера в РБ;не проверено: сайт Аметиста недоступен;https://xn--80ablbatmgfod1dzgm.xn--90ais/katalog/velyur/velyur-brugge.html;photos/Аметист/Brugge/Brugge_violet.jpg;https://xn--80ablbatmgfod1dzgm.xn--90ais/assets/images/products/619/violet.jpg;"мебельныеткани.бел (дилер в РБ; официальный ametist-store.ru закрыт капчей)";2026-09-30
Аметист;Brugge;Brugge white;white;;Полиэстер - 85%, Хлопок - 15%;140;363 (г/кв.м);50000;50000 циклов;;;;192 BYN/п.м. у дилера в РБ;не проверено: сайт Аметиста недоступен;https://xn--80ablbatmgfod1dzgm.xn--90ais/katalog/velyur/velyur-brugge.html;photos/Аметист/Brugge/Brugge_white.jpg;https://xn--80ablbatmgfod1dzgm.xn--90ais/assets/images/products/619/white.jpg;"мебельныеткани.бел (дилер в РБ; официальный ametist-store.ru закрыт капчей)";2026-09-30
Аметист;Bugatti;Bugatti aquamarine;aquamarine;;Полиэстер - 100%;140;223 (г/кв.м);50000;50000 циклов;;;;38 BYN/п.м. у дилера в РБ;не проверено: сайт Аметиста недоступен;https://xn--80ablbatmgfod1dzgm.xn--90ais/katalog/velyur/velyur-bugatti.html;photos/Аметист/Bugatti/Bugatti_aquamarine.jpg;https://xn--80ablbatmgfod1dzgm.xn--90ais/assets/images/products/821/aquamarine.jpg;"мебельныеткани.бел (дилер в РБ; официальный ametist-store.ru закрыт капчей)";2026-09-30
Аметист;Bugatti;Bugatti beige;beige;;Полиэстер - 100%;140;223 (г/кв.м);50000;50000 циклов;;;;38 BYN/п.м. у дилера в РБ;не проверено: сайт Аметиста недоступен;https://xn--80ablbatmgfod1dzgm.xn--90ais/katalog/velyur/velyur-bugatti.html;photos/Аметист/Bugatti/Bugatti_beige.jpg;https://xn--80ablbatmgfod1dzgm.xn--90ais/assets/images/products/821/beige.jpg;"мебельныеткани.бел (дилер в РБ; официальный ametist-store.ru закрыт капчей)";2026-09-30
Аметист;Bugatti;Bugatti chocolate;chocolate;;Полиэстер - 100%;140;223 (г/кв.м);50000;50000 циклов;;;;38 BYN/п.м. у дилера в РБ;не проверено: сайт Аметиста недоступен;https://xn--80ablbatmgfod1dzgm.xn--90ais/katalog/velyur/velyur-bugatti.html;photos/Аметист/Bugatti/Bugatti_chocolate.jpg;https://xn--80ablbatmgfod1dzgm.xn--90ais/assets/images/products/821/chocolate.jpg;"мебельныеткани.бел (дилер в РБ; официальный ametist-store.ru закрыт капчей)";2026-09-30
Аметист;Bugatti;Bugatti coffee;coffee;;Полиэстер - 100%;140;223 (г/кв.м);50000;50000 циклов;;;;38 BYN/п.м. у дилера в РБ;не проверено: сайт Аметиста недоступен;https://xn--80ablbatmgfod1dzgm.xn--90ais/katalog/velyur/velyur-bugatti.html;photos/Аметист/Bugatti/Bugatti_coffee.jpg;https://xn--80ablbatmgfod1dzgm.xn--90ais/assets/images/products/821/coffee.jpg;"мебельныеткани.бел (дилер в РБ; официальный ametist-store.ru закрыт капчей)";2026-09-30
Аметист;Bugatti;Bugatti cream;cream;;Полиэстер - 100%;140;223 (г/кв.м);50000;50000 циклов;;;;38 BYN/п.м. у дилера в РБ;не проверено: сайт Аметиста недоступен;https://xn--80ablbatmgfod1dzgm.xn--90ais/katalog/velyur/velyur-bugatti.html;photos/Аметист/Bugatti/Bugatti_cream.jpg;https://xn--80ablbatmgfod1dzgm.xn--90ais/assets/images/products/821/cream.jpg;"мебельныеткани.бел (дилер в РБ; официальный ametist-store.ru закрыт капчей)";2026-09-30
Аметист;Bugatti;Bugatti golden;golden;;Полиэстер - 100%;140;223 (г/кв.м);50000;50000 циклов;;;;38 BYN/п.м. у дилера в РБ;не проверено: сайт Аметиста недоступен;https://xn--80ablbatmgfod1dzgm.xn--90ais/katalog/velyur/velyur-bugatti.html;photos/Аметист/Bugatti/Bugatti_golden.jpg;https://xn--80ablbatmgfod1dzgm.xn--90ais/assets/images/products/821/golden.jpg;"мебельныеткани.бел (дилер в РБ; официальный ametist-store.ru закрыт капчей)";2026-09-30
Аметист;Bugatti;Bugatti grey;grey;;Полиэстер - 100%;140;223 (г/кв.м);50000;50000 циклов;;;;38 BYN/п.м. у дилера в РБ;не проверено: сайт Аметиста недоступен;https://xn--80ablbatmgfod1dzgm.xn--90ais/katalog/velyur/velyur-bugatti.html;photos/Аметист/Bugatti/Bugatti_grey.jpg;https://xn--80ablbatmgfod1dzgm.xn--90ais/assets/images/products/821/grey.jpg;"мебельныеткани.бел (дилер в РБ; официальный ametist-store.ru закрыт капчей)";2026-09-30
Аметист;Bugatti;Bugatti koriza;koriza;;Полиэстер - 100%;140;223 (г/кв.м);50000;50000 циклов;;;;38 BYN/п.м. у дилера в РБ;не проверено: сайт Аметиста недоступен;https://xn--80ablbatmgfod1dzgm.xn--90ais/katalog/velyur/velyur-bugatti.html;photos/Аметист/Bugatti/Bugatti_koriza.jpg;https://xn--80ablbatmgfod1dzgm.xn--90ais/assets/images/products/821/koriza.jpg;"мебельныеткани.бел (дилер в РБ; официальный ametist-store.ru закрыт капчей)";2026-09-30
Аметист;Bugatti;Bugatti latte;latte;;Полиэстер - 100%;140;223 (г/кв.м);50000;50000 циклов;;;;38 BYN/п.м. у дилера в РБ;не проверено: сайт Аметиста недоступен;https://xn--80ablbatmgfod1dzgm.xn--90ais/katalog/velyur/velyur-bugatti.html;photos/Аметист/Bugatti/Bugatti_latte.jpg;https://xn--80ablbatmgfod1dzgm.xn--90ais/assets/images/products/821/latte.jpg;"мебельныеткани.бел (дилер в РБ; официальный ametist-store.ru закрыт капчей)";2026-09-30
Аметист;Bugatti;Bugatti lilac;lilac;;Полиэстер - 100%;140;223 (г/кв.м);50000;50000 циклов;;;;38 BYN/п.м. у дилера в РБ;не проверено: сайт Аметиста недоступен;https://xn--80ablbatmgfod1dzgm.xn--90ais/katalog/velyur/velyur-bugatti.html;photos/Аметист/Bugatti/Bugatti_lilac.jpg;https://xn--80ablbatmgfod1dzgm.xn--90ais/assets/images/products/821/lilac.jpg;"мебельныеткани.бел (дилер в РБ; официальный ametist-store.ru закрыт капчей)";2026-09-30
Аметист;Bugatti;Bugatti milk;milk;;Полиэстер - 100%;140;223 (г/кв.м);50000;50000 циклов;;;;38 BYN/п.м. у дилера в РБ;не проверено: сайт Аметиста недоступен;https://xn--80ablbatmgfod1dzgm.xn--90ais/katalog/velyur/velyur-bugatti.html;photos/Аметист/Bugatti/Bugatti_milk.jpg;https://xn--80ablbatmgfod1dzgm.xn--90ais/assets/images/products/821/milk.jpg;"мебельныеткани.бел (дилер в РБ; официальный ametist-store.ru закрыт капчей)";2026-09-30
Аметист;Bugatti;Bugatti mocco;mocco;;Полиэстер - 100%;140;223 (г/кв.м);50000;50000 циклов;;;;38 BYN/п.м. у дилера в РБ;не проверено: сайт Аметиста недоступен;https://xn--80ablbatmgfod1dzgm.xn--90ais/katalog/velyur/velyur-bugatti.html;photos/Аметист/Bugatti/Bugatti_mocco.jpg;https://xn--80ablbatmgfod1dzgm.xn--90ais/assets/images/products/821/mocco.jpg;"мебельныеткани.бел (дилер в РБ; официальный ametist-store.ru закрыт капчей)";2026-09-30
Аметист;Bugatti;Bugatti silver;silver;;Полиэстер - 100%;140;223 (г/кв.м);50000;50000 циклов;;;;38 BYN/п.м. у дилера в РБ;не проверено: сайт Аметиста недоступен;https://xn--80ablbatmgfod1dzgm.xn--90ais/katalog/velyur/velyur-bugatti.html;photos/Аметист/Bugatti/Bugatti_silver.jpg;https://xn--80ablbatmgfod1dzgm.xn--90ais/assets/images/products/821/silver.jpg;"мебельныеткани.бел (дилер в РБ; официальный ametist-store.ru закрыт капчей)";2026-09-30
Аметист;Bugatti;Bugatti white;white;;Полиэстер - 100%;140;223 (г/кв.м);50000;50000 циклов;;;;38 BYN/п.м. у дилера в РБ;не проверено: сайт Аметиста недоступен;https://xn--80ablbatmgfod1dzgm.xn--90ais/katalog/velyur/velyur-bugatti.html;photos/Аметист/Bugatti/Bugatti_white.jpg;https://xn--80ablbatmgfod1dzgm.xn--90ais/assets/images/products/821/white.jpg;"мебельныеткани.бел (дилер в РБ; официальный ametist-store.ru закрыт капчей)";2026-09-30
Аметист;Dazzle;Dazzle 01 Цветочный белый;01 Цветочный белый;;Полиэстер - 100%;142;450 (г/кв.м);80000;80000 циклов;;;;73 BYN/п.м. у дилера в РБ;не проверено: сайт Аметиста недоступен;https://xn--80ablbatmgfod1dzgm.xn--90ais/katalog/velyur/velyur-dazzle.html;photos/Аметист/Dazzle/Dazzle_01_Цветочный_белый.jpg;https://xn--80ablbatmgfod1dzgm.xn--90ais/assets/images/products/732/01-tsvetochnyy-belyy.jpg;"мебельныеткани.бел (дилер в РБ; официальный ametist-store.ru закрыт капчей)";2026-09-30
Аметист;Dazzle;Dazzle 02 Дымчато-белый;02 Дымчато-белый;;Полиэстер - 100%;142;450 (г/кв.м);80000;80000 циклов;;;;73 BYN/п.м. у дилера в РБ;не проверено: сайт Аметиста недоступен;https://xn--80ablbatmgfod1dzgm.xn--90ais/katalog/velyur/velyur-dazzle.html;photos/Аметист/Dazzle/Dazzle_02_Дымчато-белый.jpg;https://xn--80ablbatmgfod1dzgm.xn--90ais/assets/images/products/732/02-dymchato-belyy.jpg;"мебельныеткани.бел (дилер в РБ; официальный ametist-store.ru закрыт капчей)";2026-09-30
Аметист;Dazzle;Dazzle 03 Таул;03 Таул;;Полиэстер - 100%;142;450 (г/кв.м);80000;80000 циклов;;;;73 BYN/п.м. у дилера в РБ;не проверено: сайт Аметиста недоступен;https://xn--80ablbatmgfod1dzgm.xn--90ais/katalog/velyur/velyur-dazzle.html;photos/Аметист/Dazzle/Dazzle_03_Таул.jpg;https://xn--80ablbatmgfod1dzgm.xn--90ais/assets/images/products/732/03-taul.jpg;"мебельныеткани.бел (дилер в РБ; официальный ametist-store.ru закрыт капчей)";2026-09-30
Аметист;Dazzle;Dazzle 04 Перламутрово-рубиновый;04 Перламутрово-рубиновый;;Полиэстер - 100%;142;450 (г/кв.м);80000;80000 циклов;;;;73 BYN/п.м. у дилера в РБ;не проверено: сайт Аметиста недоступен;https://xn--80ablbatmgfod1dzgm.xn--90ais/katalog/velyur/velyur-dazzle.html;photos/Аметист/Dazzle/Dazzle_04_Перламутрово-рубиновый.jpg;https://xn--80ablbatmgfod1dzgm.xn--90ais/assets/images/products/732/04-perlamutrovo-rubinovyy.jpg;"мебельныеткани.бел (дилер в РБ; официальный ametist-store.ru закрыт капчей)";2026-09-30
Аметист;Dazzle;Dazzle 05 Голубая лазурь;05 Голубая лазурь;;Полиэстер - 100%;142;450 (г/кв.м);80000;80000 циклов;;;;73 BYN/п.м. у дилера в РБ;не проверено: сайт Аметиста недоступен;https://xn--80ablbatmgfod1dzgm.xn--90ais/katalog/velyur/velyur-dazzle.html;photos/Аметист/Dazzle/Dazzle_05_Голубая_лазурь.jpg;https://xn--80ablbatmgfod1dzgm.xn--90ais/assets/images/products/732/05-golubaya-lazur.jpg;"мебельныеткани.бел (дилер в РБ; официальный ametist-store.ru закрыт капчей)";2026-09-30
Аметист;Dazzle;Dazzle 06 Ночная синева;06 Ночная синева;;Полиэстер - 100%;142;450 (г/кв.м);80000;80000 циклов;;;;73 BYN/п.м. у дилера в РБ;не проверено: сайт Аметиста недоступен;https://xn--80ablbatmgfod1dzgm.xn--90ais/katalog/velyur/velyur-dazzle.html;photos/Аметист/Dazzle/Dazzle_06_Ночная_синева.jpg;https://xn--80ablbatmgfod1dzgm.xn--90ais/assets/images/products/732/06-nochnaya-sineva.jpg;"мебельныеткани.бел (дилер в РБ; официальный ametist-store.ru закрыт капчей)";2026-09-30
Аметист;Dazzle;Dazzle 07 Зеленый папоротник;07 Зеленый папоротник;;Полиэстер - 100%;142;450 (г/кв.м);80000;80000 циклов;;;;73 BYN/п.м. у дилера в РБ;не проверено: сайт Аметиста недоступен;https://xn--80ablbatmgfod1dzgm.xn--90ais/katalog/velyur/velyur-dazzle.html;photos/Аметист/Dazzle/Dazzle_07_Зеленый_папоротник.jpg;https://xn--80ablbatmgfod1dzgm.xn--90ais/assets/images/products/732/07-zelenyy-paporotnik.jpg;"мебельныеткани.бел (дилер в РБ; официальный ametist-store.ru закрыт капчей)";2026-09-30
Аметист;Dazzle;Dazzle 08 Малиновый коралл;08 Малиновый коралл;;Полиэстер - 100%;142;450 (г/кв.м);80000;80000 циклов;;;;73 BYN/п.м. у дилера в РБ;не проверено: сайт Аметиста недоступен;https://xn--80ablbatmgfod1dzgm.xn--90ais/katalog/velyur/velyur-dazzle.html;photos/Аметист/Dazzle/Dazzle_08_Малиновый_коралл.jpg;https://xn--80ablbatmgfod1dzgm.xn--90ais/assets/images/products/732/08-malinovyy-korall.jpg;"мебельныеткани.бел (дилер в РБ; официальный ametist-store.ru закрыт капчей)";2026-09-30
Аметист;Dazzle;Dazzle 09 Кардинал;09 Кардинал;;Полиэстер - 100%;142;450 (г/кв.м);80000;80000 циклов;;;;73 BYN/п.м. у дилера в РБ;не проверено: сайт Аметиста недоступен;https://xn--80ablbatmgfod1dzgm.xn--90ais/katalog/velyur/velyur-dazzle.html;photos/Аметист/Dazzle/Dazzle_09_Кардинал.jpg;https://xn--80ablbatmgfod1dzgm.xn--90ais/assets/images/products/732/09-kardinal.jpg;"мебельныеткани.бел (дилер в РБ; официальный ametist-store.ru закрыт капчей)";2026-09-30
Аметист;Dazzle;Dazzle 10 Базальтово-серый;10 Базальтово-серый;;Полиэстер - 100%;142;450 (г/кв.м);80000;80000 циклов;;;;73 BYN/п.м. у дилера в РБ;не проверено: сайт Аметиста недоступен;https://xn--80ablbatmgfod1dzgm.xn--90ais/katalog/velyur/velyur-dazzle.html;photos/Аметист/Dazzle/Dazzle_10_Базальтово-серый.jpg;https://xn--80ablbatmgfod1dzgm.xn--90ais/assets/images/products/732/10-bazaltovo-seryy.jpg;"мебельныеткани.бел (дилер в РБ; официальный ametist-store.ru закрыт капчей)";2026-09-30
Аметист;Dazzle;Dazzle 11 Серебристо-серый;11 Серебристо-серый;;Полиэстер - 100%;142;450 (г/кв.м);80000;80000 циклов;;;;73 BYN/п.м. у дилера в РБ;не проверено: сайт Аметиста недоступен;https://xn--80ablbatmgfod1dzgm.xn--90ais/katalog/velyur/velyur-dazzle.html;photos/Аметист/Dazzle/Dazzle_11_Серебристо-серый.jpg;https://xn--80ablbatmgfod1dzgm.xn--90ais/assets/images/products/732/11-serebristo-seryy.jpg;"мебельныеткани.бел (дилер в РБ; официальный ametist-store.ru закрыт капчей)";2026-09-30
Аметист;Elefante;Elefante 01;01;;Полиэстер - 100%;142;;80000;80000 циклов;;;;69 BYN/п.м. у дилера в РБ;не проверено: сайт Аметиста недоступен;https://xn--80ablbatmgfod1dzgm.xn--90ais/katalog/velyur/velyur-elefante.html;photos/Аметист/Elefante/Elefante_01.jpg;https://xn--80ablbatmgfod1dzgm.xn--90ais/assets/images/products/1021/01.jpg;"мебельныеткани.бел (дилер в РБ; официальный ametist-store.ru закрыт капчей)";2026-09-30
Аметист;Elefante;Elefante 02;02;;Полиэстер - 100%;142;;80000;80000 циклов;;;;69 BYN/п.м. у дилера в РБ;не проверено: сайт Аметиста недоступен;https://xn--80ablbatmgfod1dzgm.xn--90ais/katalog/velyur/velyur-elefante.html;photos/Аметист/Elefante/Elefante_02.jpg;https://xn--80ablbatmgfod1dzgm.xn--90ais/assets/images/products/1021/02.jpg;"мебельныеткани.бел (дилер в РБ; официальный ametist-store.ru закрыт капчей)";2026-09-30
Аметист;Elefante;Elefante 03;03;;Полиэстер - 100%;142;;80000;80000 циклов;;;;69 BYN/п.м. у дилера в РБ;не проверено: сайт Аметиста недоступен;https://xn--80ablbatmgfod1dzgm.xn--90ais/katalog/velyur/velyur-elefante.html;photos/Аметист/Elefante/Elefante_03.jpg;https://xn--80ablbatmgfod1dzgm.xn--90ais/assets/images/products/1021/03.jpg;"мебельныеткани.бел (дилер в РБ; официальный ametist-store.ru закрыт капчей)";2026-09-30
Аметист;Elefante;Elefante 04;04;;Полиэстер - 100%;142;;80000;80000 циклов;;;;69 BYN/п.м. у дилера в РБ;не проверено: сайт Аметиста недоступен;https://xn--80ablbatmgfod1dzgm.xn--90ais/katalog/velyur/velyur-elefante.html;photos/Аметист/Elefante/Elefante_04.jpg;https://xn--80ablbatmgfod1dzgm.xn--90ais/assets/images/products/1021/04.jpg;"мебельныеткани.бел (дилер в РБ; официальный ametist-store.ru закрыт капчей)";2026-09-30
Аметист;Elefante;Elefante 05;05;;Полиэстер - 100%;142;;80000;80000 циклов;;;;69 BYN/п.м. у дилера в РБ;не проверено: сайт Аметиста недоступен;https://xn--80ablbatmgfod1dzgm.xn--90ais/katalog/velyur/velyur-elefante.html;photos/Аметист/Elefante/Elefante_05.jpg;https://xn--80ablbatmgfod1dzgm.xn--90ais/assets/images/products/1021/05.jpg;"мебельныеткани.бел (дилер в РБ; официальный ametist-store.ru закрыт капчей)";2026-09-30
Аметист;Elefante;Elefante 06;06;;Полиэстер - 100%;142;;80000;80000 циклов;;;;69 BYN/п.м. у дилера в РБ;не проверено: сайт Аметиста недоступен;https://xn--80ablbatmgfod1dzgm.xn--90ais/katalog/velyur/velyur-elefante.html;photos/Аметист/Elefante/Elefante_06.jpg;https://xn--80ablbatmgfod1dzgm.xn--90ais/assets/images/products/1021/06.jpg;"мебельныеткани.бел (дилер в РБ; официальный ametist-store.ru закрыт капчей)";2026-09-30
Аметист;Elefante;Elefante 07;07;;Полиэстер - 100%;142;;80000;80000 циклов;;;;69 BYN/п.м. у дилера в РБ;не проверено: сайт Аметиста недоступен;https://xn--80ablbatmgfod1dzgm.xn--90ais/katalog/velyur/velyur-elefante.html;photos/Аметист/Elefante/Elefante_07.jpg;https://xn--80ablbatmgfod1dzgm.xn--90ais/assets/images/products/1021/07.jpg;"мебельныеткани.бел (дилер в РБ; официальный ametist-store.ru закрыт капчей)";2026-09-30
Аметист;Elefante;Elefante 08;08;;Полиэстер - 100%;142;;80000;80000 циклов;;;;69 BYN/п.м. у дилера в РБ;не проверено: сайт Аметиста недоступен;https://xn--80ablbatmgfod1dzgm.xn--90ais/katalog/velyur/velyur-elefante.html;photos/Аметист/Elefante/Elefante_08.jpg;https://xn--80ablbatmgfod1dzgm.xn--90ais/assets/images/products/1021/08.jpg;"мебельныеткани.бел (дилер в РБ; официальный ametist-store.ru закрыт капчей)";2026-09-30
Аметист;Elefante;Elefante 09;09;;Полиэстер - 100%;142;;80000;80000 циклов;;;;69 BYN/п.м. у дилера в РБ;не проверено: сайт Аметиста недоступен;https://xn--80ablbatmgfod1dzgm.xn--90ais/katalog/velyur/velyur-elefante.html;photos/Аметист/Elefante/Elefante_09.jpg;https://xn--80ablbatmgfod1dzgm.xn--90ais/assets/images/products/1021/09.jpg;"мебельныеткани.бел (дилер в РБ; официальный ametist-store.ru закрыт капчей)";2026-09-30
Аметист;Elefante;Elefante 10;10;;Полиэстер - 100%;142;;80000;80000 циклов;;;;69 BYN/п.м. у дилера в РБ;не проверено: сайт Аметиста недоступен;https://xn--80ablbatmgfod1dzgm.xn--90ais/katalog/velyur/velyur-elefante.html;photos/Аметист/Elefante/Elefante_10.jpg;https://xn--80ablbatmgfod1dzgm.xn--90ais/assets/images/products/1021/10.jpg;"мебельныеткани.бел (дилер в РБ; официальный ametist-store.ru закрыт капчей)";2026-09-30
Аметист;Elefante;Elefante 11;11;;Полиэстер - 100%;142;;80000;80000 циклов;;;;69 BYN/п.м. у дилера в РБ;не проверено: сайт Аметиста недоступен;https://xn--80ablbatmgfod1dzgm.xn--90ais/katalog/velyur/velyur-elefante.html;photos/Аметист/Elefante/Elefante_11.jpg;https://xn--80ablbatmgfod1dzgm.xn--90ais/assets/images/products/1021/11.jpg;"мебельныеткани.бел (дилер в РБ; официальный ametist-store.ru закрыт капчей)";2026-09-30
Аметист;Felicita;Felicita 01;01;;Полиэстер - 100%;146;345 (г/кв.м);70000;70000 циклов;;;;99 BYN/п.м. у дилера в РБ;не проверено: сайт Аметиста недоступен;https://xn--80ablbatmgfod1dzgm.xn--90ais/katalog/velyur/velyur-felicita.html;photos/Аметист/Felicita/Felicita_01.jpg;https://xn--80ablbatmgfod1dzgm.xn--90ais/assets/images/products/952/01.jpg;"мебельныеткани.бел (дилер в РБ; официальный ametist-store.ru закрыт капчей)";2026-09-30
Аметист;Felicita;Felicita 02;02;;Полиэстер - 100%;146;345 (г/кв.м);70000;70000 циклов;;;;99 BYN/п.м. у дилера в РБ;не проверено: сайт Аметиста недоступен;https://xn--80ablbatmgfod1dzgm.xn--90ais/katalog/velyur/velyur-felicita.html;photos/Аметист/Felicita/Felicita_02.jpg;https://xn--80ablbatmgfod1dzgm.xn--90ais/assets/images/products/952/02.jpg;"мебельныеткани.бел (дилер в РБ; официальный ametist-store.ru закрыт капчей)";2026-09-30
Аметист;Felicita;Felicita 03;03;;Полиэстер - 100%;146;345 (г/кв.м);70000;70000 циклов;;;;99 BYN/п.м. у дилера в РБ;не проверено: сайт Аметиста недоступен;https://xn--80ablbatmgfod1dzgm.xn--90ais/katalog/velyur/velyur-felicita.html;photos/Аметист/Felicita/Felicita_03.jpg;https://xn--80ablbatmgfod1dzgm.xn--90ais/assets/images/products/952/03.jpg;"мебельныеткани.бел (дилер в РБ; официальный ametist-store.ru закрыт капчей)";2026-09-30
Аметист;Felicita;Felicita 04;04;;Полиэстер - 100%;146;345 (г/кв.м);70000;70000 циклов;;;;99 BYN/п.м. у дилера в РБ;не проверено: сайт Аметиста недоступен;https://xn--80ablbatmgfod1dzgm.xn--90ais/katalog/velyur/velyur-felicita.html;photos/Аметист/Felicita/Felicita_04.jpg;https://xn--80ablbatmgfod1dzgm.xn--90ais/assets/images/products/952/04.jpg;"мебельныеткани.бел (дилер в РБ; официальный ametist-store.ru закрыт капчей)";2026-09-30
Аметист;Felicita;Felicita 05;05;;Полиэстер - 100%;146;345 (г/кв.м);70000;70000 циклов;;;;99 BYN/п.м. у дилера в РБ;не проверено: сайт Аметиста недоступен;https://xn--80ablbatmgfod1dzgm.xn--90ais/katalog/velyur/velyur-felicita.html;photos/Аметист/Felicita/Felicita_05.jpg;https://xn--80ablbatmgfod1dzgm.xn--90ais/assets/images/products/952/05.jpg;"мебельныеткани.бел (дилер в РБ; официальный ametist-store.ru закрыт капчей)";2026-09-30
Аметист;Felicita;Felicita 06;06;;Полиэстер - 100%;146;345 (г/кв.м);70000;70000 циклов;;;;99 BYN/п.м. у дилера в РБ;не проверено: сайт Аметиста недоступен;https://xn--80ablbatmgfod1dzgm.xn--90ais/katalog/velyur/velyur-felicita.html;photos/Аметист/Felicita/Felicita_06.jpg;https://xn--80ablbatmgfod1dzgm.xn--90ais/assets/images/products/952/06.jpg;"мебельныеткани.бел (дилер в РБ; официальный ametist-store.ru закрыт капчей)";2026-09-30
Аметист;Felicita;Felicita 07;07;;Полиэстер - 100%;146;345 (г/кв.м);70000;70000 циклов;;;;99 BYN/п.м. у дилера в РБ;не проверено: сайт Аметиста недоступен;https://xn--80ablbatmgfod1dzgm.xn--90ais/katalog/velyur/velyur-felicita.html;photos/Аметист/Felicita/Felicita_07.jpg;https://xn--80ablbatmgfod1dzgm.xn--90ais/assets/images/products/952/07.jpg;"мебельныеткани.бел (дилер в РБ; официальный ametist-store.ru закрыт капчей)";2026-09-30
Аметист;Felicita;Felicita 08;08;;Полиэстер - 100%;146;345 (г/кв.м);70000;70000 циклов;;;;99 BYN/п.м. у дилера в РБ;не проверено: сайт Аметиста недоступен;https://xn--80ablbatmgfod1dzgm.xn--90ais/katalog/velyur/velyur-felicita.html;photos/Аметист/Felicita/Felicita_08.jpg;https://xn--80ablbatmgfod1dzgm.xn--90ais/assets/images/products/952/08.jpg;"мебельныеткани.бел (дилер в РБ; официальный ametist-store.ru закрыт капчей)";2026-09-30
Аметист;Felicita;Felicita 09;09;;Полиэстер - 100%;146;345 (г/кв.м);70000;70000 циклов;;;;99 BYN/п.м. у дилера в РБ;не проверено: сайт Аметиста недоступен;https://xn--80ablbatmgfod1dzgm.xn--90ais/katalog/velyur/velyur-felicita.html;photos/Аметист/Felicita/Felicita_09.jpg;https://xn--80ablbatmgfod1dzgm.xn--90ais/assets/images/products/952/09.jpg;"мебельныеткани.бел (дилер в РБ; официальный ametist-store.ru закрыт капчей)";2026-09-30
Аметист;Felicita;Felicita 10;10;;Полиэстер - 100%;146;345 (г/кв.м);70000;70000 циклов;;;;99 BYN/п.м. у дилера в РБ;не проверено: сайт Аметиста недоступен;https://xn--80ablbatmgfod1dzgm.xn--90ais/katalog/velyur/velyur-felicita.html;photos/Аметист/Felicita/Felicita_10.jpg;https://xn--80ablbatmgfod1dzgm.xn--90ais/assets/images/products/952/10.jpg;"мебельныеткани.бел (дилер в РБ; официальный ametist-store.ru закрыт капчей)";2026-09-30
Аметист;Felicita;Felicita 11;11;;Полиэстер - 100%;146;345 (г/кв.м);70000;70000 циклов;;;;99 BYN/п.м. у дилера в РБ;не проверено: сайт Аметиста недоступен;https://xn--80ablbatmgfod1dzgm.xn--90ais/katalog/velyur/velyur-felicita.html;photos/Аметист/Felicita/Felicita_11.jpg;https://xn--80ablbatmgfod1dzgm.xn--90ais/assets/images/products/952/11.jpg;"мебельныеткани.бел (дилер в РБ; официальный ametist-store.ru закрыт капчей)";2026-09-30
Аметист;Felicita;Felicita 12;12;;Полиэстер - 100%;146;345 (г/кв.м);70000;70000 циклов;;;;99 BYN/п.м. у дилера в РБ;не проверено: сайт Аметиста недоступен;https://xn--80ablbatmgfod1dzgm.xn--90ais/katalog/velyur/velyur-felicita.html;photos/Аметист/Felicita/Felicita_12.jpg;https://xn--80ablbatmgfod1dzgm.xn--90ais/assets/images/products/952/12.jpg;"мебельныеткани.бел (дилер в РБ; официальный ametist-store.ru закрыт капчей)";2026-09-30
Аметист;Felicita;Felicita 13;13;;Полиэстер - 100%;146;345 (г/кв.м);70000;70000 циклов;;;;99 BYN/п.м. у дилера в РБ;не проверено: сайт Аметиста недоступен;https://xn--80ablbatmgfod1dzgm.xn--90ais/katalog/velyur/velyur-felicita.html;photos/Аметист/Felicita/Felicita_13.jpg;https://xn--80ablbatmgfod1dzgm.xn--90ais/assets/images/products/952/13.jpg;"мебельныеткани.бел (дилер в РБ; официальный ametist-store.ru закрыт капчей)";2026-09-30
Аметист;Felicita;Felicita 14;14;;Полиэстер - 100%;146;345 (г/кв.м);70000;70000 циклов;;;;99 BYN/п.м. у дилера в РБ;не проверено: сайт Аметиста недоступен;https://xn--80ablbatmgfod1dzgm.xn--90ais/katalog/velyur/velyur-felicita.html;photos/Аметист/Felicita/Felicita_14.jpg;https://xn--80ablbatmgfod1dzgm.xn--90ais/assets/images/products/952/14.jpg;"мебельныеткани.бел (дилер в РБ; официальный ametist-store.ru закрыт капчей)";2026-09-30
Аметист;Felicita;Felicita 15;15;;Полиэстер - 100%;146;345 (г/кв.м);70000;70000 циклов;;;;99 BYN/п.м. у дилера в РБ;не проверено: сайт Аметиста недоступен;https://xn--80ablbatmgfod1dzgm.xn--90ais/katalog/velyur/velyur-felicita.html;photos/Аметист/Felicita/Felicita_15.jpg;https://xn--80ablbatmgfod1dzgm.xn--90ais/assets/images/products/952/15.jpg;"мебельныеткани.бел (дилер в РБ; официальный ametist-store.ru закрыт капчей)";2026-09-30
Аметист;Felicita;Felicita 16;16;;Полиэстер - 100%;146;345 (г/кв.м);70000;70000 циклов;;;;99 BYN/п.м. у дилера в РБ;не проверено: сайт Аметиста недоступен;https://xn--80ablbatmgfod1dzgm.xn--90ais/katalog/velyur/velyur-felicita.html;photos/Аметист/Felicita/Felicita_16.jpg;https://xn--80ablbatmgfod1dzgm.xn--90ais/assets/images/products/952/16.jpg;"мебельныеткани.бел (дилер в РБ; официальный ametist-store.ru закрыт капчей)";2026-09-30
Аметист;Felicita;Felicita 17;17;;Полиэстер - 100%;146;345 (г/кв.м);70000;70000 циклов;;;;99 BYN/п.м. у дилера в РБ;не проверено: сайт Аметиста недоступен;https://xn--80ablbatmgfod1dzgm.xn--90ais/katalog/velyur/velyur-felicita.html;photos/Аметист/Felicita/Felicita_17.jpg;https://xn--80ablbatmgfod1dzgm.xn--90ais/assets/images/products/952/17.jpg;"мебельныеткани.бел (дилер в РБ; официальный ametist-store.ru закрыт капчей)";2026-09-30
Аметист;Felicita Strada;Felicita Strada 01;01;;Полиэстер - 100%;148;340 (г/кв.м);70000;70000 циклов;;;;114 BYN/п.м. у дилера в РБ;не проверено: сайт Аметиста недоступен;https://xn--80ablbatmgfod1dzgm.xn--90ais/katalog/velyur/velyur-felicita-strada.html;photos/Аметист/Felicita_Strada/Felicita_Strada_01.jpg;https://xn--80ablbatmgfod1dzgm.xn--90ais/assets/images/products/953/01.jpg;"мебельныеткани.бел (дилер в РБ; официальный ametist-store.ru закрыт капчей)";2026-09-30
Аметист;Felicita Strada;Felicita Strada 02;02;;Полиэстер - 100%;148;340 (г/кв.м);70000;70000 циклов;;;;114 BYN/п.м. у дилера в РБ;не проверено: сайт Аметиста недоступен;https://xn--80ablbatmgfod1dzgm.xn--90ais/katalog/velyur/velyur-felicita-strada.html;photos/Аметист/Felicita_Strada/Felicita_Strada_02.jpg;https://xn--80ablbatmgfod1dzgm.xn--90ais/assets/images/products/953/02.jpg;"мебельныеткани.бел (дилер в РБ; официальный ametist-store.ru закрыт капчей)";2026-09-30
Аметист;Felicita Strada;Felicita Strada 03;03;;Полиэстер - 100%;148;340 (г/кв.м);70000;70000 циклов;;;;114 BYN/п.м. у дилера в РБ;не проверено: сайт Аметиста недоступен;https://xn--80ablbatmgfod1dzgm.xn--90ais/katalog/velyur/velyur-felicita-strada.html;photos/Аметист/Felicita_Strada/Felicita_Strada_03.jpg;https://xn--80ablbatmgfod1dzgm.xn--90ais/assets/images/products/953/03.jpg;"мебельныеткани.бел (дилер в РБ; официальный ametist-store.ru закрыт капчей)";2026-09-30
Аметист;Felicita Strada;Felicita Strada 04;04;;Полиэстер - 100%;148;340 (г/кв.м);70000;70000 циклов;;;;114 BYN/п.м. у дилера в РБ;не проверено: сайт Аметиста недоступен;https://xn--80ablbatmgfod1dzgm.xn--90ais/katalog/velyur/velyur-felicita-strada.html;photos/Аметист/Felicita_Strada/Felicita_Strada_04.jpg;https://xn--80ablbatmgfod1dzgm.xn--90ais/assets/images/products/953/04.jpg;"мебельныеткани.бел (дилер в РБ; официальный ametist-store.ru закрыт капчей)";2026-09-30
Аметист;Felicita Strada;Felicita Strada 05;05;;Полиэстер - 100%;148;340 (г/кв.м);70000;70000 циклов;;;;114 BYN/п.м. у дилера в РБ;не проверено: сайт Аметиста недоступен;https://xn--80ablbatmgfod1dzgm.xn--90ais/katalog/velyur/velyur-felicita-strada.html;photos/Аметист/Felicita_Strada/Felicita_Strada_05.jpg;https://xn--80ablbatmgfod1dzgm.xn--90ais/assets/images/products/953/05.jpg;"мебельныеткани.бел (дилер в РБ; официальный ametist-store.ru закрыт капчей)";2026-09-30
Аметист;Felicita Strada;Felicita Strada 06;06;;Полиэстер - 100%;148;340 (г/кв.м);70000;70000 циклов;;;;114 BYN/п.м. у дилера в РБ;не проверено: сайт Аметиста недоступен;https://xn--80ablbatmgfod1dzgm.xn--90ais/katalog/velyur/velyur-felicita-strada.html;photos/Аметист/Felicita_Strada/Felicita_Strada_06.jpg;https://xn--80ablbatmgfod1dzgm.xn--90ais/assets/images/products/953/06.jpg;"мебельныеткани.бел (дилер в РБ; официальный ametist-store.ru закрыт капчей)";2026-09-30
Аметист;Felicita Strada;Felicita Strada 07;07;;Полиэстер - 100%;148;340 (г/кв.м);70000;70000 циклов;;;;114 BYN/п.м. у дилера в РБ;не проверено: сайт Аметиста недоступен;https://xn--80ablbatmgfod1dzgm.xn--90ais/katalog/velyur/velyur-felicita-strada.html;photos/Аметист/Felicita_Strada/Felicita_Strada_07.jpg;https://xn--80ablbatmgfod1dzgm.xn--90ais/assets/images/products/953/07.jpg;"мебельныеткани.бел (дилер в РБ; официальный ametist-store.ru закрыт капчей)";2026-09-30
Аметист;Felicita Strada;Felicita Strada 08;08;;Полиэстер - 100%;148;340 (г/кв.м);70000;70000 циклов;;;;114 BYN/п.м. у дилера в РБ;не проверено: сайт Аметиста недоступен;https://xn--80ablbatmgfod1dzgm.xn--90ais/katalog/velyur/velyur-felicita-strada.html;photos/Аметист/Felicita_Strada/Felicita_Strada_08.jpg;https://xn--80ablbatmgfod1dzgm.xn--90ais/assets/images/products/953/08.jpg;"мебельныеткани.бел (дилер в РБ; официальный ametist-store.ru закрыт капчей)";2026-09-30
Аметист;Felicita Strada;Felicita Strada 09;09;;Полиэстер - 100%;148;340 (г/кв.м);70000;70000 циклов;;;;114 BYN/п.м. у дилера в РБ;не проверено: сайт Аметиста недоступен;https://xn--80ablbatmgfod1dzgm.xn--90ais/katalog/velyur/velyur-felicita-strada.html;photos/Аметист/Felicita_Strada/Felicita_Strada_09.jpg;https://xn--80ablbatmgfod1dzgm.xn--90ais/assets/images/products/953/09.jpg;"мебельныеткани.бел (дилер в РБ; официальный ametist-store.ru закрыт капчей)";2026-09-30
Аметист;Felicita Strada;Felicita Strada 10;10;;Полиэстер - 100%;148;340 (г/кв.м);70000;70000 циклов;;;;114 BYN/п.м. у дилера в РБ;не проверено: сайт Аметиста недоступен;https://xn--80ablbatmgfod1dzgm.xn--90ais/katalog/velyur/velyur-felicita-strada.html;photos/Аметист/Felicita_Strada/Felicita_Strada_10.jpg;https://xn--80ablbatmgfod1dzgm.xn--90ais/assets/images/products/953/10.jpg;"мебельныеткани.бел (дилер в РБ; официальный ametist-store.ru закрыт капчей)";2026-09-30
Аметист;Felicita Strada;Felicita Strada 11;11;;Полиэстер - 100%;148;340 (г/кв.м);70000;70000 циклов;;;;114 BYN/п.м. у дилера в РБ;не проверено: сайт Аметиста недоступен;https://xn--80ablbatmgfod1dzgm.xn--90ais/katalog/velyur/velyur-felicita-strada.html;photos/Аметист/Felicita_Strada/Felicita_Strada_11.jpg;https://xn--80ablbatmgfod1dzgm.xn--90ais/assets/images/products/953/11.jpg;"мебельныеткани.бел (дилер в РБ; официальный ametist-store.ru закрыт капчей)";2026-09-30
Аметист;Felicita Strada;Felicita Strada 12;12;;Полиэстер - 100%;148;340 (г/кв.м);70000;70000 циклов;;;;114 BYN/п.м. у дилера в РБ;не проверено: сайт Аметиста недоступен;https://xn--80ablbatmgfod1dzgm.xn--90ais/katalog/velyur/velyur-felicita-strada.html;photos/Аметист/Felicita_Strada/Felicita_Strada_12.jpg;https://xn--80ablbatmgfod1dzgm.xn--90ais/assets/images/products/953/12.jpg;"мебельныеткани.бел (дилер в РБ; официальный ametist-store.ru закрыт капчей)";2026-09-30
Аметист;Felicita Strada;Felicita Strada 13;13;;Полиэстер - 100%;148;340 (г/кв.м);70000;70000 циклов;;;;114 BYN/п.м. у дилера в РБ;не проверено: сайт Аметиста недоступен;https://xn--80ablbatmgfod1dzgm.xn--90ais/katalog/velyur/velyur-felicita-strada.html;photos/Аметист/Felicita_Strada/Felicita_Strada_13.jpg;https://xn--80ablbatmgfod1dzgm.xn--90ais/assets/images/products/953/13.jpg;"мебельныеткани.бел (дилер в РБ; официальный ametist-store.ru закрыт капчей)";2026-09-30
Аметист;Felicita Strada;Felicita Strada 14;14;;Полиэстер - 100%;148;340 (г/кв.м);70000;70000 циклов;;;;114 BYN/п.м. у дилера в РБ;не проверено: сайт Аметиста недоступен;https://xn--80ablbatmgfod1dzgm.xn--90ais/katalog/velyur/velyur-felicita-strada.html;photos/Аметист/Felicita_Strada/Felicita_Strada_14.jpg;https://xn--80ablbatmgfod1dzgm.xn--90ais/assets/images/products/953/14.jpg;"мебельныеткани.бел (дилер в РБ; официальный ametist-store.ru закрыт капчей)";2026-09-30
Аметист;Felicita Strada;Felicita Strada 15;15;;Полиэстер - 100%;148;340 (г/кв.м);70000;70000 циклов;;;;114 BYN/п.м. у дилера в РБ;не проверено: сайт Аметиста недоступен;https://xn--80ablbatmgfod1dzgm.xn--90ais/katalog/velyur/velyur-felicita-strada.html;photos/Аметист/Felicita_Strada/Felicita_Strada_15.jpg;https://xn--80ablbatmgfod1dzgm.xn--90ais/assets/images/products/953/15.jpg;"мебельныеткани.бел (дилер в РБ; официальный ametist-store.ru закрыт капчей)";2026-09-30
Аметист;Felicita Strada;Felicita Strada 16;16;;Полиэстер - 100%;148;340 (г/кв.м);70000;70000 циклов;;;;114 BYN/п.м. у дилера в РБ;не проверено: сайт Аметиста недоступен;https://xn--80ablbatmgfod1dzgm.xn--90ais/katalog/velyur/velyur-felicita-strada.html;photos/Аметист/Felicita_Strada/Felicita_Strada_16.jpg;https://xn--80ablbatmgfod1dzgm.xn--90ais/assets/images/products/953/16.jpg;"мебельныеткани.бел (дилер в РБ; официальный ametist-store.ru закрыт капчей)";2026-09-30
Аметист;Felicita Strada;Felicita Strada 17;17;;Полиэстер - 100%;148;340 (г/кв.м);70000;70000 циклов;;;;114 BYN/п.м. у дилера в РБ;не проверено: сайт Аметиста недоступен;https://xn--80ablbatmgfod1dzgm.xn--90ais/katalog/velyur/velyur-felicita-strada.html;photos/Аметист/Felicita_Strada/Felicita_Strada_17.jpg;https://xn--80ablbatmgfod1dzgm.xn--90ais/assets/images/products/953/17.jpg;"мебельныеткани.бел (дилер в РБ; официальный ametist-store.ru закрыт капчей)";2026-09-30
Аметист;Generation;Generation 04;04;;Полиэстер - 100%;142;450 (г/кв.м);80000;80000 циклов;;;;77 BYN/п.м. у дилера в РБ;не проверено: сайт Аметиста недоступен;https://xn--80ablbatmgfod1dzgm.xn--90ais/katalog/velyur/velyur-generation.html;photos/Аметист/Generation/Generation_04.jpg;https://xn--80ablbatmgfod1dzgm.xn--90ais/assets/images/products/829/04.jpg;"мебельныеткани.бел (дилер в РБ; официальный ametist-store.ru закрыт капчей)";2026-09-30
Аметист;Generation;Generation 06;06;;Полиэстер - 100%;142;450 (г/кв.м);80000;80000 циклов;;;;77 BYN/п.м. у дилера в РБ;не проверено: сайт Аметиста недоступен;https://xn--80ablbatmgfod1dzgm.xn--90ais/katalog/velyur/velyur-generation.html;photos/Аметист/Generation/Generation_06.jpg;https://xn--80ablbatmgfod1dzgm.xn--90ais/assets/images/products/829/06.jpg;"мебельныеткани.бел (дилер в РБ; официальный ametist-store.ru закрыт капчей)";2026-09-30
Аметист;Generation;Generation 10;10;;Полиэстер - 100%;142;450 (г/кв.м);80000;80000 циклов;;;;77 BYN/п.м. у дилера в РБ;не проверено: сайт Аметиста недоступен;https://xn--80ablbatmgfod1dzgm.xn--90ais/katalog/velyur/velyur-generation.html;photos/Аметист/Generation/Generation_10.jpg;https://xn--80ablbatmgfod1dzgm.xn--90ais/assets/images/products/829/10.jpg;"мебельныеткани.бел (дилер в РБ; официальный ametist-store.ru закрыт капчей)";2026-09-30
Аметист;Generation;Generation 11;11;;Полиэстер - 100%;142;450 (г/кв.м);80000;80000 циклов;;;;77 BYN/п.м. у дилера в РБ;не проверено: сайт Аметиста недоступен;https://xn--80ablbatmgfod1dzgm.xn--90ais/katalog/velyur/velyur-generation.html;photos/Аметист/Generation/Generation_11.jpg;https://xn--80ablbatmgfod1dzgm.xn--90ais/assets/images/products/829/11.jpg;"мебельныеткани.бел (дилер в РБ; официальный ametist-store.ru закрыт капчей)";2026-09-30
Аметист;Generation;Generation 12;12;;Полиэстер - 100%;142;450 (г/кв.м);80000;80000 циклов;;;;77 BYN/п.м. у дилера в РБ;не проверено: сайт Аметиста недоступен;https://xn--80ablbatmgfod1dzgm.xn--90ais/katalog/velyur/velyur-generation.html;photos/Аметист/Generation/Generation_12.jpg;https://xn--80ablbatmgfod1dzgm.xn--90ais/assets/images/products/829/12.jpg;"мебельныеткани.бел (дилер в РБ; официальный ametist-store.ru закрыт капчей)";2026-09-30
Аметист;Generation;Generation 13;13;;Полиэстер - 100%;142;450 (г/кв.м);80000;80000 циклов;;;;77 BYN/п.м. у дилера в РБ;не проверено: сайт Аметиста недоступен;https://xn--80ablbatmgfod1dzgm.xn--90ais/katalog/velyur/velyur-generation.html;photos/Аметист/Generation/Generation_13.jpg;https://xn--80ablbatmgfod1dzgm.xn--90ais/assets/images/products/829/13.jpg;"мебельныеткани.бел (дилер в РБ; официальный ametist-store.ru закрыт капчей)";2026-09-30
Аметист;Generation;Generation 35;35;;Полиэстер - 100%;142;450 (г/кв.м);80000;80000 циклов;;;;77 BYN/п.м. у дилера в РБ;не проверено: сайт Аметиста недоступен;https://xn--80ablbatmgfod1dzgm.xn--90ais/katalog/velyur/velyur-generation.html;photos/Аметист/Generation/Generation_35.jpg;https://xn--80ablbatmgfod1dzgm.xn--90ais/assets/images/products/829/35.jpg;"мебельныеткани.бел (дилер в РБ; официальный ametist-store.ru закрыт капчей)";2026-09-30
Аметист;Generation;Generation 101;101;;Полиэстер - 100%;142;450 (г/кв.м);80000;80000 циклов;;;;77 BYN/п.м. у дилера в РБ;не проверено: сайт Аметиста недоступен;https://xn--80ablbatmgfod1dzgm.xn--90ais/katalog/velyur/velyur-generation.html;photos/Аметист/Generation/Generation_101.jpg;https://xn--80ablbatmgfod1dzgm.xn--90ais/assets/images/products/829/101.jpg;"мебельныеткани.бел (дилер в РБ; официальный ametist-store.ru закрыт капчей)";2026-09-30
Аметист;Generation;Generation 105;105;;Полиэстер - 100%;142;450 (г/кв.м);80000;80000 циклов;;;;77 BYN/п.м. у дилера в РБ;не проверено: сайт Аметиста недоступен;https://xn--80ablbatmgfod1dzgm.xn--90ais/katalog/velyur/velyur-generation.html;photos/Аметист/Generation/Generation_105.jpg;https://xn--80ablbatmgfod1dzgm.xn--90ais/assets/images/products/829/105.jpg;"мебельныеткани.бел (дилер в РБ; официальный ametist-store.ru закрыт капчей)";2026-09-30
Аметист;Generation;Generation 106;106;;Полиэстер - 100%;142;450 (г/кв.м);80000;80000 циклов;;;;77 BYN/п.м. у дилера в РБ;не проверено: сайт Аметиста недоступен;https://xn--80ablbatmgfod1dzgm.xn--90ais/katalog/velyur/velyur-generation.html;photos/Аметист/Generation/Generation_106.jpg;https://xn--80ablbatmgfod1dzgm.xn--90ais/assets/images/products/829/106.jpg;"мебельныеткани.бел (дилер в РБ; официальный ametist-store.ru закрыт капчей)";2026-09-30
Аметист;Generation;Generation 107;107;;Полиэстер - 100%;142;450 (г/кв.м);80000;80000 циклов;;;;77 BYN/п.м. у дилера в РБ;не проверено: сайт Аметиста недоступен;https://xn--80ablbatmgfod1dzgm.xn--90ais/katalog/velyur/velyur-generation.html;photos/Аметист/Generation/Generation_107.jpg;https://xn--80ablbatmgfod1dzgm.xn--90ais/assets/images/products/829/107.jpg;"мебельныеткани.бел (дилер в РБ; официальный ametist-store.ru закрыт капчей)";2026-09-30
Аметист;Generation;Generation 108;108;;Полиэстер - 100%;142;450 (г/кв.м);80000;80000 циклов;;;;77 BYN/п.м. у дилера в РБ;не проверено: сайт Аметиста недоступен;https://xn--80ablbatmgfod1dzgm.xn--90ais/katalog/velyur/velyur-generation.html;photos/Аметист/Generation/Generation_108.jpg;https://xn--80ablbatmgfod1dzgm.xn--90ais/assets/images/products/829/108.jpg;"мебельныеткани.бел (дилер в РБ; официальный ametist-store.ru закрыт капчей)";2026-09-30
Аметист;Generation;Generation 109;109;;Полиэстер - 100%;142;450 (г/кв.м);80000;80000 циклов;;;;77 BYN/п.м. у дилера в РБ;не проверено: сайт Аметиста недоступен;https://xn--80ablbatmgfod1dzgm.xn--90ais/katalog/velyur/velyur-generation.html;photos/Аметист/Generation/Generation_109.jpg;https://xn--80ablbatmgfod1dzgm.xn--90ais/assets/images/products/829/109.jpg;"мебельныеткани.бел (дилер в РБ; официальный ametist-store.ru закрыт капчей)";2026-09-30
Аметист;Generation;Generation 110;110;;Полиэстер - 100%;142;450 (г/кв.м);80000;80000 циклов;;;;77 BYN/п.м. у дилера в РБ;не проверено: сайт Аметиста недоступен;https://xn--80ablbatmgfod1dzgm.xn--90ais/katalog/velyur/velyur-generation.html;photos/Аметист/Generation/Generation_110.jpg;https://xn--80ablbatmgfod1dzgm.xn--90ais/assets/images/products/829/110.jpg;"мебельныеткани.бел (дилер в РБ; официальный ametist-store.ru закрыт капчей)";2026-09-30
Аметист;Generation;Generation 111;111;;Полиэстер - 100%;142;450 (г/кв.м);80000;80000 циклов;;;;77 BYN/п.м. у дилера в РБ;не проверено: сайт Аметиста недоступен;https://xn--80ablbatmgfod1dzgm.xn--90ais/katalog/velyur/velyur-generation.html;photos/Аметист/Generation/Generation_111.jpg;https://xn--80ablbatmgfod1dzgm.xn--90ais/assets/images/products/829/111.jpg;"мебельныеткани.бел (дилер в РБ; официальный ametist-store.ru закрыт капчей)";2026-09-30
Аметист;Generation;Generation 115;115;;Полиэстер - 100%;142;450 (г/кв.м);80000;80000 циклов;;;;77 BYN/п.м. у дилера в РБ;не проверено: сайт Аметиста недоступен;https://xn--80ablbatmgfod1dzgm.xn--90ais/katalog/velyur/velyur-generation.html;photos/Аметист/Generation/Generation_115.jpg;https://xn--80ablbatmgfod1dzgm.xn--90ais/assets/images/products/829/115.jpg;"мебельныеткани.бел (дилер в РБ; официальный ametist-store.ru закрыт капчей)";2026-09-30
Аметист;Generation;Generation 116;116;;Полиэстер - 100%;142;450 (г/кв.м);80000;80000 циклов;;;;77 BYN/п.м. у дилера в РБ;не проверено: сайт Аметиста недоступен;https://xn--80ablbatmgfod1dzgm.xn--90ais/katalog/velyur/velyur-generation.html;photos/Аметист/Generation/Generation_116.jpg;https://xn--80ablbatmgfod1dzgm.xn--90ais/assets/images/products/829/116.jpg;"мебельныеткани.бел (дилер в РБ; официальный ametist-store.ru закрыт капчей)";2026-09-30
Аметист;Irida;Irida 1;1;;Полиэстер - 100%;140;460 (г/кв.м);50000;50000 циклов;;;;78 BYN/п.м. у дилера в РБ;не проверено: сайт Аметиста недоступен;https://xn--80ablbatmgfod1dzgm.xn--90ais/katalog/velyur/velyur-irida.html;photos/Аметист/Irida/Irida_1.jpg;https://xn--80ablbatmgfod1dzgm.xn--90ais/assets/images/products/735/1.jpg;"мебельныеткани.бел (дилер в РБ; официальный ametist-store.ru закрыт капчей)";2026-09-30
Аметист;Irida;Irida 2;2;;Полиэстер - 100%;140;460 (г/кв.м);50000;50000 циклов;;;;78 BYN/п.м. у дилера в РБ;не проверено: сайт Аметиста недоступен;https://xn--80ablbatmgfod1dzgm.xn--90ais/katalog/velyur/velyur-irida.html;photos/Аметист/Irida/Irida_2.jpg;https://xn--80ablbatmgfod1dzgm.xn--90ais/assets/images/products/735/2.jpg;"мебельныеткани.бел (дилер в РБ; официальный ametist-store.ru закрыт капчей)";2026-09-30
Аметист;Irida;Irida 3;3;;Полиэстер - 100%;140;460 (г/кв.м);50000;50000 циклов;;;;78 BYN/п.м. у дилера в РБ;не проверено: сайт Аметиста недоступен;https://xn--80ablbatmgfod1dzgm.xn--90ais/katalog/velyur/velyur-irida.html;photos/Аметист/Irida/Irida_3.jpg;https://xn--80ablbatmgfod1dzgm.xn--90ais/assets/images/products/735/3.jpg;"мебельныеткани.бел (дилер в РБ; официальный ametist-store.ru закрыт капчей)";2026-09-30
Аметист;Irida;Irida 4;4;;Полиэстер - 100%;140;460 (г/кв.м);50000;50000 циклов;;;;78 BYN/п.м. у дилера в РБ;не проверено: сайт Аметиста недоступен;https://xn--80ablbatmgfod1dzgm.xn--90ais/katalog/velyur/velyur-irida.html;photos/Аметист/Irida/Irida_4.jpg;https://xn--80ablbatmgfod1dzgm.xn--90ais/assets/images/products/735/4.jpg;"мебельныеткани.бел (дилер в РБ; официальный ametist-store.ru закрыт капчей)";2026-09-30
Аметист;Irida;Irida 5;5;;Полиэстер - 100%;140;460 (г/кв.м);50000;50000 циклов;;;;78 BYN/п.м. у дилера в РБ;не проверено: сайт Аметиста недоступен;https://xn--80ablbatmgfod1dzgm.xn--90ais/katalog/velyur/velyur-irida.html;photos/Аметист/Irida/Irida_5.jpg;https://xn--80ablbatmgfod1dzgm.xn--90ais/assets/images/products/735/5.jpg;"мебельныеткани.бел (дилер в РБ; официальный ametist-store.ru закрыт капчей)";2026-09-30
Аметист;Irida;Irida 6;6;;Полиэстер - 100%;140;460 (г/кв.м);50000;50000 циклов;;;;78 BYN/п.м. у дилера в РБ;не проверено: сайт Аметиста недоступен;https://xn--80ablbatmgfod1dzgm.xn--90ais/katalog/velyur/velyur-irida.html;photos/Аметист/Irida/Irida_6.jpg;https://xn--80ablbatmgfod1dzgm.xn--90ais/assets/images/products/735/6.jpg;"мебельныеткани.бел (дилер в РБ; официальный ametist-store.ru закрыт капчей)";2026-09-30
Аметист;Irida;Irida 7;7;;Полиэстер - 100%;140;460 (г/кв.м);50000;50000 циклов;;;;78 BYN/п.м. у дилера в РБ;не проверено: сайт Аметиста недоступен;https://xn--80ablbatmgfod1dzgm.xn--90ais/katalog/velyur/velyur-irida.html;photos/Аметист/Irida/Irida_7.jpg;https://xn--80ablbatmgfod1dzgm.xn--90ais/assets/images/products/735/7.jpg;"мебельныеткани.бел (дилер в РБ; официальный ametist-store.ru закрыт капчей)";2026-09-30
Аметист;Irida;Irida 8;8;;Полиэстер - 100%;140;460 (г/кв.м);50000;50000 циклов;;;;78 BYN/п.м. у дилера в РБ;не проверено: сайт Аметиста недоступен;https://xn--80ablbatmgfod1dzgm.xn--90ais/katalog/velyur/velyur-irida.html;photos/Аметист/Irida/Irida_8.jpg;https://xn--80ablbatmgfod1dzgm.xn--90ais/assets/images/products/735/8.jpg;"мебельныеткани.бел (дилер в РБ; официальный ametist-store.ru закрыт капчей)";2026-09-30
Аметист;Irida;Irida 9;9;;Полиэстер - 100%;140;460 (г/кв.м);50000;50000 циклов;;;;78 BYN/п.м. у дилера в РБ;не проверено: сайт Аметиста недоступен;https://xn--80ablbatmgfod1dzgm.xn--90ais/katalog/velyur/velyur-irida.html;photos/Аметист/Irida/Irida_9.jpg;https://xn--80ablbatmgfod1dzgm.xn--90ais/assets/images/products/735/9.jpg;"мебельныеткани.бел (дилер в РБ; официальный ametist-store.ru закрыт капчей)";2026-09-30
Аметист;Irida;Irida 10;10;;Полиэстер - 100%;140;460 (г/кв.м);50000;50000 циклов;;;;78 BYN/п.м. у дилера в РБ;не проверено: сайт Аметиста недоступен;https://xn--80ablbatmgfod1dzgm.xn--90ais/katalog/velyur/velyur-irida.html;photos/Аметист/Irida/Irida_10.jpg;https://xn--80ablbatmgfod1dzgm.xn--90ais/assets/images/products/735/10.jpg;"мебельныеткани.бел (дилер в РБ; официальный ametist-store.ru закрыт капчей)";2026-09-30
Аметист;Irida;Irida 11;11;;Полиэстер - 100%;140;460 (г/кв.м);50000;50000 циклов;;;;78 BYN/п.м. у дилера в РБ;не проверено: сайт Аметиста недоступен;https://xn--80ablbatmgfod1dzgm.xn--90ais/katalog/velyur/velyur-irida.html;photos/Аметист/Irida/Irida_11.jpg;https://xn--80ablbatmgfod1dzgm.xn--90ais/assets/images/products/735/11.jpg;"мебельныеткани.бел (дилер в РБ; официальный ametist-store.ru закрыт капчей)";2026-09-30
Аметист;Irida;Irida 12;12;;Полиэстер - 100%;140;460 (г/кв.м);50000;50000 циклов;;;;78 BYN/п.м. у дилера в РБ;не проверено: сайт Аметиста недоступен;https://xn--80ablbatmgfod1dzgm.xn--90ais/katalog/velyur/velyur-irida.html;photos/Аметист/Irida/Irida_12.jpg;https://xn--80ablbatmgfod1dzgm.xn--90ais/assets/images/products/735/12.jpg;"мебельныеткани.бел (дилер в РБ; официальный ametist-store.ru закрыт капчей)";2026-09-30
Аметист;Irida;Irida 13;13;;Полиэстер - 100%;140;460 (г/кв.м);50000;50000 циклов;;;;78 BYN/п.м. у дилера в РБ;не проверено: сайт Аметиста недоступен;https://xn--80ablbatmgfod1dzgm.xn--90ais/katalog/velyur/velyur-irida.html;photos/Аметист/Irida/Irida_13.jpg;https://xn--80ablbatmgfod1dzgm.xn--90ais/assets/images/products/735/13.jpg;"мебельныеткани.бел (дилер в РБ; официальный ametist-store.ru закрыт капчей)";2026-09-30
Аметист;Irida;Irida 14;14;;Полиэстер - 100%;140;460 (г/кв.м);50000;50000 циклов;;;;78 BYN/п.м. у дилера в РБ;не проверено: сайт Аметиста недоступен;https://xn--80ablbatmgfod1dzgm.xn--90ais/katalog/velyur/velyur-irida.html;photos/Аметист/Irida/Irida_14.jpg;https://xn--80ablbatmgfod1dzgm.xn--90ais/assets/images/products/735/14.jpg;"мебельныеткани.бел (дилер в РБ; официальный ametist-store.ru закрыт капчей)";2026-09-30
Аметист;Irida;Irida 15;15;;Полиэстер - 100%;140;460 (г/кв.м);50000;50000 циклов;;;;78 BYN/п.м. у дилера в РБ;не проверено: сайт Аметиста недоступен;https://xn--80ablbatmgfod1dzgm.xn--90ais/katalog/velyur/velyur-irida.html;photos/Аметист/Irida/Irida_15.jpg;https://xn--80ablbatmgfod1dzgm.xn--90ais/assets/images/products/735/15.jpg;"мебельныеткани.бел (дилер в РБ; официальный ametist-store.ru закрыт капчей)";2026-09-30
Аметист;Irida;Irida 16;16;;Полиэстер - 100%;140;460 (г/кв.м);50000;50000 циклов;;;;78 BYN/п.м. у дилера в РБ;не проверено: сайт Аметиста недоступен;https://xn--80ablbatmgfod1dzgm.xn--90ais/katalog/velyur/velyur-irida.html;photos/Аметист/Irida/Irida_16.jpg;https://xn--80ablbatmgfod1dzgm.xn--90ais/assets/images/products/735/16.jpg;"мебельныеткани.бел (дилер в РБ; официальный ametist-store.ru закрыт капчей)";2026-09-30
Аметист;Irida;Irida 17;17;;Полиэстер - 100%;140;460 (г/кв.м);50000;50000 циклов;;;;78 BYN/п.м. у дилера в РБ;не проверено: сайт Аметиста недоступен;https://xn--80ablbatmgfod1dzgm.xn--90ais/katalog/velyur/velyur-irida.html;photos/Аметист/Irida/Irida_17.jpg;https://xn--80ablbatmgfod1dzgm.xn--90ais/assets/images/products/735/17.jpg;"мебельныеткани.бел (дилер в РБ; официальный ametist-store.ru закрыт капчей)";2026-09-30
Аметист;Irida;Irida 18;18;;Полиэстер - 100%;140;460 (г/кв.м);50000;50000 циклов;;;;78 BYN/п.м. у дилера в РБ;не проверено: сайт Аметиста недоступен;https://xn--80ablbatmgfod1dzgm.xn--90ais/katalog/velyur/velyur-irida.html;photos/Аметист/Irida/Irida_18.jpg;https://xn--80ablbatmgfod1dzgm.xn--90ais/assets/images/products/735/18.jpg;"мебельныеткани.бел (дилер в РБ; официальный ametist-store.ru закрыт капчей)";2026-09-30
Аметист;Irida;Irida 19;19;;Полиэстер - 100%;140;460 (г/кв.м);50000;50000 циклов;;;;78 BYN/п.м. у дилера в РБ;не проверено: сайт Аметиста недоступен;https://xn--80ablbatmgfod1dzgm.xn--90ais/katalog/velyur/velyur-irida.html;photos/Аметист/Irida/Irida_19.jpg;https://xn--80ablbatmgfod1dzgm.xn--90ais/assets/images/products/735/19.jpg;"мебельныеткани.бел (дилер в РБ; официальный ametist-store.ru закрыт капчей)";2026-09-30
Аметист;Irida;Irida 20;20;;Полиэстер - 100%;140;460 (г/кв.м);50000;50000 циклов;;;;78 BYN/п.м. у дилера в РБ;не проверено: сайт Аметиста недоступен;https://xn--80ablbatmgfod1dzgm.xn--90ais/katalog/velyur/velyur-irida.html;photos/Аметист/Irida/Irida_20.jpg;https://xn--80ablbatmgfod1dzgm.xn--90ais/assets/images/products/735/20.jpg;"мебельныеткани.бел (дилер в РБ; официальный ametist-store.ru закрыт капчей)";2026-09-30
Аметист;Irida;Irida 21;21;;Полиэстер - 100%;140;460 (г/кв.м);50000;50000 циклов;;;;78 BYN/п.м. у дилера в РБ;не проверено: сайт Аметиста недоступен;https://xn--80ablbatmgfod1dzgm.xn--90ais/katalog/velyur/velyur-irida.html;photos/Аметист/Irida/Irida_21.jpg;https://xn--80ablbatmgfod1dzgm.xn--90ais/assets/images/products/735/21.jpg;"мебельныеткани.бел (дилер в РБ; официальный ametist-store.ru закрыт капчей)";2026-09-30
Аметист;Irida;Irida 22;22;;Полиэстер - 100%;140;460 (г/кв.м);50000;50000 циклов;;;;78 BYN/п.м. у дилера в РБ;не проверено: сайт Аметиста недоступен;https://xn--80ablbatmgfod1dzgm.xn--90ais/katalog/velyur/velyur-irida.html;photos/Аметист/Irida/Irida_22.jpg;https://xn--80ablbatmgfod1dzgm.xn--90ais/assets/images/products/735/22.jpg;"мебельныеткани.бел (дилер в РБ; официальный ametist-store.ru закрыт капчей)";2026-09-30
Аметист;Jaguar;Jaguar 01;01;;Полиэстер - 100%;140;420 (г/кв.м);50000;50000 циклов;;;;64 BYN/п.м. у дилера в РБ;не проверено: сайт Аметиста недоступен;https://xn--80ablbatmgfod1dzgm.xn--90ais/katalog/velyur/velyur-jaguar.html;photos/Аметист/Jaguar/Jaguar_01.jpg;https://xn--80ablbatmgfod1dzgm.xn--90ais/assets/images/products/755/01.jpg;"мебельныеткани.бел (дилер в РБ; официальный ametist-store.ru закрыт капчей)";2026-09-30
Аметист;Jaguar;Jaguar 02;02;;Полиэстер - 100%;140;420 (г/кв.м);50000;50000 циклов;;;;64 BYN/п.м. у дилера в РБ;не проверено: сайт Аметиста недоступен;https://xn--80ablbatmgfod1dzgm.xn--90ais/katalog/velyur/velyur-jaguar.html;photos/Аметист/Jaguar/Jaguar_02.jpg;https://xn--80ablbatmgfod1dzgm.xn--90ais/assets/images/products/755/02.jpg;"мебельныеткани.бел (дилер в РБ; официальный ametist-store.ru закрыт капчей)";2026-09-30
Аметист;Jaguar;Jaguar 03;03;;Полиэстер - 100%;140;420 (г/кв.м);50000;50000 циклов;;;;64 BYN/п.м. у дилера в РБ;не проверено: сайт Аметиста недоступен;https://xn--80ablbatmgfod1dzgm.xn--90ais/katalog/velyur/velyur-jaguar.html;photos/Аметист/Jaguar/Jaguar_03.jpg;https://xn--80ablbatmgfod1dzgm.xn--90ais/assets/images/products/755/03.jpg;"мебельныеткани.бел (дилер в РБ; официальный ametist-store.ru закрыт капчей)";2026-09-30
Аметист;Jaguar;Jaguar 04;04;;Полиэстер - 100%;140;420 (г/кв.м);50000;50000 циклов;;;;64 BYN/п.м. у дилера в РБ;не проверено: сайт Аметиста недоступен;https://xn--80ablbatmgfod1dzgm.xn--90ais/katalog/velyur/velyur-jaguar.html;photos/Аметист/Jaguar/Jaguar_04.jpg;https://xn--80ablbatmgfod1dzgm.xn--90ais/assets/images/products/755/04.jpg;"мебельныеткани.бел (дилер в РБ; официальный ametist-store.ru закрыт капчей)";2026-09-30
Аметист;Jaguar;Jaguar 05;05;;Полиэстер - 100%;140;420 (г/кв.м);50000;50000 циклов;;;;64 BYN/п.м. у дилера в РБ;не проверено: сайт Аметиста недоступен;https://xn--80ablbatmgfod1dzgm.xn--90ais/katalog/velyur/velyur-jaguar.html;photos/Аметист/Jaguar/Jaguar_05.jpg;https://xn--80ablbatmgfod1dzgm.xn--90ais/assets/images/products/755/05.jpg;"мебельныеткани.бел (дилер в РБ; официальный ametist-store.ru закрыт капчей)";2026-09-30
Аметист;Jaguar;Jaguar 06;06;;Полиэстер - 100%;140;420 (г/кв.м);50000;50000 циклов;;;;64 BYN/п.м. у дилера в РБ;не проверено: сайт Аметиста недоступен;https://xn--80ablbatmgfod1dzgm.xn--90ais/katalog/velyur/velyur-jaguar.html;photos/Аметист/Jaguar/Jaguar_06.jpg;https://xn--80ablbatmgfod1dzgm.xn--90ais/assets/images/products/755/06.jpg;"мебельныеткани.бел (дилер в РБ; официальный ametist-store.ru закрыт капчей)";2026-09-30
Аметист;Jaguar;Jaguar 07;07;;Полиэстер - 100%;140;420 (г/кв.м);50000;50000 циклов;;;;64 BYN/п.м. у дилера в РБ;не проверено: сайт Аметиста недоступен;https://xn--80ablbatmgfod1dzgm.xn--90ais/katalog/velyur/velyur-jaguar.html;photos/Аметист/Jaguar/Jaguar_07.jpg;https://xn--80ablbatmgfod1dzgm.xn--90ais/assets/images/products/755/07.jpg;"мебельныеткани.бел (дилер в РБ; официальный ametist-store.ru закрыт капчей)";2026-09-30
Аметист;Jaguar;Jaguar 08;08;;Полиэстер - 100%;140;420 (г/кв.м);50000;50000 циклов;;;;64 BYN/п.м. у дилера в РБ;не проверено: сайт Аметиста недоступен;https://xn--80ablbatmgfod1dzgm.xn--90ais/katalog/velyur/velyur-jaguar.html;photos/Аметист/Jaguar/Jaguar_08.jpg;https://xn--80ablbatmgfod1dzgm.xn--90ais/assets/images/products/755/08.jpg;"мебельныеткани.бел (дилер в РБ; официальный ametist-store.ru закрыт капчей)";2026-09-30
Аметист;Jaguar;Jaguar 09;09;;Полиэстер - 100%;140;420 (г/кв.м);50000;50000 циклов;;;;64 BYN/п.м. у дилера в РБ;не проверено: сайт Аметиста недоступен;https://xn--80ablbatmgfod1dzgm.xn--90ais/katalog/velyur/velyur-jaguar.html;photos/Аметист/Jaguar/Jaguar_09.jpg;https://xn--80ablbatmgfod1dzgm.xn--90ais/assets/images/products/755/09.jpg;"мебельныеткани.бел (дилер в РБ; официальный ametist-store.ru закрыт капчей)";2026-09-30
Аметист;Jaguar;Jaguar 10;10;;Полиэстер - 100%;140;420 (г/кв.м);50000;50000 циклов;;;;64 BYN/п.м. у дилера в РБ;не проверено: сайт Аметиста недоступен;https://xn--80ablbatmgfod1dzgm.xn--90ais/katalog/velyur/velyur-jaguar.html;photos/Аметист/Jaguar/Jaguar_10.jpg;https://xn--80ablbatmgfod1dzgm.xn--90ais/assets/images/products/755/10.jpg;"мебельныеткани.бел (дилер в РБ; официальный ametist-store.ru закрыт капчей)";2026-09-30
Аметист;Jaguar;Jaguar 11;11;;Полиэстер - 100%;140;420 (г/кв.м);50000;50000 циклов;;;;64 BYN/п.м. у дилера в РБ;не проверено: сайт Аметиста недоступен;https://xn--80ablbatmgfod1dzgm.xn--90ais/katalog/velyur/velyur-jaguar.html;photos/Аметист/Jaguar/Jaguar_11.jpg;https://xn--80ablbatmgfod1dzgm.xn--90ais/assets/images/products/755/11.jpg;"мебельныеткани.бел (дилер в РБ; официальный ametist-store.ru закрыт капчей)";2026-09-30
Аметист;Jaguar;Jaguar 12;12;;Полиэстер - 100%;140;420 (г/кв.м);50000;50000 циклов;;;;64 BYN/п.м. у дилера в РБ;не проверено: сайт Аметиста недоступен;https://xn--80ablbatmgfod1dzgm.xn--90ais/katalog/velyur/velyur-jaguar.html;photos/Аметист/Jaguar/Jaguar_12.jpg;https://xn--80ablbatmgfod1dzgm.xn--90ais/assets/images/products/755/12.jpg;"мебельныеткани.бел (дилер в РБ; официальный ametist-store.ru закрыт капчей)";2026-09-30
Аметист;Jaguar;Jaguar 13;13;;Полиэстер - 100%;140;420 (г/кв.м);50000;50000 циклов;;;;64 BYN/п.м. у дилера в РБ;не проверено: сайт Аметиста недоступен;https://xn--80ablbatmgfod1dzgm.xn--90ais/katalog/velyur/velyur-jaguar.html;photos/Аметист/Jaguar/Jaguar_13.jpg;https://xn--80ablbatmgfod1dzgm.xn--90ais/assets/images/products/755/13.jpg;"мебельныеткани.бел (дилер в РБ; официальный ametist-store.ru закрыт капчей)";2026-09-30
Аметист;Jaguar;Jaguar 14;14;;Полиэстер - 100%;140;420 (г/кв.м);50000;50000 циклов;;;;64 BYN/п.м. у дилера в РБ;не проверено: сайт Аметиста недоступен;https://xn--80ablbatmgfod1dzgm.xn--90ais/katalog/velyur/velyur-jaguar.html;photos/Аметист/Jaguar/Jaguar_14.jpg;https://xn--80ablbatmgfod1dzgm.xn--90ais/assets/images/products/755/14.jpg;"мебельныеткани.бел (дилер в РБ; официальный ametist-store.ru закрыт капчей)";2026-09-30
Аметист;Jaguar;Jaguar 15;15;;Полиэстер - 100%;140;420 (г/кв.м);50000;50000 циклов;;;;64 BYN/п.м. у дилера в РБ;не проверено: сайт Аметиста недоступен;https://xn--80ablbatmgfod1dzgm.xn--90ais/katalog/velyur/velyur-jaguar.html;photos/Аметист/Jaguar/Jaguar_15.jpg;https://xn--80ablbatmgfod1dzgm.xn--90ais/assets/images/products/755/15.jpg;"мебельныеткани.бел (дилер в РБ; официальный ametist-store.ru закрыт капчей)";2026-09-30
Аметист;Jaguar;Jaguar 16;16;;Полиэстер - 100%;140;420 (г/кв.м);50000;50000 циклов;;;;64 BYN/п.м. у дилера в РБ;не проверено: сайт Аметиста недоступен;https://xn--80ablbatmgfod1dzgm.xn--90ais/katalog/velyur/velyur-jaguar.html;photos/Аметист/Jaguar/Jaguar_16.jpg;https://xn--80ablbatmgfod1dzgm.xn--90ais/assets/images/products/755/16.jpg;"мебельныеткани.бел (дилер в РБ; официальный ametist-store.ru закрыт капчей)";2026-09-30
Аметист;Jaguar;Jaguar 17;17;;Полиэстер - 100%;140;420 (г/кв.м);50000;50000 циклов;;;;64 BYN/п.м. у дилера в РБ;не проверено: сайт Аметиста недоступен;https://xn--80ablbatmgfod1dzgm.xn--90ais/katalog/velyur/velyur-jaguar.html;photos/Аметист/Jaguar/Jaguar_17.jpg;https://xn--80ablbatmgfod1dzgm.xn--90ais/assets/images/products/755/17.jpg;"мебельныеткани.бел (дилер в РБ; официальный ametist-store.ru закрыт капчей)";2026-09-30
Аметист;Jaguar;Jaguar 18;18;;Полиэстер - 100%;140;420 (г/кв.м);50000;50000 циклов;;;;64 BYN/п.м. у дилера в РБ;не проверено: сайт Аметиста недоступен;https://xn--80ablbatmgfod1dzgm.xn--90ais/katalog/velyur/velyur-jaguar.html;photos/Аметист/Jaguar/Jaguar_18.jpg;https://xn--80ablbatmgfod1dzgm.xn--90ais/assets/images/products/755/18.jpg;"мебельныеткани.бел (дилер в РБ; официальный ametist-store.ru закрыт капчей)";2026-09-30
Аметист;Lambi;Lambi 01;01;;Полиэстер - 100%;140;420 (г/кв.м);100000;100000 циклов;;;;80 BYN/п.м. у дилера в РБ;не проверено: сайт Аметиста недоступен;https://xn--80ablbatmgfod1dzgm.xn--90ais/katalog/velyur/velyur-lambi.html;photos/Аметист/Lambi/Lambi_01.jpg;https://xn--80ablbatmgfod1dzgm.xn--90ais/assets/images/products/738/01.jpg;"мебельныеткани.бел (дилер в РБ; официальный ametist-store.ru закрыт капчей)";2026-09-30
Аметист;Lambi;Lambi 02;02;;Полиэстер - 100%;140;420 (г/кв.м);100000;100000 циклов;;;;80 BYN/п.м. у дилера в РБ;не проверено: сайт Аметиста недоступен;https://xn--80ablbatmgfod1dzgm.xn--90ais/katalog/velyur/velyur-lambi.html;photos/Аметист/Lambi/Lambi_02.jpg;https://xn--80ablbatmgfod1dzgm.xn--90ais/assets/images/products/738/02.jpg;"мебельныеткани.бел (дилер в РБ; официальный ametist-store.ru закрыт капчей)";2026-09-30
Аметист;Lambi;Lambi 03;03;;Полиэстер - 100%;140;420 (г/кв.м);100000;100000 циклов;;;;80 BYN/п.м. у дилера в РБ;не проверено: сайт Аметиста недоступен;https://xn--80ablbatmgfod1dzgm.xn--90ais/katalog/velyur/velyur-lambi.html;photos/Аметист/Lambi/Lambi_03.jpg;https://xn--80ablbatmgfod1dzgm.xn--90ais/assets/images/products/738/03.jpg;"мебельныеткани.бел (дилер в РБ; официальный ametist-store.ru закрыт капчей)";2026-09-30
Аметист;Lambi;Lambi 04;04;;Полиэстер - 100%;140;420 (г/кв.м);100000;100000 циклов;;;;80 BYN/п.м. у дилера в РБ;не проверено: сайт Аметиста недоступен;https://xn--80ablbatmgfod1dzgm.xn--90ais/katalog/velyur/velyur-lambi.html;photos/Аметист/Lambi/Lambi_04.jpg;https://xn--80ablbatmgfod1dzgm.xn--90ais/assets/images/products/738/04.jpg;"мебельныеткани.бел (дилер в РБ; официальный ametist-store.ru закрыт капчей)";2026-09-30
Аметист;Lambi;Lambi 05;05;;Полиэстер - 100%;140;420 (г/кв.м);100000;100000 циклов;;;;80 BYN/п.м. у дилера в РБ;не проверено: сайт Аметиста недоступен;https://xn--80ablbatmgfod1dzgm.xn--90ais/katalog/velyur/velyur-lambi.html;photos/Аметист/Lambi/Lambi_05.jpg;https://xn--80ablbatmgfod1dzgm.xn--90ais/assets/images/products/738/05.jpg;"мебельныеткани.бел (дилер в РБ; официальный ametist-store.ru закрыт капчей)";2026-09-30
Аметист;Lambi;Lambi 06;06;;Полиэстер - 100%;140;420 (г/кв.м);100000;100000 циклов;;;;80 BYN/п.м. у дилера в РБ;не проверено: сайт Аметиста недоступен;https://xn--80ablbatmgfod1dzgm.xn--90ais/katalog/velyur/velyur-lambi.html;photos/Аметист/Lambi/Lambi_06.jpg;https://xn--80ablbatmgfod1dzgm.xn--90ais/assets/images/products/738/06.jpg;"мебельныеткани.бел (дилер в РБ; официальный ametist-store.ru закрыт капчей)";2026-09-30
Аметист;Lambi;Lambi 07;07;;Полиэстер - 100%;140;420 (г/кв.м);100000;100000 циклов;;;;80 BYN/п.м. у дилера в РБ;не проверено: сайт Аметиста недоступен;https://xn--80ablbatmgfod1dzgm.xn--90ais/katalog/velyur/velyur-lambi.html;photos/Аметист/Lambi/Lambi_07.jpg;https://xn--80ablbatmgfod1dzgm.xn--90ais/assets/images/products/738/07.jpg;"мебельныеткани.бел (дилер в РБ; официальный ametist-store.ru закрыт капчей)";2026-09-30
Аметист;Lambi;Lambi 08;08;;Полиэстер - 100%;140;420 (г/кв.м);100000;100000 циклов;;;;80 BYN/п.м. у дилера в РБ;не проверено: сайт Аметиста недоступен;https://xn--80ablbatmgfod1dzgm.xn--90ais/katalog/velyur/velyur-lambi.html;photos/Аметист/Lambi/Lambi_08.jpg;https://xn--80ablbatmgfod1dzgm.xn--90ais/assets/images/products/738/08.jpg;"мебельныеткани.бел (дилер в РБ; официальный ametist-store.ru закрыт капчей)";2026-09-30
Аметист;Lambi;Lambi 09;09;;Полиэстер - 100%;140;420 (г/кв.м);100000;100000 циклов;;;;80 BYN/п.м. у дилера в РБ;не проверено: сайт Аметиста недоступен;https://xn--80ablbatmgfod1dzgm.xn--90ais/katalog/velyur/velyur-lambi.html;photos/Аметист/Lambi/Lambi_09.jpg;https://xn--80ablbatmgfod1dzgm.xn--90ais/assets/images/products/738/09.jpg;"мебельныеткани.бел (дилер в РБ; официальный ametist-store.ru закрыт капчей)";2026-09-30
Аметист;Lambi;Lambi 10;10;;Полиэстер - 100%;140;420 (г/кв.м);100000;100000 циклов;;;;80 BYN/п.м. у дилера в РБ;не проверено: сайт Аметиста недоступен;https://xn--80ablbatmgfod1dzgm.xn--90ais/katalog/velyur/velyur-lambi.html;photos/Аметист/Lambi/Lambi_10.jpg;https://xn--80ablbatmgfod1dzgm.xn--90ais/assets/images/products/738/10.jpg;"мебельныеткани.бел (дилер в РБ; официальный ametist-store.ru закрыт капчей)";2026-09-30
Аметист;Lambi;Lambi 11;11;;Полиэстер - 100%;140;420 (г/кв.м);100000;100000 циклов;;;;80 BYN/п.м. у дилера в РБ;не проверено: сайт Аметиста недоступен;https://xn--80ablbatmgfod1dzgm.xn--90ais/katalog/velyur/velyur-lambi.html;photos/Аметист/Lambi/Lambi_11.jpg;https://xn--80ablbatmgfod1dzgm.xn--90ais/assets/images/products/738/11.jpg;"мебельныеткани.бел (дилер в РБ; официальный ametist-store.ru закрыт капчей)";2026-09-30
Аметист;Lambi;Lambi 12;12;;Полиэстер - 100%;140;420 (г/кв.м);100000;100000 циклов;;;;80 BYN/п.м. у дилера в РБ;не проверено: сайт Аметиста недоступен;https://xn--80ablbatmgfod1dzgm.xn--90ais/katalog/velyur/velyur-lambi.html;photos/Аметист/Lambi/Lambi_12.jpg;https://xn--80ablbatmgfod1dzgm.xn--90ais/assets/images/products/738/12.jpg;"мебельныеткани.бел (дилер в РБ; официальный ametist-store.ru закрыт капчей)";2026-09-30
Аметист;Lambi;Lambi 13;13;;Полиэстер - 100%;140;420 (г/кв.м);100000;100000 циклов;;;;80 BYN/п.м. у дилера в РБ;не проверено: сайт Аметиста недоступен;https://xn--80ablbatmgfod1dzgm.xn--90ais/katalog/velyur/velyur-lambi.html;photos/Аметист/Lambi/Lambi_13.jpg;https://xn--80ablbatmgfod1dzgm.xn--90ais/assets/images/products/738/13.jpg;"мебельныеткани.бел (дилер в РБ; официальный ametist-store.ru закрыт капчей)";2026-09-30
Аметист;Lambi;Lambi 14;14;;Полиэстер - 100%;140;420 (г/кв.м);100000;100000 циклов;;;;80 BYN/п.м. у дилера в РБ;не проверено: сайт Аметиста недоступен;https://xn--80ablbatmgfod1dzgm.xn--90ais/katalog/velyur/velyur-lambi.html;photos/Аметист/Lambi/Lambi_14.jpg;https://xn--80ablbatmgfod1dzgm.xn--90ais/assets/images/products/738/14.jpg;"мебельныеткани.бел (дилер в РБ; официальный ametist-store.ru закрыт капчей)";2026-09-30
Аметист;Lambi;Lambi 15;15;;Полиэстер - 100%;140;420 (г/кв.м);100000;100000 циклов;;;;80 BYN/п.м. у дилера в РБ;не проверено: сайт Аметиста недоступен;https://xn--80ablbatmgfod1dzgm.xn--90ais/katalog/velyur/velyur-lambi.html;photos/Аметист/Lambi/Lambi_15.jpg;https://xn--80ablbatmgfod1dzgm.xn--90ais/assets/images/products/738/15.jpg;"мебельныеткани.бел (дилер в РБ; официальный ametist-store.ru закрыт капчей)";2026-09-30
Аметист;Lambi;Lambi 16;16;;Полиэстер - 100%;140;420 (г/кв.м);100000;100000 циклов;;;;80 BYN/п.м. у дилера в РБ;не проверено: сайт Аметиста недоступен;https://xn--80ablbatmgfod1dzgm.xn--90ais/katalog/velyur/velyur-lambi.html;photos/Аметист/Lambi/Lambi_16.jpg;https://xn--80ablbatmgfod1dzgm.xn--90ais/assets/images/products/738/16.jpg;"мебельныеткани.бел (дилер в РБ; официальный ametist-store.ru закрыт капчей)";2026-09-30
Аметист;Lambi;Lambi 17;17;;Полиэстер - 100%;140;420 (г/кв.м);100000;100000 циклов;;;;80 BYN/п.м. у дилера в РБ;не проверено: сайт Аметиста недоступен;https://xn--80ablbatmgfod1dzgm.xn--90ais/katalog/velyur/velyur-lambi.html;photos/Аметист/Lambi/Lambi_17.jpg;https://xn--80ablbatmgfod1dzgm.xn--90ais/assets/images/products/738/17.jpg;"мебельныеткани.бел (дилер в РБ; официальный ametist-store.ru закрыт капчей)";2026-09-30
Аметист;Lambi;Lambi 18;18;;Полиэстер - 100%;140;420 (г/кв.м);100000;100000 циклов;;;;80 BYN/п.м. у дилера в РБ;не проверено: сайт Аметиста недоступен;https://xn--80ablbatmgfod1dzgm.xn--90ais/katalog/velyur/velyur-lambi.html;photos/Аметист/Lambi/Lambi_18.jpg;https://xn--80ablbatmgfod1dzgm.xn--90ais/assets/images/products/738/18.jpg;"мебельныеткани.бел (дилер в РБ; официальный ametist-store.ru закрыт капчей)";2026-09-30
Аметист;Lambi;Lambi 19;19;;Полиэстер - 100%;140;420 (г/кв.м);100000;100000 циклов;;;;80 BYN/п.м. у дилера в РБ;не проверено: сайт Аметиста недоступен;https://xn--80ablbatmgfod1dzgm.xn--90ais/katalog/velyur/velyur-lambi.html;photos/Аметист/Lambi/Lambi_19.jpg;https://xn--80ablbatmgfod1dzgm.xn--90ais/assets/images/products/738/19.jpg;"мебельныеткани.бел (дилер в РБ; официальный ametist-store.ru закрыт капчей)";2026-09-30
Аметист;Lambi;Lambi 20;20;;Полиэстер - 100%;140;420 (г/кв.м);100000;100000 циклов;;;;80 BYN/п.м. у дилера в РБ;не проверено: сайт Аметиста недоступен;https://xn--80ablbatmgfod1dzgm.xn--90ais/katalog/velyur/velyur-lambi.html;photos/Аметист/Lambi/Lambi_20.jpg;https://xn--80ablbatmgfod1dzgm.xn--90ais/assets/images/products/738/20.jpg;"мебельныеткани.бел (дилер в РБ; официальный ametist-store.ru закрыт капчей)";2026-09-30
Аметист;Lambi;Lambi 21;21;;Полиэстер - 100%;140;420 (г/кв.м);100000;100000 циклов;;;;80 BYN/п.м. у дилера в РБ;не проверено: сайт Аметиста недоступен;https://xn--80ablbatmgfod1dzgm.xn--90ais/katalog/velyur/velyur-lambi.html;photos/Аметист/Lambi/Lambi_21.jpg;https://xn--80ablbatmgfod1dzgm.xn--90ais/assets/images/products/738/21.jpg;"мебельныеткани.бел (дилер в РБ; официальный ametist-store.ru закрыт капчей)";2026-09-30
Аметист;Lambi;Lambi 22;22;;Полиэстер - 100%;140;420 (г/кв.м);100000;100000 циклов;;;;80 BYN/п.м. у дилера в РБ;не проверено: сайт Аметиста недоступен;https://xn--80ablbatmgfod1dzgm.xn--90ais/katalog/velyur/velyur-lambi.html;photos/Аметист/Lambi/Lambi_22.jpg;https://xn--80ablbatmgfod1dzgm.xn--90ais/assets/images/products/738/22.jpg;"мебельныеткани.бел (дилер в РБ; официальный ametist-store.ru закрыт капчей)";2026-09-30
Аметист;Lambi;Lambi 23;23;;Полиэстер - 100%;140;420 (г/кв.м);100000;100000 циклов;;;;80 BYN/п.м. у дилера в РБ;не проверено: сайт Аметиста недоступен;https://xn--80ablbatmgfod1dzgm.xn--90ais/katalog/velyur/velyur-lambi.html;photos/Аметист/Lambi/Lambi_23.jpg;https://xn--80ablbatmgfod1dzgm.xn--90ais/assets/images/products/738/23.jpg;"мебельныеткани.бел (дилер в РБ; официальный ametist-store.ru закрыт капчей)";2026-09-30
Аметист;Lambi;Lambi 24;24;;Полиэстер - 100%;140;420 (г/кв.м);100000;100000 циклов;;;;80 BYN/п.м. у дилера в РБ;не проверено: сайт Аметиста недоступен;https://xn--80ablbatmgfod1dzgm.xn--90ais/katalog/velyur/velyur-lambi.html;photos/Аметист/Lambi/Lambi_24.jpg;https://xn--80ablbatmgfod1dzgm.xn--90ais/assets/images/products/738/24.jpg;"мебельныеткани.бел (дилер в РБ; официальный ametist-store.ru закрыт капчей)";2026-09-30
Аметист;Lambi;Lambi 25;25;;Полиэстер - 100%;140;420 (г/кв.м);100000;100000 циклов;;;;80 BYN/п.м. у дилера в РБ;не проверено: сайт Аметиста недоступен;https://xn--80ablbatmgfod1dzgm.xn--90ais/katalog/velyur/velyur-lambi.html;photos/Аметист/Lambi/Lambi_25.jpg;https://xn--80ablbatmgfod1dzgm.xn--90ais/assets/images/products/738/25.jpg;"мебельныеткани.бел (дилер в РБ; официальный ametist-store.ru закрыт капчей)";2026-09-30
Аметист;Leonardo;Leonardo 1;1;;Полиэстер - 100%;140;350 (г/кв.м);50000;50000 циклов;;;;78 BYN/п.м. у дилера в РБ;не проверено: сайт Аметиста недоступен;https://xn--80ablbatmgfod1dzgm.xn--90ais/katalog/velyur/velyur-leonardo.html;photos/Аметист/Leonardo/Leonardo_1.jpg;https://xn--80ablbatmgfod1dzgm.xn--90ais/assets/images/products/938/1.jpg;"мебельныеткани.бел (дилер в РБ; официальный ametist-store.ru закрыт капчей)";2026-09-30
Аметист;Leonardo;Leonardo 2;2;;Полиэстер - 100%;140;350 (г/кв.м);50000;50000 циклов;;;;78 BYN/п.м. у дилера в РБ;не проверено: сайт Аметиста недоступен;https://xn--80ablbatmgfod1dzgm.xn--90ais/katalog/velyur/velyur-leonardo.html;photos/Аметист/Leonardo/Leonardo_2.jpg;https://xn--80ablbatmgfod1dzgm.xn--90ais/assets/images/products/938/2.jpg;"мебельныеткани.бел (дилер в РБ; официальный ametist-store.ru закрыт капчей)";2026-09-30
Аметист;Leonardo;Leonardo 3;3;;Полиэстер - 100%;140;350 (г/кв.м);50000;50000 циклов;;;;78 BYN/п.м. у дилера в РБ;не проверено: сайт Аметиста недоступен;https://xn--80ablbatmgfod1dzgm.xn--90ais/katalog/velyur/velyur-leonardo.html;photos/Аметист/Leonardo/Leonardo_3.jpg;https://xn--80ablbatmgfod1dzgm.xn--90ais/assets/images/products/938/3.jpg;"мебельныеткани.бел (дилер в РБ; официальный ametist-store.ru закрыт капчей)";2026-09-30
Аметист;Leonardo;Leonardo 4;4;;Полиэстер - 100%;140;350 (г/кв.м);50000;50000 циклов;;;;78 BYN/п.м. у дилера в РБ;не проверено: сайт Аметиста недоступен;https://xn--80ablbatmgfod1dzgm.xn--90ais/katalog/velyur/velyur-leonardo.html;photos/Аметист/Leonardo/Leonardo_4.jpg;https://xn--80ablbatmgfod1dzgm.xn--90ais/assets/images/products/938/4.jpg;"мебельныеткани.бел (дилер в РБ; официальный ametist-store.ru закрыт капчей)";2026-09-30
Аметист;Leonardo;Leonardo 5;5;;Полиэстер - 100%;140;350 (г/кв.м);50000;50000 циклов;;;;78 BYN/п.м. у дилера в РБ;не проверено: сайт Аметиста недоступен;https://xn--80ablbatmgfod1dzgm.xn--90ais/katalog/velyur/velyur-leonardo.html;photos/Аметист/Leonardo/Leonardo_5.jpg;https://xn--80ablbatmgfod1dzgm.xn--90ais/assets/images/products/938/5.jpg;"мебельныеткани.бел (дилер в РБ; официальный ametist-store.ru закрыт капчей)";2026-09-30
Аметист;Leonardo;Leonardo 6;6;;Полиэстер - 100%;140;350 (г/кв.м);50000;50000 циклов;;;;78 BYN/п.м. у дилера в РБ;не проверено: сайт Аметиста недоступен;https://xn--80ablbatmgfod1dzgm.xn--90ais/katalog/velyur/velyur-leonardo.html;photos/Аметист/Leonardo/Leonardo_6.jpg;https://xn--80ablbatmgfod1dzgm.xn--90ais/assets/images/products/938/6.jpg;"мебельныеткани.бел (дилер в РБ; официальный ametist-store.ru закрыт капчей)";2026-09-30
Аметист;Leonardo;Leonardo 7;7;;Полиэстер - 100%;140;350 (г/кв.м);50000;50000 циклов;;;;78 BYN/п.м. у дилера в РБ;не проверено: сайт Аметиста недоступен;https://xn--80ablbatmgfod1dzgm.xn--90ais/katalog/velyur/velyur-leonardo.html;photos/Аметист/Leonardo/Leonardo_7.jpg;https://xn--80ablbatmgfod1dzgm.xn--90ais/assets/images/products/938/7.jpg;"мебельныеткани.бел (дилер в РБ; официальный ametist-store.ru закрыт капчей)";2026-09-30
Аметист;Leonardo;Leonardo 8;8;;Полиэстер - 100%;140;350 (г/кв.м);50000;50000 циклов;;;;78 BYN/п.м. у дилера в РБ;не проверено: сайт Аметиста недоступен;https://xn--80ablbatmgfod1dzgm.xn--90ais/katalog/velyur/velyur-leonardo.html;photos/Аметист/Leonardo/Leonardo_8.jpg;https://xn--80ablbatmgfod1dzgm.xn--90ais/assets/images/products/938/8.jpg;"мебельныеткани.бел (дилер в РБ; официальный ametist-store.ru закрыт капчей)";2026-09-30
Аметист;Leonardo;Leonardo 9;9;;Полиэстер - 100%;140;350 (г/кв.м);50000;50000 циклов;;;;78 BYN/п.м. у дилера в РБ;не проверено: сайт Аметиста недоступен;https://xn--80ablbatmgfod1dzgm.xn--90ais/katalog/velyur/velyur-leonardo.html;photos/Аметист/Leonardo/Leonardo_9.jpg;https://xn--80ablbatmgfod1dzgm.xn--90ais/assets/images/products/938/9.jpg;"мебельныеткани.бел (дилер в РБ; официальный ametist-store.ru закрыт капчей)";2026-09-30
Аметист;Leonardo;Leonardo 10;10;;Полиэстер - 100%;140;350 (г/кв.м);50000;50000 циклов;;;;78 BYN/п.м. у дилера в РБ;не проверено: сайт Аметиста недоступен;https://xn--80ablbatmgfod1dzgm.xn--90ais/katalog/velyur/velyur-leonardo.html;photos/Аметист/Leonardo/Leonardo_10.jpg;https://xn--80ablbatmgfod1dzgm.xn--90ais/assets/images/products/938/10.jpg;"мебельныеткани.бел (дилер в РБ; официальный ametist-store.ru закрыт капчей)";2026-09-30
Аметист;Leonardo;Leonardo 11;11;;Полиэстер - 100%;140;350 (г/кв.м);50000;50000 циклов;;;;78 BYN/п.м. у дилера в РБ;не проверено: сайт Аметиста недоступен;https://xn--80ablbatmgfod1dzgm.xn--90ais/katalog/velyur/velyur-leonardo.html;photos/Аметист/Leonardo/Leonardo_11.jpg;https://xn--80ablbatmgfod1dzgm.xn--90ais/assets/images/products/938/11.jpg;"мебельныеткани.бел (дилер в РБ; официальный ametist-store.ru закрыт капчей)";2026-09-30
Аметист;Leonardo;Leonardo 12;12;;Полиэстер - 100%;140;350 (г/кв.м);50000;50000 циклов;;;;78 BYN/п.м. у дилера в РБ;не проверено: сайт Аметиста недоступен;https://xn--80ablbatmgfod1dzgm.xn--90ais/katalog/velyur/velyur-leonardo.html;photos/Аметист/Leonardo/Leonardo_12.jpg;https://xn--80ablbatmgfod1dzgm.xn--90ais/assets/images/products/938/12.jpg;"мебельныеткани.бел (дилер в РБ; официальный ametist-store.ru закрыт капчей)";2026-09-30
Аметист;Leonardo;Leonardo 13;13;;Полиэстер - 100%;140;350 (г/кв.м);50000;50000 циклов;;;;78 BYN/п.м. у дилера в РБ;не проверено: сайт Аметиста недоступен;https://xn--80ablbatmgfod1dzgm.xn--90ais/katalog/velyur/velyur-leonardo.html;photos/Аметист/Leonardo/Leonardo_13.jpg;https://xn--80ablbatmgfod1dzgm.xn--90ais/assets/images/products/938/13.jpg;"мебельныеткани.бел (дилер в РБ; официальный ametist-store.ru закрыт капчей)";2026-09-30
Аметист;Leonardo;Leonardo 14;14;;Полиэстер - 100%;140;350 (г/кв.м);50000;50000 циклов;;;;78 BYN/п.м. у дилера в РБ;не проверено: сайт Аметиста недоступен;https://xn--80ablbatmgfod1dzgm.xn--90ais/katalog/velyur/velyur-leonardo.html;photos/Аметист/Leonardo/Leonardo_14.jpg;https://xn--80ablbatmgfod1dzgm.xn--90ais/assets/images/products/938/14.jpg;"мебельныеткани.бел (дилер в РБ; официальный ametist-store.ru закрыт капчей)";2026-09-30
Аметист;Leonardo;Leonardo 15;15;;Полиэстер - 100%;140;350 (г/кв.м);50000;50000 циклов;;;;78 BYN/п.м. у дилера в РБ;не проверено: сайт Аметиста недоступен;https://xn--80ablbatmgfod1dzgm.xn--90ais/katalog/velyur/velyur-leonardo.html;photos/Аметист/Leonardo/Leonardo_15.jpg;https://xn--80ablbatmgfod1dzgm.xn--90ais/assets/images/products/938/15.jpg;"мебельныеткани.бел (дилер в РБ; официальный ametist-store.ru закрыт капчей)";2026-09-30
Аметист;Leonardo;Leonardo 16;16;;Полиэстер - 100%;140;350 (г/кв.м);50000;50000 циклов;;;;78 BYN/п.м. у дилера в РБ;не проверено: сайт Аметиста недоступен;https://xn--80ablbatmgfod1dzgm.xn--90ais/katalog/velyur/velyur-leonardo.html;photos/Аметист/Leonardo/Leonardo_16.jpg;https://xn--80ablbatmgfod1dzgm.xn--90ais/assets/images/products/938/16.jpg;"мебельныеткани.бел (дилер в РБ; официальный ametist-store.ru закрыт капчей)";2026-09-30
Аметист;Lovely;Lovely 02;02;;Полиэстер - 100%;145;340 (г/кв.м);50000;50000 циклов;;;;46 BYN/п.м. у дилера в РБ;не проверено: сайт Аметиста недоступен;https://xn--80ablbatmgfod1dzgm.xn--90ais/katalog/velyur/velyur-lovely.html;photos/Аметист/Lovely/Lovely_02.jpg;https://xn--80ablbatmgfod1dzgm.xn--90ais/assets/images/products/775/02.png;"мебельныеткани.бел (дилер в РБ; официальный ametist-store.ru закрыт капчей)";2026-09-30
Аметист;Lovely;Lovely 05;05;;Полиэстер - 100%;145;340 (г/кв.м);50000;50000 циклов;;;;46 BYN/п.м. у дилера в РБ;не проверено: сайт Аметиста недоступен;https://xn--80ablbatmgfod1dzgm.xn--90ais/katalog/velyur/velyur-lovely.html;photos/Аметист/Lovely/Lovely_05.jpg;https://xn--80ablbatmgfod1dzgm.xn--90ais/assets/images/products/775/05.png;"мебельныеткани.бел (дилер в РБ; официальный ametist-store.ru закрыт капчей)";2026-09-30
Аметист;Lovely;Lovely 06;06;;Полиэстер - 100%;145;340 (г/кв.м);50000;50000 циклов;;;;46 BYN/п.м. у дилера в РБ;не проверено: сайт Аметиста недоступен;https://xn--80ablbatmgfod1dzgm.xn--90ais/katalog/velyur/velyur-lovely.html;photos/Аметист/Lovely/Lovely_06.jpg;https://xn--80ablbatmgfod1dzgm.xn--90ais/assets/images/products/775/06.png;"мебельныеткани.бел (дилер в РБ; официальный ametist-store.ru закрыт капчей)";2026-09-30
Аметист;Lovely;Lovely 22;22;;Полиэстер - 100%;145;340 (г/кв.м);50000;50000 циклов;;;;46 BYN/п.м. у дилера в РБ;не проверено: сайт Аметиста недоступен;https://xn--80ablbatmgfod1dzgm.xn--90ais/katalog/velyur/velyur-lovely.html;photos/Аметист/Lovely/Lovely_22.jpg;https://xn--80ablbatmgfod1dzgm.xn--90ais/assets/images/products/775/22.png;"мебельныеткани.бел (дилер в РБ; официальный ametist-store.ru закрыт капчей)";2026-09-30
Аметист;Lovely;Lovely 30;30;;Полиэстер - 100%;145;340 (г/кв.м);50000;50000 циклов;;;;46 BYN/п.м. у дилера в РБ;не проверено: сайт Аметиста недоступен;https://xn--80ablbatmgfod1dzgm.xn--90ais/katalog/velyur/velyur-lovely.html;photos/Аметист/Lovely/Lovely_30.jpg;https://xn--80ablbatmgfod1dzgm.xn--90ais/assets/images/products/775/30.png;"мебельныеткани.бел (дилер в РБ; официальный ametist-store.ru закрыт капчей)";2026-09-30
Аметист;Lovely;Lovely 31;31;;Полиэстер - 100%;145;340 (г/кв.м);50000;50000 циклов;;;;46 BYN/п.м. у дилера в РБ;не проверено: сайт Аметиста недоступен;https://xn--80ablbatmgfod1dzgm.xn--90ais/katalog/velyur/velyur-lovely.html;photos/Аметист/Lovely/Lovely_31.jpg;https://xn--80ablbatmgfod1dzgm.xn--90ais/assets/images/products/775/31.jpg;"мебельныеткани.бел (дилер в РБ; официальный ametist-store.ru закрыт капчей)";2026-09-30
Аметист;Lovely;Lovely 32;32;;Полиэстер - 100%;145;340 (г/кв.м);50000;50000 циклов;;;;46 BYN/п.м. у дилера в РБ;не проверено: сайт Аметиста недоступен;https://xn--80ablbatmgfod1dzgm.xn--90ais/katalog/velyur/velyur-lovely.html;photos/Аметист/Lovely/Lovely_32.jpg;https://xn--80ablbatmgfod1dzgm.xn--90ais/assets/images/products/775/32.png;"мебельныеткани.бел (дилер в РБ; официальный ametist-store.ru закрыт капчей)";2026-09-30
Аметист;Lovely;Lovely 33;33;;Полиэстер - 100%;145;340 (г/кв.м);50000;50000 циклов;;;;46 BYN/п.м. у дилера в РБ;не проверено: сайт Аметиста недоступен;https://xn--80ablbatmgfod1dzgm.xn--90ais/katalog/velyur/velyur-lovely.html;photos/Аметист/Lovely/Lovely_33.jpg;https://xn--80ablbatmgfod1dzgm.xn--90ais/assets/images/products/775/33.gif;"мебельныеткани.бел (дилер в РБ; официальный ametist-store.ru закрыт капчей)";2026-09-30
Аметист;Lovely;Lovely 34;34;;Полиэстер - 100%;145;340 (г/кв.м);50000;50000 циклов;;;;46 BYN/п.м. у дилера в РБ;не проверено: сайт Аметиста недоступен;https://xn--80ablbatmgfod1dzgm.xn--90ais/katalog/velyur/velyur-lovely.html;photos/Аметист/Lovely/Lovely_34.jpg;https://xn--80ablbatmgfod1dzgm.xn--90ais/assets/images/products/775/34.png;"мебельныеткани.бел (дилер в РБ; официальный ametist-store.ru закрыт капчей)";2026-09-30
Аметист;Lovely;Lovely 35;35;;Полиэстер - 100%;145;340 (г/кв.м);50000;50000 циклов;;;;46 BYN/п.м. у дилера в РБ;не проверено: сайт Аметиста недоступен;https://xn--80ablbatmgfod1dzgm.xn--90ais/katalog/velyur/velyur-lovely.html;photos/Аметист/Lovely/Lovely_35.jpg;https://xn--80ablbatmgfod1dzgm.xn--90ais/assets/images/products/775/35.png;"мебельныеткани.бел (дилер в РБ; официальный ametist-store.ru закрыт капчей)";2026-09-30
Аметист;Lovely;Lovely 36;36;;Полиэстер - 100%;145;340 (г/кв.м);50000;50000 циклов;;;;46 BYN/п.м. у дилера в РБ;не проверено: сайт Аметиста недоступен;https://xn--80ablbatmgfod1dzgm.xn--90ais/katalog/velyur/velyur-lovely.html;photos/Аметист/Lovely/Lovely_36.jpg;https://xn--80ablbatmgfod1dzgm.xn--90ais/assets/images/products/775/36.jpg;"мебельныеткани.бел (дилер в РБ; официальный ametist-store.ru закрыт капчей)";2026-09-30
Аметист;Lovely;Lovely 37;37;;Полиэстер - 100%;145;340 (г/кв.м);50000;50000 циклов;;;;46 BYN/п.м. у дилера в РБ;не проверено: сайт Аметиста недоступен;https://xn--80ablbatmgfod1dzgm.xn--90ais/katalog/velyur/velyur-lovely.html;photos/Аметист/Lovely/Lovely_37.jpg;https://xn--80ablbatmgfod1dzgm.xn--90ais/assets/images/products/775/37.png;"мебельныеткани.бел (дилер в РБ; официальный ametist-store.ru закрыт капчей)";2026-09-30
Аметист;Lovely;Lovely 38;38;;Полиэстер - 100%;145;340 (г/кв.м);50000;50000 циклов;;;;46 BYN/п.м. у дилера в РБ;не проверено: сайт Аметиста недоступен;https://xn--80ablbatmgfod1dzgm.xn--90ais/katalog/velyur/velyur-lovely.html;photos/Аметист/Lovely/Lovely_38.jpg;https://xn--80ablbatmgfod1dzgm.xn--90ais/assets/images/products/775/38.png;"мебельныеткани.бел (дилер в РБ; официальный ametist-store.ru закрыт капчей)";2026-09-30
Аметист;Lovely;Lovely 39;39;;Полиэстер - 100%;145;340 (г/кв.м);50000;50000 циклов;;;;46 BYN/п.м. у дилера в РБ;не проверено: сайт Аметиста недоступен;https://xn--80ablbatmgfod1dzgm.xn--90ais/katalog/velyur/velyur-lovely.html;photos/Аметист/Lovely/Lovely_39.jpg;https://xn--80ablbatmgfod1dzgm.xn--90ais/assets/images/products/775/39.png;"мебельныеткани.бел (дилер в РБ; официальный ametist-store.ru закрыт капчей)";2026-09-30
Аметист;Lovely;Lovely 40;40;;Полиэстер - 100%;145;340 (г/кв.м);50000;50000 циклов;;;;46 BYN/п.м. у дилера в РБ;не проверено: сайт Аметиста недоступен;https://xn--80ablbatmgfod1dzgm.xn--90ais/katalog/velyur/velyur-lovely.html;photos/Аметист/Lovely/Lovely_40.jpg;https://xn--80ablbatmgfod1dzgm.xn--90ais/assets/images/products/775/40.png;"мебельныеткани.бел (дилер в РБ; официальный ametist-store.ru закрыт капчей)";2026-09-30
Аметист;Lovely;Lovely 41;41;;Полиэстер - 100%;145;340 (г/кв.м);50000;50000 циклов;;;;46 BYN/п.м. у дилера в РБ;не проверено: сайт Аметиста недоступен;https://xn--80ablbatmgfod1dzgm.xn--90ais/katalog/velyur/velyur-lovely.html;photos/Аметист/Lovely/Lovely_41.jpg;https://xn--80ablbatmgfod1dzgm.xn--90ais/assets/images/products/775/41.png;"мебельныеткани.бел (дилер в РБ; официальный ametist-store.ru закрыт капчей)";2026-09-30
Аметист;Lovely;Lovely 42;42;;Полиэстер - 100%;145;340 (г/кв.м);50000;50000 циклов;;;;46 BYN/п.м. у дилера в РБ;не проверено: сайт Аметиста недоступен;https://xn--80ablbatmgfod1dzgm.xn--90ais/katalog/velyur/velyur-lovely.html;photos/Аметист/Lovely/Lovely_42.jpg;https://xn--80ablbatmgfod1dzgm.xn--90ais/assets/images/products/775/42.jpg;"мебельныеткани.бел (дилер в РБ; официальный ametist-store.ru закрыт капчей)";2026-09-30
Аметист;Lovely;Lovely 43;43;;Полиэстер - 100%;145;340 (г/кв.м);50000;50000 циклов;;;;46 BYN/п.м. у дилера в РБ;не проверено: сайт Аметиста недоступен;https://xn--80ablbatmgfod1dzgm.xn--90ais/katalog/velyur/velyur-lovely.html;photos/Аметист/Lovely/Lovely_43.jpg;https://xn--80ablbatmgfod1dzgm.xn--90ais/assets/images/products/775/43.png;"мебельныеткани.бел (дилер в РБ; официальный ametist-store.ru закрыт капчей)";2026-09-30
Аметист;Lovely;Lovely 44;44;;Полиэстер - 100%;145;340 (г/кв.м);50000;50000 циклов;;;;46 BYN/п.м. у дилера в РБ;не проверено: сайт Аметиста недоступен;https://xn--80ablbatmgfod1dzgm.xn--90ais/katalog/velyur/velyur-lovely.html;photos/Аметист/Lovely/Lovely_44.jpg;https://xn--80ablbatmgfod1dzgm.xn--90ais/assets/images/products/775/44.png;"мебельныеткани.бел (дилер в РБ; официальный ametist-store.ru закрыт капчей)";2026-09-30
Аметист;Lovely;Lovely 45;45;;Полиэстер - 100%;145;340 (г/кв.м);50000;50000 циклов;;;;46 BYN/п.м. у дилера в РБ;не проверено: сайт Аметиста недоступен;https://xn--80ablbatmgfod1dzgm.xn--90ais/katalog/velyur/velyur-lovely.html;photos/Аметист/Lovely/Lovely_45.jpg;https://xn--80ablbatmgfod1dzgm.xn--90ais/assets/images/products/775/45.png;"мебельныеткани.бел (дилер в РБ; официальный ametist-store.ru закрыт капчей)";2026-09-30
Аметист;Madeira;Madeira azure;azure;;Полиэстер - 100%;140;330 (г/кв.м);45000;45000 циклов;;;;97 BYN/п.м. у дилера в РБ;не проверено: сайт Аметиста недоступен;https://xn--80ablbatmgfod1dzgm.xn--90ais/katalog/velyur/velyur-madeira.html;photos/Аметист/Madeira/Madeira_azure.jpg;https://xn--80ablbatmgfod1dzgm.xn--90ais/assets/images/products/778/azure.jpg;"мебельныеткани.бел (дилер в РБ; официальный ametist-store.ru закрыт капчей)";2026-09-30
Аметист;Madeira;Madeira beige;beige;;Полиэстер - 100%;140;330 (г/кв.м);45000;45000 циклов;;;;97 BYN/п.м. у дилера в РБ;не проверено: сайт Аметиста недоступен;https://xn--80ablbatmgfod1dzgm.xn--90ais/katalog/velyur/velyur-madeira.html;photos/Аметист/Madeira/Madeira_beige.jpg;https://xn--80ablbatmgfod1dzgm.xn--90ais/assets/images/products/778/beige.jpg;"мебельныеткани.бел (дилер в РБ; официальный ametist-store.ru закрыт капчей)";2026-09-30
Аметист;Madeira;Madeira black;black;;Полиэстер - 100%;140;330 (г/кв.м);45000;45000 циклов;;;;97 BYN/п.м. у дилера в РБ;не проверено: сайт Аметиста недоступен;https://xn--80ablbatmgfod1dzgm.xn--90ais/katalog/velyur/velyur-madeira.html;photos/Аметист/Madeira/Madeira_black.jpg;https://xn--80ablbatmgfod1dzgm.xn--90ais/assets/images/products/778/black.jpg;"мебельныеткани.бел (дилер в РБ; официальный ametist-store.ru закрыт капчей)";2026-09-30
Аметист;Madeira;Madeira blackberry;blackberry;;Полиэстер - 100%;140;330 (г/кв.м);45000;45000 циклов;;;;97 BYN/п.м. у дилера в РБ;не проверено: сайт Аметиста недоступен;https://xn--80ablbatmgfod1dzgm.xn--90ais/katalog/velyur/velyur-madeira.html;photos/Аметист/Madeira/Madeira_blackberry.jpg;https://xn--80ablbatmgfod1dzgm.xn--90ais/assets/images/products/778/blackberry.jpg;"мебельныеткани.бел (дилер в РБ; официальный ametist-store.ru закрыт капчей)";2026-09-30
Аметист;Madeira;Madeira blueness;blueness;;Полиэстер - 100%;140;330 (г/кв.м);45000;45000 циклов;;;;97 BYN/п.м. у дилера в РБ;не проверено: сайт Аметиста недоступен;https://xn--80ablbatmgfod1dzgm.xn--90ais/katalog/velyur/velyur-madeira.html;photos/Аметист/Madeira/Madeira_blueness.jpg;https://xn--80ablbatmgfod1dzgm.xn--90ais/assets/images/products/778/blueness.jpg;"мебельныеткани.бел (дилер в РБ; официальный ametist-store.ru закрыт капчей)";2026-09-30
Аметист;Madeira;Madeira chocolate;chocolate;;Полиэстер - 100%;140;330 (г/кв.м);45000;45000 циклов;;;;97 BYN/п.м. у дилера в РБ;не проверено: сайт Аметиста недоступен;https://xn--80ablbatmgfod1dzgm.xn--90ais/katalog/velyur/velyur-madeira.html;photos/Аметист/Madeira/Madeira_chocolate.jpg;https://xn--80ablbatmgfod1dzgm.xn--90ais/assets/images/products/778/chocolate.jpg;"мебельныеткани.бел (дилер в РБ; официальный ametist-store.ru закрыт капчей)";2026-09-30
Аметист;Madeira;Madeira coffee;coffee;;Полиэстер - 100%;140;330 (г/кв.м);45000;45000 циклов;;;;97 BYN/п.м. у дилера в РБ;не проверено: сайт Аметиста недоступен;https://xn--80ablbatmgfod1dzgm.xn--90ais/katalog/velyur/velyur-madeira.html;photos/Аметист/Madeira/Madeira_coffee.jpg;https://xn--80ablbatmgfod1dzgm.xn--90ais/assets/images/products/778/coffee.jpg;"мебельныеткани.бел (дилер в РБ; официальный ametist-store.ru закрыт капчей)";2026-09-30
Аметист;Madeira;Madeira cream;cream;;Полиэстер - 100%;140;330 (г/кв.м);45000;45000 циклов;;;;97 BYN/п.м. у дилера в РБ;не проверено: сайт Аметиста недоступен;https://xn--80ablbatmgfod1dzgm.xn--90ais/katalog/velyur/velyur-madeira.html;photos/Аметист/Madeira/Madeira_cream.jpg;https://xn--80ablbatmgfod1dzgm.xn--90ais/assets/images/products/778/cream.jpg;"мебельныеткани.бел (дилер в РБ; официальный ametist-store.ru закрыт капчей)";2026-09-30
Аметист;Madeira;Madeira fire;fire;;Полиэстер - 100%;140;330 (г/кв.м);45000;45000 циклов;;;;97 BYN/п.м. у дилера в РБ;не проверено: сайт Аметиста недоступен;https://xn--80ablbatmgfod1dzgm.xn--90ais/katalog/velyur/velyur-madeira.html;photos/Аметист/Madeira/Madeira_fire.jpg;https://xn--80ablbatmgfod1dzgm.xn--90ais/assets/images/products/778/fire.jpg;"мебельныеткани.бел (дилер в РБ; официальный ametist-store.ru закрыт капчей)";2026-09-30
Аметист;Madeira;Madeira forest;forest;;Полиэстер - 100%;140;330 (г/кв.м);45000;45000 циклов;;;;97 BYN/п.м. у дилера в РБ;не проверено: сайт Аметиста недоступен;https://xn--80ablbatmgfod1dzgm.xn--90ais/katalog/velyur/velyur-madeira.html;photos/Аметист/Madeira/Madeira_forest.jpg;https://xn--80ablbatmgfod1dzgm.xn--90ais/assets/images/products/778/forest.jpg;"мебельныеткани.бел (дилер в РБ; официальный ametist-store.ru закрыт капчей)";2026-09-30
Аметист;Madeira;Madeira golden;golden;;Полиэстер - 100%;140;330 (г/кв.м);45000;45000 циклов;;;;97 BYN/п.м. у дилера в РБ;не проверено: сайт Аметиста недоступен;https://xn--80ablbatmgfod1dzgm.xn--90ais/katalog/velyur/velyur-madeira.html;photos/Аметист/Madeira/Madeira_golden.jpg;https://xn--80ablbatmgfod1dzgm.xn--90ais/assets/images/products/778/golden.jpg;"мебельныеткани.бел (дилер в РБ; официальный ametist-store.ru закрыт капчей)";2026-09-30
Аметист;Madeira;Madeira malachite;malachite;;Полиэстер - 100%;140;330 (г/кв.м);45000;45000 циклов;;;;97 BYN/п.м. у дилера в РБ;не проверено: сайт Аметиста недоступен;https://xn--80ablbatmgfod1dzgm.xn--90ais/katalog/velyur/velyur-madeira.html;photos/Аметист/Madeira/Madeira_malachite.jpg;https://xn--80ablbatmgfod1dzgm.xn--90ais/assets/images/products/778/malachite.jpg;"мебельныеткани.бел (дилер в РБ; официальный ametist-store.ru закрыт капчей)";2026-09-30
Аметист;Madeira;Madeira maroon;maroon;;Полиэстер - 100%;140;330 (г/кв.м);45000;45000 циклов;;;;97 BYN/п.м. у дилера в РБ;не проверено: сайт Аметиста недоступен;https://xn--80ablbatmgfod1dzgm.xn--90ais/katalog/velyur/velyur-madeira.html;photos/Аметист/Madeira/Madeira_maroon.jpg;https://xn--80ablbatmgfod1dzgm.xn--90ais/assets/images/products/778/maroon.jpg;"мебельныеткани.бел (дилер в РБ; официальный ametist-store.ru закрыт капчей)";2026-09-30
Аметист;Madeira;Madeira silver;silver;;Полиэстер - 100%;140;330 (г/кв.м);45000;45000 циклов;;;;97 BYN/п.м. у дилера в РБ;не проверено: сайт Аметиста недоступен;https://xn--80ablbatmgfod1dzgm.xn--90ais/katalog/velyur/velyur-madeira.html;photos/Аметист/Madeira/Madeira_silver.jpg;https://xn--80ablbatmgfod1dzgm.xn--90ais/assets/images/products/778/silver.jpg;"мебельныеткани.бел (дилер в РБ; официальный ametist-store.ru закрыт капчей)";2026-09-30
Аметист;Madeira;Madeira smoked;smoked;;Полиэстер - 100%;140;330 (г/кв.м);45000;45000 циклов;;;;97 BYN/п.м. у дилера в РБ;не проверено: сайт Аметиста недоступен;https://xn--80ablbatmgfod1dzgm.xn--90ais/katalog/velyur/velyur-madeira.html;photos/Аметист/Madeira/Madeira_smoked.jpg;https://xn--80ablbatmgfod1dzgm.xn--90ais/assets/images/products/778/smoked.jpg;"мебельныеткани.бел (дилер в РБ; официальный ametist-store.ru закрыт капчей)";2026-09-30
Аметист;Madeira;Madeira tabacco;tabacco;;Полиэстер - 100%;140;330 (г/кв.м);45000;45000 циклов;;;;97 BYN/п.м. у дилера в РБ;не проверено: сайт Аметиста недоступен;https://xn--80ablbatmgfod1dzgm.xn--90ais/katalog/velyur/velyur-madeira.html;photos/Аметист/Madeira/Madeira_tabacco.jpg;https://xn--80ablbatmgfod1dzgm.xn--90ais/assets/images/products/778/tabacco.jpg;"мебельныеткани.бел (дилер в РБ; официальный ametist-store.ru закрыт капчей)";2026-09-30
Аметист;Mega;Mega 01;01;;Полиэстер - 100%;140;450 (г/кв.м);60000;60000 циклов;;;;159 BYN/п.м. у дилера в РБ;не проверено: сайт Аметиста недоступен;https://xn--80ablbatmgfod1dzgm.xn--90ais/katalog/velyur/velyur-mega.html;photos/Аметист/Mega/Mega_01.jpg;https://xn--80ablbatmgfod1dzgm.xn--90ais/assets/images/products/114/mega-01.jpg;"мебельныеткани.бел (дилер в РБ; официальный ametist-store.ru закрыт капчей)";2026-09-30
Аметист;Mega;Mega 03;03;;Полиэстер - 100%;140;450 (г/кв.м);60000;60000 циклов;;;;159 BYN/п.м. у дилера в РБ;не проверено: сайт Аметиста недоступен;https://xn--80ablbatmgfod1dzgm.xn--90ais/katalog/velyur/velyur-mega.html;photos/Аметист/Mega/Mega_03.jpg;https://xn--80ablbatmgfod1dzgm.xn--90ais/assets/images/products/114/mega-03.jpg;"мебельныеткани.бел (дилер в РБ; официальный ametist-store.ru закрыт капчей)";2026-09-30
Аметист;Mega;Mega 05;05;;Полиэстер - 100%;140;450 (г/кв.м);60000;60000 циклов;;;;159 BYN/п.м. у дилера в РБ;не проверено: сайт Аметиста недоступен;https://xn--80ablbatmgfod1dzgm.xn--90ais/katalog/velyur/velyur-mega.html;photos/Аметист/Mega/Mega_05.jpg;https://xn--80ablbatmgfod1dzgm.xn--90ais/assets/images/products/114/mega-05.jpg;"мебельныеткани.бел (дилер в РБ; официальный ametist-store.ru закрыт капчей)";2026-09-30
Аметист;Mega;Mega 07;07;;Полиэстер - 100%;140;450 (г/кв.м);60000;60000 циклов;;;;159 BYN/п.м. у дилера в РБ;не проверено: сайт Аметиста недоступен;https://xn--80ablbatmgfod1dzgm.xn--90ais/katalog/velyur/velyur-mega.html;photos/Аметист/Mega/Mega_07.jpg;https://xn--80ablbatmgfod1dzgm.xn--90ais/assets/images/products/114/mega-07.jpg;"мебельныеткани.бел (дилер в РБ; официальный ametist-store.ru закрыт капчей)";2026-09-30
Аметист;Mega;Mega 10;10;;Полиэстер - 100%;140;450 (г/кв.м);60000;60000 циклов;;;;159 BYN/п.м. у дилера в РБ;не проверено: сайт Аметиста недоступен;https://xn--80ablbatmgfod1dzgm.xn--90ais/katalog/velyur/velyur-mega.html;photos/Аметист/Mega/Mega_10.jpg;https://xn--80ablbatmgfod1dzgm.xn--90ais/assets/images/products/114/mega-10.jpg;"мебельныеткани.бел (дилер в РБ; официальный ametist-store.ru закрыт капчей)";2026-09-30
Аметист;Mega;Mega 14;14;;Полиэстер - 100%;140;450 (г/кв.м);60000;60000 циклов;;;;159 BYN/п.м. у дилера в РБ;не проверено: сайт Аметиста недоступен;https://xn--80ablbatmgfod1dzgm.xn--90ais/katalog/velyur/velyur-mega.html;photos/Аметист/Mega/Mega_14.jpg;https://xn--80ablbatmgfod1dzgm.xn--90ais/assets/images/products/114/mega-14.jpg;"мебельныеткани.бел (дилер в РБ; официальный ametist-store.ru закрыт капчей)";2026-09-30
Аметист;Mega;Mega 15;15;;Полиэстер - 100%;140;450 (г/кв.м);60000;60000 циклов;;;;159 BYN/п.м. у дилера в РБ;не проверено: сайт Аметиста недоступен;https://xn--80ablbatmgfod1dzgm.xn--90ais/katalog/velyur/velyur-mega.html;photos/Аметист/Mega/Mega_15.jpg;https://xn--80ablbatmgfod1dzgm.xn--90ais/assets/images/products/114/mega-15.jpg;"мебельныеткани.бел (дилер в РБ; официальный ametist-store.ru закрыт капчей)";2026-09-30
Аметист;Mega;Mega 17;17;;Полиэстер - 100%;140;450 (г/кв.м);60000;60000 циклов;;;;159 BYN/п.м. у дилера в РБ;не проверено: сайт Аметиста недоступен;https://xn--80ablbatmgfod1dzgm.xn--90ais/katalog/velyur/velyur-mega.html;photos/Аметист/Mega/Mega_17.jpg;https://xn--80ablbatmgfod1dzgm.xn--90ais/assets/images/products/114/mega-17.jpg;"мебельныеткани.бел (дилер в РБ; официальный ametist-store.ru закрыт капчей)";2026-09-30
Аметист;Mega;Mega 20;20;;Полиэстер - 100%;140;450 (г/кв.м);60000;60000 циклов;;;;159 BYN/п.м. у дилера в РБ;не проверено: сайт Аметиста недоступен;https://xn--80ablbatmgfod1dzgm.xn--90ais/katalog/velyur/velyur-mega.html;photos/Аметист/Mega/Mega_20.jpg;https://xn--80ablbatmgfod1dzgm.xn--90ais/assets/images/products/114/mega-20.jpg;"мебельныеткани.бел (дилер в РБ; официальный ametist-store.ru закрыт капчей)";2026-09-30
Аметист;Mega;Mega 21;21;;Полиэстер - 100%;140;450 (г/кв.м);60000;60000 циклов;;;;159 BYN/п.м. у дилера в РБ;не проверено: сайт Аметиста недоступен;https://xn--80ablbatmgfod1dzgm.xn--90ais/katalog/velyur/velyur-mega.html;photos/Аметист/Mega/Mega_21.jpg;https://xn--80ablbatmgfod1dzgm.xn--90ais/assets/images/products/114/mega-21.jpg;"мебельныеткани.бел (дилер в РБ; официальный ametist-store.ru закрыт капчей)";2026-09-30
Аметист;Mega;Mega 22;22;;Полиэстер - 100%;140;450 (г/кв.м);60000;60000 циклов;;;;159 BYN/п.м. у дилера в РБ;не проверено: сайт Аметиста недоступен;https://xn--80ablbatmgfod1dzgm.xn--90ais/katalog/velyur/velyur-mega.html;photos/Аметист/Mega/Mega_22.jpg;https://xn--80ablbatmgfod1dzgm.xn--90ais/assets/images/products/114/mega-22.jpg;"мебельныеткани.бел (дилер в РБ; официальный ametist-store.ru закрыт капчей)";2026-09-30
Аметист;Mega;Mega 23;23;;Полиэстер - 100%;140;450 (г/кв.м);60000;60000 циклов;;;;159 BYN/п.м. у дилера в РБ;не проверено: сайт Аметиста недоступен;https://xn--80ablbatmgfod1dzgm.xn--90ais/katalog/velyur/velyur-mega.html;photos/Аметист/Mega/Mega_23.jpg;https://xn--80ablbatmgfod1dzgm.xn--90ais/assets/images/products/114/mega-23.jpg;"мебельныеткани.бел (дилер в РБ; официальный ametist-store.ru закрыт капчей)";2026-09-30
Аметист;Mega;Mega 24;24;;Полиэстер - 100%;140;450 (г/кв.м);60000;60000 циклов;;;;159 BYN/п.м. у дилера в РБ;не проверено: сайт Аметиста недоступен;https://xn--80ablbatmgfod1dzgm.xn--90ais/katalog/velyur/velyur-mega.html;photos/Аметист/Mega/Mega_24.jpg;https://xn--80ablbatmgfod1dzgm.xn--90ais/assets/images/products/114/mega-24.jpg;"мебельныеткани.бел (дилер в РБ; официальный ametist-store.ru закрыт капчей)";2026-09-30
Аметист;Mega;Mega 25;25;;Полиэстер - 100%;140;450 (г/кв.м);60000;60000 циклов;;;;159 BYN/п.м. у дилера в РБ;не проверено: сайт Аметиста недоступен;https://xn--80ablbatmgfod1dzgm.xn--90ais/katalog/velyur/velyur-mega.html;photos/Аметист/Mega/Mega_25.jpg;https://xn--80ablbatmgfod1dzgm.xn--90ais/assets/images/products/114/mega-25.jpg;"мебельныеткани.бел (дилер в РБ; официальный ametist-store.ru закрыт капчей)";2026-09-30
Аметист;Mega;Mega 26;26;;Полиэстер - 100%;140;450 (г/кв.м);60000;60000 циклов;;;;159 BYN/п.м. у дилера в РБ;не проверено: сайт Аметиста недоступен;https://xn--80ablbatmgfod1dzgm.xn--90ais/katalog/velyur/velyur-mega.html;photos/Аметист/Mega/Mega_26.jpg;https://xn--80ablbatmgfod1dzgm.xn--90ais/assets/images/products/114/mega-26.jpg;"мебельныеткани.бел (дилер в РБ; официальный ametist-store.ru закрыт капчей)";2026-09-30
Аметист;Mega;Mega 28;28;;Полиэстер - 100%;140;450 (г/кв.м);60000;60000 циклов;;;;159 BYN/п.м. у дилера в РБ;не проверено: сайт Аметиста недоступен;https://xn--80ablbatmgfod1dzgm.xn--90ais/katalog/velyur/velyur-mega.html;photos/Аметист/Mega/Mega_28.jpg;https://xn--80ablbatmgfod1dzgm.xn--90ais/assets/images/products/114/mega-28.jpg;"мебельныеткани.бел (дилер в РБ; официальный ametist-store.ru закрыт капчей)";2026-09-30
Аметист;Mega;Mega 102;102;;Полиэстер - 100%;140;450 (г/кв.м);60000;60000 циклов;;;;159 BYN/п.м. у дилера в РБ;не проверено: сайт Аметиста недоступен;https://xn--80ablbatmgfod1dzgm.xn--90ais/katalog/velyur/velyur-mega.html;photos/Аметист/Mega/Mega_102.jpg;https://xn--80ablbatmgfod1dzgm.xn--90ais/assets/images/products/114/mega-102.jpg;"мебельныеткани.бел (дилер в РБ; официальный ametist-store.ru закрыт капчей)";2026-09-30
Аметист;Mega;Mega 106;106;;Полиэстер - 100%;140;450 (г/кв.м);60000;60000 циклов;;;;159 BYN/п.м. у дилера в РБ;не проверено: сайт Аметиста недоступен;https://xn--80ablbatmgfod1dzgm.xn--90ais/katalog/velyur/velyur-mega.html;photos/Аметист/Mega/Mega_106.jpg;https://xn--80ablbatmgfod1dzgm.xn--90ais/assets/images/products/114/mega-106.jpg;"мебельныеткани.бел (дилер в РБ; официальный ametist-store.ru закрыт капчей)";2026-09-30
Аметист;Mega;Mega 110;110;;Полиэстер - 100%;140;450 (г/кв.м);60000;60000 циклов;;;;159 BYN/п.м. у дилера в РБ;не проверено: сайт Аметиста недоступен;https://xn--80ablbatmgfod1dzgm.xn--90ais/katalog/velyur/velyur-mega.html;photos/Аметист/Mega/Mega_110.jpg;https://xn--80ablbatmgfod1dzgm.xn--90ais/assets/images/products/114/mega-110.jpg;"мебельныеткани.бел (дилер в РБ; официальный ametist-store.ru закрыт капчей)";2026-09-30
Аметист;Mega;Mega MEGA beach;MEGA beach;;Полиэстер - 100%;140;465 (г/кв.м);100000;100000 циклов;;;;159 BYN/п.м. у дилера в РБ;не проверено: сайт Аметиста недоступен;https://xn--80ablbatmgfod1dzgm.xn--90ais/katalog/velyur/velyur-mega-ametist.html;photos/Аметист/Mega/Mega_MEGA_beach.jpg;https://xn--80ablbatmgfod1dzgm.xn--90ais/assets/images/products/797/mega-beach.jpg;"мебельныеткани.бел (дилер в РБ; официальный ametist-store.ru закрыт капчей)";2026-09-30
Аметист;Mega;Mega MEGA grey;MEGA grey;;Полиэстер - 100%;140;465 (г/кв.м);100000;100000 циклов;;;;159 BYN/п.м. у дилера в РБ;не проверено: сайт Аметиста недоступен;https://xn--80ablbatmgfod1dzgm.xn--90ais/katalog/velyur/velyur-mega-ametist.html;photos/Аметист/Mega/Mega_MEGA_grey.jpg;https://xn--80ablbatmgfod1dzgm.xn--90ais/assets/images/products/797/mega-grey.jpg;"мебельныеткани.бел (дилер в РБ; официальный ametist-store.ru закрыт капчей)";2026-09-30
Аметист;Mega;Mega MEGA ink;MEGA ink;;Полиэстер - 100%;140;465 (г/кв.м);100000;100000 циклов;;;;159 BYN/п.м. у дилера в РБ;не проверено: сайт Аметиста недоступен;https://xn--80ablbatmgfod1dzgm.xn--90ais/katalog/velyur/velyur-mega-ametist.html;photos/Аметист/Mega/Mega_MEGA_ink.jpg;https://xn--80ablbatmgfod1dzgm.xn--90ais/assets/images/products/797/mega-ink.jpg;"мебельныеткани.бел (дилер в РБ; официальный ametist-store.ru закрыт капчей)";2026-09-30
Аметист;Mega;Mega MEGA ivory;MEGA ivory;;Полиэстер - 100%;140;465 (г/кв.м);100000;100000 циклов;;;;159 BYN/п.м. у дилера в РБ;не проверено: сайт Аметиста недоступен;https://xn--80ablbatmgfod1dzgm.xn--90ais/katalog/velyur/velyur-mega-ametist.html;photos/Аметист/Mega/Mega_MEGA_ivory.jpg;https://xn--80ablbatmgfod1dzgm.xn--90ais/assets/images/products/797/mega-ivory.jpg;"мебельныеткани.бел (дилер в РБ; официальный ametist-store.ru закрыт капчей)";2026-09-30
Аметист;Mega;Mega MEGA oldrose;MEGA oldrose;;Полиэстер - 100%;140;465 (г/кв.м);100000;100000 циклов;;;;159 BYN/п.м. у дилера в РБ;не проверено: сайт Аметиста недоступен;https://xn--80ablbatmgfod1dzgm.xn--90ais/katalog/velyur/velyur-mega-ametist.html;photos/Аметист/Mega/Mega_MEGA_oldrose.jpg;https://xn--80ablbatmgfod1dzgm.xn--90ais/assets/images/products/797/mega-oldrose.jpg;"мебельныеткани.бел (дилер в РБ; официальный ametist-store.ru закрыт капчей)";2026-09-30
Аметист;Mega;Mega MEGA taupe;MEGA taupe;;Полиэстер - 100%;140;465 (г/кв.м);100000;100000 циклов;;;;159 BYN/п.м. у дилера в РБ;не проверено: сайт Аметиста недоступен;https://xn--80ablbatmgfod1dzgm.xn--90ais/katalog/velyur/velyur-mega-ametist.html;photos/Аметист/Mega/Mega_MEGA_taupe.jpg;https://xn--80ablbatmgfod1dzgm.xn--90ais/assets/images/products/797/mega-taupe.jpg;"мебельныеткани.бел (дилер в РБ; официальный ametist-store.ru закрыт капчей)";2026-09-30
Аметист;Nappa;Nappa 01;01;;Полиэстер - 100%;140;430 (г/кв.м);80000;80000 циклов;;;;80 BYN/п.м. у дилера в РБ;не проверено: сайт Аметиста недоступен;https://xn--80ablbatmgfod1dzgm.xn--90ais/katalog/velyur/velyur-nappa.html;photos/Аметист/Nappa/Nappa_01.jpg;https://xn--80ablbatmgfod1dzgm.xn--90ais/assets/images/products/741/01.jpg;"мебельныеткани.бел (дилер в РБ; официальный ametist-store.ru закрыт капчей)";2026-09-30
Аметист;Nappa;Nappa 02;02;;Полиэстер - 100%;140;430 (г/кв.м);80000;80000 циклов;;;;80 BYN/п.м. у дилера в РБ;не проверено: сайт Аметиста недоступен;https://xn--80ablbatmgfod1dzgm.xn--90ais/katalog/velyur/velyur-nappa.html;photos/Аметист/Nappa/Nappa_02.jpg;https://xn--80ablbatmgfod1dzgm.xn--90ais/assets/images/products/741/02.jpg;"мебельныеткани.бел (дилер в РБ; официальный ametist-store.ru закрыт капчей)";2026-09-30
Аметист;Nappa;Nappa 03;03;;Полиэстер - 100%;140;430 (г/кв.м);80000;80000 циклов;;;;80 BYN/п.м. у дилера в РБ;не проверено: сайт Аметиста недоступен;https://xn--80ablbatmgfod1dzgm.xn--90ais/katalog/velyur/velyur-nappa.html;photos/Аметист/Nappa/Nappa_03.jpg;https://xn--80ablbatmgfod1dzgm.xn--90ais/assets/images/products/741/03.jpg;"мебельныеткани.бел (дилер в РБ; официальный ametist-store.ru закрыт капчей)";2026-09-30
Аметист;Nappa;Nappa 04;04;;Полиэстер - 100%;140;430 (г/кв.м);80000;80000 циклов;;;;80 BYN/п.м. у дилера в РБ;не проверено: сайт Аметиста недоступен;https://xn--80ablbatmgfod1dzgm.xn--90ais/katalog/velyur/velyur-nappa.html;photos/Аметист/Nappa/Nappa_04.jpg;https://xn--80ablbatmgfod1dzgm.xn--90ais/assets/images/products/741/04.jpg;"мебельныеткани.бел (дилер в РБ; официальный ametist-store.ru закрыт капчей)";2026-09-30
Аметист;Nappa;Nappa 05;05;;Полиэстер - 100%;140;430 (г/кв.м);80000;80000 циклов;;;;80 BYN/п.м. у дилера в РБ;не проверено: сайт Аметиста недоступен;https://xn--80ablbatmgfod1dzgm.xn--90ais/katalog/velyur/velyur-nappa.html;photos/Аметист/Nappa/Nappa_05.jpg;https://xn--80ablbatmgfod1dzgm.xn--90ais/assets/images/products/741/05.jpg;"мебельныеткани.бел (дилер в РБ; официальный ametist-store.ru закрыт капчей)";2026-09-30
Аметист;Nappa;Nappa 06;06;;Полиэстер - 100%;140;430 (г/кв.м);80000;80000 циклов;;;;80 BYN/п.м. у дилера в РБ;не проверено: сайт Аметиста недоступен;https://xn--80ablbatmgfod1dzgm.xn--90ais/katalog/velyur/velyur-nappa.html;photos/Аметист/Nappa/Nappa_06.jpg;https://xn--80ablbatmgfod1dzgm.xn--90ais/assets/images/products/741/06.jpg;"мебельныеткани.бел (дилер в РБ; официальный ametist-store.ru закрыт капчей)";2026-09-30
Аметист;Nappa;Nappa 09;09;;Полиэстер - 100%;140;430 (г/кв.м);80000;80000 циклов;;;;80 BYN/п.м. у дилера в РБ;не проверено: сайт Аметиста недоступен;https://xn--80ablbatmgfod1dzgm.xn--90ais/katalog/velyur/velyur-nappa.html;photos/Аметист/Nappa/Nappa_09.jpg;https://xn--80ablbatmgfod1dzgm.xn--90ais/assets/images/products/741/09.jpg;"мебельныеткани.бел (дилер в РБ; официальный ametist-store.ru закрыт капчей)";2026-09-30
Аметист;Nappa;Nappa 10;10;;Полиэстер - 100%;140;430 (г/кв.м);80000;80000 циклов;;;;80 BYN/п.м. у дилера в РБ;не проверено: сайт Аметиста недоступен;https://xn--80ablbatmgfod1dzgm.xn--90ais/katalog/velyur/velyur-nappa.html;photos/Аметист/Nappa/Nappa_10.jpg;https://xn--80ablbatmgfod1dzgm.xn--90ais/assets/images/products/741/10.jpg;"мебельныеткани.бел (дилер в РБ; официальный ametist-store.ru закрыт капчей)";2026-09-30
Аметист;Nappa;Nappa 11;11;;Полиэстер - 100%;140;430 (г/кв.м);80000;80000 циклов;;;;80 BYN/п.м. у дилера в РБ;не проверено: сайт Аметиста недоступен;https://xn--80ablbatmgfod1dzgm.xn--90ais/katalog/velyur/velyur-nappa.html;photos/Аметист/Nappa/Nappa_11.jpg;https://xn--80ablbatmgfod1dzgm.xn--90ais/assets/images/products/741/11.jpg;"мебельныеткани.бел (дилер в РБ; официальный ametist-store.ru закрыт капчей)";2026-09-30
Аметист;Nappa;Nappa 12;12;;Полиэстер - 100%;140;430 (г/кв.м);80000;80000 циклов;;;;80 BYN/п.м. у дилера в РБ;не проверено: сайт Аметиста недоступен;https://xn--80ablbatmgfod1dzgm.xn--90ais/katalog/velyur/velyur-nappa.html;photos/Аметист/Nappa/Nappa_12.jpg;https://xn--80ablbatmgfod1dzgm.xn--90ais/assets/images/products/741/12.jpg;"мебельныеткани.бел (дилер в РБ; официальный ametist-store.ru закрыт капчей)";2026-09-30
Аметист;Nappa;Nappa 14;14;;Полиэстер - 100%;140;430 (г/кв.м);80000;80000 циклов;;;;80 BYN/п.м. у дилера в РБ;не проверено: сайт Аметиста недоступен;https://xn--80ablbatmgfod1dzgm.xn--90ais/katalog/velyur/velyur-nappa.html;photos/Аметист/Nappa/Nappa_14.jpg;https://xn--80ablbatmgfod1dzgm.xn--90ais/assets/images/products/741/14.jpg;"мебельныеткани.бел (дилер в РБ; официальный ametist-store.ru закрыт капчей)";2026-09-30
Аметист;Polish;Polish 01;01;;Полиэстер - 100%;142;450 (г/кв.м);80000;80000 циклов;;;;65 BYN/п.м. у дилера в РБ;не проверено: сайт Аметиста недоступен;https://xn--80ablbatmgfod1dzgm.xn--90ais/katalog/velyur/velyur-polish.html;photos/Аметист/Polish/Polish_01.jpg;https://xn--80ablbatmgfod1dzgm.xn--90ais/assets/images/products/976/01.jpg;"мебельныеткани.бел (дилер в РБ; официальный ametist-store.ru закрыт капчей)";2026-09-30
Аметист;Polish;Polish 02;02;;Полиэстер - 100%;142;450 (г/кв.м);80000;80000 циклов;;;;65 BYN/п.м. у дилера в РБ;не проверено: сайт Аметиста недоступен;https://xn--80ablbatmgfod1dzgm.xn--90ais/katalog/velyur/velyur-polish.html;photos/Аметист/Polish/Polish_02.jpg;https://xn--80ablbatmgfod1dzgm.xn--90ais/assets/images/products/976/02.jpg;"мебельныеткани.бел (дилер в РБ; официальный ametist-store.ru закрыт капчей)";2026-09-30
Аметист;Polish;Polish 03;03;;Полиэстер - 100%;142;450 (г/кв.м);80000;80000 циклов;;;;65 BYN/п.м. у дилера в РБ;не проверено: сайт Аметиста недоступен;https://xn--80ablbatmgfod1dzgm.xn--90ais/katalog/velyur/velyur-polish.html;photos/Аметист/Polish/Polish_03.jpg;https://xn--80ablbatmgfod1dzgm.xn--90ais/assets/images/products/976/03.jpg;"мебельныеткани.бел (дилер в РБ; официальный ametist-store.ru закрыт капчей)";2026-09-30
Аметист;Polish;Polish 04;04;;Полиэстер - 100%;142;450 (г/кв.м);80000;80000 циклов;;;;65 BYN/п.м. у дилера в РБ;не проверено: сайт Аметиста недоступен;https://xn--80ablbatmgfod1dzgm.xn--90ais/katalog/velyur/velyur-polish.html;photos/Аметист/Polish/Polish_04.jpg;https://xn--80ablbatmgfod1dzgm.xn--90ais/assets/images/products/976/04.jpg;"мебельныеткани.бел (дилер в РБ; официальный ametist-store.ru закрыт капчей)";2026-09-30
Аметист;Polish;Polish 05;05;;Полиэстер - 100%;142;450 (г/кв.м);80000;80000 циклов;;;;65 BYN/п.м. у дилера в РБ;не проверено: сайт Аметиста недоступен;https://xn--80ablbatmgfod1dzgm.xn--90ais/katalog/velyur/velyur-polish.html;photos/Аметист/Polish/Polish_05.jpg;https://xn--80ablbatmgfod1dzgm.xn--90ais/assets/images/products/976/05.jpg;"мебельныеткани.бел (дилер в РБ; официальный ametist-store.ru закрыт капчей)";2026-09-30
Аметист;Polish;Polish 06;06;;Полиэстер - 100%;142;450 (г/кв.м);80000;80000 циклов;;;;65 BYN/п.м. у дилера в РБ;не проверено: сайт Аметиста недоступен;https://xn--80ablbatmgfod1dzgm.xn--90ais/katalog/velyur/velyur-polish.html;photos/Аметист/Polish/Polish_06.jpg;https://xn--80ablbatmgfod1dzgm.xn--90ais/assets/images/products/976/06.jpg;"мебельныеткани.бел (дилер в РБ; официальный ametist-store.ru закрыт капчей)";2026-09-30
Аметист;Polish;Polish 07;07;;Полиэстер - 100%;142;450 (г/кв.м);80000;80000 циклов;;;;65 BYN/п.м. у дилера в РБ;не проверено: сайт Аметиста недоступен;https://xn--80ablbatmgfod1dzgm.xn--90ais/katalog/velyur/velyur-polish.html;photos/Аметист/Polish/Polish_07.jpg;https://xn--80ablbatmgfod1dzgm.xn--90ais/assets/images/products/976/07.jpg;"мебельныеткани.бел (дилер в РБ; официальный ametist-store.ru закрыт капчей)";2026-09-30
Аметист;Polish;Polish 08;08;;Полиэстер - 100%;142;450 (г/кв.м);80000;80000 циклов;;;;65 BYN/п.м. у дилера в РБ;не проверено: сайт Аметиста недоступен;https://xn--80ablbatmgfod1dzgm.xn--90ais/katalog/velyur/velyur-polish.html;photos/Аметист/Polish/Polish_08.jpg;https://xn--80ablbatmgfod1dzgm.xn--90ais/assets/images/products/976/08.jpg;"мебельныеткани.бел (дилер в РБ; официальный ametist-store.ru закрыт капчей)";2026-09-30
Аметист;Polish;Polish 09;09;;Полиэстер - 100%;142;450 (г/кв.м);80000;80000 циклов;;;;65 BYN/п.м. у дилера в РБ;не проверено: сайт Аметиста недоступен;https://xn--80ablbatmgfod1dzgm.xn--90ais/katalog/velyur/velyur-polish.html;photos/Аметист/Polish/Polish_09.jpg;https://xn--80ablbatmgfod1dzgm.xn--90ais/assets/images/products/976/09.jpg;"мебельныеткани.бел (дилер в РБ; официальный ametist-store.ru закрыт капчей)";2026-09-30
Аметист;Polish;Polish 10;10;;Полиэстер - 100%;142;450 (г/кв.м);80000;80000 циклов;;;;65 BYN/п.м. у дилера в РБ;не проверено: сайт Аметиста недоступен;https://xn--80ablbatmgfod1dzgm.xn--90ais/katalog/velyur/velyur-polish.html;photos/Аметист/Polish/Polish_10.jpg;https://xn--80ablbatmgfod1dzgm.xn--90ais/assets/images/products/976/10.jpg;"мебельныеткани.бел (дилер в РБ; официальный ametist-store.ru закрыт капчей)";2026-09-30
Аметист;Polish;Polish 11;11;;Полиэстер - 100%;142;450 (г/кв.м);80000;80000 циклов;;;;65 BYN/п.м. у дилера в РБ;не проверено: сайт Аметиста недоступен;https://xn--80ablbatmgfod1dzgm.xn--90ais/katalog/velyur/velyur-polish.html;photos/Аметист/Polish/Polish_11.jpg;https://xn--80ablbatmgfod1dzgm.xn--90ais/assets/images/products/976/11.jpg;"мебельныеткани.бел (дилер в РБ; официальный ametist-store.ru закрыт капчей)";2026-09-30
Аметист;Polish;Polish 12;12;;Полиэстер - 100%;142;450 (г/кв.м);80000;80000 циклов;;;;65 BYN/п.м. у дилера в РБ;не проверено: сайт Аметиста недоступен;https://xn--80ablbatmgfod1dzgm.xn--90ais/katalog/velyur/velyur-polish.html;photos/Аметист/Polish/Polish_12.jpg;https://xn--80ablbatmgfod1dzgm.xn--90ais/assets/images/products/976/12.jpg;"мебельныеткани.бел (дилер в РБ; официальный ametist-store.ru закрыт капчей)";2026-09-30
Аметист;Polish;Polish 13;13;;Полиэстер - 100%;142;450 (г/кв.м);80000;80000 циклов;;;;65 BYN/п.м. у дилера в РБ;не проверено: сайт Аметиста недоступен;https://xn--80ablbatmgfod1dzgm.xn--90ais/katalog/velyur/velyur-polish.html;photos/Аметист/Polish/Polish_13.jpg;https://xn--80ablbatmgfod1dzgm.xn--90ais/assets/images/products/976/13.jpg;"мебельныеткани.бел (дилер в РБ; официальный ametist-store.ru закрыт капчей)";2026-09-30
Аметист;Polish;Polish 14;14;;Полиэстер - 100%;142;450 (г/кв.м);80000;80000 циклов;;;;65 BYN/п.м. у дилера в РБ;не проверено: сайт Аметиста недоступен;https://xn--80ablbatmgfod1dzgm.xn--90ais/katalog/velyur/velyur-polish.html;photos/Аметист/Polish/Polish_14.jpg;https://xn--80ablbatmgfod1dzgm.xn--90ais/assets/images/products/976/14.jpg;"мебельныеткани.бел (дилер в РБ; официальный ametist-store.ru закрыт капчей)";2026-09-30
Аметист;Polish;Polish 15;15;;Полиэстер - 100%;142;450 (г/кв.м);80000;80000 циклов;;;;65 BYN/п.м. у дилера в РБ;не проверено: сайт Аметиста недоступен;https://xn--80ablbatmgfod1dzgm.xn--90ais/katalog/velyur/velyur-polish.html;photos/Аметист/Polish/Polish_15.jpg;https://xn--80ablbatmgfod1dzgm.xn--90ais/assets/images/products/976/15.jpg;"мебельныеткани.бел (дилер в РБ; официальный ametist-store.ru закрыт капчей)";2026-09-30
Аметист;Polish;Polish 16;16;;Полиэстер - 100%;142;450 (г/кв.м);80000;80000 циклов;;;;65 BYN/п.м. у дилера в РБ;не проверено: сайт Аметиста недоступен;https://xn--80ablbatmgfod1dzgm.xn--90ais/katalog/velyur/velyur-polish.html;photos/Аметист/Polish/Polish_16.jpg;https://xn--80ablbatmgfod1dzgm.xn--90ais/assets/images/products/976/16.jpg;"мебельныеткани.бел (дилер в РБ; официальный ametist-store.ru закрыт капчей)";2026-09-30
Аметист;Polish;Polish 17;17;;Полиэстер - 100%;142;450 (г/кв.м);80000;80000 циклов;;;;65 BYN/п.м. у дилера в РБ;не проверено: сайт Аметиста недоступен;https://xn--80ablbatmgfod1dzgm.xn--90ais/katalog/velyur/velyur-polish.html;photos/Аметист/Polish/Polish_17.jpg;https://xn--80ablbatmgfod1dzgm.xn--90ais/assets/images/products/976/17.jpg;"мебельныеткани.бел (дилер в РБ; официальный ametist-store.ru закрыт капчей)";2026-09-30
Аметист;Polish;Polish 18;18;;Полиэстер - 100%;142;450 (г/кв.м);80000;80000 циклов;;;;65 BYN/п.м. у дилера в РБ;не проверено: сайт Аметиста недоступен;https://xn--80ablbatmgfod1dzgm.xn--90ais/katalog/velyur/velyur-polish.html;photos/Аметист/Polish/Polish_18.jpg;https://xn--80ablbatmgfod1dzgm.xn--90ais/assets/images/products/976/18.jpg;"мебельныеткани.бел (дилер в РБ; официальный ametist-store.ru закрыт капчей)";2026-09-30
Аметист;Polish;Polish 19;19;;Полиэстер - 100%;142;450 (г/кв.м);80000;80000 циклов;;;;65 BYN/п.м. у дилера в РБ;не проверено: сайт Аметиста недоступен;https://xn--80ablbatmgfod1dzgm.xn--90ais/katalog/velyur/velyur-polish.html;photos/Аметист/Polish/Polish_19.jpg;https://xn--80ablbatmgfod1dzgm.xn--90ais/assets/images/products/976/19.jpg;"мебельныеткани.бел (дилер в РБ; официальный ametist-store.ru закрыт капчей)";2026-09-30
Аметист;Polish;Polish 20;20;;Полиэстер - 100%;142;450 (г/кв.м);80000;80000 циклов;;;;65 BYN/п.м. у дилера в РБ;не проверено: сайт Аметиста недоступен;https://xn--80ablbatmgfod1dzgm.xn--90ais/katalog/velyur/velyur-polish.html;photos/Аметист/Polish/Polish_20.jpg;https://xn--80ablbatmgfod1dzgm.xn--90ais/assets/images/products/976/20.jpg;"мебельныеткани.бел (дилер в РБ; официальный ametist-store.ru закрыт капчей)";2026-09-30
Аметист;Porto;Porto atlantic;atlantic;;Полиэстер - 100%;140;310 (г/кв.м);50000;50000 циклов;;;;63 BYN/п.м. у дилера в РБ;не проверено: сайт Аметиста недоступен;https://xn--80ablbatmgfod1dzgm.xn--90ais/katalog/velyur/velyur-porto.html;photos/Аметист/Porto/Porto_atlantic.jpg;https://xn--80ablbatmgfod1dzgm.xn--90ais/assets/images/products/977/atlantic.jpg;"мебельныеткани.бел (дилер в РБ; официальный ametist-store.ru закрыт капчей)";2026-09-30
Аметист;Porto;Porto caramel;caramel;;Полиэстер - 100%;140;310 (г/кв.м);50000;50000 циклов;;;;63 BYN/п.м. у дилера в РБ;не проверено: сайт Аметиста недоступен;https://xn--80ablbatmgfod1dzgm.xn--90ais/katalog/velyur/velyur-porto.html;photos/Аметист/Porto/Porto_caramel.jpg;https://xn--80ablbatmgfod1dzgm.xn--90ais/assets/images/products/977/caramel.jpg;"мебельныеткани.бел (дилер в РБ; официальный ametist-store.ru закрыт капчей)";2026-09-30
Аметист;Porto;Porto cream;cream;;Полиэстер - 100%;140;310 (г/кв.м);50000;50000 циклов;;;;63 BYN/п.м. у дилера в РБ;не проверено: сайт Аметиста недоступен;https://xn--80ablbatmgfod1dzgm.xn--90ais/katalog/velyur/velyur-porto.html;photos/Аметист/Porto/Porto_cream.jpg;https://xn--80ablbatmgfod1dzgm.xn--90ais/assets/images/products/977/cream.jpg;"мебельныеткани.бел (дилер в РБ; официальный ametist-store.ru закрыт капчей)";2026-09-30
Аметист;Porto;Porto ecru;ecru;;Полиэстер - 100%;140;310 (г/кв.м);50000;50000 циклов;;;;63 BYN/п.м. у дилера в РБ;не проверено: сайт Аметиста недоступен;https://xn--80ablbatmgfod1dzgm.xn--90ais/katalog/velyur/velyur-porto.html;photos/Аметист/Porto/Porto_ecru.jpg;https://xn--80ablbatmgfod1dzgm.xn--90ais/assets/images/products/977/ecru.jpg;"мебельныеткани.бел (дилер в РБ; официальный ametist-store.ru закрыт капчей)";2026-09-30
Аметист;Porto;Porto forest;forest;;Полиэстер - 100%;140;310 (г/кв.м);50000;50000 циклов;;;;63 BYN/п.м. у дилера в РБ;не проверено: сайт Аметиста недоступен;https://xn--80ablbatmgfod1dzgm.xn--90ais/katalog/velyur/velyur-porto.html;photos/Аметист/Porto/Porto_forest.jpg;https://xn--80ablbatmgfod1dzgm.xn--90ais/assets/images/products/977/forest.jpg;"мебельныеткани.бел (дилер в РБ; официальный ametist-store.ru закрыт капчей)";2026-09-30
Аметист;Porto;Porto golden;golden;;Полиэстер - 100%;140;310 (г/кв.м);50000;50000 циклов;;;;63 BYN/п.м. у дилера в РБ;не проверено: сайт Аметиста недоступен;https://xn--80ablbatmgfod1dzgm.xn--90ais/katalog/velyur/velyur-porto.html;photos/Аметист/Porto/Porto_golden.jpg;https://xn--80ablbatmgfod1dzgm.xn--90ais/assets/images/products/977/golden.jpg;"мебельныеткани.бел (дилер в РБ; официальный ametist-store.ru закрыт капчей)";2026-09-30
Аметист;Porto;Porto grafit;grafit;;Полиэстер - 100%;140;310 (г/кв.м);50000;50000 циклов;;;;63 BYN/п.м. у дилера в РБ;не проверено: сайт Аметиста недоступен;https://xn--80ablbatmgfod1dzgm.xn--90ais/katalog/velyur/velyur-porto.html;photos/Аметист/Porto/Porto_grafit.jpg;https://xn--80ablbatmgfod1dzgm.xn--90ais/assets/images/products/977/grafit.jpg;"мебельныеткани.бел (дилер в РБ; официальный ametist-store.ru закрыт капчей)";2026-09-30
Аметист;Porto;Porto iris;iris;;Полиэстер - 100%;140;310 (г/кв.м);50000;50000 циклов;;;;63 BYN/п.м. у дилера в РБ;не проверено: сайт Аметиста недоступен;https://xn--80ablbatmgfod1dzgm.xn--90ais/katalog/velyur/velyur-porto.html;photos/Аметист/Porto/Porto_iris.jpg;https://xn--80ablbatmgfod1dzgm.xn--90ais/assets/images/products/977/iris.jpg;"мебельныеткани.бел (дилер в РБ; официальный ametist-store.ru закрыт капчей)";2026-09-30
Аметист;Porto;Porto navy;navy;;Полиэстер - 100%;140;310 (г/кв.м);50000;50000 циклов;;;;63 BYN/п.м. у дилера в РБ;не проверено: сайт Аметиста недоступен;https://xn--80ablbatmgfod1dzgm.xn--90ais/katalog/velyur/velyur-porto.html;photos/Аметист/Porto/Porto_navy.jpg;https://xn--80ablbatmgfod1dzgm.xn--90ais/assets/images/products/977/navy.jpg;"мебельныеткани.бел (дилер в РБ; официальный ametist-store.ru закрыт капчей)";2026-09-30
Аметист;Porto;Porto siena;siena;;Полиэстер - 100%;140;310 (г/кв.м);50000;50000 циклов;;;;63 BYN/п.м. у дилера в РБ;не проверено: сайт Аметиста недоступен;https://xn--80ablbatmgfod1dzgm.xn--90ais/katalog/velyur/velyur-porto.html;photos/Аметист/Porto/Porto_siena.jpg;https://xn--80ablbatmgfod1dzgm.xn--90ais/assets/images/products/977/siena.jpg;"мебельныеткани.бел (дилер в РБ; официальный ametist-store.ru закрыт капчей)";2026-09-30
Аметист;Porto;Porto silver;silver;;Полиэстер - 100%;140;310 (г/кв.м);50000;50000 циклов;;;;63 BYN/п.м. у дилера в РБ;не проверено: сайт Аметиста недоступен;https://xn--80ablbatmgfod1dzgm.xn--90ais/katalog/velyur/velyur-porto.html;photos/Аметист/Porto/Porto_silver.jpg;https://xn--80ablbatmgfod1dzgm.xn--90ais/assets/images/products/977/silver.jpg;"мебельныеткани.бел (дилер в РБ; официальный ametist-store.ru закрыт капчей)";2026-09-30
Аметист;Porto;Porto steel;steel;;Полиэстер - 100%;140;310 (г/кв.м);50000;50000 циклов;;;;63 BYN/п.м. у дилера в РБ;не проверено: сайт Аметиста недоступен;https://xn--80ablbatmgfod1dzgm.xn--90ais/katalog/velyur/velyur-porto.html;photos/Аметист/Porto/Porto_steel.jpg;https://xn--80ablbatmgfod1dzgm.xn--90ais/assets/images/products/977/steel.jpg;"мебельныеткани.бел (дилер в РБ; официальный ametist-store.ru закрыт капчей)";2026-09-30
Аметист;Prima;Prima apricot;apricot;;Полиэстер - 100%;140;310 (г/кв.м);40000;40000 циклов;;;;63 BYN/п.м. у дилера в РБ;не проверено: сайт Аметиста недоступен;https://xn--80ablbatmgfod1dzgm.xn--90ais/katalog/velyur/velyur-p.html;photos/Аметист/Prima/Prima_apricot.jpg;https://xn--80ablbatmgfod1dzgm.xn--90ais/assets/images/products/974/apricot.jpg;"мебельныеткани.бел (дилер в РБ; официальный ametist-store.ru закрыт капчей)";2026-09-30
Аметист;Prima;Prima aqua blue;aqua blue;;Полиэстер - 100%;140;310 (г/кв.м);40000;40000 циклов;;;;63 BYN/п.м. у дилера в РБ;не проверено: сайт Аметиста недоступен;https://xn--80ablbatmgfod1dzgm.xn--90ais/katalog/velyur/velyur-p.html;photos/Аметист/Prima/Prima_aqua_blue.jpg;https://xn--80ablbatmgfod1dzgm.xn--90ais/assets/images/products/974/aqua-blue.jpg;"мебельныеткани.бел (дилер в РБ; официальный ametist-store.ru закрыт капчей)";2026-09-30
Аметист;Prima;Prima biege;biege;;Полиэстер - 100%;140;310 (г/кв.м);40000;40000 циклов;;;;63 BYN/п.м. у дилера в РБ;не проверено: сайт Аметиста недоступен;https://xn--80ablbatmgfod1dzgm.xn--90ais/katalog/velyur/velyur-p.html;photos/Аметист/Prima/Prima_biege.jpg;https://xn--80ablbatmgfod1dzgm.xn--90ais/assets/images/products/974/biege.jpg;"мебельныеткани.бел (дилер в РБ; официальный ametist-store.ru закрыт капчей)";2026-09-30
Аметист;Prima;Prima cameo;cameo;;Полиэстер - 100%;140;310 (г/кв.м);40000;40000 циклов;;;;63 BYN/п.м. у дилера в РБ;не проверено: сайт Аметиста недоступен;https://xn--80ablbatmgfod1dzgm.xn--90ais/katalog/velyur/velyur-p.html;photos/Аметист/Prima/Prima_cameo.jpg;https://xn--80ablbatmgfod1dzgm.xn--90ais/assets/images/products/974/cameo.jpg;"мебельныеткани.бел (дилер в РБ; официальный ametist-store.ru закрыт капчей)";2026-09-30
Аметист;Prima;Prima coffee;coffee;;Полиэстер - 100%;140;310 (г/кв.м);40000;40000 циклов;;;;63 BYN/п.м. у дилера в РБ;не проверено: сайт Аметиста недоступен;https://xn--80ablbatmgfod1dzgm.xn--90ais/katalog/velyur/velyur-p.html;photos/Аметист/Prima/Prima_coffee.jpg;https://xn--80ablbatmgfod1dzgm.xn--90ais/assets/images/products/974/coffee.jpg;"мебельныеткани.бел (дилер в РБ; официальный ametist-store.ru закрыт капчей)";2026-09-30
Аметист;Prima;Prima cream;cream;;Полиэстер - 100%;140;310 (г/кв.м);40000;40000 циклов;;;;63 BYN/п.м. у дилера в РБ;не проверено: сайт Аметиста недоступен;https://xn--80ablbatmgfod1dzgm.xn--90ais/katalog/velyur/velyur-p.html;photos/Аметист/Prima/Prima_cream.jpg;https://xn--80ablbatmgfod1dzgm.xn--90ais/assets/images/products/974/cream.jpg;"мебельныеткани.бел (дилер в РБ; официальный ametist-store.ru закрыт капчей)";2026-09-30
Аметист;Prima;Prima dark;dark;;Полиэстер - 100%;140;310 (г/кв.м);40000;40000 циклов;;;;63 BYN/п.м. у дилера в РБ;не проверено: сайт Аметиста недоступен;https://xn--80ablbatmgfod1dzgm.xn--90ais/katalog/velyur/velyur-p.html;photos/Аметист/Prima/Prima_dark.jpg;https://xn--80ablbatmgfod1dzgm.xn--90ais/assets/images/products/974/dark.jpg;"мебельныеткани.бел (дилер в РБ; официальный ametist-store.ru закрыт капчей)";2026-09-30
Аметист;Prima;Prima dark brown;dark brown;;Полиэстер - 100%;140;310 (г/кв.м);40000;40000 циклов;;;;63 BYN/п.м. у дилера в РБ;не проверено: сайт Аметиста недоступен;https://xn--80ablbatmgfod1dzgm.xn--90ais/katalog/velyur/velyur-p.html;photos/Аметист/Prima/Prima_dark_brown.jpg;https://xn--80ablbatmgfod1dzgm.xn--90ais/assets/images/products/974/dark-brown.jpg;"мебельныеткани.бел (дилер в РБ; официальный ametist-store.ru закрыт капчей)";2026-09-30
Аметист;Prima;Prima dark grey;dark grey;;Полиэстер - 100%;140;310 (г/кв.м);40000;40000 циклов;;;;63 BYN/п.м. у дилера в РБ;не проверено: сайт Аметиста недоступен;https://xn--80ablbatmgfod1dzgm.xn--90ais/katalog/velyur/velyur-p.html;photos/Аметист/Prima/Prima_dark_grey.jpg;https://xn--80ablbatmgfod1dzgm.xn--90ais/assets/images/products/974/dark-grey.jpg;"мебельныеткани.бел (дилер в РБ; официальный ametist-store.ru закрыт капчей)";2026-09-30
Аметист;Prima;Prima forest;forest;;Полиэстер - 100%;140;310 (г/кв.м);40000;40000 циклов;;;;63 BYN/п.м. у дилера в РБ;не проверено: сайт Аметиста недоступен;https://xn--80ablbatmgfod1dzgm.xn--90ais/katalog/velyur/velyur-p.html;photos/Аметист/Prima/Prima_forest.jpg;https://xn--80ablbatmgfod1dzgm.xn--90ais/assets/images/products/974/forest.jpg;"мебельныеткани.бел (дилер в РБ; официальный ametist-store.ru закрыт капчей)";2026-09-30
Аметист;Prima;Prima green;green;;Полиэстер - 100%;140;310 (г/кв.м);40000;40000 циклов;;;;63 BYN/п.м. у дилера в РБ;не проверено: сайт Аметиста недоступен;https://xn--80ablbatmgfod1dzgm.xn--90ais/katalog/velyur/velyur-p.html;photos/Аметист/Prima/Prima_green.jpg;https://xn--80ablbatmgfod1dzgm.xn--90ais/assets/images/products/974/green.jpg;"мебельныеткани.бел (дилер в РБ; официальный ametist-store.ru закрыт капчей)";2026-09-30
Аметист;Prima;Prima grey;grey;;Полиэстер - 100%;140;310 (г/кв.м);40000;40000 циклов;;;;63 BYN/п.м. у дилера в РБ;не проверено: сайт Аметиста недоступен;https://xn--80ablbatmgfod1dzgm.xn--90ais/katalog/velyur/velyur-p.html;photos/Аметист/Prima/Prima_grey.jpg;https://xn--80ablbatmgfod1dzgm.xn--90ais/assets/images/products/974/grey.jpg;"мебельныеткани.бел (дилер в РБ; официальный ametist-store.ru закрыт капчей)";2026-09-30
Аметист;Prima;Prima honey;honey;;Полиэстер - 100%;140;310 (г/кв.м);40000;40000 циклов;;;;63 BYN/п.м. у дилера в РБ;не проверено: сайт Аметиста недоступен;https://xn--80ablbatmgfod1dzgm.xn--90ais/katalog/velyur/velyur-p.html;photos/Аметист/Prima/Prima_honey.jpg;https://xn--80ablbatmgfod1dzgm.xn--90ais/assets/images/products/974/honey.jpg;"мебельныеткани.бел (дилер в РБ; официальный ametist-store.ru закрыт капчей)";2026-09-30
Аметист;Prima;Prima kiwi;kiwi;;Полиэстер - 100%;140;310 (г/кв.м);40000;40000 циклов;;;;63 BYN/п.м. у дилера в РБ;не проверено: сайт Аметиста недоступен;https://xn--80ablbatmgfod1dzgm.xn--90ais/katalog/velyur/velyur-p.html;photos/Аметист/Prima/Prima_kiwi.jpg;https://xn--80ablbatmgfod1dzgm.xn--90ais/assets/images/products/974/kiwi.jpg;"мебельныеткани.бел (дилер в РБ; официальный ametist-store.ru закрыт капчей)";2026-09-30
Аметист;Prima;Prima latte;latte;;Полиэстер - 100%;140;310 (г/кв.м);40000;40000 циклов;;;;63 BYN/п.м. у дилера в РБ;не проверено: сайт Аметиста недоступен;https://xn--80ablbatmgfod1dzgm.xn--90ais/katalog/velyur/velyur-p.html;photos/Аметист/Prima/Prima_latte.jpg;https://xn--80ablbatmgfod1dzgm.xn--90ais/assets/images/products/974/latte.jpg;"мебельныеткани.бел (дилер в РБ; официальный ametist-store.ru закрыт капчей)";2026-09-30
Аметист;Prima;Prima lavender;lavender;;Полиэстер - 100%;140;310 (г/кв.м);40000;40000 циклов;;;;63 BYN/п.м. у дилера в РБ;не проверено: сайт Аметиста недоступен;https://xn--80ablbatmgfod1dzgm.xn--90ais/katalog/velyur/velyur-p.html;photos/Аметист/Prima/Prima_lavender.jpg;https://xn--80ablbatmgfod1dzgm.xn--90ais/assets/images/products/974/lavender.jpg;"мебельныеткани.бел (дилер в РБ; официальный ametist-store.ru закрыт капчей)";2026-09-30
Аметист;Prima;Prima light biege;light biege;;Полиэстер - 100%;140;310 (г/кв.м);40000;40000 циклов;;;;63 BYN/п.м. у дилера в РБ;не проверено: сайт Аметиста недоступен;https://xn--80ablbatmgfod1dzgm.xn--90ais/katalog/velyur/velyur-p.html;photos/Аметист/Prima/Prima_light_biege.jpg;https://xn--80ablbatmgfod1dzgm.xn--90ais/assets/images/products/974/light-biege.jpg;"мебельныеткани.бел (дилер в РБ; официальный ametist-store.ru закрыт капчей)";2026-09-30
Аметист;Prima;Prima light blue;light blue;;Полиэстер - 100%;140;310 (г/кв.м);40000;40000 циклов;;;;63 BYN/п.м. у дилера в РБ;не проверено: сайт Аметиста недоступен;https://xn--80ablbatmgfod1dzgm.xn--90ais/katalog/velyur/velyur-p.html;photos/Аметист/Prima/Prima_light_blue.jpg;https://xn--80ablbatmgfod1dzgm.xn--90ais/assets/images/products/974/light-blue.jpg;"мебельныеткани.бел (дилер в РБ; официальный ametist-store.ru закрыт капчей)";2026-09-30
Аметист;Prima;Prima light grey;light grey;;Полиэстер - 100%;140;310 (г/кв.м);40000;40000 циклов;;;;63 BYN/п.м. у дилера в РБ;не проверено: сайт Аметиста недоступен;https://xn--80ablbatmgfod1dzgm.xn--90ais/katalog/velyur/velyur-p.html;photos/Аметист/Prima/Prima_light_grey.jpg;https://xn--80ablbatmgfod1dzgm.xn--90ais/assets/images/products/974/light-grey.jpg;"мебельныеткани.бел (дилер в РБ; официальный ametist-store.ru закрыт капчей)";2026-09-30
Аметист;Prima;Prima mentol;mentol;;Полиэстер - 100%;140;310 (г/кв.м);40000;40000 циклов;;;;63 BYN/п.м. у дилера в РБ;не проверено: сайт Аметиста недоступен;https://xn--80ablbatmgfod1dzgm.xn--90ais/katalog/velyur/velyur-p.html;photos/Аметист/Prima/Prima_mentol.jpg;https://xn--80ablbatmgfod1dzgm.xn--90ais/assets/images/products/974/mentol.jpg;"мебельныеткани.бел (дилер в РБ; официальный ametist-store.ru закрыт капчей)";2026-09-30
Аметист;Prima;Prima natural;natural;;Полиэстер - 100%;140;310 (г/кв.м);40000;40000 циклов;;;;63 BYN/п.м. у дилера в РБ;не проверено: сайт Аметиста недоступен;https://xn--80ablbatmgfod1dzgm.xn--90ais/katalog/velyur/velyur-p.html;photos/Аметист/Prima/Prima_natural.jpg;https://xn--80ablbatmgfod1dzgm.xn--90ais/assets/images/products/974/natural.jpg;"мебельныеткани.бел (дилер в РБ; официальный ametist-store.ru закрыт капчей)";2026-09-30
Аметист;Prima;Prima navy;navy;;Полиэстер - 100%;140;310 (г/кв.м);40000;40000 циклов;;;;63 BYN/п.м. у дилера в РБ;не проверено: сайт Аметиста недоступен;https://xn--80ablbatmgfod1dzgm.xn--90ais/katalog/velyur/velyur-p.html;photos/Аметист/Prima/Prima_navy.jpg;https://xn--80ablbatmgfod1dzgm.xn--90ais/assets/images/products/974/navy.jpg;"мебельныеткани.бел (дилер в РБ; официальный ametist-store.ru закрыт капчей)";2026-09-30
Аметист;Prima;Prima ocean;ocean;;Полиэстер - 100%;140;310 (г/кв.м);40000;40000 циклов;;;;63 BYN/п.м. у дилера в РБ;не проверено: сайт Аметиста недоступен;https://xn--80ablbatmgfod1dzgm.xn--90ais/katalog/velyur/velyur-p.html;photos/Аметист/Prima/Prima_ocean.jpg;https://xn--80ablbatmgfod1dzgm.xn--90ais/assets/images/products/974/ocean.jpg;"мебельныеткани.бел (дилер в РБ; официальный ametist-store.ru закрыт капчей)";2026-09-30
Аметист;Prima;Prima orange;orange;;Полиэстер - 100%;140;310 (г/кв.м);40000;40000 циклов;;;;63 BYN/п.м. у дилера в РБ;не проверено: сайт Аметиста недоступен;https://xn--80ablbatmgfod1dzgm.xn--90ais/katalog/velyur/velyur-p.html;photos/Аметист/Prima/Prima_orange.jpg;https://xn--80ablbatmgfod1dzgm.xn--90ais/assets/images/products/974/orange.jpg;"мебельныеткани.бел (дилер в РБ; официальный ametist-store.ru закрыт капчей)";2026-09-30
Аметист;Prima;Prima peach;peach;;Полиэстер - 100%;140;310 (г/кв.м);40000;40000 циклов;;;;63 BYN/п.м. у дилера в РБ;не проверено: сайт Аметиста недоступен;https://xn--80ablbatmgfod1dzgm.xn--90ais/katalog/velyur/velyur-p.html;photos/Аметист/Prima/Prima_peach.jpg;https://xn--80ablbatmgfod1dzgm.xn--90ais/assets/images/products/974/peach.jpg;"мебельныеткани.бел (дилер в РБ; официальный ametist-store.ru закрыт капчей)";2026-09-30
Аметист;Prima;Prima purple;purple;;Полиэстер - 100%;140;310 (г/кв.м);40000;40000 циклов;;;;63 BYN/п.м. у дилера в РБ;не проверено: сайт Аметиста недоступен;https://xn--80ablbatmgfod1dzgm.xn--90ais/katalog/velyur/velyur-p.html;photos/Аметист/Prima/Prima_purple.jpg;https://xn--80ablbatmgfod1dzgm.xn--90ais/assets/images/products/974/purple.jpg;"мебельныеткани.бел (дилер в РБ; официальный ametist-store.ru закрыт капчей)";2026-09-30
Аметист;Prima;Prima rose;rose;;Полиэстер - 100%;140;310 (г/кв.м);40000;40000 циклов;;;;63 BYN/п.м. у дилера в РБ;не проверено: сайт Аметиста недоступен;https://xn--80ablbatmgfod1dzgm.xn--90ais/katalog/velyur/velyur-p.html;photos/Аметист/Prima/Prima_rose.jpg;https://xn--80ablbatmgfod1dzgm.xn--90ais/assets/images/products/974/rose.jpg;"мебельныеткани.бел (дилер в РБ; официальный ametist-store.ru закрыт капчей)";2026-09-30
Аметист;Prima;Prima sangria;sangria;;Полиэстер - 100%;140;310 (г/кв.м);40000;40000 циклов;;;;63 BYN/п.м. у дилера в РБ;не проверено: сайт Аметиста недоступен;https://xn--80ablbatmgfod1dzgm.xn--90ais/katalog/velyur/velyur-p.html;photos/Аметист/Prima/Prima_sangria.jpg;https://xn--80ablbatmgfod1dzgm.xn--90ais/assets/images/products/974/sangria.jpg;"мебельныеткани.бел (дилер в РБ; официальный ametist-store.ru закрыт капчей)";2026-09-30
Аметист;Prima;Prima violet;violet;;Полиэстер - 100%;140;310 (г/кв.м);40000;40000 циклов;;;;63 BYN/п.м. у дилера в РБ;не проверено: сайт Аметиста недоступен;https://xn--80ablbatmgfod1dzgm.xn--90ais/katalog/velyur/velyur-p.html;photos/Аметист/Prima/Prima_violet.jpg;https://xn--80ablbatmgfod1dzgm.xn--90ais/assets/images/products/974/violet.jpg;"мебельныеткани.бел (дилер в РБ; официальный ametist-store.ru закрыт капчей)";2026-09-30
Аметист;Prima;Prima wine;wine;;Полиэстер - 100%;140;310 (г/кв.м);40000;40000 циклов;;;;63 BYN/п.м. у дилера в РБ;не проверено: сайт Аметиста недоступен;https://xn--80ablbatmgfod1dzgm.xn--90ais/katalog/velyur/velyur-p.html;photos/Аметист/Prima/Prima_wine.jpg;https://xn--80ablbatmgfod1dzgm.xn--90ais/assets/images/products/974/wine.jpg;"мебельныеткани.бел (дилер в РБ; официальный ametist-store.ru закрыт капчей)";2026-09-30
Аметист;Prima;Prima yellow;yellow;;Полиэстер - 100%;140;310 (г/кв.м);40000;40000 циклов;;;;63 BYN/п.м. у дилера в РБ;не проверено: сайт Аметиста недоступен;https://xn--80ablbatmgfod1dzgm.xn--90ais/katalog/velyur/velyur-p.html;photos/Аметист/Prima/Prima_yellow.jpg;https://xn--80ablbatmgfod1dzgm.xn--90ais/assets/images/products/974/yellow.jpg;"мебельныеткани.бел (дилер в РБ; официальный ametist-store.ru закрыт капчей)";2026-09-30
Аметист;Prima Romb;Prima Romb aqua blue;aqua blue;;Полиэстер - 100%;140;426 (г/кв.м);40000;40000 циклов;;;;63 BYN/п.м. у дилера в РБ;не проверено: сайт Аметиста недоступен;https://xn--80ablbatmgfod1dzgm.xn--90ais/katalog/velyur/velyur-prima-romb.html;photos/Аметист/Prima_Romb/Prima_Romb_aqua_blue.jpg;https://xn--80ablbatmgfod1dzgm.xn--90ais/assets/images/products/975/aqua-blue.jpg;"мебельныеткани.бел (дилер в РБ; официальный ametist-store.ru закрыт капчей)";2026-09-30
Аметист;Prima Romb;Prima Romb biege;biege;;Полиэстер - 100%;140;426 (г/кв.м);40000;40000 циклов;;;;63 BYN/п.м. у дилера в РБ;не проверено: сайт Аметиста недоступен;https://xn--80ablbatmgfod1dzgm.xn--90ais/katalog/velyur/velyur-prima-romb.html;photos/Аметист/Prima_Romb/Prima_Romb_biege.jpg;https://xn--80ablbatmgfod1dzgm.xn--90ais/assets/images/products/975/biege.jpg;"мебельныеткани.бел (дилер в РБ; официальный ametist-store.ru закрыт капчей)";2026-09-30
Аметист;Prima Romb;Prima Romb coffee;coffee;;Полиэстер - 100%;140;426 (г/кв.м);40000;40000 циклов;;;;63 BYN/п.м. у дилера в РБ;не проверено: сайт Аметиста недоступен;https://xn--80ablbatmgfod1dzgm.xn--90ais/katalog/velyur/velyur-prima-romb.html;photos/Аметист/Prima_Romb/Prima_Romb_coffee.jpg;https://xn--80ablbatmgfod1dzgm.xn--90ais/assets/images/products/975/coffee.jpg;"мебельныеткани.бел (дилер в РБ; официальный ametist-store.ru закрыт капчей)";2026-09-30
Аметист;Prima Romb;Prima Romb green;green;;Полиэстер - 100%;140;426 (г/кв.м);40000;40000 циклов;;;;63 BYN/п.м. у дилера в РБ;не проверено: сайт Аметиста недоступен;https://xn--80ablbatmgfod1dzgm.xn--90ais/katalog/velyur/velyur-prima-romb.html;photos/Аметист/Prima_Romb/Prima_Romb_green.jpg;https://xn--80ablbatmgfod1dzgm.xn--90ais/assets/images/products/975/green.jpg;"мебельныеткани.бел (дилер в РБ; официальный ametist-store.ru закрыт капчей)";2026-09-30
Аметист;Prima Romb;Prima Romb grey;grey;;Полиэстер - 100%;140;426 (г/кв.м);40000;40000 циклов;;;;63 BYN/п.м. у дилера в РБ;не проверено: сайт Аметиста недоступен;https://xn--80ablbatmgfod1dzgm.xn--90ais/katalog/velyur/velyur-prima-romb.html;photos/Аметист/Prima_Romb/Prima_Romb_grey.jpg;https://xn--80ablbatmgfod1dzgm.xn--90ais/assets/images/products/975/grey.jpg;"мебельныеткани.бел (дилер в РБ; официальный ametist-store.ru закрыт капчей)";2026-09-30
Аметист;Prima Romb;Prima Romb latte;latte;;Полиэстер - 100%;140;426 (г/кв.м);40000;40000 циклов;;;;63 BYN/п.м. у дилера в РБ;не проверено: сайт Аметиста недоступен;https://xn--80ablbatmgfod1dzgm.xn--90ais/katalog/velyur/velyur-prima-romb.html;photos/Аметист/Prima_Romb/Prima_Romb_latte.jpg;https://xn--80ablbatmgfod1dzgm.xn--90ais/assets/images/products/975/latte.jpg;"мебельныеткани.бел (дилер в РБ; официальный ametist-store.ru закрыт капчей)";2026-09-30
Аметист;Prima Romb;Prima Romb lavender;lavender;;Полиэстер - 100%;140;426 (г/кв.м);40000;40000 циклов;;;;63 BYN/п.м. у дилера в РБ;не проверено: сайт Аметиста недоступен;https://xn--80ablbatmgfod1dzgm.xn--90ais/katalog/velyur/velyur-prima-romb.html;photos/Аметист/Prima_Romb/Prima_Romb_lavender.jpg;https://xn--80ablbatmgfod1dzgm.xn--90ais/assets/images/products/975/lavender.jpg;"мебельныеткани.бел (дилер в РБ; официальный ametist-store.ru закрыт капчей)";2026-09-30
Аметист;Prima Romb;Prima Romb light blue;light blue;;Полиэстер - 100%;140;426 (г/кв.м);40000;40000 циклов;;;;63 BYN/п.м. у дилера в РБ;не проверено: сайт Аметиста недоступен;https://xn--80ablbatmgfod1dzgm.xn--90ais/katalog/velyur/velyur-prima-romb.html;photos/Аметист/Prima_Romb/Prima_Romb_light_blue.jpg;https://xn--80ablbatmgfod1dzgm.xn--90ais/assets/images/products/975/light-blue.jpg;"мебельныеткани.бел (дилер в РБ; официальный ametist-store.ru закрыт капчей)";2026-09-30
Аметист;Prima Romb;Prima Romb light grey;light grey;;Полиэстер - 100%;140;426 (г/кв.м);40000;40000 циклов;;;;63 BYN/п.м. у дилера в РБ;не проверено: сайт Аметиста недоступен;https://xn--80ablbatmgfod1dzgm.xn--90ais/katalog/velyur/velyur-prima-romb.html;photos/Аметист/Prima_Romb/Prima_Romb_light_grey.jpg;https://xn--80ablbatmgfod1dzgm.xn--90ais/assets/images/products/975/light-grey.jpg;"мебельныеткани.бел (дилер в РБ; официальный ametist-store.ru закрыт капчей)";2026-09-30
Аметист;Prima Romb;Prima Romb navy;navy;;Полиэстер - 100%;140;426 (г/кв.м);40000;40000 циклов;;;;63 BYN/п.м. у дилера в РБ;не проверено: сайт Аметиста недоступен;https://xn--80ablbatmgfod1dzgm.xn--90ais/katalog/velyur/velyur-prima-romb.html;photos/Аметист/Prima_Romb/Prima_Romb_navy.jpg;https://xn--80ablbatmgfod1dzgm.xn--90ais/assets/images/products/975/navy.jpg;"мебельныеткани.бел (дилер в РБ; официальный ametist-store.ru закрыт капчей)";2026-09-30
Аметист;Prima Romb;Prima Romb ocean;ocean;;Полиэстер - 100%;140;426 (г/кв.м);40000;40000 циклов;;;;63 BYN/п.м. у дилера в РБ;не проверено: сайт Аметиста недоступен;https://xn--80ablbatmgfod1dzgm.xn--90ais/katalog/velyur/velyur-prima-romb.html;photos/Аметист/Prima_Romb/Prima_Romb_ocean.jpg;https://xn--80ablbatmgfod1dzgm.xn--90ais/assets/images/products/975/ocean.jpg;"мебельныеткани.бел (дилер в РБ; официальный ametist-store.ru закрыт капчей)";2026-09-30
Аметист;Prima Romb;Prima Romb peach;peach;;Полиэстер - 100%;140;426 (г/кв.м);40000;40000 циклов;;;;63 BYN/п.м. у дилера в РБ;не проверено: сайт Аметиста недоступен;https://xn--80ablbatmgfod1dzgm.xn--90ais/katalog/velyur/velyur-prima-romb.html;photos/Аметист/Prima_Romb/Prima_Romb_peach.jpg;https://xn--80ablbatmgfod1dzgm.xn--90ais/assets/images/products/975/peach.jpg;"мебельныеткани.бел (дилер в РБ; официальный ametist-store.ru закрыт капчей)";2026-09-30
Аметист;Prima Romb;Prima Romb purple;purple;;Полиэстер - 100%;140;426 (г/кв.м);40000;40000 циклов;;;;63 BYN/п.м. у дилера в РБ;не проверено: сайт Аметиста недоступен;https://xn--80ablbatmgfod1dzgm.xn--90ais/katalog/velyur/velyur-prima-romb.html;photos/Аметист/Prima_Romb/Prima_Romb_purple.jpg;https://xn--80ablbatmgfod1dzgm.xn--90ais/assets/images/products/975/purple.jpg;"мебельныеткани.бел (дилер в РБ; официальный ametist-store.ru закрыт капчей)";2026-09-30
Аметист;Primavera;Primavera PRIMAVERA alba;PRIMAVERA alba;;Полиэстер - 100%;140;260 (г/кв.м);50000;50000 циклов;;;;316 BYN/п.м. у дилера в РБ;не проверено: сайт Аметиста недоступен;https://xn--80ablbatmgfod1dzgm.xn--90ais/katalog/velyur/velyur-primavera.html;photos/Аметист/Primavera/Primavera_PRIMAVERA_alba.jpg;https://xn--80ablbatmgfod1dzgm.xn--90ais/assets/images/products/808/primavera-alba.jpg;"мебельныеткани.бел (дилер в РБ; официальный ametist-store.ru закрыт капчей)";2026-09-30
Аметист;Primavera;Primavera PRIMAVERA notte;PRIMAVERA notte;;Полиэстер - 100%;140;260 (г/кв.м);50000;50000 циклов;;;;316 BYN/п.м. у дилера в РБ;не проверено: сайт Аметиста недоступен;https://xn--80ablbatmgfod1dzgm.xn--90ais/katalog/velyur/velyur-primavera.html;photos/Аметист/Primavera/Primavera_PRIMAVERA_notte.jpg;https://xn--80ablbatmgfod1dzgm.xn--90ais/assets/images/products/808/primavera-notte.jpg;"мебельныеткани.бел (дилер в РБ; официальный ametist-store.ru закрыт капчей)";2026-09-30
Аметист;Primavera;Primavera PRIMAVERA sera;PRIMAVERA sera;;Полиэстер - 100%;140;260 (г/кв.м);50000;50000 циклов;;;;316 BYN/п.м. у дилера в РБ;не проверено: сайт Аметиста недоступен;https://xn--80ablbatmgfod1dzgm.xn--90ais/katalog/velyur/velyur-primavera.html;photos/Аметист/Primavera/Primavera_PRIMAVERA_sera.jpg;https://xn--80ablbatmgfod1dzgm.xn--90ais/assets/images/products/808/primavera-sera.jpg;"мебельныеткани.бел (дилер в РБ; официальный ametist-store.ru закрыт капчей)";2026-09-30
Аметист;Romano;Romano aqua;aqua;;Полиэстер - 100%;140;410 (г/кв.м);100000;100000 циклов;;;;73 BYN/п.м. у дилера в РБ;не проверено: сайт Аметиста недоступен;https://xn--80ablbatmgfod1dzgm.xn--90ais/katalog/velyur/velyur-romano.html;photos/Аметист/Romano/Romano_aqua.jpg;https://xn--80ablbatmgfod1dzgm.xn--90ais/assets/images/products/743/aqua.jpg;"мебельныеткани.бел (дилер в РБ; официальный ametist-store.ru закрыт капчей)";2026-09-30
Аметист;Romano;Romano beige;beige;;Полиэстер - 100%;140;410 (г/кв.м);100000;100000 циклов;;;;73 BYN/п.м. у дилера в РБ;не проверено: сайт Аметиста недоступен;https://xn--80ablbatmgfod1dzgm.xn--90ais/katalog/velyur/velyur-romano.html;photos/Аметист/Romano/Romano_beige.jpg;https://xn--80ablbatmgfod1dzgm.xn--90ais/assets/images/products/743/beige.jpg;"мебельныеткани.бел (дилер в РБ; официальный ametist-store.ru закрыт капчей)";2026-09-30
Аметист;Romano;Romano cloud;cloud;;Полиэстер - 100%;140;410 (г/кв.м);100000;100000 циклов;;;;73 BYN/п.м. у дилера в РБ;не проверено: сайт Аметиста недоступен;https://xn--80ablbatmgfod1dzgm.xn--90ais/katalog/velyur/velyur-romano.html;photos/Аметист/Romano/Romano_cloud.jpg;https://xn--80ablbatmgfod1dzgm.xn--90ais/assets/images/products/743/cloud.jpg;"мебельныеткани.бел (дилер в РБ; официальный ametist-store.ru закрыт капчей)";2026-09-30
Аметист;Romano;Romano coral;coral;;Полиэстер - 100%;140;410 (г/кв.м);100000;100000 циклов;;;;73 BYN/п.м. у дилера в РБ;не проверено: сайт Аметиста недоступен;https://xn--80ablbatmgfod1dzgm.xn--90ais/katalog/velyur/velyur-romano.html;photos/Аметист/Romano/Romano_coral.jpg;https://xn--80ablbatmgfod1dzgm.xn--90ais/assets/images/products/743/coral.jpg;"мебельныеткани.бел (дилер в РБ; официальный ametist-store.ru закрыт капчей)";2026-09-30
Аметист;Romano;Romano cream;cream;;Полиэстер - 100%;140;410 (г/кв.м);100000;100000 циклов;;;;73 BYN/п.м. у дилера в РБ;не проверено: сайт Аметиста недоступен;https://xn--80ablbatmgfod1dzgm.xn--90ais/katalog/velyur/velyur-romano.html;photos/Аметист/Romano/Romano_cream.jpg;https://xn--80ablbatmgfod1dzgm.xn--90ais/assets/images/products/743/cream.jpg;"мебельныеткани.бел (дилер в РБ; официальный ametist-store.ru закрыт капчей)";2026-09-30
Аметист;Romano;Romano forest;forest;;Полиэстер - 100%;140;410 (г/кв.м);100000;100000 циклов;;;;73 BYN/п.м. у дилера в РБ;не проверено: сайт Аметиста недоступен;https://xn--80ablbatmgfod1dzgm.xn--90ais/katalog/velyur/velyur-romano.html;photos/Аметист/Romano/Romano_forest.jpg;https://xn--80ablbatmgfod1dzgm.xn--90ais/assets/images/products/743/forest.jpg;"мебельныеткани.бел (дилер в РБ; официальный ametist-store.ru закрыт капчей)";2026-09-30
Аметист;Romano;Romano grey;grey;;Полиэстер - 100%;140;410 (г/кв.м);100000;100000 циклов;;;;73 BYN/п.м. у дилера в РБ;не проверено: сайт Аметиста недоступен;https://xn--80ablbatmgfod1dzgm.xn--90ais/katalog/velyur/velyur-romano.html;photos/Аметист/Romano/Romano_grey.jpg;https://xn--80ablbatmgfod1dzgm.xn--90ais/assets/images/products/743/grey.jpg;"мебельныеткани.бел (дилер в РБ; официальный ametist-store.ru закрыт капчей)";2026-09-30
Аметист;Romano;Romano lagoon;lagoon;;Полиэстер - 100%;140;410 (г/кв.м);100000;100000 циклов;;;;73 BYN/п.м. у дилера в РБ;не проверено: сайт Аметиста недоступен;https://xn--80ablbatmgfod1dzgm.xn--90ais/katalog/velyur/velyur-romano.html;photos/Аметист/Romano/Romano_lagoon.jpg;https://xn--80ablbatmgfod1dzgm.xn--90ais/assets/images/products/743/lagoon.jpg;"мебельныеткани.бел (дилер в РБ; официальный ametist-store.ru закрыт капчей)";2026-09-30
Аметист;Romano;Romano lilac;lilac;;Полиэстер - 100%;140;410 (г/кв.м);100000;100000 циклов;;;;73 BYN/п.м. у дилера в РБ;не проверено: сайт Аметиста недоступен;https://xn--80ablbatmgfod1dzgm.xn--90ais/katalog/velyur/velyur-romano.html;photos/Аметист/Romano/Romano_lilac.jpg;https://xn--80ablbatmgfod1dzgm.xn--90ais/assets/images/products/743/lilac.jpg;"мебельныеткани.бел (дилер в РБ; официальный ametist-store.ru закрыт капчей)";2026-09-30
Аметист;Romano;Romano mocca;mocca;;Полиэстер - 100%;140;410 (г/кв.м);100000;100000 циклов;;;;73 BYN/п.м. у дилера в РБ;не проверено: сайт Аметиста недоступен;https://xn--80ablbatmgfod1dzgm.xn--90ais/katalog/velyur/velyur-romano.html;photos/Аметист/Romano/Romano_mocca.jpg;https://xn--80ablbatmgfod1dzgm.xn--90ais/assets/images/products/743/mocca.jpg;"мебельныеткани.бел (дилер в РБ; официальный ametist-store.ru закрыт капчей)";2026-09-30
Аметист;Romano;Romano navy;navy;;Полиэстер - 100%;140;410 (г/кв.м);100000;100000 циклов;;;;73 BYN/п.м. у дилера в РБ;не проверено: сайт Аметиста недоступен;https://xn--80ablbatmgfod1dzgm.xn--90ais/katalog/velyur/velyur-romano.html;photos/Аметист/Romano/Romano_navy.jpg;https://xn--80ablbatmgfod1dzgm.xn--90ais/assets/images/products/743/navy.jpg;"мебельныеткани.бел (дилер в РБ; официальный ametist-store.ru закрыт капчей)";2026-09-30
Аметист;Romano;Romano plum;plum;;Полиэстер - 100%;140;410 (г/кв.м);100000;100000 циклов;;;;73 BYN/п.м. у дилера в РБ;не проверено: сайт Аметиста недоступен;https://xn--80ablbatmgfod1dzgm.xn--90ais/katalog/velyur/velyur-romano.html;photos/Аметист/Romano/Romano_plum.jpg;https://xn--80ablbatmgfod1dzgm.xn--90ais/assets/images/products/743/plum.jpg;"мебельныеткани.бел (дилер в РБ; официальный ametist-store.ru закрыт капчей)";2026-09-30
Аметист;Romano;Romano sky;sky;;Полиэстер - 100%;140;410 (г/кв.м);100000;100000 циклов;;;;73 BYN/п.м. у дилера в РБ;не проверено: сайт Аметиста недоступен;https://xn--80ablbatmgfod1dzgm.xn--90ais/katalog/velyur/velyur-romano.html;photos/Аметист/Romano/Romano_sky.jpg;https://xn--80ablbatmgfod1dzgm.xn--90ais/assets/images/products/743/sky.jpg;"мебельныеткани.бел (дилер в РБ; официальный ametist-store.ru закрыт капчей)";2026-09-30
Аметист;Romano;Romano snow;snow;;Полиэстер - 100%;140;410 (г/кв.м);100000;100000 циклов;;;;73 BYN/п.м. у дилера в РБ;не проверено: сайт Аметиста недоступен;https://xn--80ablbatmgfod1dzgm.xn--90ais/katalog/velyur/velyur-romano.html;photos/Аметист/Romano/Romano_snow.jpg;https://xn--80ablbatmgfod1dzgm.xn--90ais/assets/images/products/743/snow.jpg;"мебельныеткани.бел (дилер в РБ; официальный ametist-store.ru закрыт капчей)";2026-09-30
Аметист;Romano;Romano tan;tan;;Полиэстер - 100%;140;410 (г/кв.м);100000;100000 циклов;;;;73 BYN/п.м. у дилера в РБ;не проверено: сайт Аметиста недоступен;https://xn--80ablbatmgfod1dzgm.xn--90ais/katalog/velyur/velyur-romano.html;photos/Аметист/Romano/Romano_tan.jpg;https://xn--80ablbatmgfod1dzgm.xn--90ais/assets/images/products/743/tan.jpg;"мебельныеткани.бел (дилер в РБ; официальный ametist-store.ru закрыт капчей)";2026-09-30
Аметист;Romano;Romano terra;terra;;Полиэстер - 100%;140;410 (г/кв.м);100000;100000 циклов;;;;73 BYN/п.м. у дилера в РБ;не проверено: сайт Аметиста недоступен;https://xn--80ablbatmgfod1dzgm.xn--90ais/katalog/velyur/velyur-romano.html;photos/Аметист/Romano/Romano_terra.jpg;https://xn--80ablbatmgfod1dzgm.xn--90ais/assets/images/products/743/terra.jpg;"мебельныеткани.бел (дилер в РБ; официальный ametist-store.ru закрыт капчей)";2026-09-30
Аметист;Scandi;Scandi 1;1;;Полиэстер - 100%;140;320 (г/кв.м);50000;50000 циклов;;;;73 BYN/п.м. у дилера в РБ;не проверено: сайт Аметиста недоступен;https://xn--80ablbatmgfod1dzgm.xn--90ais/katalog/velyur/velyur-scandi.html;photos/Аметист/Scandi/Scandi_1.jpg;https://xn--80ablbatmgfod1dzgm.xn--90ais/assets/images/products/747/1.jpg;"мебельныеткани.бел (дилер в РБ; официальный ametist-store.ru закрыт капчей)";2026-09-30
Аметист;Scandi;Scandi 2;2;;Полиэстер - 100%;140;320 (г/кв.м);50000;50000 циклов;;;;73 BYN/п.м. у дилера в РБ;не проверено: сайт Аметиста недоступен;https://xn--80ablbatmgfod1dzgm.xn--90ais/katalog/velyur/velyur-scandi.html;photos/Аметист/Scandi/Scandi_2.jpg;https://xn--80ablbatmgfod1dzgm.xn--90ais/assets/images/products/747/2.jpg;"мебельныеткани.бел (дилер в РБ; официальный ametist-store.ru закрыт капчей)";2026-09-30
Аметист;Scandi;Scandi 3;3;;Полиэстер - 100%;140;320 (г/кв.м);50000;50000 циклов;;;;73 BYN/п.м. у дилера в РБ;не проверено: сайт Аметиста недоступен;https://xn--80ablbatmgfod1dzgm.xn--90ais/katalog/velyur/velyur-scandi.html;photos/Аметист/Scandi/Scandi_3.jpg;https://xn--80ablbatmgfod1dzgm.xn--90ais/assets/images/products/747/3.jpg;"мебельныеткани.бел (дилер в РБ; официальный ametist-store.ru закрыт капчей)";2026-09-30
Аметист;Scandi;Scandi 4;4;;Полиэстер - 100%;140;320 (г/кв.м);50000;50000 циклов;;;;73 BYN/п.м. у дилера в РБ;не проверено: сайт Аметиста недоступен;https://xn--80ablbatmgfod1dzgm.xn--90ais/katalog/velyur/velyur-scandi.html;photos/Аметист/Scandi/Scandi_4.jpg;https://xn--80ablbatmgfod1dzgm.xn--90ais/assets/images/products/747/4.jpg;"мебельныеткани.бел (дилер в РБ; официальный ametist-store.ru закрыт капчей)";2026-09-30
Аметист;Scandi;Scandi 5;5;;Полиэстер - 100%;140;320 (г/кв.м);50000;50000 циклов;;;;73 BYN/п.м. у дилера в РБ;не проверено: сайт Аметиста недоступен;https://xn--80ablbatmgfod1dzgm.xn--90ais/katalog/velyur/velyur-scandi.html;photos/Аметист/Scandi/Scandi_5.jpg;https://xn--80ablbatmgfod1dzgm.xn--90ais/assets/images/products/747/5.jpg;"мебельныеткани.бел (дилер в РБ; официальный ametist-store.ru закрыт капчей)";2026-09-30
Аметист;Scandi;Scandi 6;6;;Полиэстер - 100%;140;320 (г/кв.м);50000;50000 циклов;;;;73 BYN/п.м. у дилера в РБ;не проверено: сайт Аметиста недоступен;https://xn--80ablbatmgfod1dzgm.xn--90ais/katalog/velyur/velyur-scandi.html;photos/Аметист/Scandi/Scandi_6.jpg;https://xn--80ablbatmgfod1dzgm.xn--90ais/assets/images/products/747/6.jpg;"мебельныеткани.бел (дилер в РБ; официальный ametist-store.ru закрыт капчей)";2026-09-30
Аметист;Scandi;Scandi 7;7;;Полиэстер - 100%;140;320 (г/кв.м);50000;50000 циклов;;;;73 BYN/п.м. у дилера в РБ;не проверено: сайт Аметиста недоступен;https://xn--80ablbatmgfod1dzgm.xn--90ais/katalog/velyur/velyur-scandi.html;photos/Аметист/Scandi/Scandi_7.jpg;https://xn--80ablbatmgfod1dzgm.xn--90ais/assets/images/products/747/7.jpg;"мебельныеткани.бел (дилер в РБ; официальный ametist-store.ru закрыт капчей)";2026-09-30
Аметист;Scandi;Scandi 8;8;;Полиэстер - 100%;140;320 (г/кв.м);50000;50000 циклов;;;;73 BYN/п.м. у дилера в РБ;не проверено: сайт Аметиста недоступен;https://xn--80ablbatmgfod1dzgm.xn--90ais/katalog/velyur/velyur-scandi.html;photos/Аметист/Scandi/Scandi_8.jpg;https://xn--80ablbatmgfod1dzgm.xn--90ais/assets/images/products/747/8.jpg;"мебельныеткани.бел (дилер в РБ; официальный ametist-store.ru закрыт капчей)";2026-09-30
Аметист;Scandi;Scandi 9;9;;Полиэстер - 100%;140;320 (г/кв.м);50000;50000 циклов;;;;73 BYN/п.м. у дилера в РБ;не проверено: сайт Аметиста недоступен;https://xn--80ablbatmgfod1dzgm.xn--90ais/katalog/velyur/velyur-scandi.html;photos/Аметист/Scandi/Scandi_9.jpg;https://xn--80ablbatmgfod1dzgm.xn--90ais/assets/images/products/747/9.jpg;"мебельныеткани.бел (дилер в РБ; официальный ametist-store.ru закрыт капчей)";2026-09-30
Аметист;Scandi;Scandi 10;10;;Полиэстер - 100%;140;320 (г/кв.м);50000;50000 циклов;;;;73 BYN/п.м. у дилера в РБ;не проверено: сайт Аметиста недоступен;https://xn--80ablbatmgfod1dzgm.xn--90ais/katalog/velyur/velyur-scandi.html;photos/Аметист/Scandi/Scandi_10.jpg;https://xn--80ablbatmgfod1dzgm.xn--90ais/assets/images/products/747/10.jpg;"мебельныеткани.бел (дилер в РБ; официальный ametist-store.ru закрыт капчей)";2026-09-30
Аметист;Scandi;Scandi 11;11;;Полиэстер - 100%;140;320 (г/кв.м);50000;50000 циклов;;;;73 BYN/п.м. у дилера в РБ;не проверено: сайт Аметиста недоступен;https://xn--80ablbatmgfod1dzgm.xn--90ais/katalog/velyur/velyur-scandi.html;photos/Аметист/Scandi/Scandi_11.jpg;https://xn--80ablbatmgfod1dzgm.xn--90ais/assets/images/products/747/11.jpg;"мебельныеткани.бел (дилер в РБ; официальный ametist-store.ru закрыт капчей)";2026-09-30
Аметист;Scandi;Scandi 12;12;;Полиэстер - 100%;140;320 (г/кв.м);50000;50000 циклов;;;;73 BYN/п.м. у дилера в РБ;не проверено: сайт Аметиста недоступен;https://xn--80ablbatmgfod1dzgm.xn--90ais/katalog/velyur/velyur-scandi.html;photos/Аметист/Scandi/Scandi_12.jpg;https://xn--80ablbatmgfod1dzgm.xn--90ais/assets/images/products/747/12.jpg;"мебельныеткани.бел (дилер в РБ; официальный ametist-store.ru закрыт капчей)";2026-09-30
Аметист;Scandi;Scandi 13;13;;Полиэстер - 100%;140;320 (г/кв.м);50000;50000 циклов;;;;73 BYN/п.м. у дилера в РБ;не проверено: сайт Аметиста недоступен;https://xn--80ablbatmgfod1dzgm.xn--90ais/katalog/velyur/velyur-scandi.html;photos/Аметист/Scandi/Scandi_13.jpg;https://xn--80ablbatmgfod1dzgm.xn--90ais/assets/images/products/747/13.jpg;"мебельныеткани.бел (дилер в РБ; официальный ametist-store.ru закрыт капчей)";2026-09-30
Аметист;Scandi;Scandi 14;14;;Полиэстер - 100%;140;320 (г/кв.м);50000;50000 циклов;;;;73 BYN/п.м. у дилера в РБ;не проверено: сайт Аметиста недоступен;https://xn--80ablbatmgfod1dzgm.xn--90ais/katalog/velyur/velyur-scandi.html;photos/Аметист/Scandi/Scandi_14.jpg;https://xn--80ablbatmgfod1dzgm.xn--90ais/assets/images/products/747/14.jpg;"мебельныеткани.бел (дилер в РБ; официальный ametist-store.ru закрыт капчей)";2026-09-30
Аметист;Scandi;Scandi 15;15;;Полиэстер - 100%;140;320 (г/кв.м);50000;50000 циклов;;;;73 BYN/п.м. у дилера в РБ;не проверено: сайт Аметиста недоступен;https://xn--80ablbatmgfod1dzgm.xn--90ais/katalog/velyur/velyur-scandi.html;photos/Аметист/Scandi/Scandi_15.jpg;https://xn--80ablbatmgfod1dzgm.xn--90ais/assets/images/products/747/15.jpg;"мебельныеткани.бел (дилер в РБ; официальный ametist-store.ru закрыт капчей)";2026-09-30
Аметист;Scandi;Scandi 16;16;;Полиэстер - 100%;140;320 (г/кв.м);50000;50000 циклов;;;;73 BYN/п.м. у дилера в РБ;не проверено: сайт Аметиста недоступен;https://xn--80ablbatmgfod1dzgm.xn--90ais/katalog/velyur/velyur-scandi.html;photos/Аметист/Scandi/Scandi_16.jpg;https://xn--80ablbatmgfod1dzgm.xn--90ais/assets/images/products/747/16.jpg;"мебельныеткани.бел (дилер в РБ; официальный ametist-store.ru закрыт капчей)";2026-09-30
Аметист;Scandi;Scandi 17;17;;Полиэстер - 100%;140;320 (г/кв.м);50000;50000 циклов;;;;73 BYN/п.м. у дилера в РБ;не проверено: сайт Аметиста недоступен;https://xn--80ablbatmgfod1dzgm.xn--90ais/katalog/velyur/velyur-scandi.html;photos/Аметист/Scandi/Scandi_17.jpg;https://xn--80ablbatmgfod1dzgm.xn--90ais/assets/images/products/747/17.jpg;"мебельныеткани.бел (дилер в РБ; официальный ametist-store.ru закрыт капчей)";2026-09-30
Аметист;Scandi;Scandi 18;18;;Полиэстер - 100%;140;320 (г/кв.м);50000;50000 циклов;;;;73 BYN/п.м. у дилера в РБ;не проверено: сайт Аметиста недоступен;https://xn--80ablbatmgfod1dzgm.xn--90ais/katalog/velyur/velyur-scandi.html;photos/Аметист/Scandi/Scandi_18.jpg;https://xn--80ablbatmgfod1dzgm.xn--90ais/assets/images/products/747/18.jpg;"мебельныеткани.бел (дилер в РБ; официальный ametist-store.ru закрыт капчей)";2026-09-30
Аметист;Scandi;Scandi 19;19;;Полиэстер - 100%;140;320 (г/кв.м);50000;50000 циклов;;;;73 BYN/п.м. у дилера в РБ;не проверено: сайт Аметиста недоступен;https://xn--80ablbatmgfod1dzgm.xn--90ais/katalog/velyur/velyur-scandi.html;photos/Аметист/Scandi/Scandi_19.jpg;https://xn--80ablbatmgfod1dzgm.xn--90ais/assets/images/products/747/19.jpg;"мебельныеткани.бел (дилер в РБ; официальный ametist-store.ru закрыт капчей)";2026-09-30
Аметист;Scandi;Scandi 20;20;;Полиэстер - 100%;140;320 (г/кв.м);50000;50000 циклов;;;;73 BYN/п.м. у дилера в РБ;не проверено: сайт Аметиста недоступен;https://xn--80ablbatmgfod1dzgm.xn--90ais/katalog/velyur/velyur-scandi.html;photos/Аметист/Scandi/Scandi_20.jpg;https://xn--80ablbatmgfod1dzgm.xn--90ais/assets/images/products/747/20.jpg;"мебельныеткани.бел (дилер в РБ; официальный ametist-store.ru закрыт капчей)";2026-09-30
Аметист;Scandi;Scandi 21;21;;Полиэстер - 100%;140;320 (г/кв.м);50000;50000 циклов;;;;73 BYN/п.м. у дилера в РБ;не проверено: сайт Аметиста недоступен;https://xn--80ablbatmgfod1dzgm.xn--90ais/katalog/velyur/velyur-scandi.html;photos/Аметист/Scandi/Scandi_21.jpg;https://xn--80ablbatmgfod1dzgm.xn--90ais/assets/images/products/747/21.jpg;"мебельныеткани.бел (дилер в РБ; официальный ametist-store.ru закрыт капчей)";2026-09-30
Аметист;Scandi;Scandi 22;22;;Полиэстер - 100%;140;320 (г/кв.м);50000;50000 циклов;;;;73 BYN/п.м. у дилера в РБ;не проверено: сайт Аметиста недоступен;https://xn--80ablbatmgfod1dzgm.xn--90ais/katalog/velyur/velyur-scandi.html;photos/Аметист/Scandi/Scandi_22.jpg;https://xn--80ablbatmgfod1dzgm.xn--90ais/assets/images/products/747/22.jpg;"мебельныеткани.бел (дилер в РБ; официальный ametist-store.ru закрыт капчей)";2026-09-30
Аметист;Scandi;Scandi 23;23;;Полиэстер - 100%;140;320 (г/кв.м);50000;50000 циклов;;;;73 BYN/п.м. у дилера в РБ;не проверено: сайт Аметиста недоступен;https://xn--80ablbatmgfod1dzgm.xn--90ais/katalog/velyur/velyur-scandi.html;photos/Аметист/Scandi/Scandi_23.jpg;https://xn--80ablbatmgfod1dzgm.xn--90ais/assets/images/products/747/23.jpg;"мебельныеткани.бел (дилер в РБ; официальный ametist-store.ru закрыт капчей)";2026-09-30
Аметист;Venetta;Venetta 01;01;;Полиэстер - 100%;140;380 (г/кв.м);50000;50000 циклов;;;;73 BYN/п.м. у дилера в РБ;не проверено: сайт Аметиста недоступен;https://xn--80ablbatmgfod1dzgm.xn--90ais/katalog/velyur/velyur-venetta.html;photos/Аметист/Venetta/Venetta_01.jpg;https://xn--80ablbatmgfod1dzgm.xn--90ais/assets/images/products/759/01.jpg;"мебельныеткани.бел (дилер в РБ; официальный ametist-store.ru закрыт капчей)";2026-09-30
Аметист;Venetta;Venetta 03;03;;Полиэстер - 100%;140;380 (г/кв.м);50000;50000 циклов;;;;73 BYN/п.м. у дилера в РБ;не проверено: сайт Аметиста недоступен;https://xn--80ablbatmgfod1dzgm.xn--90ais/katalog/velyur/velyur-venetta.html;photos/Аметист/Venetta/Venetta_03.jpg;https://xn--80ablbatmgfod1dzgm.xn--90ais/assets/images/products/759/03.jpg;"мебельныеткани.бел (дилер в РБ; официальный ametist-store.ru закрыт капчей)";2026-09-30
Аметист;Venetta;Venetta 04;04;;Полиэстер - 100%;140;380 (г/кв.м);50000;50000 циклов;;;;73 BYN/п.м. у дилера в РБ;не проверено: сайт Аметиста недоступен;https://xn--80ablbatmgfod1dzgm.xn--90ais/katalog/velyur/velyur-venetta.html;photos/Аметист/Venetta/Venetta_04.jpg;https://xn--80ablbatmgfod1dzgm.xn--90ais/assets/images/products/759/04.jpg;"мебельныеткани.бел (дилер в РБ; официальный ametist-store.ru закрыт капчей)";2026-09-30
Аметист;Venetta;Venetta 05;05;;Полиэстер - 100%;140;380 (г/кв.м);50000;50000 циклов;;;;73 BYN/п.м. у дилера в РБ;не проверено: сайт Аметиста недоступен;https://xn--80ablbatmgfod1dzgm.xn--90ais/katalog/velyur/velyur-venetta.html;photos/Аметист/Venetta/Venetta_05.jpg;https://xn--80ablbatmgfod1dzgm.xn--90ais/assets/images/products/759/05.jpg;"мебельныеткани.бел (дилер в РБ; официальный ametist-store.ru закрыт капчей)";2026-09-30
Аметист;Venetta;Venetta 06;06;;Полиэстер - 100%;140;380 (г/кв.м);50000;50000 циклов;;;;73 BYN/п.м. у дилера в РБ;не проверено: сайт Аметиста недоступен;https://xn--80ablbatmgfod1dzgm.xn--90ais/katalog/velyur/velyur-venetta.html;photos/Аметист/Venetta/Venetta_06.jpg;https://xn--80ablbatmgfod1dzgm.xn--90ais/assets/images/products/759/06.jpg;"мебельныеткани.бел (дилер в РБ; официальный ametist-store.ru закрыт капчей)";2026-09-30
Аметист;Venetta;Venetta 08;08;;Полиэстер - 100%;140;380 (г/кв.м);50000;50000 циклов;;;;73 BYN/п.м. у дилера в РБ;не проверено: сайт Аметиста недоступен;https://xn--80ablbatmgfod1dzgm.xn--90ais/katalog/velyur/velyur-venetta.html;photos/Аметист/Venetta/Venetta_08.jpg;https://xn--80ablbatmgfod1dzgm.xn--90ais/assets/images/products/759/08.jpg;"мебельныеткани.бел (дилер в РБ; официальный ametist-store.ru закрыт капчей)";2026-09-30
Аметист;Venetta;Venetta 09;09;;Полиэстер - 100%;140;380 (г/кв.м);50000;50000 циклов;;;;73 BYN/п.м. у дилера в РБ;не проверено: сайт Аметиста недоступен;https://xn--80ablbatmgfod1dzgm.xn--90ais/katalog/velyur/velyur-venetta.html;photos/Аметист/Venetta/Venetta_09.jpg;https://xn--80ablbatmgfod1dzgm.xn--90ais/assets/images/products/759/09.jpg;"мебельныеткани.бел (дилер в РБ; официальный ametist-store.ru закрыт капчей)";2026-09-30
Аметист;Venetta;Venetta 10;10;;Полиэстер - 100%;140;380 (г/кв.м);50000;50000 циклов;;;;73 BYN/п.м. у дилера в РБ;не проверено: сайт Аметиста недоступен;https://xn--80ablbatmgfod1dzgm.xn--90ais/katalog/velyur/velyur-venetta.html;photos/Аметист/Venetta/Venetta_10.jpg;https://xn--80ablbatmgfod1dzgm.xn--90ais/assets/images/products/759/10.jpg;"мебельныеткани.бел (дилер в РБ; официальный ametist-store.ru закрыт капчей)";2026-09-30
Аметист;Venetta;Venetta 11;11;;Полиэстер - 100%;140;380 (г/кв.м);50000;50000 циклов;;;;73 BYN/п.м. у дилера в РБ;не проверено: сайт Аметиста недоступен;https://xn--80ablbatmgfod1dzgm.xn--90ais/katalog/velyur/velyur-venetta.html;photos/Аметист/Venetta/Venetta_11.jpg;https://xn--80ablbatmgfod1dzgm.xn--90ais/assets/images/products/759/11.jpg;"мебельныеткани.бел (дилер в РБ; официальный ametist-store.ru закрыт капчей)";2026-09-30
Аметист;Venetta;Venetta 12;12;;Полиэстер - 100%;140;380 (г/кв.м);50000;50000 циклов;;;;73 BYN/п.м. у дилера в РБ;не проверено: сайт Аметиста недоступен;https://xn--80ablbatmgfod1dzgm.xn--90ais/katalog/velyur/velyur-venetta.html;photos/Аметист/Venetta/Venetta_12.jpg;https://xn--80ablbatmgfod1dzgm.xn--90ais/assets/images/products/759/12.jpg;"мебельныеткани.бел (дилер в РБ; официальный ametist-store.ru закрыт капчей)";2026-09-30
Аметист;Venetta;Venetta 13;13;;Полиэстер - 100%;140;380 (г/кв.м);50000;50000 циклов;;;;73 BYN/п.м. у дилера в РБ;не проверено: сайт Аметиста недоступен;https://xn--80ablbatmgfod1dzgm.xn--90ais/katalog/velyur/velyur-venetta.html;photos/Аметист/Venetta/Venetta_13.jpg;https://xn--80ablbatmgfod1dzgm.xn--90ais/assets/images/products/759/13.jpg;"мебельныеткани.бел (дилер в РБ; официальный ametist-store.ru закрыт капчей)";2026-09-30
Аметист;Venetta;Venetta 15;15;;Полиэстер - 100%;140;380 (г/кв.м);50000;50000 циклов;;;;73 BYN/п.м. у дилера в РБ;не проверено: сайт Аметиста недоступен;https://xn--80ablbatmgfod1dzgm.xn--90ais/katalog/velyur/velyur-venetta.html;photos/Аметист/Venetta/Venetta_15.jpg;https://xn--80ablbatmgfod1dzgm.xn--90ais/assets/images/products/759/15.jpg;"мебельныеткани.бел (дилер в РБ; официальный ametist-store.ru закрыт капчей)";2026-09-30
Аметист;Venetta;Venetta 16;16;;Полиэстер - 100%;140;380 (г/кв.м);50000;50000 циклов;;;;73 BYN/п.м. у дилера в РБ;не проверено: сайт Аметиста недоступен;https://xn--80ablbatmgfod1dzgm.xn--90ais/katalog/velyur/velyur-venetta.html;photos/Аметист/Venetta/Venetta_16.jpg;https://xn--80ablbatmgfod1dzgm.xn--90ais/assets/images/products/759/16.jpg;"мебельныеткани.бел (дилер в РБ; официальный ametist-store.ru закрыт капчей)";2026-09-30
Аметист;Venetta;Venetta 20;20;;Полиэстер - 100%;140;380 (г/кв.м);50000;50000 циклов;;;;73 BYN/п.м. у дилера в РБ;не проверено: сайт Аметиста недоступен;https://xn--80ablbatmgfod1dzgm.xn--90ais/katalog/velyur/velyur-venetta.html;photos/Аметист/Venetta/Venetta_20.jpg;https://xn--80ablbatmgfod1dzgm.xn--90ais/assets/images/products/759/20.jpg;"мебельныеткани.бел (дилер в РБ; официальный ametist-store.ru закрыт капчей)";2026-09-30
Аметист;Venetta;Venetta 21;21;;Полиэстер - 100%;140;380 (г/кв.м);50000;50000 циклов;;;;73 BYN/п.м. у дилера в РБ;не проверено: сайт Аметиста недоступен;https://xn--80ablbatmgfod1dzgm.xn--90ais/katalog/velyur/velyur-venetta.html;photos/Аметист/Venetta/Venetta_21.jpg;https://xn--80ablbatmgfod1dzgm.xn--90ais/assets/images/products/759/21.jpg;"мебельныеткани.бел (дилер в РБ; официальный ametist-store.ru закрыт капчей)";2026-09-30
Аметист;Venetta;Venetta 22;22;;Полиэстер - 100%;140;380 (г/кв.м);50000;50000 циклов;;;;73 BYN/п.м. у дилера в РБ;не проверено: сайт Аметиста недоступен;https://xn--80ablbatmgfod1dzgm.xn--90ais/katalog/velyur/velyur-venetta.html;photos/Аметист/Venetta/Venetta_22.jpg;https://xn--80ablbatmgfod1dzgm.xn--90ais/assets/images/products/759/22.jpg;"мебельныеткани.бел (дилер в РБ; официальный ametist-store.ru закрыт капчей)";2026-09-30
Аметист;Venetta;Venetta 23;23;;Полиэстер - 100%;140;380 (г/кв.м);50000;50000 циклов;;;;73 BYN/п.м. у дилера в РБ;не проверено: сайт Аметиста недоступен;https://xn--80ablbatmgfod1dzgm.xn--90ais/katalog/velyur/velyur-venetta.html;photos/Аметист/Venetta/Venetta_23.jpg;https://xn--80ablbatmgfod1dzgm.xn--90ais/assets/images/products/759/23.jpg;"мебельныеткани.бел (дилер в РБ; официальный ametist-store.ru закрыт капчей)";2026-09-30
Аметист;Venetta;Venetta 24;24;;Полиэстер - 100%;140;380 (г/кв.м);50000;50000 циклов;;;;73 BYN/п.м. у дилера в РБ;не проверено: сайт Аметиста недоступен;https://xn--80ablbatmgfod1dzgm.xn--90ais/katalog/velyur/velyur-venetta.html;photos/Аметист/Venetta/Venetta_24.jpg;https://xn--80ablbatmgfod1dzgm.xn--90ais/assets/images/products/759/24.jpg;"мебельныеткани.бел (дилер в РБ; официальный ametist-store.ru закрыт капчей)";2026-09-30
Аметист;Venetta;Venetta 25;25;;Полиэстер - 100%;140;380 (г/кв.м);50000;50000 циклов;;;;73 BYN/п.м. у дилера в РБ;не проверено: сайт Аметиста недоступен;https://xn--80ablbatmgfod1dzgm.xn--90ais/katalog/velyur/velyur-venetta.html;photos/Аметист/Venetta/Venetta_25.jpg;https://xn--80ablbatmgfod1dzgm.xn--90ais/assets/images/products/759/25.jpg;"мебельныеткани.бел (дилер в РБ; официальный ametist-store.ru закрыт капчей)";2026-09-30
Аметист;Wool;Wool 01;01;;Полиэстер - 100%;142;350 (г/кв.м);60000;60000 циклов;;;;46 BYN/п.м. у дилера в РБ;не проверено: сайт Аметиста недоступен;https://xn--80ablbatmgfod1dzgm.xn--90ais/katalog/velyur/velyur-wool.html;photos/Аметист/Wool/Wool_01.jpg;https://xn--80ablbatmgfod1dzgm.xn--90ais/assets/images/products/825/01.jpg;"мебельныеткани.бел (дилер в РБ; официальный ametist-store.ru закрыт капчей)";2026-09-30
Аметист;Wool;Wool 02;02;;Полиэстер - 100%;142;350 (г/кв.м);60000;60000 циклов;;;;46 BYN/п.м. у дилера в РБ;не проверено: сайт Аметиста недоступен;https://xn--80ablbatmgfod1dzgm.xn--90ais/katalog/velyur/velyur-wool.html;photos/Аметист/Wool/Wool_02.jpg;https://xn--80ablbatmgfod1dzgm.xn--90ais/assets/images/products/825/02.jpg;"мебельныеткани.бел (дилер в РБ; официальный ametist-store.ru закрыт капчей)";2026-09-30
Аметист;Wool;Wool 04;04;;Полиэстер - 100%;142;350 (г/кв.м);60000;60000 циклов;;;;46 BYN/п.м. у дилера в РБ;не проверено: сайт Аметиста недоступен;https://xn--80ablbatmgfod1dzgm.xn--90ais/katalog/velyur/velyur-wool.html;photos/Аметист/Wool/Wool_04.jpg;https://xn--80ablbatmgfod1dzgm.xn--90ais/assets/images/products/825/04.jpg;"мебельныеткани.бел (дилер в РБ; официальный ametist-store.ru закрыт капчей)";2026-09-30
Аметист;Wool;Wool 07;07;;Полиэстер - 100%;142;350 (г/кв.м);60000;60000 циклов;;;;46 BYN/п.м. у дилера в РБ;не проверено: сайт Аметиста недоступен;https://xn--80ablbatmgfod1dzgm.xn--90ais/katalog/velyur/velyur-wool.html;photos/Аметист/Wool/Wool_07.jpg;https://xn--80ablbatmgfod1dzgm.xn--90ais/assets/images/products/825/07.jpg;"мебельныеткани.бел (дилер в РБ; официальный ametist-store.ru закрыт капчей)";2026-09-30
Аметист;Wool;Wool 08;08;;Полиэстер - 100%;142;350 (г/кв.м);60000;60000 циклов;;;;46 BYN/п.м. у дилера в РБ;не проверено: сайт Аметиста недоступен;https://xn--80ablbatmgfod1dzgm.xn--90ais/katalog/velyur/velyur-wool.html;photos/Аметист/Wool/Wool_08.jpg;https://xn--80ablbatmgfod1dzgm.xn--90ais/assets/images/products/825/08.jpg;"мебельныеткани.бел (дилер в РБ; официальный ametist-store.ru закрыт капчей)";2026-09-30
Аметист;Атавика;Атавика 01;01;;Полиэстер - 100%;142;200 (г/кв.м);35000;35000 циклов;;;;56 BYN/п.м. у дилера в РБ;не проверено: сайт Аметиста недоступен;https://xn--80ablbatmgfod1dzgm.xn--90ais/katalog/velyur/velyur-atavika.html;photos/Аметист/Атавика/Атавика_01.jpg;https://xn--80ablbatmgfod1dzgm.xn--90ais/assets/images/products/768/01.jpg;"мебельныеткани.бел (дилер в РБ; официальный ametist-store.ru закрыт капчей)";2026-09-30
Аметист;Атавика;Атавика 03;03;;Полиэстер - 100%;142;200 (г/кв.м);35000;35000 циклов;;;;56 BYN/п.м. у дилера в РБ;не проверено: сайт Аметиста недоступен;https://xn--80ablbatmgfod1dzgm.xn--90ais/katalog/velyur/velyur-atavika.html;photos/Аметист/Атавика/Атавика_03.jpg;https://xn--80ablbatmgfod1dzgm.xn--90ais/assets/images/products/768/03.jpg;"мебельныеткани.бел (дилер в РБ; официальный ametist-store.ru закрыт капчей)";2026-09-30
Аметист;Барселона;Барселона 01;01;;Полиэстер - 100%;140;390 (г/кв.м);50000;50000 циклов;;;;80 BYN/п.м. у дилера в РБ;не проверено: сайт Аметиста недоступен;https://xn--80ablbatmgfod1dzgm.xn--90ais/katalog/velyur/velyur-barselona.html;photos/Аметист/Барселона/Барселона_01.jpg;https://xn--80ablbatmgfod1dzgm.xn--90ais/assets/images/products/730/01.jpg;"мебельныеткани.бел (дилер в РБ; официальный ametist-store.ru закрыт капчей)";2026-09-30
Аметист;Барселона;Барселона 02;02;;Полиэстер - 100%;140;390 (г/кв.м);50000;50000 циклов;;;;80 BYN/п.м. у дилера в РБ;не проверено: сайт Аметиста недоступен;https://xn--80ablbatmgfod1dzgm.xn--90ais/katalog/velyur/velyur-barselona.html;photos/Аметист/Барселона/Барселона_02.jpg;https://xn--80ablbatmgfod1dzgm.xn--90ais/assets/images/products/730/02.jpg;"мебельныеткани.бел (дилер в РБ; официальный ametist-store.ru закрыт капчей)";2026-09-30
Аметист;Барселона;Барселона 03;03;;Полиэстер - 100%;140;390 (г/кв.м);50000;50000 циклов;;;;80 BYN/п.м. у дилера в РБ;не проверено: сайт Аметиста недоступен;https://xn--80ablbatmgfod1dzgm.xn--90ais/katalog/velyur/velyur-barselona.html;photos/Аметист/Барселона/Барселона_03.jpg;https://xn--80ablbatmgfod1dzgm.xn--90ais/assets/images/products/730/03.jpg;"мебельныеткани.бел (дилер в РБ; официальный ametist-store.ru закрыт капчей)";2026-09-30
Аметист;Барселона;Барселона 04;04;;Полиэстер - 100%;140;390 (г/кв.м);50000;50000 циклов;;;;80 BYN/п.м. у дилера в РБ;не проверено: сайт Аметиста недоступен;https://xn--80ablbatmgfod1dzgm.xn--90ais/katalog/velyur/velyur-barselona.html;photos/Аметист/Барселона/Барселона_04.jpg;https://xn--80ablbatmgfod1dzgm.xn--90ais/assets/images/products/730/04.jpg;"мебельныеткани.бел (дилер в РБ; официальный ametist-store.ru закрыт капчей)";2026-09-30
Аметист;Барселона;Барселона 05;05;;Полиэстер - 100%;140;390 (г/кв.м);50000;50000 циклов;;;;80 BYN/п.м. у дилера в РБ;не проверено: сайт Аметиста недоступен;https://xn--80ablbatmgfod1dzgm.xn--90ais/katalog/velyur/velyur-barselona.html;photos/Аметист/Барселона/Барселона_05.jpg;https://xn--80ablbatmgfod1dzgm.xn--90ais/assets/images/products/730/05.jpg;"мебельныеткани.бел (дилер в РБ; официальный ametist-store.ru закрыт капчей)";2026-09-30
Аметист;Барселона;Барселона 07;07;;Полиэстер - 100%;140;390 (г/кв.м);50000;50000 циклов;;;;80 BYN/п.м. у дилера в РБ;не проверено: сайт Аметиста недоступен;https://xn--80ablbatmgfod1dzgm.xn--90ais/katalog/velyur/velyur-barselona.html;photos/Аметист/Барселона/Барселона_07.jpg;https://xn--80ablbatmgfod1dzgm.xn--90ais/assets/images/products/730/07.jpg;"мебельныеткани.бел (дилер в РБ; официальный ametist-store.ru закрыт капчей)";2026-09-30
Аметист;Барселона;Барселона 09;09;;Полиэстер - 100%;140;390 (г/кв.м);50000;50000 циклов;;;;80 BYN/п.м. у дилера в РБ;не проверено: сайт Аметиста недоступен;https://xn--80ablbatmgfod1dzgm.xn--90ais/katalog/velyur/velyur-barselona.html;photos/Аметист/Барселона/Барселона_09.jpg;https://xn--80ablbatmgfod1dzgm.xn--90ais/assets/images/products/730/09.jpg;"мебельныеткани.бел (дилер в РБ; официальный ametist-store.ru закрыт капчей)";2026-09-30
Аметист;Барселона;Барселона 10;10;;Полиэстер - 100%;140;390 (г/кв.м);50000;50000 циклов;;;;80 BYN/п.м. у дилера в РБ;не проверено: сайт Аметиста недоступен;https://xn--80ablbatmgfod1dzgm.xn--90ais/katalog/velyur/velyur-barselona.html;photos/Аметист/Барселона/Барселона_10.jpg;https://xn--80ablbatmgfod1dzgm.xn--90ais/assets/images/products/730/10.jpg;"мебельныеткани.бел (дилер в РБ; официальный ametist-store.ru закрыт капчей)";2026-09-30
Аметист;Барселона;Барселона 11;11;;Полиэстер - 100%;140;390 (г/кв.м);50000;50000 циклов;;;;80 BYN/п.м. у дилера в РБ;не проверено: сайт Аметиста недоступен;https://xn--80ablbatmgfod1dzgm.xn--90ais/katalog/velyur/velyur-barselona.html;photos/Аметист/Барселона/Барселона_11.jpg;https://xn--80ablbatmgfod1dzgm.xn--90ais/assets/images/products/730/11.jpg;"мебельныеткани.бел (дилер в РБ; официальный ametist-store.ru закрыт капчей)";2026-09-30
Аметист;Барселона;Барселона 14;14;;Полиэстер - 100%;140;390 (г/кв.м);50000;50000 циклов;;;;80 BYN/п.м. у дилера в РБ;не проверено: сайт Аметиста недоступен;https://xn--80ablbatmgfod1dzgm.xn--90ais/katalog/velyur/velyur-barselona.html;photos/Аметист/Барселона/Барселона_14.jpg;https://xn--80ablbatmgfod1dzgm.xn--90ais/assets/images/products/730/14.jpg;"мебельныеткани.бел (дилер в РБ; официальный ametist-store.ru закрыт капчей)";2026-09-30
Аметист;Барселона;Барселона 15;15;;Полиэстер - 100%;140;390 (г/кв.м);50000;50000 циклов;;;;80 BYN/п.м. у дилера в РБ;не проверено: сайт Аметиста недоступен;https://xn--80ablbatmgfod1dzgm.xn--90ais/katalog/velyur/velyur-barselona.html;photos/Аметист/Барселона/Барселона_15.jpg;https://xn--80ablbatmgfod1dzgm.xn--90ais/assets/images/products/730/15.jpg;"мебельныеткани.бел (дилер в РБ; официальный ametist-store.ru закрыт капчей)";2026-09-30
Аметист;Барселона;Барселона 17;17;;Полиэстер - 100%;140;390 (г/кв.м);50000;50000 циклов;;;;80 BYN/п.м. у дилера в РБ;не проверено: сайт Аметиста недоступен;https://xn--80ablbatmgfod1dzgm.xn--90ais/katalog/velyur/velyur-barselona.html;photos/Аметист/Барселона/Барселона_17.jpg;https://xn--80ablbatmgfod1dzgm.xn--90ais/assets/images/products/730/17.jpg;"мебельныеткани.бел (дилер в РБ; официальный ametist-store.ru закрыт капчей)";2026-09-30
Аметист;Барселона;Барселона 19;19;;Полиэстер - 100%;140;390 (г/кв.м);50000;50000 циклов;;;;80 BYN/п.м. у дилера в РБ;не проверено: сайт Аметиста недоступен;https://xn--80ablbatmgfod1dzgm.xn--90ais/katalog/velyur/velyur-barselona.html;photos/Аметист/Барселона/Барселона_19.jpg;https://xn--80ablbatmgfod1dzgm.xn--90ais/assets/images/products/730/19.jpg;"мебельныеткани.бел (дилер в РБ; официальный ametist-store.ru закрыт капчей)";2026-09-30
Аметист;Барселона;Барселона 20;20;;Полиэстер - 100%;140;390 (г/кв.м);50000;50000 циклов;;;;80 BYN/п.м. у дилера в РБ;не проверено: сайт Аметиста недоступен;https://xn--80ablbatmgfod1dzgm.xn--90ais/katalog/velyur/velyur-barselona.html;photos/Аметист/Барселона/Барселона_20.jpg;https://xn--80ablbatmgfod1dzgm.xn--90ais/assets/images/products/730/20.jpg;"мебельныеткани.бел (дилер в РБ; официальный ametist-store.ru закрыт капчей)";2026-09-30
Аметист;Барселона;Барселона 21;21;;Полиэстер - 100%;140;390 (г/кв.м);50000;50000 циклов;;;;80 BYN/п.м. у дилера в РБ;не проверено: сайт Аметиста недоступен;https://xn--80ablbatmgfod1dzgm.xn--90ais/katalog/velyur/velyur-barselona.html;photos/Аметист/Барселона/Барселона_21.jpg;https://xn--80ablbatmgfod1dzgm.xn--90ais/assets/images/products/730/21.jpg;"мебельныеткани.бел (дилер в РБ; официальный ametist-store.ru закрыт капчей)";2026-09-30
Аметист;Бэнг;Бэнг 01;01;;Полиэстер - 100%;142;200 (г/кв.м);35000;35000 циклов;;;;56 BYN/п.м. у дилера в РБ;не проверено: сайт Аметиста недоступен;https://xn--80ablbatmgfod1dzgm.xn--90ais/katalog/velyur/velyur-beng.html;photos/Аметист/Бэнг/Бэнг_01.jpg;https://xn--80ablbatmgfod1dzgm.xn--90ais/assets/images/products/822/01.jpg;"мебельныеткани.бел (дилер в РБ; официальный ametist-store.ru закрыт капчей)";2026-09-30
Аметист;Гулати;Гулати 01;01;;Полиэстер - 100%;140;420 (г/кв.м);20000;20000 циклов;;;;80 BYN/п.м. у дилера в РБ;не проверено: сайт Аметиста недоступен;https://xn--80ablbatmgfod1dzgm.xn--90ais/katalog/velyur/velyur-gulati.html;photos/Аметист/Гулати/Гулати_01.jpg;https://xn--80ablbatmgfod1dzgm.xn--90ais/assets/images/products/831/01.jpg;"мебельныеткани.бел (дилер в РБ; официальный ametist-store.ru закрыт капчей)";2026-09-30
Аметист;Гулати;Гулати 03;03;;Полиэстер - 100%;140;420 (г/кв.м);20000;20000 циклов;;;;80 BYN/п.м. у дилера в РБ;не проверено: сайт Аметиста недоступен;https://xn--80ablbatmgfod1dzgm.xn--90ais/katalog/velyur/velyur-gulati.html;photos/Аметист/Гулати/Гулати_03.jpg;https://xn--80ablbatmgfod1dzgm.xn--90ais/assets/images/products/831/03.jpg;"мебельныеткани.бел (дилер в РБ; официальный ametist-store.ru закрыт капчей)";2026-09-30
Аметист;Гулати;Гулати 04;04;;Полиэстер - 100%;140;420 (г/кв.м);20000;20000 циклов;;;;80 BYN/п.м. у дилера в РБ;не проверено: сайт Аметиста недоступен;https://xn--80ablbatmgfod1dzgm.xn--90ais/katalog/velyur/velyur-gulati.html;photos/Аметист/Гулати/Гулати_04.jpg;https://xn--80ablbatmgfod1dzgm.xn--90ais/assets/images/products/831/04.jpg;"мебельныеткани.бел (дилер в РБ; официальный ametist-store.ru закрыт капчей)";2026-09-30
Аметист;Гулати;Гулати 05;05;;Полиэстер - 100%;140;420 (г/кв.м);20000;20000 циклов;;;;80 BYN/п.м. у дилера в РБ;не проверено: сайт Аметиста недоступен;https://xn--80ablbatmgfod1dzgm.xn--90ais/katalog/velyur/velyur-gulati.html;photos/Аметист/Гулати/Гулати_05.jpg;https://xn--80ablbatmgfod1dzgm.xn--90ais/assets/images/products/831/05.jpg;"мебельныеткани.бел (дилер в РБ; официальный ametist-store.ru закрыт капчей)";2026-09-30
Аметист;Гулати;Гулати 06;06;;Полиэстер - 100%;140;420 (г/кв.м);20000;20000 циклов;;;;80 BYN/п.м. у дилера в РБ;не проверено: сайт Аметиста недоступен;https://xn--80ablbatmgfod1dzgm.xn--90ais/katalog/velyur/velyur-gulati.html;photos/Аметист/Гулати/Гулати_06.jpg;https://xn--80ablbatmgfod1dzgm.xn--90ais/assets/images/products/831/06.jpg;"мебельныеткани.бел (дилер в РБ; официальный ametist-store.ru закрыт капчей)";2026-09-30
Аметист;Гулати;Гулати 09;09;;Полиэстер - 100%;140;420 (г/кв.м);20000;20000 циклов;;;;80 BYN/п.м. у дилера в РБ;не проверено: сайт Аметиста недоступен;https://xn--80ablbatmgfod1dzgm.xn--90ais/katalog/velyur/velyur-gulati.html;photos/Аметист/Гулати/Гулати_09.jpg;https://xn--80ablbatmgfod1dzgm.xn--90ais/assets/images/products/831/09.jpg;"мебельныеткани.бел (дилер в РБ; официальный ametist-store.ru закрыт капчей)";2026-09-30
Аметист;Гулати;Гулати 10;10;;Полиэстер - 100%;140;420 (г/кв.м);20000;20000 циклов;;;;80 BYN/п.м. у дилера в РБ;не проверено: сайт Аметиста недоступен;https://xn--80ablbatmgfod1dzgm.xn--90ais/katalog/velyur/velyur-gulati.html;photos/Аметист/Гулати/Гулати_10.jpg;https://xn--80ablbatmgfod1dzgm.xn--90ais/assets/images/products/831/10.jpg;"мебельныеткани.бел (дилер в РБ; официальный ametist-store.ru закрыт капчей)";2026-09-30
Аметист;Гулати;Гулати 11;11;;Полиэстер - 100%;140;420 (г/кв.м);20000;20000 циклов;;;;80 BYN/п.м. у дилера в РБ;не проверено: сайт Аметиста недоступен;https://xn--80ablbatmgfod1dzgm.xn--90ais/katalog/velyur/velyur-gulati.html;photos/Аметист/Гулати/Гулати_11.jpg;https://xn--80ablbatmgfod1dzgm.xn--90ais/assets/images/products/831/11.jpg;"мебельныеткани.бел (дилер в РБ; официальный ametist-store.ru закрыт капчей)";2026-09-30
Аметист;Гулати;Гулати 12;12;;Полиэстер - 100%;140;420 (г/кв.м);20000;20000 циклов;;;;80 BYN/п.м. у дилера в РБ;не проверено: сайт Аметиста недоступен;https://xn--80ablbatmgfod1dzgm.xn--90ais/katalog/velyur/velyur-gulati.html;photos/Аметист/Гулати/Гулати_12.jpg;https://xn--80ablbatmgfod1dzgm.xn--90ais/assets/images/products/831/12.jpg;"мебельныеткани.бел (дилер в РБ; официальный ametist-store.ru закрыт капчей)";2026-09-30
Аметист;Гулати;Гулати 13;13;;Полиэстер - 100%;140;420 (г/кв.м);20000;20000 циклов;;;;80 BYN/п.м. у дилера в РБ;не проверено: сайт Аметиста недоступен;https://xn--80ablbatmgfod1dzgm.xn--90ais/katalog/velyur/velyur-gulati.html;photos/Аметист/Гулати/Гулати_13.jpg;https://xn--80ablbatmgfod1dzgm.xn--90ais/assets/images/products/831/13.jpg;"мебельныеткани.бел (дилер в РБ; официальный ametist-store.ru закрыт капчей)";2026-09-30
Аметист;Гулати;Гулати 14;14;;Полиэстер - 100%;140;420 (г/кв.м);20000;20000 циклов;;;;80 BYN/п.м. у дилера в РБ;не проверено: сайт Аметиста недоступен;https://xn--80ablbatmgfod1dzgm.xn--90ais/katalog/velyur/velyur-gulati.html;photos/Аметист/Гулати/Гулати_14.jpg;https://xn--80ablbatmgfod1dzgm.xn--90ais/assets/images/products/831/14.jpg;"мебельныеткани.бел (дилер в РБ; официальный ametist-store.ru закрыт капчей)";2026-09-30
Аметист;Гулати;Гулати 19;19;;Полиэстер - 100%;140;420 (г/кв.м);20000;20000 циклов;;;;80 BYN/п.м. у дилера в РБ;не проверено: сайт Аметиста недоступен;https://xn--80ablbatmgfod1dzgm.xn--90ais/katalog/velyur/velyur-gulati.html;photos/Аметист/Гулати/Гулати_19.jpg;https://xn--80ablbatmgfod1dzgm.xn--90ais/assets/images/products/831/19.jpg;"мебельныеткани.бел (дилер в РБ; официальный ametist-store.ru закрыт капчей)";2026-09-30
Аметист;Гулати;Гулати 21;21;;Полиэстер - 100%;140;420 (г/кв.м);20000;20000 циклов;;;;80 BYN/п.м. у дилера в РБ;не проверено: сайт Аметиста недоступен;https://xn--80ablbatmgfod1dzgm.xn--90ais/katalog/velyur/velyur-gulati.html;photos/Аметист/Гулати/Гулати_21.jpg;https://xn--80ablbatmgfod1dzgm.xn--90ais/assets/images/products/831/21.jpg;"мебельныеткани.бел (дилер в РБ; официальный ametist-store.ru закрыт капчей)";2026-09-30
Аметист;Гулати;Гулати 22;22;;Полиэстер - 100%;140;420 (г/кв.м);20000;20000 циклов;;;;80 BYN/п.м. у дилера в РБ;не проверено: сайт Аметиста недоступен;https://xn--80ablbatmgfod1dzgm.xn--90ais/katalog/velyur/velyur-gulati.html;photos/Аметист/Гулати/Гулати_22.jpg;https://xn--80ablbatmgfod1dzgm.xn--90ais/assets/images/products/831/22.jpg;"мебельныеткани.бел (дилер в РБ; официальный ametist-store.ru закрыт капчей)";2026-09-30
Аметист;Малибу;Малибу 01;01;;Полиэстер - 100%;142;200 (г/кв.м);35000;35000 циклов;;;;56 BYN/п.м. у дилера в РБ;не проверено: сайт Аметиста недоступен;https://xn--80ablbatmgfod1dzgm.xn--90ais/katalog/velyur/velyur-malibu.html;photos/Аметист/Малибу/Малибу_01.jpg;https://xn--80ablbatmgfod1dzgm.xn--90ais/assets/images/products/779/01.jpg;"мебельныеткани.бел (дилер в РБ; официальный ametist-store.ru закрыт капчей)";2026-09-30
Аметист;Малибу;Малибу 02;02;;Полиэстер - 100%;142;200 (г/кв.м);35000;35000 циклов;;;;56 BYN/п.м. у дилера в РБ;не проверено: сайт Аметиста недоступен;https://xn--80ablbatmgfod1dzgm.xn--90ais/katalog/velyur/velyur-malibu.html;photos/Аметист/Малибу/Малибу_02.jpg;https://xn--80ablbatmgfod1dzgm.xn--90ais/assets/images/products/779/02.jpg;"мебельныеткани.бел (дилер в РБ; официальный ametist-store.ru закрыт капчей)";2026-09-30
Аметист;Мехико;Мехико 01;01;;Полиэстер - 100%;142;200 (г/кв.м);35000;35000 циклов;;;;56 BYN/п.м. у дилера в РБ;не проверено: сайт Аметиста недоступен;https://xn--80ablbatmgfod1dzgm.xn--90ais/katalog/velyur/velyur-mehiko.html;photos/Аметист/Мехико/Мехико_01.jpg;https://xn--80ablbatmgfod1dzgm.xn--90ais/assets/images/products/781/01.jpg;"мебельныеткани.бел (дилер в РБ; официальный ametist-store.ru закрыт капчей)";2026-09-30
Аметист;Мехико;Мехико 02;02;;Полиэстер - 100%;142;200 (г/кв.м);35000;35000 циклов;;;;56 BYN/п.м. у дилера в РБ;не проверено: сайт Аметиста недоступен;https://xn--80ablbatmgfod1dzgm.xn--90ais/katalog/velyur/velyur-mehiko.html;photos/Аметист/Мехико/Мехико_02.jpg;https://xn--80ablbatmgfod1dzgm.xn--90ais/assets/images/products/781/02.jpg;"мебельныеткани.бел (дилер в РБ; официальный ametist-store.ru закрыт капчей)";2026-09-30
Аметист;Мехико;Мехико 03;03;;Полиэстер - 100%;142;200 (г/кв.м);35000;35000 циклов;;;;56 BYN/п.м. у дилера в РБ;не проверено: сайт Аметиста недоступен;https://xn--80ablbatmgfod1dzgm.xn--90ais/katalog/velyur/velyur-mehiko.html;photos/Аметист/Мехико/Мехико_03.jpg;https://xn--80ablbatmgfod1dzgm.xn--90ais/assets/images/products/781/03.jpg;"мебельныеткани.бел (дилер в РБ; официальный ametist-store.ru закрыт капчей)";2026-09-30
Аметист;Онда;Онда 01;01;;Полиэстер - 100%;142;200 (г/кв.м);35000;35000 циклов;;;;56 BYN/п.м. у дилера в РБ;не проверено: сайт Аметиста недоступен;https://xn--80ablbatmgfod1dzgm.xn--90ais/katalog/velyur/velyur-onda.html;photos/Аметист/Онда/Онда_01.jpg;https://xn--80ablbatmgfod1dzgm.xn--90ais/assets/images/products/970/01.jpg;"мебельныеткани.бел (дилер в РБ; официальный ametist-store.ru закрыт капчей)";2026-09-30
Аметист;Онда;Онда 02;02;;Полиэстер - 100%;142;200 (г/кв.м);35000;35000 циклов;;;;56 BYN/п.м. у дилера в РБ;не проверено: сайт Аметиста недоступен;https://xn--80ablbatmgfod1dzgm.xn--90ais/katalog/velyur/velyur-onda.html;photos/Аметист/Онда/Онда_02.jpg;https://xn--80ablbatmgfod1dzgm.xn--90ais/assets/images/products/970/02.jpg;"мебельныеткани.бел (дилер в РБ; официальный ametist-store.ru закрыт капчей)";2026-09-30
Аметист;Роузи;Роузи 01;01;;Полиэстер - 100%;142;200 (г/кв.м);35000;35000 циклов;;;;56 BYN/п.м. у дилера в РБ;не проверено: сайт Аметиста недоступен;https://xn--80ablbatmgfod1dzgm.xn--90ais/katalog/velyur/velyur-rouzi.html;photos/Аметист/Роузи/Роузи_01.jpg;https://xn--80ablbatmgfod1dzgm.xn--90ais/assets/images/products/982/01.jpg;"мебельныеткани.бел (дилер в РБ; официальный ametist-store.ru закрыт капчей)";2026-09-30
Аметист;Роузи;Роузи 02;02;;Полиэстер - 100%;142;200 (г/кв.м);35000;35000 циклов;;;;56 BYN/п.м. у дилера в РБ;не проверено: сайт Аметиста недоступен;https://xn--80ablbatmgfod1dzgm.xn--90ais/katalog/velyur/velyur-rouzi.html;photos/Аметист/Роузи/Роузи_02.jpg;https://xn--80ablbatmgfod1dzgm.xn--90ais/assets/images/products/982/02.jpg;"мебельныеткани.бел (дилер в РБ; официальный ametist-store.ru закрыт капчей)";2026-09-30
Аметист;Твинкли;Твинкли 01;01;;Полиэстер - 100%;142;200 (г/кв.м);35000;35000 циклов;;;;56 BYN/п.м. у дилера в РБ;не проверено: сайт Аметиста недоступен;https://xn--80ablbatmgfod1dzgm.xn--90ais/katalog/velyur/velyur-tvinkli.html;photos/Аметист/Твинкли/Твинкли_01.jpg;https://xn--80ablbatmgfod1dzgm.xn--90ais/assets/images/products/939/01.jpg;"мебельныеткани.бел (дилер в РБ; официальный ametist-store.ru закрыт капчей)";2026-09-30
Аметист;Твинкли;Твинкли 02;02;;Полиэстер - 100%;142;200 (г/кв.м);35000;35000 циклов;;;;56 BYN/п.м. у дилера в РБ;не проверено: сайт Аметиста недоступен;https://xn--80ablbatmgfod1dzgm.xn--90ais/katalog/velyur/velyur-tvinkli.html;photos/Аметист/Твинкли/Твинкли_02.jpg;https://xn--80ablbatmgfod1dzgm.xn--90ais/assets/images/products/939/02.jpg;"мебельныеткани.бел (дилер в РБ; официальный ametist-store.ru закрыт капчей)";2026-09-30
Аметист;Тори;Тори 45;45;;Полиэстер - 100%;142;220 (г/кв.м);20000;20000 циклов;;;;49 BYN/п.м. у дилера в РБ;не проверено: сайт Аметиста недоступен;https://xn--80ablbatmgfod1dzgm.xn--90ais/katalog/velyur/velyur-tori.html;photos/Аметист/Тори/Тори_45.jpg;https://xn--80ablbatmgfod1dzgm.xn--90ais/assets/images/products/947/45.jpg;"мебельныеткани.бел (дилер в РБ; официальный ametist-store.ru закрыт капчей)";2026-09-30
Аметист;Тори;Тори 50;50;;Полиэстер - 100%;142;220 (г/кв.м);20000;20000 циклов;;;;49 BYN/п.м. у дилера в РБ;не проверено: сайт Аметиста недоступен;https://xn--80ablbatmgfod1dzgm.xn--90ais/katalog/velyur/velyur-tori.html;photos/Аметист/Тори/Тори_50.jpg;https://xn--80ablbatmgfod1dzgm.xn--90ais/assets/images/products/947/50.jpg;"мебельныеткани.бел (дилер в РБ; официальный ametist-store.ru закрыт капчей)";2026-09-30
Аметист;Тори;Тори 53;53;;Полиэстер - 100%;142;220 (г/кв.м);20000;20000 циклов;;;;49 BYN/п.м. у дилера в РБ;не проверено: сайт Аметиста недоступен;https://xn--80ablbatmgfod1dzgm.xn--90ais/katalog/velyur/velyur-tori.html;photos/Аметист/Тори/Тори_53.jpg;https://xn--80ablbatmgfod1dzgm.xn--90ais/assets/images/products/947/53.jpg;"мебельныеткани.бел (дилер в РБ; официальный ametist-store.ru закрыт капчей)";2026-09-30
Аметист;Тори;Тори 54;54;;Полиэстер - 100%;142;220 (г/кв.м);20000;20000 циклов;;;;49 BYN/п.м. у дилера в РБ;не проверено: сайт Аметиста недоступен;https://xn--80ablbatmgfod1dzgm.xn--90ais/katalog/velyur/velyur-tori.html;photos/Аметист/Тори/Тори_54.jpg;https://xn--80ablbatmgfod1dzgm.xn--90ais/assets/images/products/947/54.jpg;"мебельныеткани.бел (дилер в РБ; официальный ametist-store.ru закрыт капчей)";2026-09-30
Аметист;Тори;Тори 56;56;;Полиэстер - 100%;142;220 (г/кв.м);20000;20000 циклов;;;;49 BYN/п.м. у дилера в РБ;не проверено: сайт Аметиста недоступен;https://xn--80ablbatmgfod1dzgm.xn--90ais/katalog/velyur/velyur-tori.html;photos/Аметист/Тори/Тори_56.jpg;https://xn--80ablbatmgfod1dzgm.xn--90ais/assets/images/products/947/56.jpg;"мебельныеткани.бел (дилер в РБ; официальный ametist-store.ru закрыт капчей)";2026-09-30
Аметист;Тори;Тори 61;61;;Полиэстер - 100%;142;220 (г/кв.м);20000;20000 циклов;;;;49 BYN/п.м. у дилера в РБ;не проверено: сайт Аметиста недоступен;https://xn--80ablbatmgfod1dzgm.xn--90ais/katalog/velyur/velyur-tori.html;photos/Аметист/Тори/Тори_61.jpg;https://xn--80ablbatmgfod1dzgm.xn--90ais/assets/images/products/947/61.jpg;"мебельныеткани.бел (дилер в РБ; официальный ametist-store.ru закрыт капчей)";2026-09-30
Аметист;Тори;Тори 63;63;;Полиэстер - 100%;142;220 (г/кв.м);20000;20000 циклов;;;;49 BYN/п.м. у дилера в РБ;не проверено: сайт Аметиста недоступен;https://xn--80ablbatmgfod1dzgm.xn--90ais/katalog/velyur/velyur-tori.html;photos/Аметист/Тори/Тори_63.jpg;https://xn--80ablbatmgfod1dzgm.xn--90ais/assets/images/products/947/63.jpg;"мебельныеткани.бел (дилер в РБ; официальный ametist-store.ru закрыт капчей)";2026-09-30
Аметист;Тори;Тори 64;64;;Полиэстер - 100%;142;220 (г/кв.м);20000;20000 циклов;;;;49 BYN/п.м. у дилера в РБ;не проверено: сайт Аметиста недоступен;https://xn--80ablbatmgfod1dzgm.xn--90ais/katalog/velyur/velyur-tori.html;photos/Аметист/Тори/Тори_64.jpg;https://xn--80ablbatmgfod1dzgm.xn--90ais/assets/images/products/947/64.jpg;"мебельныеткани.бел (дилер в РБ; официальный ametist-store.ru закрыт капчей)";2026-09-30
Аметист;Тори;Тори 65;65;;Полиэстер - 100%;142;220 (г/кв.м);20000;20000 циклов;;;;49 BYN/п.м. у дилера в РБ;не проверено: сайт Аметиста недоступен;https://xn--80ablbatmgfod1dzgm.xn--90ais/katalog/velyur/velyur-tori.html;photos/Аметист/Тори/Тори_65.jpg;https://xn--80ablbatmgfod1dzgm.xn--90ais/assets/images/products/947/65.jpg;"мебельныеткани.бел (дилер в РБ; официальный ametist-store.ru закрыт капчей)";2026-09-30
Аметист;Тори;Тори 76;76;;Полиэстер - 100%;142;220 (г/кв.м);20000;20000 циклов;;;;49 BYN/п.м. у дилера в РБ;не проверено: сайт Аметиста недоступен;https://xn--80ablbatmgfod1dzgm.xn--90ais/katalog/velyur/velyur-tori.html;photos/Аметист/Тори/Тори_76.jpg;https://xn--80ablbatmgfod1dzgm.xn--90ais/assets/images/products/947/76.jpg;"мебельныеткани.бел (дилер в РБ; официальный ametist-store.ru закрыт капчей)";2026-09-30
Аметист;Тори;Тори 77;77;;Полиэстер - 100%;142;220 (г/кв.м);20000;20000 циклов;;;;49 BYN/п.м. у дилера в РБ;не проверено: сайт Аметиста недоступен;https://xn--80ablbatmgfod1dzgm.xn--90ais/katalog/velyur/velyur-tori.html;photos/Аметист/Тори/Тори_77.jpg;https://xn--80ablbatmgfod1dzgm.xn--90ais/assets/images/products/947/77.jpg;"мебельныеткани.бел (дилер в РБ; официальный ametist-store.ru закрыт капчей)";2026-09-30
Аметист;Тори;Тори 78;78;;Полиэстер - 100%;142;220 (г/кв.м);20000;20000 циклов;;;;49 BYN/п.м. у дилера в РБ;не проверено: сайт Аметиста недоступен;https://xn--80ablbatmgfod1dzgm.xn--90ais/katalog/velyur/velyur-tori.html;photos/Аметист/Тори/Тори_78.jpg;https://xn--80ablbatmgfod1dzgm.xn--90ais/assets/images/products/947/78.jpg;"мебельныеткани.бел (дилер в РБ; официальный ametist-store.ru закрыт капчей)";2026-09-30
Аметист;Чейз;Чейз 01;01;;Полиэстер - 100%;142;200 (г/кв.м);35000;35000 циклов;;;;56 BYN/п.м. у дилера в РБ;не проверено: сайт Аметиста недоступен;https://xn--80ablbatmgfod1dzgm.xn--90ais/katalog/velyur/velyur-cheyz.html;photos/Аметист/Чейз/Чейз_01.jpg;https://xn--80ablbatmgfod1dzgm.xn--90ais/assets/images/products/958/01.jpg;"мебельныеткани.бел (дилер в РБ; официальный ametist-store.ru закрыт капчей)";2026-09-30
Аметист;Чейз;Чейз 02;02;;Полиэстер - 100%;142;200 (г/кв.м);35000;35000 циклов;;;;56 BYN/п.м. у дилера в РБ;не проверено: сайт Аметиста недоступен;https://xn--80ablbatmgfod1dzgm.xn--90ais/katalog/velyur/velyur-cheyz.html;photos/Аметист/Чейз/Чейз_02.jpg;https://xn--80ablbatmgfod1dzgm.xn--90ais/assets/images/products/958/02.jpg;"мебельныеткани.бел (дилер в РБ; официальный ametist-store.ru закрыт капчей)";2026-09-30
