Поставщик;Коллекция;Артикул / цвет;Цвет (как на сайте);Тип ткани;Состав;Ширина, см;Плотность;Истирание (Мартиндейл), циклов;Истирание (как на сайте);Страна;Цена, ₽/п.м.;Цена без скидки, ₽;Комментарий к цене;Наличие;Страница товара;Фото (файл в папке velour);Фото (оригинал на сайте);Источник;Дата сбора
Союз-М;Avatar;Avatar 225;Коричневый;Велюр;полиэстер - 100%;142;305,4 г/м²;35000;35 000 циклов;Китай;350;;Оптовая цена за 1 п/м;Нет в отрез в Москве Уточняйте у менеджера;https://souz-m.ru/products/avatar-225.html;photos/Союз-М/Avatar/Avatar_225.jpg;https://souz-m.ru/netcat_files/Item/3363/avatar225.jpg;souz-m.ru (официальный сайт);2026-09-30
Союз-М;Avatar;Avatar 230;Коричневый;Велюр;полиэстер - 100%;142;305,4 г/м²;35000;35 000 циклов;Китай;570;;Цена за 1 п/м;Есть в отрез в Москве;https://souz-m.ru/products/avatar-230.html;photos/Союз-М/Avatar/Avatar_230.jpg;https://souz-m.ru/netcat_files/Item/3364/avatar230.jpg;souz-m.ru (официальный сайт);2026-09-30
Союз-М;Avatar;Avatar 235;Коричневый;Велюр;полиэстер - 100%;142;305,4 г/м²;35000;35 000 циклов;Китай;570;;Оптовая цена за 1 п/м;Есть в отрез в Москве;https://souz-m.ru/products/avatar-235.html;photos/Союз-М/Avatar/Avatar_235.jpg;https://souz-m.ru/netcat_files/Item/3365/avatar235.jpg;souz-m.ru (официальный сайт);2026-09-30
Союз-М;Avatar;Avatar 280;Красный;Велюр;полиэстер - 100%;142;305,4 г/м²;35000;35 000 циклов;Китай;350;;Оптовая цена за 1 п/м;Есть в отрез в Москве;https://souz-m.ru/products/avatar-280.html;photos/Союз-М/Avatar/Avatar_280.jpg;https://souz-m.ru/netcat_files/Item/3366/avatar280.jpg;souz-m.ru (официальный сайт);2026-09-30
Союз-М;Avatar;Avatar 305;Красный, Оранжевый;Велюр;полиэстер - 100%;142;305,4 г/м²;35000;35 000 циклов;Китай;680;;Оптовая цена за 1 п/м;Есть в отрез в Москве;https://souz-m.ru/products/avatar-305.html;photos/Союз-М/Avatar/Avatar_305.jpg;https://souz-m.ru/netcat_files/Item/3368/avatar305.jpg;souz-m.ru (официальный сайт);2026-09-30
Союз-М;Avatar;Avatar 390;Красный;Велюр;полиэстер - 100%;142;305,4 г/м²;35000;35 000 циклов;Китай;350;;Оптовая цена за 1 п/м;Есть в отрез в Москве;https://souz-m.ru/products/avatar-390.html;photos/Союз-М/Avatar/Avatar_390.jpg;https://souz-m.ru/netcat_files/Item/3369/avatar390.jpg;souz-m.ru (официальный сайт);2026-09-30
Союз-М;Avatar;Avatar 560;Желтый;Велюр;полиэстер - 100%;142;305,4 г/м²;35000;35 000 циклов;Китай;300;;Оптовая цена за 1 п/м;Есть в отрез в Москве;https://souz-m.ru/products/avatar-560.html;photos/Союз-М/Avatar/Avatar_560.jpg;https://souz-m.ru/netcat_files/Item/3370/avatar560.jpg;souz-m.ru (официальный сайт);2026-09-30
Союз-М;Avatar;Avatar 657;Зеленый;Велюр;полиэстер - 100%;142;305,4 г/м²;35000;35 000 циклов;Китай;570;;Оптовая цена за 1 п/м;Есть в отрез в Москве;https://souz-m.ru/products/avatar-657.html;photos/Союз-М/Avatar/Avatar_657.jpg;https://souz-m.ru/netcat_files/Item/3371/avatar657.jpg;souz-m.ru (официальный сайт);2026-09-30
Союз-М;Avatar;Avatar 668;Зеленый;Велюр;полиэстер - 100%;142;305,4 г/м²;35000;35 000 циклов;Китай;570;;Цена за 1 п/м;Есть в отрез в Москве;https://souz-m.ru/products/avatar-668.html;photos/Союз-М/Avatar/Avatar_668.jpg;https://souz-m.ru/netcat_files/Item/3372/avatar668.jpg;souz-m.ru (официальный сайт);2026-09-30
Союз-М;Avatar;Avatar 670;Зеленый;Велюр;полиэстер - 100%;142;305,4 г/м²;35000;35 000 циклов;Китай;300;;Оптовая цена за 1 п/м;Нет в отрез в Москве Уточняйте у менеджера;https://souz-m.ru/products/avatar-670.html;photos/Союз-М/Avatar/Avatar_670.jpg;https://souz-m.ru/netcat_files/Item/3373/avatar670.jpg;souz-m.ru (официальный сайт);2026-09-30
Союз-М;Avatar;Avatar 764;Синий;Велюр;полиэстер - 100%;142;305,4 г/м²;35000;35 000 циклов;Китай;300;;Оптовая цена за 1 п/м;Есть в отрез в Москве;https://souz-m.ru/products/avatar-764.html;photos/Союз-М/Avatar/Avatar_764.jpg;https://souz-m.ru/netcat_files/Item/3374/avatar764.jpg;souz-m.ru (официальный сайт);2026-09-30
Союз-М;Avatar;Avatar 779;Синий;Велюр;полиэстер - 100%;142;305,4 г/м²;35000;35 000 циклов;Китай;350;;Оптовая цена за 1 п/м;Есть в отрез в Москве;https://souz-m.ru/products/avatar-779.html;photos/Союз-М/Avatar/Avatar_779.jpg;https://souz-m.ru/netcat_files/Item/3375/avatar779.jpg;souz-m.ru (официальный сайт);2026-09-30
Союз-М;Avatar;Avatar 780;Синий;Велюр;полиэстер - 100%;142;305,4 г/м²;35000;35 000 циклов;Китай;300;;Оптовая цена за 1 п/м;Есть в отрез в Москве;https://souz-m.ru/products/avatar-780.html;photos/Союз-М/Avatar/Avatar_780.jpg;https://souz-m.ru/netcat_files/Item/3376/avatar780.jpg;souz-m.ru (официальный сайт);2026-09-30
Союз-М;Avatar;Avatar 900;Серый;Велюр;полиэстер - 100%;142;305,4 г/м²;35000;35 000 циклов;Китай;350;;Оптовая цена за 1 п/м;Нет в отрез в Москве Уточняйте у менеджера;https://souz-m.ru/products/avatar-900.html;photos/Союз-М/Avatar/Avatar_900.jpg;https://souz-m.ru/netcat_files/Item/3377/avatar900.jpg;souz-m.ru (официальный сайт);2026-09-30
Союз-М;Avatar;Avatar 977;Фиолетовый;Велюр;полиэстер - 100%;142;305,4 г/м²;35000;35 000 циклов;Китай;570;;Оптовая цена за 1 п/м;Есть в отрез в Москве;https://souz-m.ru/products/avatar-977.html;photos/Союз-М/Avatar/Avatar_977.jpg;https://souz-m.ru/netcat_files/Item/3379/avatar977.jpg;souz-m.ru (официальный сайт);2026-09-30
Союз-М;Avatar;Avatar 980;Коричневый;Велюр;полиэстер - 100%;142;305,4 г/м²;35000;35 000 циклов;Китай;570;;Оптовая цена за 1 п/м;Есть в отрез в Москве;https://souz-m.ru/products/avatar-980.html;photos/Союз-М/Avatar/Avatar_980.jpg;https://souz-m.ru/netcat_files/Item/3380/avatar980.jpg;souz-m.ru (официальный сайт);2026-09-30
Союз-М;Avatar;Avatar 994;Серый;Велюр;полиэстер - 100%;142;305,4 г/м²;35000;35 000 циклов;Китай;570;;Оптовая цена за 1 п/м;Есть в отрез в Москве;https://souz-m.ru/products/avatar-994.html;photos/Союз-М/Avatar/Avatar_994.jpg;https://souz-m.ru/netcat_files/Item/3381/avatar994.jpg;souz-m.ru (официальный сайт);2026-09-30
Союз-М;Balance;Balance 130;Бежевый;Велюр;полиэстер - 100%;142;251,5 г/м²;60000;60 000 циклов;Китай;560;;Цена за 1 п/м;Есть в отрез в Москве;https://souz-m.ru/products/balance-130.html;photos/Союз-М/Balance/Balance_130.jpg;https://souz-m.ru/netcat_files/Item/3855/balance130.jpg;souz-m.ru (официальный сайт);2026-09-30
Союз-М;Balance;Balance 235;Коричневый;Велюр;полиэстер - 100%;142;251,5 г/м²;60000;60 000 циклов;Китай;560;;Цена за 1 п/м;Есть в отрез в Москве;https://souz-m.ru/products/balance-235.html;photos/Союз-М/Balance/Balance_235.jpg;https://souz-m.ru/netcat_files/Item/3856/balance235.jpg;souz-m.ru (официальный сайт);2026-09-30
Союз-М;Balance;Balance 290;Коричневый;Велюр;полиэстер - 100%;142;251,5 г/м²;60000;60 000 циклов;Китай;560;;Цена за 1 п/м;Есть в отрез в Москве;https://souz-m.ru/products/balance-290.html;photos/Союз-М/Balance/Balance_290.jpg;https://souz-m.ru/netcat_files/Item/3857/balance290.jpg;souz-m.ru (официальный сайт);2026-09-30
Союз-М;Balance;Balance 312;Красный, Розовый;Велюр;полиэстер - 100%;142;251,5 г/м²;60000;60 000 циклов;Китай;560;;Цена за 1 п/м;Есть в отрез в Москве;https://souz-m.ru/products/balance-312.html;photos/Союз-М/Balance/Balance_312.jpg;https://souz-m.ru/netcat_files/Item/3858/balance312.jpg;souz-m.ru (официальный сайт);2026-09-30
Союз-М;Balance;Balance 784;Синий;Велюр;полиэстер - 100%;142;251,5 г/м²;60000;60 000 циклов;Китай;560;;Цена за 1 п/м;Есть в отрез в Москве;https://souz-m.ru/products/balance-784.html;photos/Союз-М/Balance/Balance_784.jpg;https://souz-m.ru/netcat_files/Item/3859/balance784.jpg;souz-m.ru (официальный сайт);2026-09-30
Союз-М;Balance;Balance 900;Серый;Велюр;полиэстер - 100%;142;251,5 г/м²;60000;60 000 циклов;Китай;560;;Цена за 1 п/м;Есть в отрез в Москве;https://souz-m.ru/products/balance-900.html;photos/Союз-М/Balance/Balance_900.jpg;https://souz-m.ru/netcat_files/Item/3860/balance900.jpg;souz-m.ru (официальный сайт);2026-09-30
Союз-М;Balance;Balance 996;Серый;Велюр;полиэстер - 100%;142;251,5 г/м²;60000;60 000 циклов;Китай;560;;Цена за 1 п/м;Есть в отрез в Москве;https://souz-m.ru/products/balance-996.html;photos/Союз-М/Balance/Balance_996.jpg;https://souz-m.ru/netcat_files/Item/3861/balance996.jpg;souz-m.ru (официальный сайт);2026-09-30
Союз-М;Berns;Berns 010;Бежевый;Велюр;полиэстер - 100%;141;423 г/м²;65000;65 000 циклов;Китай;980;;Оптовая цена за 1 п/м;Есть в отрез в Москве;https://souz-m.ru/products/berns-010.html;photos/Союз-М/Berns/Berns_010.jpg;https://souz-m.ru/netcat_files/Item/4495/berns010.jpg;souz-m.ru (официальный сайт);2026-09-30
Союз-М;Berns;Berns 093;Серый, Фиолетовый;Велюр;полиэстер - 100%;141;423 г/м²;65000;65 000 циклов;Китай;700;;Оптовая цена за 1 п/м;Есть в отрез в Москве;https://souz-m.ru/products/berns-093.html;photos/Союз-М/Berns/Berns_093.jpg;https://souz-m.ru/netcat_files/Item/4496/berns093.jpg;souz-m.ru (официальный сайт);2026-09-30
Союз-М;Berns;Berns 110;Бежевый;Велюр;полиэстер - 100%;141;423 г/м²;65000;65 000 циклов;Китай;980;;Цена за 1 п/м;Нет в отрез в Москве Уточняйте у менеджера;https://souz-m.ru/products/berns-110.html;photos/Союз-М/Berns/Berns_110.jpg;https://souz-m.ru/netcat_files/Item/4497/berns110.jpg;souz-m.ru (официальный сайт);2026-09-30
Союз-М;Berns;Berns 290;Коричневый;Велюр;полиэстер - 100%;141;423 г/м²;65000;65 000 циклов;Китай;980;;Цена за 1 п/м;Есть в отрез в Москве;https://souz-m.ru/products/berns-290.html;photos/Союз-М/Berns/Berns_290.jpg;https://souz-m.ru/netcat_files/Item/4498/berns290.jpg;souz-m.ru (официальный сайт);2026-09-30
Союз-М;Berns;Berns 297;Коричневый;Велюр;полиэстер - 100%;141;423 г/м²;65000;65 000 циклов;Китай;980;;Цена за 1 п/м;Нет в отрез в Москве Уточняйте у менеджера;https://souz-m.ru/products/berns-297.html;photos/Союз-М/Berns/Berns_297.jpg;https://souz-m.ru/netcat_files/Item/4499/berns297.jpg;souz-m.ru (официальный сайт);2026-09-30
Союз-М;Berns;Berns 413;Оранжевый;Велюр;полиэстер - 100%;141;423 г/м²;65000;65 000 циклов;Китай;980;;Цена за 1 п/м;Есть в отрез в Москве;https://souz-m.ru/products/berns-413.html;photos/Союз-М/Berns/Berns_413.jpg;https://souz-m.ru/netcat_files/Item/4500/berns413.jpg;souz-m.ru (официальный сайт);2026-09-30
Союз-М;Berns;Berns 620;Желтый, Зеленый;Велюр;полиэстер - 100%;141;423 г/м²;65000;65 000 циклов;Китай;700;;Оптовая цена за 1 п/м;Есть в отрез в Москве;https://souz-m.ru/products/berns-620.html;photos/Союз-М/Berns/Berns_620.jpg;https://souz-m.ru/netcat_files/Item/4502/berns620.jpg;souz-m.ru (официальный сайт);2026-09-30
Союз-М;Berns;Berns 671;Зеленый;Велюр;полиэстер - 100%;141;423 г/м²;65000;65 000 циклов;Китай;980;;Цена за 1 п/м;Есть в отрез в Москве;https://souz-m.ru/products/berns-671.html;photos/Союз-М/Berns/Berns_671.jpg;https://souz-m.ru/netcat_files/Item/4503/berns671.jpg;souz-m.ru (официальный сайт);2026-09-30
Союз-М;Berns;Berns 678;Зеленый;Велюр;полиэстер - 100%;141;423 г/м²;65000;65 000 циклов;Китай;980;;Цена за 1 п/м;Есть в отрез в Москве;https://souz-m.ru/products/berns-678.html;photos/Союз-М/Berns/Berns_678.jpg;https://souz-m.ru/netcat_files/Item/4504/berns678.jpg;souz-m.ru (официальный сайт);2026-09-30
Союз-М;Berns;Berns 695;Зеленый;Велюр;полиэстер - 100%;141;423 г/м²;65000;65 000 циклов;Китай;980;;Цена за 1 п/м;Есть в отрез в Москве;https://souz-m.ru/products/berns-695.html;photos/Союз-М/Berns/Berns_695.jpg;https://souz-m.ru/netcat_files/Item/4505/berns695.jpg;souz-m.ru (официальный сайт);2026-09-30
Союз-М;Berns;Berns 756;Синий;Велюр;полиэстер - 100%;141;423 г/м²;65000;65 000 циклов;Китай;700;;Оптовая цена за 1 п/м;Есть в отрез в Москве;https://souz-m.ru/products/berns-756.html;photos/Союз-М/Berns/Berns_756.jpg;https://souz-m.ru/netcat_files/Item/4506/berns756.jpg;souz-m.ru (официальный сайт);2026-09-30
Союз-М;Berns;Berns 920;Серый, Фиолетовый;Велюр;полиэстер - 100%;141;423 г/м²;65000;65 000 циклов;Китай;980;;Оптовая цена за 1 п/м;Есть в отрез в Москве;https://souz-m.ru/products/berns-920.html;photos/Союз-М/Berns/Berns_920.jpg;https://souz-m.ru/netcat_files/Item/4507/berns920.jpg;souz-m.ru (официальный сайт);2026-09-30
Союз-М;Berns;Berns 978;Фиолетовый;Велюр;полиэстер - 100%;141;423 г/м²;65000;65 000 циклов;Китай;700;;Оптовая цена за 1 п/м;Есть в отрез в Москве;https://souz-m.ru/products/berns-978.html;photos/Союз-М/Berns/Berns_978.jpg;https://souz-m.ru/netcat_files/Item/4508/berns978.jpg;souz-m.ru (официальный сайт);2026-09-30
Союз-М;Berns;Berns 993;Серый;Велюр;полиэстер - 100%;141;423 г/м²;65000;65 000 циклов;Китай;980;;Оптовая цена за 1 п/м;Есть в отрез в Москве;https://souz-m.ru/products/berns-993.html;photos/Союз-М/Berns/Berns_993.jpg;https://souz-m.ru/netcat_files/Item/4509/berns993.jpg;souz-m.ru (официальный сайт);2026-09-30
Союз-М;Berns;Berns 997;Серый, Черный;Велюр;полиэстер - 100%;141;423 г/м²;65000;65 000 циклов;Китай;980;;Цена за 1 п/м;Есть в отрез в Москве;https://souz-m.ru/products/berns-997.html;photos/Союз-М/Berns/Berns_997.jpg;https://souz-m.ru/netcat_files/Item/4510/berns997.jpg;souz-m.ru (официальный сайт);2026-09-30
Союз-М;Blitz;Blitz 09;Красный, Оранжевый;Велюр;полиэстер - 100%;142;310 г/м²;70000;70 000 циклов;Китай;250;;Оптовая цена за 1 п/м;Есть в отрез в Москве;https://souz-m.ru/products/blitz-09.html;photos/Союз-М/Blitz/Blitz_09.jpg;https://souz-m.ru/netcat_files/Item/2377/blitz09.jpg;souz-m.ru (официальный сайт);2026-09-30
Союз-М;Blitz;Blitz 12;Фиолетовый;Велюр;полиэстер - 100%;142;310 г/м²;70000;70 000 циклов;Китай;550;;Оптовая цена за 1 п/м;Есть в отрез в Москве;https://souz-m.ru/products/blitz-12.html;photos/Союз-М/Blitz/Blitz_12.jpg;https://souz-m.ru/netcat_files/Item/2380/blitz12.jpg;souz-m.ru (официальный сайт);2026-09-30
Союз-М;Bohemia;Bohemia 010;Бежевый, Белый;Велюр;полиэстер - 100%;140;560 г/м²;60000;60 000 циклов;Турция;2990;;Цена за 1 п/м;Есть в отрез в Москве;https://souz-m.ru/products/bohemia-010.html;photos/Союз-М/Bohemia/Bohemia_010.jpg;https://souz-m.ru/netcat_files/Item/4670/bohemia010.jpg;souz-m.ru (официальный сайт);2026-09-30
Союз-М;Bohemia;Bohemia 110;Бежевый;Велюр;полиэстер - 100%;140;560 г/м²;60000;60 000 циклов;Турция;2990;;Цена за 1 п/м;Есть в отрез в Москве;https://souz-m.ru/products/bohemia-110.html;photos/Союз-М/Bohemia/Bohemia_110.jpg;https://souz-m.ru/netcat_files/Item/4671/bohemia110.jpg;souz-m.ru (официальный сайт);2026-09-30
Союз-М;Bohemia;Bohemia 113;Бежевый;Велюр;полиэстер - 100%;140;560 г/м²;60000;60 000 циклов;Турция;2990;;Цена за 1 п/м;Нет в отрез в Москве Ожидаемая дата поступления: 21.10.2026;https://souz-m.ru/products/bohemia-113.html;photos/Союз-М/Bohemia/Bohemia_113.jpg;https://souz-m.ru/netcat_files/Item/4672/bohemia113.jpg;souz-m.ru (официальный сайт);2026-09-30
Союз-М;Bohemia;Bohemia 302;Розовый;Велюр;полиэстер - 100%;140;560 г/м²;60000;60 000 циклов;Турция;2990;;Цена за 1 п/м;Есть в отрез в Москве;https://souz-m.ru/products/bohemia-302.html;photos/Союз-М/Bohemia/Bohemia_302.jpg;https://souz-m.ru/netcat_files/Item/4673/bohemia302.jpg;souz-m.ru (официальный сайт);2026-09-30
Союз-М;Bohemia;Bohemia 341;Красный;Велюр;полиэстер - 100%;140;560 г/м²;60000;60 000 циклов;Турция;2990;;Цена за 1 п/м;Нет в отрез в Москве Ожидаемая дата поступления: 21.10.2026;https://souz-m.ru/products/bohemia-341.html;photos/Союз-М/Bohemia/Bohemia_341.jpg;https://souz-m.ru/netcat_files/Item/4674/bohemia341.jpg;souz-m.ru (официальный сайт);2026-09-30
Союз-М;Bohemia;Bohemia 400;Розовый;Велюр;полиэстер - 100%;140;560 г/м²;60000;60 000 циклов;Турция;2990;;Цена за 1 п/м;Есть в отрез в Москве;https://souz-m.ru/products/bohemia-400.html;photos/Союз-М/Bohemia/Bohemia_400.jpg;https://souz-m.ru/netcat_files/Item/4675/bohemia400.jpg;souz-m.ru (официальный сайт);2026-09-30
Союз-М;Bohemia;Bohemia 410;Оранжевый;Велюр;полиэстер - 100%;140;560 г/м²;60000;60 000 циклов;Турция;2990;;Цена за 1 п/м;Есть в отрез в Москве;https://souz-m.ru/products/bohemia-410.html;photos/Союз-М/Bohemia/Bohemia_410.jpg;https://souz-m.ru/netcat_files/Item/4676/bohemia410.jpg;souz-m.ru (официальный сайт);2026-09-30
Союз-М;Bohemia;Bohemia 430;Красный, Оранжевый;Велюр;полиэстер - 100%;140;560 г/м²;60000;60 000 циклов;Турция;2990;;Цена за 1 п/м;Есть в отрез в Москве;https://souz-m.ru/products/bohemia-430.html;photos/Союз-М/Bohemia/Bohemia_430.jpg;https://souz-m.ru/netcat_files/Item/4677/bohemia430.jpg;souz-m.ru (официальный сайт);2026-09-30
Союз-М;Bohemia;Bohemia 560;Желтый;Велюр;полиэстер - 100%;140;560 г/м²;60000;60 000 циклов;Турция;2990;;Цена за 1 п/м;Есть в отрез в Москве;https://souz-m.ru/products/bohemia-560.html;photos/Союз-М/Bohemia/Bohemia_560.jpg;https://souz-m.ru/netcat_files/Item/4678/bohemia560.jpg;souz-m.ru (официальный сайт);2026-09-30
Союз-М;Bohemia;Bohemia 600;Зеленый;Велюр;полиэстер - 100%;140;560 г/м²;60000;60 000 циклов;Турция;2990;;Цена за 1 п/м;Есть в отрез в Москве;https://souz-m.ru/products/bohemia-600.html;photos/Союз-М/Bohemia/Bohemia_600.jpg;https://souz-m.ru/netcat_files/Item/4679/bohemia600.jpg;souz-m.ru (официальный сайт);2026-09-30
Союз-М;Bohemia;Bohemia 605;Зеленый;Велюр;полиэстер - 100%;140;560 г/м²;60000;60 000 циклов;Турция;2990;;Цена за 1 п/м;Есть в отрез в Москве;https://souz-m.ru/products/bohemia-605.html;photos/Союз-М/Bohemia/Bohemia_605.jpg;https://souz-m.ru/netcat_files/Item/4680/bohemia605.jpg;souz-m.ru (официальный сайт);2026-09-30
Союз-М;Bohemia;Bohemia 610;Желтый;Велюр;полиэстер - 100%;140;560 г/м²;60000;60 000 циклов;Турция;2990;;Цена за 1 п/м;Есть в отрез в Москве;https://souz-m.ru/products/bohemia-610.html;photos/Союз-М/Bohemia/Bohemia_610.jpg;https://souz-m.ru/netcat_files/Item/4681/bohemia610.jpg;souz-m.ru (официальный сайт);2026-09-30
Союз-М;Bohemia;Bohemia 654;Зеленый;Велюр;полиэстер - 100%;140;560 г/м²;60000;60 000 циклов;Турция;2990;;Цена за 1 п/м;Есть в отрез в Москве;https://souz-m.ru/products/bohemia-654.html;photos/Союз-М/Bohemia/Bohemia_654.jpg;https://souz-m.ru/netcat_files/Item/4682/bohemia654.jpg;souz-m.ru (официальный сайт);2026-09-30
Союз-М;Bohemia;Bohemia 697;Зеленый;Велюр;полиэстер - 100%;140;560 г/м²;60000;60 000 циклов;Турция;2990;;Цена за 1 п/м;Есть в отрез в Москве;https://souz-m.ru/products/bohemia-697.html;photos/Союз-М/Bohemia/Bohemia_697.jpg;https://souz-m.ru/netcat_files/Item/4683/bohemia697.jpg;souz-m.ru (официальный сайт);2026-09-30
Союз-М;Bohemia;Bohemia 707;Синий;Велюр;полиэстер - 100%;140;560 г/м²;60000;60 000 циклов;Турция;2990;;Цена за 1 п/м;Есть в отрез в Москве;https://souz-m.ru/products/bohemia-707.html;photos/Союз-М/Bohemia/Bohemia_707.jpg;https://souz-m.ru/netcat_files/Item/4684/bohemia707.jpg;souz-m.ru (официальный сайт);2026-09-30
Союз-М;Bohemia;Bohemia 780;Синий;Велюр;полиэстер - 100%;140;560 г/м²;60000;60 000 циклов;Турция;2990;;Цена за 1 п/м;Есть в отрез в Москве;https://souz-m.ru/products/bohemia-780.html;photos/Союз-М/Bohemia/Bohemia_780.jpg;https://souz-m.ru/netcat_files/Item/4685/bohemia780.jpg;souz-m.ru (официальный сайт);2026-09-30
Союз-М;Bohemia;Bohemia 785;Синий;Велюр;полиэстер - 100%;140;560 г/м²;60000;60 000 циклов;Турция;2990;;Цена за 1 п/м;Есть в отрез в Москве;https://souz-m.ru/products/bohemia-785.html;photos/Союз-М/Bohemia/Bohemia_785.jpg;https://souz-m.ru/netcat_files/Item/4686/bohemia785.jpg;souz-m.ru (официальный сайт);2026-09-30
Союз-М;Bohemia;Bohemia 789;Синий;Велюр;полиэстер - 100%;140;560 г/м²;60000;60 000 циклов;Турция;2990;;Цена за 1 п/м;Есть в отрез в Москве;https://souz-m.ru/products/bohemia-789.html;photos/Союз-М/Bohemia/Bohemia_789.jpg;https://souz-m.ru/netcat_files/Item/4687/bohemia789.jpg;souz-m.ru (официальный сайт);2026-09-30
Союз-М;Bohemia;Bohemia 922;Коричневый;Велюр;полиэстер - 100%;140;560 г/м²;60000;60 000 циклов;Турция;2990;;Цена за 1 п/м;Нет в отрез в Москве Ожидаемая дата поступления: 21.10.2026;https://souz-m.ru/products/bohemia-922.html;photos/Союз-М/Bohemia/Bohemia_922.jpg;https://souz-m.ru/netcat_files/Item/4688/bohemia922.jpg;souz-m.ru (официальный сайт);2026-09-30
Союз-М;Bohemia;Bohemia 964;Серый, Черный;Велюр;полиэстер - 100%;140;560 г/м²;60000;60 000 циклов;Турция;2990;;Цена за 1 п/м;Есть в отрез в Москве;https://souz-m.ru/products/bohemia-964.html;photos/Союз-М/Bohemia/Bohemia_964.jpg;https://souz-m.ru/netcat_files/Item/4689/bohemia964.jpg;souz-m.ru (официальный сайт);2026-09-30
Союз-М;Bohemia;Bohemia 990;Серый;Велюр;полиэстер - 100%;140;560 г/м²;60000;60 000 циклов;Турция;2990;;Цена за 1 п/м;Есть в отрез в Москве;https://souz-m.ru/products/bohemia-990.html;photos/Союз-М/Bohemia/Bohemia_990.jpg;https://souz-m.ru/netcat_files/Item/4690/bohemia990.jpg;souz-m.ru (официальный сайт);2026-09-30
Союз-М;Bohemia;Bohemia 994;Серый;Велюр;полиэстер - 100%;140;560 г/м²;60000;60 000 циклов;Турция;2990;;Цена за 1 п/м;Есть в отрез в Москве;https://souz-m.ru/products/bohemia-994.html;photos/Союз-М/Bohemia/Bohemia_994.jpg;https://souz-m.ru/netcat_files/Item/4691/bohemia994.jpg;souz-m.ru (официальный сайт);2026-09-30
Союз-М;Bruno;Bruno 02;Бежевый;Велюр;полиэстер - 100%;140;348 г/м²;50000;50 000 циклов;Китай;870;;Цена за 1 п/м;Есть в отрез в Москве;https://souz-m.ru/products/bruno-02.html;photos/Союз-М/Bruno/Bruno_02.jpg;https://souz-m.ru/netcat_files/Item/2771/bruno02.jpg;souz-m.ru (официальный сайт);2026-09-30
Союз-М;California;California 102;Бежевый;Велюр;полиэстер - 100%;142;260 г/м²;70000;70 000 циклов;Китай;570;;Цена за 1 п/м;Есть в отрез в Москве;https://souz-m.ru/products/california-102.html;photos/Союз-М/California/California_102.jpg;https://souz-m.ru/netcat_files/Item/4004/California102.jpg;souz-m.ru (официальный сайт);2026-09-30
Союз-М;California;California 110;Бежевый;Велюр;полиэстер - 100%;142;260 г/м²;70000;70 000 циклов;Китай;570;;Цена за 1 п/м;Есть в отрез в Москве;https://souz-m.ru/products/california-110.html;photos/Союз-М/California/California_110.jpg;https://souz-m.ru/netcat_files/Item/4005/California110.jpg;souz-m.ru (официальный сайт);2026-09-30
Союз-М;California;California 160;Бежевый;Велюр;полиэстер - 100%;142;260 г/м²;70000;70 000 циклов;Китай;570;;Цена за 1 п/м;Есть в отрез в Москве;https://souz-m.ru/products/california-160.html;photos/Союз-М/California/California_160.jpg;https://souz-m.ru/netcat_files/Item/4006/California160.jpg;souz-m.ru (официальный сайт);2026-09-30
Союз-М;California;California 238;Коричневый;Велюр;полиэстер - 100%;142;260 г/м²;70000;70 000 циклов;Китай;570;;Цена за 1 п/м;Есть в отрез в Москве;https://souz-m.ru/products/california-238.html;photos/Союз-М/California/California_238.jpg;https://souz-m.ru/netcat_files/Item/4007/California238.jpg;souz-m.ru (официальный сайт);2026-09-30
Союз-М;California;California 296;Коричневый;Велюр;полиэстер - 100%;142;260 г/м²;70000;70 000 циклов;Китай;350;;Оптовая цена за 1 п/м;Нет в отрез в Москве Уточняйте у менеджера;https://souz-m.ru/products/california-296.html;photos/Союз-М/California/California_296.jpg;https://souz-m.ru/netcat_files/Item/4008/California296.jpg;souz-m.ru (официальный сайт);2026-09-30
Союз-М;California;California 298;Коричневый;Велюр;полиэстер - 100%;142;260 г/м²;70000;70 000 циклов;Китай;570;;Цена за 1 п/м;Есть в отрез в Москве;https://souz-m.ru/products/california-298.html;photos/Союз-М/California/California_298.jpg;https://souz-m.ru/netcat_files/Item/4009/California298.jpg;souz-m.ru (официальный сайт);2026-09-30
Союз-М;California;California 315;Красный, Розовый;Велюр;полиэстер - 100%;142;260 г/м²;70000;70 000 циклов;Китай;350;;Оптовая цена за 1 п/м;Есть в отрез в Москве;https://souz-m.ru/products/california-315.html;photos/Союз-М/California/California_315.jpg;https://souz-m.ru/netcat_files/Item/4010/California315.jpg;souz-m.ru (официальный сайт);2026-09-30
Союз-М;California;California 338;Красный;Велюр;полиэстер - 100%;142;260 г/м²;70000;70 000 циклов;Китай;570;;Цена за 1 п/м;Есть в отрез в Москве;https://souz-m.ru/products/california-338.html;photos/Союз-М/California/California_338.jpg;https://souz-m.ru/netcat_files/Item/4011/California338.jpg;souz-m.ru (официальный сайт);2026-09-30
Союз-М;California;California 390;Красный, Розовый;Велюр;полиэстер - 100%;142;260 г/м²;70000;70 000 циклов;Китай;570;;Цена за 1 п/м;Есть в отрез в Москве;https://souz-m.ru/products/california-390.html;photos/Союз-М/California/California_390.jpg;https://souz-m.ru/netcat_files/Item/4012/California390.jpg;souz-m.ru (официальный сайт);2026-09-30
Союз-М;California;California 560;Желтый;Велюр;полиэстер - 100%;142;260 г/м²;70000;70 000 циклов;Китай;570;;Цена за 1 п/м;Есть в отрез в Москве;https://souz-m.ru/products/california-560.html;photos/Союз-М/California/California_560.jpg;https://souz-m.ru/netcat_files/Item/4014/California560.jpg;souz-m.ru (официальный сайт);2026-09-30
Союз-М;California;California 650;Зеленый;Велюр;полиэстер - 100%;142;260 г/м²;70000;70 000 циклов;Китай;570;;Цена за 1 п/м;Есть в отрез в Москве;https://souz-m.ru/products/california-650.html;photos/Союз-М/California/California_650.jpg;https://souz-m.ru/netcat_files/Item/4015/California650.jpg;souz-m.ru (официальный сайт);2026-09-30
Союз-М;California;California 677;Зеленый;Велюр;полиэстер - 100%;142;260 г/м²;70000;70 000 циклов;Китай;570;;Цена за 1 п/м;Есть в отрез в Москве;https://souz-m.ru/products/california-677.html;photos/Союз-М/California/California_677.jpg;https://souz-m.ru/netcat_files/Item/4016/California677.jpg;souz-m.ru (официальный сайт);2026-09-30
Союз-М;California;California 696;Зеленый;Велюр;полиэстер - 100%;142;260 г/м²;70000;70 000 циклов;Китай;570;;Цена за 1 п/м;Есть в отрез в Москве;https://souz-m.ru/products/california-696.html;photos/Союз-М/California/California_696.jpg;https://souz-m.ru/netcat_files/Item/4017/California696.jpg;souz-m.ru (официальный сайт);2026-09-30
Союз-М;California;California 697;Зеленый;Велюр;полиэстер - 100%;142;260 г/м²;70000;70 000 циклов;Китай;570;;Цена за 1 п/м;Есть в отрез в Москве;https://souz-m.ru/products/california-697.html;photos/Союз-М/California/California_697.jpg;https://souz-m.ru/netcat_files/Item/4018/California697.jpg;souz-m.ru (официальный сайт);2026-09-30
Союз-М;California;California 760;Синий;Велюр;полиэстер - 100%;142;260 г/м²;70000;70 000 циклов;Китай;570;;Цена за 1 п/м;Есть в отрез в Москве;https://souz-m.ru/products/california-760.html;photos/Союз-М/California/California_760.jpg;https://souz-m.ru/netcat_files/Item/4019/California760.jpg;souz-m.ru (официальный сайт);2026-09-30
Союз-М;California;California 764;Синий;Велюр;полиэстер - 100%;142;260 г/м²;70000;70 000 циклов;Китай;350;;Оптовая цена за 1 п/м;Есть в отрез в Москве;https://souz-m.ru/products/california-764.html;photos/Союз-М/California/California_764.jpg;https://souz-m.ru/netcat_files/Item/4020/California764.jpg;souz-m.ru (официальный сайт);2026-09-30
Союз-М;California;California 784;Синий;Велюр;полиэстер - 100%;142;260 г/м²;70000;70 000 циклов;Китай;570;;Оптовая цена за 1 п/м;Есть в отрез в Москве;https://souz-m.ru/products/california-784.html;photos/Союз-М/California/California_784.jpg;https://souz-m.ru/netcat_files/Item/4021/California784.jpg;souz-m.ru (официальный сайт);2026-09-30
Союз-М;California;California 880;Фиолетовый;Велюр;полиэстер - 100%;142;260 г/м²;70000;70 000 циклов;Китай;350;;Оптовая цена за 1 п/м;Нет в отрез в Москве Уточняйте у менеджера;https://souz-m.ru/products/california-880.html;photos/Союз-М/California/California_880.jpg;https://souz-m.ru/netcat_files/Item/4022/California880.jpg;souz-m.ru (официальный сайт);2026-09-30
Союз-М;California;California 900;Серый;Велюр;полиэстер - 100%;142;260 г/м²;70000;70 000 циклов;Китай;570;;Цена за 1 п/м;Есть в отрез в Москве;https://souz-m.ru/products/california-900.html;photos/Союз-М/California/California_900.jpg;https://souz-m.ru/netcat_files/Item/4023/California900.jpg;souz-m.ru (официальный сайт);2026-09-30
Союз-М;California;California 912;Серый;Велюр;полиэстер - 100%;142;260 г/м²;70000;70 000 циклов;Китай;570;;Цена за 1 п/м;Есть в отрез в Москве;https://souz-m.ru/products/california-912.html;photos/Союз-М/California/California_912.jpg;https://souz-m.ru/netcat_files/Item/4024/California912.jpg;souz-m.ru (официальный сайт);2026-09-30
Союз-М;California;California 975;Серый;Велюр;полиэстер - 100%;142;260 г/м²;70000;70 000 циклов;Китай;570;;Цена за 1 п/м;Есть в отрез в Москве;https://souz-m.ru/products/california-975.html;photos/Союз-М/California/California_975.jpg;https://souz-m.ru/netcat_files/Item/4025/California975.jpg;souz-m.ru (официальный сайт);2026-09-30
Союз-М;California;California 993;Серый;Велюр;полиэстер - 100%;142;260 г/м²;70000;70 000 циклов;Китай;570;;Оптовая цена за 1 п/м;Есть в отрез в Москве;https://souz-m.ru/products/california-993.html;photos/Союз-М/California/California_993.jpg;https://souz-m.ru/netcat_files/Item/4026/California993.jpg;souz-m.ru (официальный сайт);2026-09-30
Союз-М;California;California 994;Серый;Велюр;полиэстер - 100%;142;260 г/м²;70000;70 000 циклов;Китай;570;;Цена за 1 п/м;Есть в отрез в Москве;https://souz-m.ru/products/california-994.html;photos/Союз-М/California/California_994.jpg;https://souz-m.ru/netcat_files/Item/4027/California994.jpg;souz-m.ru (официальный сайт);2026-09-30
Союз-М;California;California 999;Черный;Велюр;полиэстер - 100%;142;260 г/м²;70000;70 000 циклов;Китай;570;;Цена за 1 п/м;Есть в отрез в Москве;https://souz-m.ru/products/california-999.html;photos/Союз-М/California/California_999.jpg;https://souz-m.ru/netcat_files/Item/4028/California999.jpg;souz-m.ru (официальный сайт);2026-09-30
Союз-М;Caramello;Caramello 01;Белый;Велюр;полиэстер - 100%;145;310 г/м²;70000;70 000 циклов;Китай;890;;Цена за 1 п/м;Нет в отрез в Москве Уточняйте у менеджера;https://souz-m.ru/products/caramello-01.html;photos/Союз-М/Caramello/Caramello_01.jpg;https://souz-m.ru/netcat_files/Item/594/caramello01.jpg;souz-m.ru (официальный сайт);2026-09-30
Союз-М;Caramello;Caramello 05;Серый;Велюр;полиэстер - 100%;145;310 г/м²;70000;70 000 циклов;Китай;890;;Цена за 1 п/м;Есть в отрез в Москве;https://souz-m.ru/products/caramello-05.html;photos/Союз-М/Caramello/Caramello_05.jpg;https://souz-m.ru/netcat_files/Item/598/caramello05.jpg;souz-m.ru (официальный сайт);2026-09-30
Союз-М;Caramello;Caramello com 01;Белый;Велюр;полиэстер - 100%;145;310 г/м²;70000;70 000 циклов;Китай;890;;Цена за 1 п/м;Есть в отрез в Москве;https://souz-m.ru/products/caramello-com-01.html;photos/Союз-М/Caramello/Caramello_com_01.jpg;https://souz-m.ru/netcat_files/Item/600/caramellocom01.jpg;souz-m.ru (официальный сайт);2026-09-30
Союз-М;Caramello;Caramello com 05;Серый;Велюр;полиэстер - 100%;145;310 г/м²;70000;70 000 циклов;Китай;350;;Оптовая цена за 1 п/м;Есть в отрез в Москве;https://souz-m.ru/products/caramello-com-05.html;photos/Союз-М/Caramello/Caramello_com_05.jpg;https://souz-m.ru/netcat_files/Item/604/caramellocom05.jpg;souz-m.ru (официальный сайт);2026-09-30
Союз-М;Daily;Daily 100;Белый;Велюр;полиэстер - 100%;142;290 г/м²;35000;35 000 циклов;Китай;760;;Цена за 1 п/м;Есть в отрез в Москве;https://souz-m.ru/products/daily-100.html;photos/Союз-М/Daily/Daily_100.jpg;https://souz-m.ru/netcat_files/Item/4245/daily100.jpg;souz-m.ru (официальный сайт);2026-09-30
Союз-М;Daily;Daily 110;Бежевый;Велюр;полиэстер - 100%;142;290 г/м²;35000;35 000 циклов;Китай;760;;Цена за 1 п/м;Есть в отрез в Москве;https://souz-m.ru/products/daily-110.html;photos/Союз-М/Daily/Daily_110.jpg;https://souz-m.ru/netcat_files/Item/4246/daily110.jpg;souz-m.ru (официальный сайт);2026-09-30
Союз-М;Daily;Daily 130;Бежевый;Велюр;полиэстер - 100%;142;290 г/м²;35000;35 000 циклов;Китай;760;;Цена за 1 п/м;Есть в отрез в Москве;https://souz-m.ru/products/daily-130.html;photos/Союз-М/Daily/Daily_130.jpg;https://souz-m.ru/netcat_files/Item/4247/daily130.jpg;souz-m.ru (официальный сайт);2026-09-30
Союз-М;Daily;Daily 238;Коричневый;Велюр;полиэстер - 100%;142;290 г/м²;35000;35 000 циклов;Китай;760;;Цена за 1 п/м;Есть в отрез в Москве;https://souz-m.ru/products/daily-238.html;photos/Союз-М/Daily/Daily_238.jpg;https://souz-m.ru/netcat_files/Item/4248/daily238.jpg;souz-m.ru (официальный сайт);2026-09-30
Союз-М;Daily;Daily 412;Оранжевый;Велюр;полиэстер - 100%;142;290 г/м²;35000;35 000 циклов;Китай;760;;Цена за 1 п/м;Есть в отрез в Москве;https://souz-m.ru/products/daily-412.html;photos/Союз-М/Daily/Daily_412.jpg;https://souz-m.ru/netcat_files/Item/4249/daily412.jpg;souz-m.ru (официальный сайт);2026-09-30
Союз-М;Daily;Daily 560;Желтый;Велюр;полиэстер - 100%;142;290 г/м²;35000;35 000 циклов;Китай;450;;Оптовая цена за 1 п/м;Есть в отрез в Москве;https://souz-m.ru/products/daily-560.html;photos/Союз-М/Daily/Daily_560.jpg;https://souz-m.ru/netcat_files/Item/4250/daily560.jpg;souz-m.ru (официальный сайт);2026-09-30
Союз-М;Daily;Daily 617;Зеленый;Велюр;полиэстер - 100%;142;290 г/м²;35000;35 000 циклов;Китай;760;;Цена за 1 п/м;Есть в отрез в Москве;https://souz-m.ru/products/daily-617.html;photos/Союз-М/Daily/Daily_617.jpg;https://souz-m.ru/netcat_files/Item/4251/daily617.jpg;souz-m.ru (официальный сайт);2026-09-30
Союз-М;Daily;Daily 650;Зеленый;Велюр;полиэстер - 100%;142;290 г/м²;35000;35 000 циклов;Китай;450;;Оптовая цена за 1 п/м;Есть в отрез в Москве;https://souz-m.ru/products/daily-650.html;photos/Союз-М/Daily/Daily_650.jpg;https://souz-m.ru/netcat_files/Item/4252/daily650.jpg;souz-m.ru (официальный сайт);2026-09-30
Союз-М;Daily;Daily 785;Синий;Велюр;полиэстер - 100%;142;290 г/м²;35000;35 000 циклов;Китай;450;;Оптовая цена за 1 п/м;Есть в отрез в Москве;https://souz-m.ru/products/daily-785.html;photos/Союз-М/Daily/Daily_785.jpg;https://souz-m.ru/netcat_files/Item/4253/daily785.jpg;souz-m.ru (официальный сайт);2026-09-30
Союз-М;Daily;Daily 900;Серый;Велюр;полиэстер - 100%;142;290 г/м²;35000;35 000 циклов;Китай;760;;Цена за 1 п/м;Есть в отрез в Москве;https://souz-m.ru/products/daily-900.html;photos/Союз-М/Daily/Daily_900.jpg;https://souz-m.ru/netcat_files/Item/4254/daily900.jpg;souz-m.ru (официальный сайт);2026-09-30
Союз-М;Daily;Daily 980;Серый;Велюр;полиэстер - 100%;142;290 г/м²;35000;35 000 циклов;Китай;760;;Цена за 1 п/м;Есть в отрез в Москве;https://souz-m.ru/products/daily-980.html;photos/Союз-М/Daily/Daily_980.jpg;https://souz-m.ru/netcat_files/Item/4255/daily980.jpg;souz-m.ru (официальный сайт);2026-09-30
Союз-М;Daily;Daily 998;Серый;Велюр;полиэстер - 100%;142;290 г/м²;35000;35 000 циклов;Китай;760;;Цена за 1 п/м;Есть в отрез в Москве;https://souz-m.ru/products/daily-998.html;photos/Союз-М/Daily/Daily_998.jpg;https://souz-m.ru/netcat_files/Item/4256/daily998.jpg;souz-m.ru (официальный сайт);2026-09-30
Союз-М;Danco;Danco 000;Белый;Велюр;полиэстер - 100%;142;310 г/м²;55000;55 000 циклов;Китай;670;;Цена за 1 п/м;Есть в отрез в Москве;https://souz-m.ru/products/danco-000.html;photos/Союз-М/Danco/Danco_000.jpg;https://souz-m.ru/netcat_files/Item/4692/danco000.jpg;souz-m.ru (официальный сайт);2026-09-30
Союз-М;Danco;Danco 100;Бежевый;Велюр;полиэстер - 100%;142;310 г/м²;55000;55 000 циклов;Китай;670;;Цена за 1 п/м;Есть в отрез в Москве;https://souz-m.ru/products/danco-100.html;photos/Союз-М/Danco/Danco_100.jpg;https://souz-m.ru/netcat_files/Item/4693/danco100.jpg;souz-m.ru (официальный сайт);2026-09-30
Союз-М;Danco;Danco 130;Бежевый;Велюр;полиэстер - 100%;142;310 г/м²;55000;55 000 циклов;Китай;670;;Цена за 1 п/м;Есть в отрез в Москве;https://souz-m.ru/products/danco-130.html;photos/Союз-М/Danco/Danco_130.jpg;https://souz-m.ru/netcat_files/Item/4694/danco130.jpg;souz-m.ru (официальный сайт);2026-09-30
Союз-М;Danco;Danco 290;Коричневый;Велюр;полиэстер - 100%;142;310 г/м²;55000;55 000 циклов;Китай;670;;Цена за 1 п/м;Есть в отрез в Москве;https://souz-m.ru/products/danco-290.html;photos/Союз-М/Danco/Danco_290.jpg;https://souz-m.ru/netcat_files/Item/4695/danco290.jpg;souz-m.ru (официальный сайт);2026-09-30
Союз-М;Danco;Danco 297;Коричневый;Велюр;полиэстер - 100%;142;310 г/м²;55000;55 000 циклов;Китай;670;;Цена за 1 п/м;Есть в отрез в Москве;https://souz-m.ru/products/danco-297.html;photos/Союз-М/Danco/Danco_297.jpg;https://souz-m.ru/netcat_files/Item/4696/danco297.jpg;souz-m.ru (официальный сайт);2026-09-30
Союз-М;Danco;Danco 412;Оранжевый;Велюр;полиэстер - 100%;142;310 г/м²;55000;55 000 циклов;Китай;670;;Цена за 1 п/м;Есть в отрез в Москве;https://souz-m.ru/products/danco-412.html;photos/Союз-М/Danco/Danco_412.jpg;https://souz-m.ru/netcat_files/Item/4697/danco412.jpg;souz-m.ru (официальный сайт);2026-09-30
Союз-М;Danco;Danco 524;Желтый;Велюр;полиэстер - 100%;142;310 г/м²;55000;55 000 циклов;Китай;670;;Цена за 1 п/м;Есть в отрез в Москве;https://souz-m.ru/products/danco-524.html;photos/Союз-М/Danco/Danco_524.jpg;https://souz-m.ru/netcat_files/Item/4698/danco524.jpg;souz-m.ru (официальный сайт);2026-09-30
Союз-М;Danco;Danco 697;Зеленый;Велюр;полиэстер - 100%;142;310 г/м²;55000;55 000 циклов;Китай;670;;Цена за 1 п/м;Есть в отрез в Москве;https://souz-m.ru/products/danco-697.html;photos/Союз-М/Danco/Danco_697.jpg;https://souz-m.ru/netcat_files/Item/4699/danco697.jpg;souz-m.ru (официальный сайт);2026-09-30
Союз-М;Danco;Danco 784;Синий;Велюр;полиэстер - 100%;142;310 г/м²;55000;55 000 циклов;Китай;670;;Цена за 1 п/м;Есть в отрез в Москве;https://souz-m.ru/products/danco-784.html;photos/Союз-М/Danco/Danco_784.jpg;https://souz-m.ru/netcat_files/Item/4700/danco784_570x480.jpg;souz-m.ru (официальный сайт);2026-09-30
Союз-М;Danco;Danco 796;Синий;Велюр;полиэстер - 100%;142;310 г/м²;55000;55 000 циклов;Китай;670;;Цена за 1 п/м;Есть в отрез в Москве;https://souz-m.ru/products/danco-796.html;photos/Союз-М/Danco/Danco_796.jpg;https://souz-m.ru/netcat_files/Item/4701/danco796.jpg;souz-m.ru (официальный сайт);2026-09-30
Союз-М;Danco;Danco 920;Серый;Велюр;полиэстер - 100%;142;310 г/м²;55000;55 000 циклов;Китай;670;;Цена за 1 п/м;Есть в отрез в Москве;https://souz-m.ru/products/danco-920.html;photos/Союз-М/Danco/Danco_920.jpg;https://souz-m.ru/netcat_files/Item/4702/danco920.jpg;souz-m.ru (официальный сайт);2026-09-30
Союз-М;Danco;Danco 990;Серый;Велюр;полиэстер - 100%;142;310 г/м²;55000;55 000 циклов;Китай;670;;Цена за 1 п/м;Есть в отрез в Москве;https://souz-m.ru/products/danco-990.html;photos/Союз-М/Danco/Danco_990.jpg;https://souz-m.ru/netcat_files/Item/4703/danco990.jpg;souz-m.ru (официальный сайт);2026-09-30
Союз-М;Danco;Danco 995;Серый;Велюр;полиэстер - 100%;142;310 г/м²;55000;55 000 циклов;Китай;670;;Цена за 1 п/м;Есть в отрез в Москве;https://souz-m.ru/products/danco-995.html;photos/Союз-М/Danco/Danco_995.jpg;https://souz-m.ru/netcat_files/Item/4704/danco995.jpg;souz-m.ru (официальный сайт);2026-09-30
Союз-М;Danco;Danco 998;Черный;Велюр;полиэстер - 100%;142;310 г/м²;55000;55 000 циклов;Китай;670;;Цена за 1 п/м;Есть в отрез в Москве;https://souz-m.ru/products/danco-998.html;photos/Союз-М/Danco/Danco_998.jpg;https://souz-m.ru/netcat_files/Item/4705/danco998.jpg;souz-m.ru (официальный сайт);2026-09-30
Союз-М;Diagonal;Diagonal 100;Белый;Велюр;полиэстер - 100%;140;360 г/м²;65000;65 000 циклов;Китай;980;;Цена за 1 п/м;Есть в отрез в Москве;https://souz-m.ru/products/diagonal-100.html;photos/Союз-М/Diagonal/Diagonal_100.jpg;https://souz-m.ru/netcat_files/Item/4137/diagonal100.jpg;souz-m.ru (официальный сайт);2026-09-30
Союз-М;Diagonal;Diagonal 114;Бежевый;Велюр;полиэстер - 100%;140;360 г/м²;65000;65 000 циклов;Китай;980;;Цена за 1 п/м;Есть в отрез в Москве;https://souz-m.ru/products/diagonal-114.html;photos/Союз-М/Diagonal/Diagonal_114.jpg;https://souz-m.ru/netcat_files/Item/4138/diagonal114.jpg;souz-m.ru (официальный сайт);2026-09-30
Союз-М;Diagonal;Diagonal 160;Бежевый;Велюр;полиэстер - 100%;140;360 г/м²;65000;65 000 циклов;Китай;980;;Цена за 1 п/м;Есть в отрез в Москве;https://souz-m.ru/products/diagonal-160.html;photos/Союз-М/Diagonal/Diagonal_160.jpg;https://souz-m.ru/netcat_files/Item/4139/diagonal160.jpg;souz-m.ru (официальный сайт);2026-09-30
Союз-М;Diagonal;Diagonal 233;Коричневый;Велюр;полиэстер - 100%;140;360 г/м²;65000;65 000 циклов;Китай;980;;Цена за 1 п/м;Есть в отрез в Москве;https://souz-m.ru/products/diagonal-233.html;photos/Союз-М/Diagonal/Diagonal_233.jpg;https://souz-m.ru/netcat_files/Item/4140/diagonal233.jpg;souz-m.ru (официальный сайт);2026-09-30
Союз-М;Diagonal;Diagonal 268;Коричневый;Велюр;полиэстер - 100%;140;360 г/м²;65000;65 000 циклов;Китай;980;;Цена за 1 п/м;Есть в отрез в Москве;https://souz-m.ru/products/diagonal-268.html;photos/Союз-М/Diagonal/Diagonal_268.jpg;https://souz-m.ru/netcat_files/Item/4141/diagonal268.jpg;souz-m.ru (официальный сайт);2026-09-30
Союз-М;Diagonal;Diagonal 290;Коричневый;Велюр;полиэстер - 100%;140;360 г/м²;65000;65 000 циклов;Китай;980;;Цена за 1 п/м;Есть в отрез в Москве;https://souz-m.ru/products/diagonal-290.html;photos/Союз-М/Diagonal/Diagonal_290.jpg;https://souz-m.ru/netcat_files/Item/4142/diagonal290.jpg;souz-m.ru (официальный сайт);2026-09-30
Союз-М;Diagonal;Diagonal 310;Розовый;Велюр;полиэстер - 100%;140;360 г/м²;65000;65 000 циклов;Китай;980;;Цена за 1 п/м;Есть в отрез в Москве;https://souz-m.ru/products/diagonal-310.html;photos/Союз-М/Diagonal/Diagonal_310.jpg;https://souz-m.ru/netcat_files/Item/4143/diagonal310.jpg;souz-m.ru (официальный сайт);2026-09-30
Союз-М;Diagonal;Diagonal 411;Оранжевый;Велюр;полиэстер - 100%;140;360 г/м²;65000;65 000 циклов;Китай;980;;Цена за 1 п/м;Есть в отрез в Москве;https://souz-m.ru/products/diagonal-411.html;photos/Союз-М/Diagonal/Diagonal_411.jpg;https://souz-m.ru/netcat_files/Item/4144/diagonal411.jpg;souz-m.ru (официальный сайт);2026-09-30
Союз-М;Diagonal;Diagonal 540;Желтый;Велюр;полиэстер - 100%;140;360 г/м²;65000;65 000 циклов;Китай;980;;Цена за 1 п/м;Есть в отрез в Москве;https://souz-m.ru/products/diagonal-540.html;photos/Союз-М/Diagonal/Diagonal_540.jpg;https://souz-m.ru/netcat_files/Item/4145/diagonal540.jpg;souz-m.ru (официальный сайт);2026-09-30
Союз-М;Diagonal;Diagonal 618;Зеленый;Велюр;полиэстер - 100%;140;360 г/м²;65000;65 000 циклов;Китай;980;;Цена за 1 п/м;Есть в отрез в Москве;https://souz-m.ru/products/diagonal-618.html;photos/Союз-М/Diagonal/Diagonal_618.jpg;https://souz-m.ru/netcat_files/Item/4146/diagonal618.jpg;souz-m.ru (официальный сайт);2026-09-30
Союз-М;Diagonal;Diagonal 694;Зеленый;Велюр;полиэстер - 100%;140;360 г/м²;65000;65 000 циклов;Китай;980;;Цена за 1 п/м;Есть в отрез в Москве;https://souz-m.ru/products/diagonal-694.html;photos/Союз-М/Diagonal/Diagonal_694.jpg;https://souz-m.ru/netcat_files/Item/4147/diagonal694.jpg;souz-m.ru (официальный сайт);2026-09-30
Союз-М;Diagonal;Diagonal 779;Синий;Велюр;полиэстер - 100%;140;360 г/м²;65000;65 000 циклов;Китай;980;;Цена за 1 п/м;Есть в отрез в Москве;https://souz-m.ru/products/diagonal-779.html;photos/Союз-М/Diagonal/Diagonal_779.jpg;https://souz-m.ru/netcat_files/Item/4148/diagonal779.jpg;souz-m.ru (официальный сайт);2026-09-30
Союз-М;Diagonal;Diagonal 900;Серый;Велюр;полиэстер - 100%;140;360 г/м²;65000;65 000 циклов;Китай;980;;Цена за 1 п/м;Есть в отрез в Москве;https://souz-m.ru/products/diagonal-900.html;photos/Союз-М/Diagonal/Diagonal_900.jpg;https://souz-m.ru/netcat_files/Item/4149/diagonal900.jpg;souz-m.ru (официальный сайт);2026-09-30
Союз-М;Diagonal;Diagonal 995;Серый;Велюр;полиэстер - 100%;140;360 г/м²;65000;65 000 циклов;Китай;980;;Цена за 1 п/м;Есть в отрез в Москве;https://souz-m.ru/products/diagonal-995.html;photos/Союз-М/Diagonal/Diagonal_995.jpg;https://souz-m.ru/netcat_files/Item/4150/diagonal995.jpg;souz-m.ru (официальный сайт);2026-09-30
Союз-М;Diagonal;Diagonal 997;Черный;Велюр;полиэстер - 100%;140;360 г/м²;65000;65 000 циклов;Китай;980;;Цена за 1 п/м;Есть в отрез в Москве;https://souz-m.ru/products/diagonal-997.html;photos/Союз-М/Diagonal/Diagonal_997.jpg;https://souz-m.ru/netcat_files/Item/4151/diagonal997.jpg;souz-m.ru (официальный сайт);2026-09-30
Союз-М;Diagonal;Diagonal 999;Синий;Велюр;полиэстер - 100%;140;360 г/м²;65000;65 000 циклов;Китай;980;;Цена за 1 п/м;Есть в отрез в Москве;https://souz-m.ru/products/diagonal-999.html;photos/Союз-М/Diagonal/Diagonal_999.jpg;https://souz-m.ru/netcat_files/Item/4152/diagonal999.jpg;souz-m.ru (официальный сайт);2026-09-30
Союз-М;Discovery;Discovery 000;Бежевый, Белый;Велюр;полиэстер - 100%;142;345 г/м²;60000;60 000 циклов;Китай;870;;Цена за 1 п/м;Есть в отрез в Москве;https://souz-m.ru/products/discovery-000.html;photos/Союз-М/Discovery/Discovery_000.jpg;https://souz-m.ru/netcat_files/Item/3731/discovery000.jpg;souz-m.ru (официальный сайт);2026-09-30
Союз-М;Discovery;Discovery 130;Бежевый;Велюр;полиэстер - 100%;142;345 г/м²;60000;60 000 циклов;Китай;870;;Цена за 1 п/м;Есть в отрез в Москве;https://souz-m.ru/products/discovery-130.html;photos/Союз-М/Discovery/Discovery_130.jpg;https://souz-m.ru/netcat_files/Item/3732/discovery130.jpg;souz-m.ru (официальный сайт);2026-09-30
Союз-М;Discovery;Discovery 230;Бежевый;Велюр;полиэстер - 100%;142;345 г/м²;60000;60 000 циклов;Китай;870;;Цена за 1 п/м;Есть в отрез в Москве;https://souz-m.ru/products/discovery-230.html;photos/Союз-М/Discovery/Discovery_230.jpg;https://souz-m.ru/netcat_files/Item/3733/discovery230.jpg;souz-m.ru (официальный сайт);2026-09-30
Союз-М;Discovery;Discovery 232;Коричневый;Велюр;полиэстер - 100%;142;345 г/м²;60000;60 000 циклов;Китай;870;;Цена за 1 п/м;Есть в отрез в Москве;https://souz-m.ru/products/discovery-232.html;photos/Союз-М/Discovery/Discovery_232.jpg;https://souz-m.ru/netcat_files/Item/3734/discovery232.jpg;souz-m.ru (официальный сайт);2026-09-30
Союз-М;Discovery;Discovery 295;Серый;Велюр;полиэстер - 100%;142;345 г/м²;60000;60 000 циклов;Китай;600;;Оптовая цена за 1 п/м;Есть в отрез в Москве;https://souz-m.ru/products/discovery-295.html;photos/Союз-М/Discovery/Discovery_295.jpg;https://souz-m.ru/netcat_files/Item/3735/discovery295.jpg;souz-m.ru (официальный сайт);2026-09-30
Союз-М;Discovery;Discovery 392;Красный;Велюр;полиэстер - 100%;142;345 г/м²;60000;60 000 циклов;Китай;650;;Оптовая цена за 1 п/м;Нет в отрез в Москве Уточняйте у менеджера;https://souz-m.ru/products/discovery-392.html;photos/Союз-М/Discovery/Discovery_392.jpg;https://souz-m.ru/netcat_files/Item/3736/discovery392.jpg;souz-m.ru (официальный сайт);2026-09-30
Союз-М;Discovery;Discovery 490;Красный, Оранжевый;Велюр;полиэстер - 100%;142;345 г/м²;60000;60 000 циклов;Китай;870;;Цена за 1 п/м;Есть в отрез в Москве;https://souz-m.ru/products/discovery-490.html;photos/Союз-М/Discovery/Discovery_490.jpg;https://souz-m.ru/netcat_files/Item/3737/discovery490.jpg;souz-m.ru (официальный сайт);2026-09-30
Союз-М;Discovery;Discovery 560;Желтый;Велюр;полиэстер - 100%;142;345 г/м²;60000;60 000 циклов;Китай;600;;Оптовая цена за 1 п/м;Есть в отрез в Москве;https://souz-m.ru/products/discovery-560.html;photos/Союз-М/Discovery/Discovery_560.jpg;https://souz-m.ru/netcat_files/Item/3738/discovery560.jpg;souz-m.ru (официальный сайт);2026-09-30
Союз-М;Discovery;Discovery 690;Зеленый;Велюр;полиэстер - 100%;142;345 г/м²;60000;60 000 циклов;Китай;870;;Цена за 1 п/м;Есть в отрез в Москве;https://souz-m.ru/products/discovery-690.html;photos/Союз-М/Discovery/Discovery_690.jpg;https://souz-m.ru/netcat_files/Item/3739/discovery690.jpg;souz-m.ru (официальный сайт);2026-09-30
Союз-М;Discovery;Discovery 765;Зеленый, Синий;Велюр;полиэстер - 100%;142;345 г/м²;60000;60 000 циклов;Китай;870;;Цена за 1 п/м;Есть в отрез в Москве;https://souz-m.ru/products/discovery-765.html;photos/Союз-М/Discovery/Discovery_765.jpg;https://souz-m.ru/netcat_files/Item/3740/discovery765.jpg;souz-m.ru (официальный сайт);2026-09-30
Союз-М;Discovery;Discovery 780;Синий;Велюр;полиэстер - 100%;142;345 г/м²;60000;60 000 циклов;Китай;600;;Оптовая цена за 1 п/м;Есть в отрез в Москве;https://souz-m.ru/products/discovery-780.html;photos/Союз-М/Discovery/Discovery_780.jpg;https://souz-m.ru/netcat_files/Item/3741/discovery780.jpg;souz-m.ru (официальный сайт);2026-09-30
Союз-М;Discovery;Discovery 900;Серый;Велюр;полиэстер - 100%;142;345 г/м²;60000;60 000 циклов;Китай;870;;Цена за 1 п/м;Есть в отрез в Москве;https://souz-m.ru/products/discovery-900.html;photos/Союз-М/Discovery/Discovery_900.jpg;https://souz-m.ru/netcat_files/Item/3742/discovery900.jpg;souz-m.ru (официальный сайт);2026-09-30
Союз-М;Discovery;Discovery 901;Серый;Велюр;полиэстер - 100%;142;345 г/м²;60000;60 000 циклов;Китай;870;;Цена за 1 п/м;Есть в отрез в Москве;https://souz-m.ru/products/discovery-901.html;photos/Союз-М/Discovery/Discovery_901.jpg;https://souz-m.ru/netcat_files/Item/3743/discovery901.jpg;souz-m.ru (официальный сайт);2026-09-30
Союз-М;Discovery;Discovery 910;Серый;Велюр;полиэстер - 100%;142;345 г/м²;60000;60 000 циклов;Китай;870;;Цена за 1 п/м;Есть в отрез в Москве;https://souz-m.ru/products/discovery-910.html;photos/Союз-М/Discovery/Discovery_910.jpg;https://souz-m.ru/netcat_files/Item/3744/discovery910.jpg;souz-m.ru (официальный сайт);2026-09-30
Союз-М;Discovery;Discovery 992;Серый;Велюр;полиэстер - 100%;142;345 г/м²;60000;60 000 циклов;Китай;650;;Оптовая цена за 1 п/м;Нет в отрез в Москве Уточняйте у менеджера;https://souz-m.ru/products/discovery-992.html;photos/Союз-М/Discovery/Discovery_992.jpg;https://souz-m.ru/netcat_files/Item/3745/discovery992.jpg;souz-m.ru (официальный сайт);2026-09-30
Союз-М;Discovery;Discovery 994;Серый;Велюр;полиэстер - 100%;142;345 г/м²;60000;60 000 циклов;Китай;870;;Цена за 1 п/м;Есть в отрез в Москве;https://souz-m.ru/products/discovery-994.html;photos/Союз-М/Discovery/Discovery_994.jpg;https://souz-m.ru/netcat_files/Item/3746/discovery994.jpg;souz-m.ru (официальный сайт);2026-09-30
Союз-М;Eclipse;Eclipse 100;Бежевый;Велюр;полиэстер - 100%;142;440 г/м²;75000;75 000 циклов;Китай;720;;Цена за 1 п/м;Есть в отрез в Москве;https://souz-m.ru/products/eclipse-100.html;photos/Союз-М/Eclipse/Eclipse_100.jpg;https://souz-m.ru/netcat_files/Item/5142/eclipse100.jpg;souz-m.ru (официальный сайт);2026-09-30
Союз-М;Eclipse;Eclipse 150;Бежевый;Велюр;полиэстер - 100%;142;440 г/м²;75000;75 000 циклов;Китай;720;;Цена за 1 п/м;Есть в отрез в Москве;https://souz-m.ru/products/eclipse-150.html;photos/Союз-М/Eclipse/Eclipse_150.jpg;https://souz-m.ru/netcat_files/Item/5143/eclipse150.jpg;souz-m.ru (официальный сайт);2026-09-30
Союз-М;Eclipse;Eclipse 290;Коричневый;Велюр;полиэстер - 100%;142;440 г/м²;75000;75 000 циклов;Китай;720;;Цена за 1 п/м;Есть в отрез в Москве;https://souz-m.ru/products/eclipse-290.html;photos/Союз-М/Eclipse/Eclipse_290.jpg;https://souz-m.ru/netcat_files/Item/5144/eclipse290.jpg;souz-m.ru (официальный сайт);2026-09-30
Союз-М;Eclipse;Eclipse 520;Желтый;Велюр;полиэстер - 100%;142;440 г/м²;75000;75 000 циклов;Китай;720;;Цена за 1 п/м;Есть в отрез в Москве;https://souz-m.ru/products/eclipse-520.html;photos/Союз-М/Eclipse/Eclipse_520.jpg;https://souz-m.ru/netcat_files/Item/5145/eclipse520.jpg;souz-m.ru (официальный сайт);2026-09-30
Союз-М;Eclipse;Eclipse 690;Зеленый;Велюр;полиэстер - 100%;142;440 г/м²;75000;75 000 циклов;Китай;720;;Цена за 1 п/м;Есть в отрез в Москве;https://souz-m.ru/products/eclipse-690.html;photos/Союз-М/Eclipse/Eclipse_690.jpg;https://souz-m.ru/netcat_files/Item/5146/eclipse690.jpg;souz-m.ru (официальный сайт);2026-09-30
Союз-М;Eclipse;Eclipse 694;Зеленый;Велюр;полиэстер - 100%;142;440 г/м²;75000;75 000 циклов;Китай;720;;Цена за 1 п/м;Есть в отрез в Москве;https://souz-m.ru/products/eclipse-694.html;photos/Союз-М/Eclipse/Eclipse_694.jpg;https://souz-m.ru/netcat_files/Item/5147/eclipse694.jpg;souz-m.ru (официальный сайт);2026-09-30
Союз-М;Eclipse;Eclipse 795;Синий;Велюр;полиэстер - 100%;142;440 г/м²;75000;75 000 циклов;Китай;720;;Цена за 1 п/м;Есть в отрез в Москве;https://souz-m.ru/products/eclipse-795.html;photos/Союз-М/Eclipse/Eclipse_795.jpg;https://souz-m.ru/netcat_files/Item/5148/eclipse795.jpg;souz-m.ru (официальный сайт);2026-09-30
Союз-М;Eclipse;Eclipse 924;Серый;Велюр;полиэстер - 100%;142;440 г/м²;75000;75 000 циклов;Китай;720;;Цена за 1 п/м;Есть в отрез в Москве;https://souz-m.ru/products/eclipse-924.html;photos/Союз-М/Eclipse/Eclipse_924.jpg;https://souz-m.ru/netcat_files/Item/5149/eclipse924.jpg;souz-m.ru (официальный сайт);2026-09-30
Союз-М;Eclipse;Eclipse 986;Серый;Велюр;полиэстер - 100%;142;440 г/м²;75000;75 000 циклов;Китай;720;;Цена за 1 п/м;Есть в отрез в Москве;https://souz-m.ru/products/eclipse-986.html;photos/Союз-М/Eclipse/Eclipse_986.jpg;https://souz-m.ru/netcat_files/Item/5150/eclipse986.jpg;souz-m.ru (официальный сайт);2026-09-30
Союз-М;Eclipse;Eclipse 990;Серый;Велюр;полиэстер - 100%;142;440 г/м²;75000;75 000 циклов;Китай;720;;Цена за 1 п/м;Есть в отрез в Москве;https://souz-m.ru/products/eclipse-990.html;photos/Союз-М/Eclipse/Eclipse_990.jpg;https://souz-m.ru/netcat_files/Item/5151/eclipse990.jpg;souz-m.ru (официальный сайт);2026-09-30
Союз-М;Eclipse;Eclipse 993;Серый;Велюр;полиэстер - 100%;142;440 г/м²;75000;75 000 циклов;Китай;720;;Цена за 1 п/м;Есть в отрез в Москве;https://souz-m.ru/products/eclipse-993.html;photos/Союз-М/Eclipse/Eclipse_993.jpg;https://souz-m.ru/netcat_files/Item/5152/eclipse993.jpg;souz-m.ru (официальный сайт);2026-09-30
Союз-М;Fjord;Fjord 000;Белый;Велюр;полиэстер - 100%;140;379 г/м²;45000;45 000 циклов;Китай;950;;Цена за 1 п/м;Есть в отрез в Москве;https://souz-m.ru/products/fjord-000.html;photos/Союз-М/Fjord/Fjord_000.jpg;https://souz-m.ru/netcat_files/Item/4843/fjord000.jpg;souz-m.ru (официальный сайт);2026-09-30
Союз-М;Fjord;Fjord 010;Бежевый;Велюр;полиэстер - 100%;140;379 г/м²;45000;45 000 циклов;Китай;950;;Цена за 1 п/м;Есть в отрез в Москве;https://souz-m.ru/products/fjord-010.html;photos/Союз-М/Fjord/Fjord_010.jpg;https://souz-m.ru/netcat_files/Item/4844/fjord010.jpg;souz-m.ru (официальный сайт);2026-09-30
Союз-М;Fjord;Fjord 011;Бежевый;Велюр;полиэстер - 100%;140;379 г/м²;45000;45 000 циклов;Китай;950;;Цена за 1 п/м;Есть в отрез в Москве;https://souz-m.ru/products/fjord-011.html;photos/Союз-М/Fjord/Fjord_011.jpg;https://souz-m.ru/netcat_files/Item/4845/fjord011.jpg;souz-m.ru (официальный сайт);2026-09-30
Союз-М;Fjord;Fjord 120;Коричневый;Велюр;полиэстер - 100%;140;379 г/м²;45000;45 000 циклов;Китай;950;;Цена за 1 п/м;Есть в отрез в Москве;https://souz-m.ru/products/fjord-120.html;photos/Союз-М/Fjord/Fjord_120.jpg;https://souz-m.ru/netcat_files/Item/4846/fjord120.jpg;souz-m.ru (официальный сайт);2026-09-30
Союз-М;Fjord;Fjord 290;Коричневый;Велюр;полиэстер - 100%;140;379 г/м²;45000;45 000 циклов;Китай;950;;Цена за 1 п/м;Есть в отрез в Москве;https://souz-m.ru/products/fjord-290.html;photos/Союз-М/Fjord/Fjord_290.jpg;https://souz-m.ru/netcat_files/Item/4847/fjord290.jpg;souz-m.ru (официальный сайт);2026-09-30
Союз-М;Fjord;Fjord 618;Зеленый;Велюр;полиэстер - 100%;140;379 г/м²;45000;45 000 циклов;Китай;950;;Цена за 1 п/м;Есть в отрез в Москве;https://souz-m.ru/products/fjord-618.html;photos/Союз-М/Fjord/Fjord_618.jpg;https://souz-m.ru/netcat_files/Item/4848/fjord618.jpg;souz-m.ru (официальный сайт);2026-09-30
Союз-М;Fjord;Fjord 690;Зеленый;Велюр;полиэстер - 100%;140;379 г/м²;45000;45 000 циклов;Китай;950;;Цена за 1 п/м;Есть в отрез в Москве;https://souz-m.ru/products/fjord-690.html;photos/Союз-М/Fjord/Fjord_690.jpg;https://souz-m.ru/netcat_files/Item/4849/fjord690.jpg;souz-m.ru (официальный сайт);2026-09-30
Союз-М;Fjord;Fjord 694;Зеленый;Велюр;полиэстер - 100%;140;379 г/м²;45000;45 000 циклов;Китай;950;;Цена за 1 п/м;Есть в отрез в Москве;https://souz-m.ru/products/fjord-694.html;photos/Союз-М/Fjord/Fjord_694.jpg;https://souz-m.ru/netcat_files/Item/4850/fjord694.jpg;souz-m.ru (официальный сайт);2026-09-30
Союз-М;Fjord;Fjord 785;Синий;Велюр;полиэстер - 100%;140;379 г/м²;45000;45 000 циклов;Китай;950;;Цена за 1 п/м;Есть в отрез в Москве;https://souz-m.ru/products/fjord-785.html;photos/Союз-М/Fjord/Fjord_785.jpg;https://souz-m.ru/netcat_files/Item/4851/fjord785.jpg;souz-m.ru (официальный сайт);2026-09-30
Союз-М;Fjord;Fjord 831;Красный;Велюр;полиэстер - 100%;140;379 г/м²;45000;45 000 циклов;Китай;950;;Цена за 1 п/м;Есть в отрез в Москве;https://souz-m.ru/products/fjord-831.html;photos/Союз-М/Fjord/Fjord_831.jpg;https://souz-m.ru/netcat_files/Item/4852/fjord831.jpg;souz-m.ru (официальный сайт);2026-09-30
Союз-М;Fjord;Fjord 903;Серый;Велюр;полиэстер - 100%;140;379 г/м²;45000;45 000 циклов;Китай;950;;Цена за 1 п/м;Есть в отрез в Москве;https://souz-m.ru/products/fjord-903.html;photos/Союз-М/Fjord/Fjord_903.jpg;https://souz-m.ru/netcat_files/Item/4853/fjord903.jpg;souz-m.ru (официальный сайт);2026-09-30
Союз-М;Fjord;Fjord 990;Серый;Велюр;полиэстер - 100%;140;379 г/м²;45000;45 000 циклов;Китай;950;;Цена за 1 п/м;Есть в отрез в Москве;https://souz-m.ru/products/fjord-990.html;photos/Союз-М/Fjord/Fjord_990.jpg;https://souz-m.ru/netcat_files/Item/4854/fjord990.jpg;souz-m.ru (официальный сайт);2026-09-30
Союз-М;Fjord;Fjord 993;Серый, Синий;Велюр;полиэстер - 100%;140;379 г/м²;45000;45 000 циклов;Китай;950;;Цена за 1 п/м;Есть в отрез в Москве;https://souz-m.ru/products/fjord-993.html;photos/Союз-М/Fjord/Fjord_993.jpg;https://souz-m.ru/netcat_files/Item/4855/fjord993.jpg;souz-m.ru (официальный сайт);2026-09-30
Союз-М;Fjord;Fjord 996;Серый;Велюр;полиэстер - 100%;140;379 г/м²;45000;45 000 циклов;Китай;950;;Цена за 1 п/м;Есть в отрез в Москве;https://souz-m.ru/products/fjord-996.html;photos/Союз-М/Fjord/Fjord_996.jpg;https://souz-m.ru/netcat_files/Item/4856/fjord996.jpg;souz-m.ru (официальный сайт);2026-09-30
Союз-М;Forest;Forest 100;Бежевый;Велюр;полиэстер - 100%;142;260 г/м²;50000;50 000 циклов;Китай;570;;Цена за 1 п/м;Есть в отрез в Москве;https://souz-m.ru/products/forest-100.html;photos/Союз-М/Forest/Forest_100.jpg;https://souz-m.ru/netcat_files/Item/4481/forest100.jpg;souz-m.ru (официальный сайт);2026-09-30
Союз-М;Forest;Forest 130;Бежевый;Велюр;полиэстер - 100%;142;260 г/м²;50000;50 000 циклов;Китай;570;;Цена за 1 п/м;Есть в отрез в Москве;https://souz-m.ru/products/forest-130.html;photos/Союз-М/Forest/Forest_130.jpg;https://souz-m.ru/netcat_files/Item/4482/forest130.jpg;souz-m.ru (официальный сайт);2026-09-30
Союз-М;Forest;Forest 210;Коричневый;Велюр;полиэстер - 100%;142;260 г/м²;50000;50 000 циклов;Китай;570;;Цена за 1 п/м;Есть в отрез в Москве;https://souz-m.ru/products/forest-210.html;photos/Союз-М/Forest/Forest_210.jpg;https://souz-m.ru/netcat_files/Item/4483/forest210.jpg;souz-m.ru (официальный сайт);2026-09-30
Союз-М;Forest;Forest 233;Коричневый;Велюр;полиэстер - 100%;142;260 г/м²;50000;50 000 циклов;Китай;570;;Цена за 1 п/м;Есть в отрез в Москве;https://souz-m.ru/products/forest-233.html;photos/Союз-М/Forest/Forest_233.jpg;https://souz-m.ru/netcat_files/Item/4484/forest233.jpg;souz-m.ru (официальный сайт);2026-09-30
Союз-М;Forest;Forest 422;Оранжевый;Велюр;полиэстер - 100%;142;260 г/м²;50000;50 000 циклов;Китай;450;;Оптовая цена за 1 п/м;Нет в отрез в Москве Уточняйте у менеджера;https://souz-m.ru/products/forest-422.html;photos/Союз-М/Forest/Forest_422.jpg;https://souz-m.ru/netcat_files/Item/4485/forest422.jpg;souz-m.ru (официальный сайт);2026-09-30
Союз-М;Forest;Forest 552;Желтый;Велюр;полиэстер - 100%;142;260 г/м²;50000;50 000 циклов;Китай;450;;Оптовая цена за 1 п/м;Есть в отрез в Москве;https://souz-m.ru/products/forest-552.html;photos/Союз-М/Forest/Forest_552.jpg;https://souz-m.ru/netcat_files/Item/4486/forest552.jpg;souz-m.ru (официальный сайт);2026-09-30
Союз-М;Forest;Forest 610;Зеленый;Велюр;полиэстер - 100%;142;260 г/м²;50000;50 000 циклов;Китай;570;;Оптовая цена за 1 п/м;Есть в отрез в Москве;https://souz-m.ru/products/forest-610.html;photos/Союз-М/Forest/Forest_610.jpg;https://souz-m.ru/netcat_files/Item/4487/forest610.jpg;souz-m.ru (официальный сайт);2026-09-30
Союз-М;Forest;Forest 694;Зеленый;Велюр;полиэстер - 100%;142;260 г/м²;50000;50 000 циклов;Китай;570;;Цена за 1 п/м;Есть в отрез в Москве;https://souz-m.ru/products/forest-694.html;photos/Союз-М/Forest/Forest_694.jpg;https://souz-m.ru/netcat_files/Item/4488/forest694.jpg;souz-m.ru (официальный сайт);2026-09-30
Союз-М;Forest;Forest 792;Синий;Велюр;полиэстер - 100%;142;260 г/м²;50000;50 000 циклов;Китай;570;;Цена за 1 п/м;Есть в отрез в Москве;https://souz-m.ru/products/forest-792.html;photos/Союз-М/Forest/Forest_792.jpg;https://souz-m.ru/netcat_files/Item/4489/forest792.jpg;souz-m.ru (официальный сайт);2026-09-30
Союз-М;Forest;Forest 798;Синий;Велюр;полиэстер - 100%;142;260 г/м²;50000;50 000 циклов;Китай;570;;Оптовая цена за 1 п/м;Есть в отрез в Москве;https://souz-m.ru/products/forest-798.html;photos/Союз-М/Forest/Forest_798.jpg;https://souz-m.ru/netcat_files/Item/4490/forest798.jpg;souz-m.ru (официальный сайт);2026-09-30
Союз-М;Forest;Forest 900;Серый;Велюр;полиэстер - 100%;142;260 г/м²;50000;50 000 циклов;Китай;570;;Цена за 1 п/м;Есть в отрез в Москве;https://souz-m.ru/products/forest-900.html;photos/Союз-М/Forest/Forest_900.jpg;https://souz-m.ru/netcat_files/Item/4491/forest900.jpg;souz-m.ru (официальный сайт);2026-09-30
Союз-М;Forest;Forest 980;Серый;Велюр;полиэстер - 100%;142;260 г/м²;50000;50 000 циклов;Китай;570;;Цена за 1 п/м;Есть в отрез в Москве;https://souz-m.ru/products/forest-980.html;photos/Союз-М/Forest/Forest_980.jpg;https://souz-m.ru/netcat_files/Item/4492/forest980.jpg;souz-m.ru (официальный сайт);2026-09-30
Союз-М;Forest;Forest 993;Серый;Велюр;полиэстер - 100%;142;260 г/м²;50000;50 000 циклов;Китай;570;;Цена за 1 п/м;Есть в отрез в Москве;https://souz-m.ru/products/forest-993.html;photos/Союз-М/Forest/Forest_993.jpg;https://souz-m.ru/netcat_files/Item/4493/forest993.jpg;souz-m.ru (официальный сайт);2026-09-30
Союз-М;Forest;Forest 994;Серый;Велюр;полиэстер - 100%;142;260 г/м²;50000;50 000 циклов;Китай;570;;Цена за 1 п/м;Есть в отрез в Москве;https://souz-m.ru/products/forest-994.html;photos/Союз-М/Forest/Forest_994.jpg;https://souz-m.ru/netcat_files/Item/4494/forest994.jpg;souz-m.ru (официальный сайт);2026-09-30
Союз-М;Formula;Formula 102;Бежевый;Велюр;полиэстер - 100%;142;348 г/м²;75000;75 000 циклов;Китай;760;;Цена за 1 п/м;Есть в отрез в Москве;https://souz-m.ru/products/formula-102.html;photos/Союз-М/Formula/Formula_102.jpg;https://souz-m.ru/netcat_files/Item/3808/formula102.jpg;souz-m.ru (официальный сайт);2026-09-30
Союз-М;Formula;Formula 110;Бежевый;Велюр;полиэстер - 100%;142;348 г/м²;75000;75 000 циклов;Китай;760;;Цена за 1 п/м;Есть в отрез в Москве;https://souz-m.ru/products/formula-110.html;photos/Союз-М/Formula/Formula_110.jpg;https://souz-m.ru/netcat_files/Item/4060/formula110.jpg;souz-m.ru (официальный сайт);2026-09-30
Союз-М;Formula;Formula 134;Бежевый;Велюр;полиэстер - 100%;142;348 г/м²;75000;75 000 циклов;Китай;760;;Цена за 1 п/м;Есть в отрез в Москве;https://souz-m.ru/products/formula-134.html;photos/Союз-М/Formula/Formula_134.jpg;https://souz-m.ru/netcat_files/Item/3809/formula134.jpg;souz-m.ru (официальный сайт);2026-09-30
Союз-М;Formula;Formula 162;Бежевый, Серый;Велюр;полиэстер - 100%;142;348 г/м²;75000;75 000 циклов;Китай;760;;Цена за 1 п/м;Есть в отрез в Москве;https://souz-m.ru/products/formula-162.html;photos/Союз-М/Formula/Formula_162.jpg;https://souz-m.ru/netcat_files/Item/4061/formula162.jpg;souz-m.ru (официальный сайт);2026-09-30
Союз-М;Formula;Formula 225;Бежевый, Коричневый;Велюр;полиэстер - 100%;142;348 г/м²;75000;75 000 циклов;Китай;760;;Цена за 1 п/м;Есть в отрез в Москве;https://souz-m.ru/products/formula-225.html;photos/Союз-М/Formula/Formula_225.jpg;https://souz-m.ru/netcat_files/Item/3810/formula225.jpg;souz-m.ru (официальный сайт);2026-09-30
Союз-М;Formula;Formula 230;Бежевый, Коричневый;Велюр;полиэстер - 100%;142;348 г/м²;75000;75 000 циклов;Китай;760;;Цена за 1 п/м;Есть в отрез в Москве;https://souz-m.ru/products/formula-230.html;photos/Союз-М/Formula/Formula_230.jpg;https://souz-m.ru/netcat_files/Item/3811/formula230.jpg;souz-m.ru (официальный сайт);2026-09-30
Союз-М;Formula;Formula 234;Коричневый;Велюр;полиэстер - 100%;142;348 г/м²;75000;75 000 циклов;Китай;760;;Цена за 1 п/м;Есть в отрез в Москве;https://souz-m.ru/products/formula-234.html;photos/Союз-М/Formula/Formula_234.jpg;https://souz-m.ru/netcat_files/Item/4062/formula234.jpg;souz-m.ru (официальный сайт);2026-09-30
Союз-М;Formula;Formula 238;Коричневый;Велюр;полиэстер - 100%;142;348 г/м²;75000;75 000 циклов;Китай;760;;Цена за 1 п/м;Есть в отрез в Москве;https://souz-m.ru/products/formula-238.html;photos/Союз-М/Formula/Formula_238.jpg;https://souz-m.ru/netcat_files/Item/3812/formula238.jpg;souz-m.ru (официальный сайт);2026-09-30
Союз-М;Formula;Formula 290;Бежевый;Велюр;полиэстер - 100%;142;348 г/м²;75000;75 000 циклов;Китай;760;;Цена за 1 п/м;Есть в отрез в Москве;https://souz-m.ru/products/formula-290.html;photos/Союз-М/Formula/Formula_290.jpg;https://souz-m.ru/netcat_files/Item/3813/formula290.jpg;souz-m.ru (официальный сайт);2026-09-30
Союз-М;Formula;Formula 310;Красный, Розовый;Велюр;полиэстер - 100%;142;348 г/м²;75000;75 000 циклов;Китай;760;;Цена за 1 п/м;Есть в отрез в Москве;https://souz-m.ru/products/formula-310.html;photos/Союз-М/Formula/Formula_310.jpg;https://souz-m.ru/netcat_files/Item/4063/formula310.jpg;souz-m.ru (официальный сайт);2026-09-30
Союз-М;Formula;Formula 317;Красный;Велюр;полиэстер - 100%;142;348 г/м²;75000;75 000 циклов;Китай;760;;Цена за 1 п/м;Есть в отрез в Москве;https://souz-m.ru/products/formula-317.html;photos/Союз-М/Formula/Formula_317.jpg;https://souz-m.ru/netcat_files/Item/3814/formula317.jpg;souz-m.ru (официальный сайт);2026-09-30
Союз-М;Formula;Formula 370;Красный;Велюр;полиэстер - 100%;142;348 г/м²;75000;75 000 циклов;Китай;760;;Цена за 1 п/м;Есть в отрез в Москве;https://souz-m.ru/products/formula-370.html;photos/Союз-М/Formula/Formula_370.jpg;https://souz-m.ru/netcat_files/Item/3815/formula370.jpg;souz-m.ru (официальный сайт);2026-09-30
Союз-М;Formula;Formula 392;Красный;Велюр;полиэстер - 100%;142;348 г/м²;75000;75 000 циклов;Китай;760;;Цена за 1 п/м;Есть в отрез в Москве;https://souz-m.ru/products/formula-392.html;photos/Союз-М/Formula/Formula_392.jpg;https://souz-m.ru/netcat_files/Item/3816/formula392.jpg;souz-m.ru (официальный сайт);2026-09-30
Союз-М;Formula;Formula 494;Оранжевый;Велюр;полиэстер - 100%;142;348 г/м²;75000;75 000 циклов;Китай;760;;Цена за 1 п/м;Есть в отрез в Москве;https://souz-m.ru/products/formula-494.html;photos/Союз-М/Formula/Formula_494.jpg;https://souz-m.ru/netcat_files/Item/3817/formula494.jpg;souz-m.ru (официальный сайт);2026-09-30
Союз-М;Formula;Formula 560;Желтый;Велюр;полиэстер - 100%;142;348 г/м²;75000;75 000 циклов;Китай;760;;Цена за 1 п/м;Есть в отрез в Москве;https://souz-m.ru/products/formula-560.html;photos/Союз-М/Formula/Formula_560.jpg;https://souz-m.ru/netcat_files/Item/3818/formula560.jpg;souz-m.ru (официальный сайт);2026-09-30
Союз-М;Formula;Formula 668;Зеленый;Велюр;полиэстер - 100%;142;348 г/м²;75000;75 000 циклов;Китай;760;;Цена за 1 п/м;Есть в отрез в Москве;https://souz-m.ru/products/formula-668.html;photos/Союз-М/Formula/Formula_668.jpg;https://souz-m.ru/netcat_files/Item/4064/formula668.jpg;souz-m.ru (официальный сайт);2026-09-30
Союз-М;Formula;Formula 692;Зеленый;Велюр;полиэстер - 100%;142;348 г/м²;75000;75 000 циклов;Китай;760;;Цена за 1 п/м;Есть в отрез в Москве;https://souz-m.ru/products/formula-692.html;photos/Союз-М/Formula/Formula_692.jpg;https://souz-m.ru/netcat_files/Item/4065/formula692.jpg;souz-m.ru (официальный сайт);2026-09-30
Союз-М;Formula;Formula 696;Зеленый, Синий;Велюр;полиэстер - 100%;142;348 г/м²;75000;75 000 циклов;Китай;760;;Цена за 1 п/м;Есть в отрез в Москве;https://souz-m.ru/products/formula-696.html;photos/Союз-М/Formula/Formula_696.jpg;https://souz-m.ru/netcat_files/Item/3819/formula696.jpg;souz-m.ru (официальный сайт);2026-09-30
Союз-М;Formula;Formula 697;Зеленый;Велюр;полиэстер - 100%;142;348 г/м²;75000;75 000 циклов;Китай;760;;Цена за 1 п/м;Есть в отрез в Москве;https://souz-m.ru/products/formula-697.html;photos/Союз-М/Formula/Formula_697.jpg;https://souz-m.ru/netcat_files/Item/3820/formula697.jpg;souz-m.ru (официальный сайт);2026-09-30
Союз-М;Formula;Formula 767;Синий;Велюр;полиэстер - 100%;142;348 г/м²;75000;75 000 циклов;Китай;760;;Цена за 1 п/м;Есть в отрез в Москве;https://souz-m.ru/products/formula-767.html;photos/Союз-М/Formula/Formula_767.jpg;https://souz-m.ru/netcat_files/Item/3821/formula767.jpg;souz-m.ru (официальный сайт);2026-09-30
Союз-М;Formula;Formula 784;Синий;Велюр;полиэстер - 100%;142;348 г/м²;75000;75 000 циклов;Китай;760;;Цена за 1 п/м;Есть в отрез в Москве;https://souz-m.ru/products/formula-784.html;photos/Союз-М/Formula/Formula_784.jpg;https://souz-m.ru/netcat_files/Item/3822/formula784.jpg;souz-m.ru (официальный сайт);2026-09-30
Союз-М;Formula;Formula 788;Синий;Велюр;полиэстер - 100%;142;348 г/м²;75000;75 000 циклов;Китай;760;;Цена за 1 п/м;Есть в отрез в Москве;https://souz-m.ru/products/formula-788.html;photos/Союз-М/Formula/Formula_788.jpg;https://souz-m.ru/netcat_files/Item/4066/formula788.jpg;souz-m.ru (официальный сайт);2026-09-30
Союз-М;Formula;Formula 872;Фиолетовый;Велюр;полиэстер - 100%;142;348 г/м²;75000;75 000 циклов;Китай;760;;Цена за 1 п/м;Нет в отрез в Москве Уточняйте у менеджера;https://souz-m.ru/products/formula-872.html;photos/Союз-М/Formula/Formula_872.jpg;https://souz-m.ru/netcat_files/Item/4067/formula872.jpg;souz-m.ru (официальный сайт);2026-09-30
Союз-М;Formula;Formula 890;Фиолетовый;Велюр;полиэстер - 100%;142;348 г/м²;75000;75 000 циклов;Китай;760;;Цена за 1 п/м;Есть в отрез в Москве;https://souz-m.ru/products/formula-890.html;photos/Союз-М/Formula/Formula_890.jpg;https://souz-m.ru/netcat_files/Item/3823/formula890.jpg;souz-m.ru (официальный сайт);2026-09-30
Союз-М;Formula;Formula 925;Серый;Велюр;полиэстер - 100%;142;348 г/м²;75000;75 000 циклов;Китай;760;;Цена за 1 п/м;Есть в отрез в Москве;https://souz-m.ru/products/formula-925.html;photos/Союз-М/Formula/Formula_925.jpg;https://souz-m.ru/netcat_files/Item/3824/formula925.jpg;souz-m.ru (официальный сайт);2026-09-30
Союз-М;Formula;Formula 960;Серый;Велюр;полиэстер - 100%;142;348 г/м²;75000;75 000 циклов;Китай;760;;Цена за 1 п/м;Есть в отрез в Москве;https://souz-m.ru/products/formula-960.html;photos/Союз-М/Formula/Formula_960.jpg;https://souz-m.ru/netcat_files/Item/4068/formula960.jpg;souz-m.ru (официальный сайт);2026-09-30
Союз-М;Formula;Formula 961;Серый;Велюр;полиэстер - 100%;142;348 г/м²;75000;75 000 циклов;Китай;760;;Цена за 1 п/м;Есть в отрез в Москве;https://souz-m.ru/products/formula-961.html;photos/Союз-М/Formula/Formula_961.jpg;https://souz-m.ru/netcat_files/Item/4069/formula961.jpg;souz-m.ru (официальный сайт);2026-09-30
Союз-М;Formula;Formula 968;Серый;Велюр;полиэстер - 100%;142;348 г/м²;75000;75 000 циклов;Китай;760;;Цена за 1 п/м;Есть в отрез в Москве;https://souz-m.ru/products/formula-968.html;photos/Союз-М/Formula/Formula_968.jpg;https://souz-m.ru/netcat_files/Item/4070/formula968.jpg;souz-m.ru (официальный сайт);2026-09-30
Союз-М;Formula;Formula 973;Серый, Синий;Велюр;полиэстер - 100%;142;348 г/м²;75000;75 000 циклов;Китай;760;;Цена за 1 п/м;Есть в отрез в Москве;https://souz-m.ru/products/formula-973.html;photos/Союз-М/Formula/Formula_973.jpg;https://souz-m.ru/netcat_files/Item/3825/formula973.jpg;souz-m.ru (официальный сайт);2026-09-30
Союз-М;Formula;Formula 976;Серый, Фиолетовый;Велюр;полиэстер - 100%;142;348 г/м²;75000;75 000 циклов;Китай;760;;Цена за 1 п/м;Есть в отрез в Москве;https://souz-m.ru/products/formula-976.html;photos/Союз-М/Formula/Formula_976.jpg;https://souz-m.ru/netcat_files/Item/3826/formula976.jpg;souz-m.ru (официальный сайт);2026-09-30
Союз-М;Formula;Formula 994;Серый;Велюр;полиэстер - 100%;142;348 г/м²;75000;75 000 циклов;Китай;760;;Цена за 1 п/м;Есть в отрез в Москве;https://souz-m.ru/products/formula-994.html;photos/Союз-М/Formula/Formula_994.jpg;https://souz-m.ru/netcat_files/Item/3827/formula994.jpg;souz-m.ru (официальный сайт);2026-09-30
Союз-М;Formula;Formula 996;Серый;Велюр;полиэстер - 100%;142;348 г/м²;75000;75 000 циклов;Китай;760;;Цена за 1 п/м;Есть в отрез в Москве;https://souz-m.ru/products/formula-996.html;photos/Союз-М/Formula/Formula_996.jpg;https://souz-m.ru/netcat_files/Item/4071/formula996.jpg;souz-m.ru (официальный сайт);2026-09-30
Союз-М;Formula;Formula 998;Серый, Черный;Велюр;полиэстер - 100%;142;348 г/м²;75000;75 000 циклов;Китай;760;;Цена за 1 п/м;Есть в отрез в Москве;https://souz-m.ru/products/formula-998.html;photos/Союз-М/Formula/Formula_998.jpg;https://souz-m.ru/netcat_files/Item/3828/formula998.jpg;souz-m.ru (официальный сайт);2026-09-30
Союз-М;Formula;Formula 999;Черный;Велюр;полиэстер - 100%;142;348 г/м²;75000;75 000 циклов;Китай;760;;Цена за 1 п/м;Есть в отрез в Москве;https://souz-m.ru/products/formula-999.html;photos/Союз-М/Formula/Formula_999.jpg;https://souz-m.ru/netcat_files/Item/4003/formula999.jpg;souz-m.ru (официальный сайт);2026-09-30
Союз-М;Fortis;Fortis 000;Белый;Велюр;полиэстер - 100%;142;295 г/м²;50000;50 000 циклов;Китай;570;;Цена за 1 п/м;Есть в отрез в Москве;https://souz-m.ru/products/fortis-000.html;photos/Союз-М/Fortis/Fortis_000.jpg;https://souz-m.ru/netcat_files/Item/4528/fortis000.jpg;souz-m.ru (официальный сайт);2026-09-30
Союз-М;Fortis;Fortis 100;Бежевый;Велюр;полиэстер - 100%;142;295 г/м²;50000;50 000 циклов;Китай;570;;Цена за 1 п/м;Есть в отрез в Москве;https://souz-m.ru/products/fortis-100.html;photos/Союз-М/Fortis/Fortis_100.jpg;https://souz-m.ru/netcat_files/Item/4529/fortis100.jpg;souz-m.ru (официальный сайт);2026-09-30
Союз-М;Fortis;Fortis 110;Бежевый;Велюр;полиэстер - 100%;142;295 г/м²;50000;50 000 циклов;Китай;570;;Цена за 1 п/м;Есть в отрез в Москве;https://souz-m.ru/products/fortis-110.html;photos/Союз-М/Fortis/Fortis_110.jpg;https://souz-m.ru/netcat_files/Item/4530/fortis110.jpg;souz-m.ru (официальный сайт);2026-09-30
Союз-М;Fortis;Fortis 112;Бежевый;Велюр;полиэстер - 100%;142;295 г/м²;50000;50 000 циклов;Китай;570;;Цена за 1 п/м;Есть в отрез в Москве;https://souz-m.ru/products/fortis-112.html;photos/Союз-М/Fortis/Fortis_112.jpg;https://souz-m.ru/netcat_files/Item/4531/fortis112.jpg;souz-m.ru (официальный сайт);2026-09-30
Союз-М;Fortis;Fortis 230;Коричневый;Велюр;полиэстер - 100%;142;295 г/м²;50000;50 000 циклов;Китай;570;;Цена за 1 п/м;Есть в отрез в Москве;https://souz-m.ru/products/fortis-230.html;photos/Союз-М/Fortis/Fortis_230.jpg;https://souz-m.ru/netcat_files/Item/4532/fortis230.jpg;souz-m.ru (официальный сайт);2026-09-30
Союз-М;Fortis;Fortis 233;Коричневый;Велюр;полиэстер - 100%;142;295 г/м²;50000;50 000 циклов;Китай;570;;Цена за 1 п/м;Есть в отрез в Москве;https://souz-m.ru/products/fortis-233.html;photos/Союз-М/Fortis/Fortis_233.jpg;https://souz-m.ru/netcat_files/Item/4533/fortis233.jpg;souz-m.ru (официальный сайт);2026-09-30
Союз-М;Fortis;Fortis 290;Коричневый;Велюр;полиэстер - 100%;142;295 г/м²;50000;50 000 циклов;Китай;570;;Цена за 1 п/м;Есть в отрез в Москве;https://souz-m.ru/products/fortis-290.html;photos/Союз-М/Fortis/Fortis_290.jpg;https://souz-m.ru/netcat_files/Item/4534/fortis290.jpg;souz-m.ru (официальный сайт);2026-09-30
Союз-М;Fortis;Fortis 312;Розовый;Велюр;полиэстер - 100%;142;295 г/м²;50000;50 000 циклов;Китай;570;;Цена за 1 п/м;Есть в отрез в Москве;https://souz-m.ru/products/fortis-312.html;photos/Союз-М/Fortis/Fortis_312.jpg;https://souz-m.ru/netcat_files/Item/4535/fortis312.jpg;souz-m.ru (официальный сайт);2026-09-30
Союз-М;Fortis;Fortis 370;Красный;Велюр;полиэстер - 100%;142;295 г/м²;50000;50 000 циклов;Китай;570;;Цена за 1 п/м;Есть в отрез в Москве;https://souz-m.ru/products/fortis-370.html;photos/Союз-М/Fortis/Fortis_370.jpg;https://souz-m.ru/netcat_files/Item/4536/fortis370.jpg;souz-m.ru (официальный сайт);2026-09-30
Союз-М;Fortis;Fortis 412;Оранжевый;Велюр;полиэстер - 100%;142;295 г/м²;50000;50 000 циклов;Китай;570;;Цена за 1 п/м;Есть в отрез в Москве;https://souz-m.ru/products/fortis-412.html;photos/Союз-М/Fortis/Fortis_412.jpg;https://souz-m.ru/netcat_files/Item/4537/fortis412.jpg;souz-m.ru (официальный сайт);2026-09-30
Союз-М;Fortis;Fortis 420;Оранжевый;Велюр;полиэстер - 100%;142;295 г/м²;50000;50 000 циклов;Китай;570;;Цена за 1 п/м;Есть в отрез в Москве;https://souz-m.ru/products/fortis-420.html;photos/Союз-М/Fortis/Fortis_420.jpg;https://souz-m.ru/netcat_files/Item/4538/fortis420.jpg;souz-m.ru (официальный сайт);2026-09-30
Союз-М;Fortis;Fortis 525;Желтый;Велюр;полиэстер - 100%;142;295 г/м²;50000;50 000 циклов;Китай;570;;Цена за 1 п/м;Есть в отрез в Москве;https://souz-m.ru/products/fortis-525.html;photos/Союз-М/Fortis/Fortis_525.jpg;https://souz-m.ru/netcat_files/Item/4539/fortis525.jpg;souz-m.ru (официальный сайт);2026-09-30
Союз-М;Fortis;Fortis 552;Желтый;Велюр;полиэстер - 100%;142;295 г/м²;50000;50 000 циклов;Китай;570;;Цена за 1 п/м;Есть в отрез в Москве;https://souz-m.ru/products/fortis-552.html;photos/Союз-М/Fortis/Fortis_552.jpg;https://souz-m.ru/netcat_files/Item/4540/fortis552.jpg;souz-m.ru (официальный сайт);2026-09-30
Союз-М;Fortis;Fortis 652;Зеленый;Велюр;полиэстер - 100%;142;295 г/м²;50000;50 000 циклов;Китай;570;;Цена за 1 п/м;Есть в отрез в Москве;https://souz-m.ru/products/fortis-652.html;photos/Союз-М/Fortis/Fortis_652.jpg;https://souz-m.ru/netcat_files/Item/4541/fortis652.jpg;souz-m.ru (официальный сайт);2026-09-30
Союз-М;Fortis;Fortis 658;Зеленый;Велюр;полиэстер - 100%;142;295 г/м²;50000;50 000 циклов;Китай;570;;Цена за 1 п/м;Есть в отрез в Москве;https://souz-m.ru/products/fortis-658.html;photos/Союз-М/Fortis/Fortis_658.jpg;https://souz-m.ru/netcat_files/Item/4542/fortis658.jpg;souz-m.ru (официальный сайт);2026-09-30
Союз-М;Fortis;Fortis 667;Зеленый;Велюр;полиэстер - 100%;142;295 г/м²;50000;50 000 циклов;Китай;570;;Цена за 1 п/м;Есть в отрез в Москве;https://souz-m.ru/products/fortis-667.html;photos/Союз-М/Fortis/Fortis_667.jpg;https://souz-m.ru/netcat_files/Item/4543/fortis667.jpg;souz-m.ru (официальный сайт);2026-09-30
Союз-М;Fortis;Fortis 673;Зеленый;Велюр;полиэстер - 100%;142;295 г/м²;50000;50 000 циклов;Китай;570;;Цена за 1 п/м;Есть в отрез в Москве;https://souz-m.ru/products/fortis-673.html;photos/Союз-М/Fortis/Fortis_673.jpg;https://souz-m.ru/netcat_files/Item/4544/fortis673.jpg;souz-m.ru (официальный сайт);2026-09-30
Союз-М;Fortis;Fortis 692;Зеленый;Велюр;полиэстер - 100%;142;295 г/м²;50000;50 000 циклов;Китай;570;;Цена за 1 п/м;Есть в отрез в Москве;https://souz-m.ru/products/fortis-692.html;photos/Союз-М/Fortis/Fortis_692.jpg;https://souz-m.ru/netcat_files/Item/4545/fortis692.jpg;souz-m.ru (официальный сайт);2026-09-30
Союз-М;Fortis;Fortis 705;Синий;Велюр;полиэстер - 100%;142;295 г/м²;50000;50 000 циклов;Китай;570;;Цена за 1 п/м;Есть в отрез в Москве;https://souz-m.ru/products/fortis-705.html;photos/Союз-М/Fortis/Fortis_705.jpg;https://souz-m.ru/netcat_files/Item/4546/fortis705.jpg;souz-m.ru (официальный сайт);2026-09-30
Союз-М;Fortis;Fortis 770;Синий;Велюр;полиэстер - 100%;142;295 г/м²;50000;50 000 циклов;Китай;570;;Цена за 1 п/м;Есть в отрез в Москве;https://souz-m.ru/products/fortis-770.html;photos/Союз-М/Fortis/Fortis_770.jpg;https://souz-m.ru/netcat_files/Item/4547/fortis770.jpg;souz-m.ru (официальный сайт);2026-09-30
Союз-М;Fortis;Fortis 785;Синий;Велюр;полиэстер - 100%;142;295 г/м²;50000;50 000 циклов;Китай;570;;Цена за 1 п/м;Есть в отрез в Москве;https://souz-m.ru/products/fortis-785.html;photos/Союз-М/Fortis/Fortis_785.jpg;https://souz-m.ru/netcat_files/Item/4548/fortis785.jpg;souz-m.ru (официальный сайт);2026-09-30
Союз-М;Fortis;Fortis 900;Серый;Велюр;полиэстер - 100%;142;295 г/м²;50000;50 000 циклов;Китай;570;;Цена за 1 п/м;Есть в отрез в Москве;https://souz-m.ru/products/fortis-900.html;photos/Союз-М/Fortis/Fortis_900.jpg;https://souz-m.ru/netcat_files/Item/4549/fortis900.jpg;souz-m.ru (официальный сайт);2026-09-30
Союз-М;Fortis;Fortis 910;Серый;Велюр;полиэстер - 100%;142;295 г/м²;50000;50 000 циклов;Китай;570;;Цена за 1 п/м;Есть в отрез в Москве;https://souz-m.ru/products/fortis-910.html;photos/Союз-М/Fortis/Fortis_910.jpg;https://souz-m.ru/netcat_files/Item/4550/fortis910.jpg;souz-m.ru (официальный сайт);2026-09-30
Союз-М;Fortis;Fortis 960;Серый;Велюр;полиэстер - 100%;142;295 г/м²;50000;50 000 циклов;Китай;570;;Цена за 1 п/м;Есть в отрез в Москве;https://souz-m.ru/products/fortis-960.html;photos/Союз-М/Fortis/Fortis_960.jpg;https://souz-m.ru/netcat_files/Item/4551/fortis960.jpg;souz-m.ru (официальный сайт);2026-09-30
Союз-М;Fortis;Fortis 968;Серый;Велюр;полиэстер - 100%;142;295 г/м²;50000;50 000 циклов;Китай;570;;Цена за 1 п/м;Есть в отрез в Москве;https://souz-m.ru/products/fortis-968.html;photos/Союз-М/Fortis/Fortis_968.jpg;https://souz-m.ru/netcat_files/Item/4552/fortis968.jpg;souz-m.ru (официальный сайт);2026-09-30
Союз-М;Fortis;Fortis 980;Серый;Велюр;полиэстер - 100%;142;295 г/м²;50000;50 000 циклов;Китай;570;;Цена за 1 п/м;Есть в отрез в Москве;https://souz-m.ru/products/fortis-980.html;photos/Союз-М/Fortis/Fortis_980.jpg;https://souz-m.ru/netcat_files/Item/4553/fortis980.jpg;souz-m.ru (официальный сайт);2026-09-30
Союз-М;Fortis;Fortis 994;Серый;Велюр;полиэстер - 100%;142;295 г/м²;50000;50 000 циклов;Китай;570;;Цена за 1 п/м;Есть в отрез в Москве;https://souz-m.ru/products/fortis-994.html;photos/Союз-М/Fortis/Fortis_994.jpg;https://souz-m.ru/netcat_files/Item/4554/fortis994.jpg;souz-m.ru (официальный сайт);2026-09-30
Союз-М;Fortis;Fortis 999;Черный;Велюр;полиэстер - 100%;142;295 г/м²;50000;50 000 циклов;Китай;570;;Цена за 1 п/м;Есть в отрез в Москве;https://souz-m.ru/products/fortis-999.html;photos/Союз-М/Fortis/Fortis_999.jpg;https://souz-m.ru/netcat_files/Item/4555/fortis999.jpg;souz-m.ru (официальный сайт);2026-09-30
Союз-М;Forward;Forward 100;Бежевый;Велюр;полиэстер - 100%;142;230 г/м²;40000;40 000 циклов;Китай;490;;Оптовая цена за 1 п/м;Нет в отрез в Москве Уточняйте у менеджера;https://souz-m.ru/products/forward-100.html;photos/Союз-М/Forward/Forward_100.jpg;https://souz-m.ru/netcat_files/Item/4586/forward100.jpg;souz-m.ru (официальный сайт);2026-09-30
Союз-М;Forward;Forward 110;Бежевый;Велюр;полиэстер - 100%;142;230 г/м²;40000;40 000 циклов;Китай;490;;Цена за 1 п/м;Нет в отрез в Москве Уточняйте у менеджера;https://souz-m.ru/products/forward-110.html;photos/Союз-М/Forward/Forward_110.jpg;https://souz-m.ru/netcat_files/Item/4587/forward110.jpg;souz-m.ru (официальный сайт);2026-09-30
Союз-М;Forward;Forward 210;Коричневый;Велюр;полиэстер - 100%;142;230 г/м²;40000;40 000 циклов;Китай;490;;Цена за 1 п/м;Есть в отрез в Москве;https://souz-m.ru/products/forward-210.html;photos/Союз-М/Forward/Forward_210.jpg;https://souz-m.ru/netcat_files/Item/4588/forward210.jpg;souz-m.ru (официальный сайт);2026-09-30
Союз-М;Forward;Forward 232;Коричневый;Велюр;полиэстер - 100%;142;230 г/м²;40000;40 000 циклов;Китай;490;;Цена за 1 п/м;Есть в отрез в Москве;https://souz-m.ru/products/forward-232.html;photos/Союз-М/Forward/Forward_232.jpg;https://souz-m.ru/netcat_files/Item/4589/forward232.jpg;souz-m.ru (официальный сайт);2026-09-30
Союз-М;Forward;Forward 297;Коричневый;Велюр;полиэстер - 100%;142;230 г/м²;40000;40 000 циклов;Китай;490;;Цена за 1 п/м;Есть в отрез в Москве;https://souz-m.ru/products/forward-297.html;photos/Союз-М/Forward/Forward_297.jpg;https://souz-m.ru/netcat_files/Item/4590/forward297.jpg;souz-m.ru (официальный сайт);2026-09-30
Союз-М;Forward;Forward 325;Красный;Велюр;полиэстер - 100%;142;230 г/м²;40000;40 000 циклов;Китай;400;;Оптовая цена за 1 п/м;Нет в отрез в Москве Уточняйте у менеджера;https://souz-m.ru/products/forward-325.html;photos/Союз-М/Forward/Forward_325.jpg;https://souz-m.ru/netcat_files/Item/4591/forward325.jpg;souz-m.ru (официальный сайт);2026-09-30
Союз-М;Forward;Forward 490;Оранжевый;Велюр;полиэстер - 100%;142;230 г/м²;40000;40 000 циклов;Китай;400;;Оптовая цена за 1 п/м;Нет в отрез в Москве Уточняйте у менеджера;https://souz-m.ru/products/forward-490.html;photos/Союз-М/Forward/Forward_490.jpg;https://souz-m.ru/netcat_files/Item/4592/forward490.jpg;souz-m.ru (официальный сайт);2026-09-30
Союз-М;Forward;Forward 520;Желтый;Велюр;полиэстер - 100%;142;230 г/м²;40000;40 000 циклов;Китай;400;;Оптовая цена за 1 п/м;Есть в отрез в Москве;https://souz-m.ru/products/forward-520.html;photos/Союз-М/Forward/Forward_520.jpg;https://souz-m.ru/netcat_files/Item/4593/forward520.jpg;souz-m.ru (официальный сайт);2026-09-30
Союз-М;Forward;Forward 550;Желтый;Велюр;полиэстер - 100%;142;230 г/м²;40000;40 000 циклов;Китай;400;;Оптовая цена за 1 п/м;Нет в отрез в Москве Уточняйте у менеджера;https://souz-m.ru/products/forward-550.html;photos/Союз-М/Forward/Forward_550.jpg;https://souz-m.ru/netcat_files/Item/4594/forward550.jpg;souz-m.ru (официальный сайт);2026-09-30
Союз-М;Forward;Forward 562;Желтый;Велюр;полиэстер - 100%;142;230 г/м²;40000;40 000 циклов;Китай;400;;Оптовая цена за 1 п/м;Нет в отрез в Москве Уточняйте у менеджера;https://souz-m.ru/products/forward-562.html;photos/Союз-М/Forward/Forward_562.jpg;https://souz-m.ru/netcat_files/Item/4595/forward562.jpg;souz-m.ru (официальный сайт);2026-09-30
Союз-М;Forward;Forward 651;Зеленый;Велюр;полиэстер - 100%;142;230 г/м²;40000;40 000 циклов;Китай;490;;Цена за 1 п/м;Нет в отрез в Москве Уточняйте у менеджера;https://souz-m.ru/products/forward-651.html;photos/Союз-М/Forward/Forward_651.jpg;https://souz-m.ru/netcat_files/Item/4596/forward651.jpg;souz-m.ru (официальный сайт);2026-09-30
Союз-М;Forward;Forward 690;Зеленый;Велюр;полиэстер - 100%;142;230 г/м²;40000;40 000 циклов;Китай;400;;Оптовая цена за 1 п/м;Есть в отрез в Москве;https://souz-m.ru/products/forward-690.html;photos/Союз-М/Forward/Forward_690.jpg;https://souz-m.ru/netcat_files/Item/4597/forward690.jpg;souz-m.ru (официальный сайт);2026-09-30
Союз-М;Forward;Forward 694;Зеленый;Велюр;полиэстер - 100%;142;230 г/м²;40000;40 000 циклов;Китай;490;;Цена за 1 п/м;Есть в отрез в Москве;https://souz-m.ru/products/forward-694.html;photos/Союз-М/Forward/Forward_694.jpg;https://souz-m.ru/netcat_files/Item/4598/forward694.jpg;souz-m.ru (официальный сайт);2026-09-30
Союз-М;Forward;Forward 696;Зеленый;Велюр;полиэстер - 100%;142;230 г/м²;40000;40 000 циклов;Китай;490;;Цена за 1 п/м;Есть в отрез в Москве;https://souz-m.ru/products/forward-696.html;photos/Союз-М/Forward/Forward_696.jpg;https://souz-m.ru/netcat_files/Item/4599/forward696.jpg;souz-m.ru (официальный сайт);2026-09-30
Союз-М;Forward;Forward 702;Синий;Велюр;полиэстер - 100%;142;230 г/м²;40000;40 000 циклов;Китай;400;;Оптовая цена за 1 п/м;Есть в отрез в Москве;https://souz-m.ru/products/forward-702.html;photos/Союз-М/Forward/Forward_702.jpg;https://souz-m.ru/netcat_files/Item/4600/forward702.jpg;souz-m.ru (официальный сайт);2026-09-30
Союз-М;Forward;Forward 750;Синий;Велюр;полиэстер - 100%;142;230 г/м²;40000;40 000 циклов;Китай;490;;Цена за 1 п/м;Есть в отрез в Москве;https://souz-m.ru/products/forward-750.html;photos/Союз-М/Forward/Forward_750.jpg;https://souz-m.ru/netcat_files/Item/4601/forward750.jpg;souz-m.ru (официальный сайт);2026-09-30
Союз-М;Forward;Forward 785;Синий;Велюр;полиэстер - 100%;142;230 г/м²;40000;40 000 циклов;Китай;490;;Цена за 1 п/м;Есть в отрез в Москве;https://souz-m.ru/products/forward-785.html;photos/Союз-М/Forward/Forward_785.jpg;https://souz-m.ru/netcat_files/Item/4602/forward785.jpg;souz-m.ru (официальный сайт);2026-09-30
Союз-М;Forward;Forward 796;Синий;Велюр;полиэстер - 100%;142;230 г/м²;40000;40 000 циклов;Китай;490;;Цена за 1 п/м;Есть в отрез в Москве;https://souz-m.ru/products/forward-796.html;photos/Союз-М/Forward/Forward_796.jpg;https://souz-m.ru/netcat_files/Item/4603/forward796.jpg;souz-m.ru (официальный сайт);2026-09-30
Союз-М;Forward;Forward 830;Фиолетовый, Розовый;Велюр;полиэстер - 100%;142;230 г/м²;40000;40 000 циклов;Китай;400;;Оптовая цена за 1 п/м;Нет в отрез в Москве Уточняйте у менеджера;https://souz-m.ru/products/forward-830.html;photos/Союз-М/Forward/Forward_830.jpg;https://souz-m.ru/netcat_files/Item/4604/forward830.jpg;souz-m.ru (официальный сайт);2026-09-30
Союз-М;Forward;Forward 872;Фиолетовый;Велюр;полиэстер - 100%;142;230 г/м²;40000;40 000 циклов;Китай;400;;Оптовая цена за 1 п/м;Нет в отрез в Москве Уточняйте у менеджера;https://souz-m.ru/products/forward-872.html;photos/Союз-М/Forward/Forward_872.jpg;https://souz-m.ru/netcat_files/Item/4605/forward872.jpg;souz-m.ru (официальный сайт);2026-09-30
Союз-М;Forward;Forward 892;Фиолетовый;Велюр;полиэстер - 100%;142;230 г/м²;40000;40 000 циклов;Китай;490;;Цена за 1 п/м;Есть в отрез в Москве;https://souz-m.ru/products/forward-892.html;photos/Союз-М/Forward/Forward_892.jpg;https://souz-m.ru/netcat_files/Item/4606/forward892.jpg;souz-m.ru (официальный сайт);2026-09-30
Союз-М;Forward;Forward 910;Серый;Велюр;полиэстер - 100%;142;230 г/м²;40000;40 000 циклов;Китай;490;;Цена за 1 п/м;Есть в отрез в Москве;https://souz-m.ru/products/forward-910.html;photos/Союз-М/Forward/Forward_910.jpg;https://souz-m.ru/netcat_files/Item/4607/forward910.jpg;souz-m.ru (официальный сайт);2026-09-30
Союз-М;Forward;Forward 960;Серый;Велюр;полиэстер - 100%;142;230 г/м²;40000;40 000 циклов;Китай;490;;Цена за 1 п/м;Есть в отрез в Москве;https://souz-m.ru/products/forward-960.html;photos/Союз-М/Forward/Forward_960.jpg;https://souz-m.ru/netcat_files/Item/4608/forward960.jpg;souz-m.ru (официальный сайт);2026-09-30
Союз-М;Forward;Forward 975;Серый;Велюр;полиэстер - 100%;142;230 г/м²;40000;40 000 циклов;Китай;490;;Цена за 1 п/м;Есть в отрез в Москве;https://souz-m.ru/products/forward-975.html;photos/Союз-М/Forward/Forward_975.jpg;https://souz-m.ru/netcat_files/Item/4609/forward975.jpg;souz-m.ru (официальный сайт);2026-09-30
Союз-М;Forward;Forward 990;Серый;Велюр;полиэстер - 100%;142;230 г/м²;40000;40 000 циклов;Китай;490;;Цена за 1 п/м;Есть в отрез в Москве;https://souz-m.ru/products/forward-990.html;photos/Союз-М/Forward/Forward_990.jpg;https://souz-m.ru/netcat_files/Item/4610/forward990.jpg;souz-m.ru (официальный сайт);2026-09-30
Союз-М;Forward;Forward 992;Серый;Велюр;полиэстер - 100%;142;230 г/м²;40000;40 000 циклов;Китай;400;;Оптовая цена за 1 п/м;Нет в отрез в Москве Уточняйте у менеджера;https://souz-m.ru/products/forward-992.html;photos/Союз-М/Forward/Forward_992.jpg;https://souz-m.ru/netcat_files/Item/4611/forward992.jpg;souz-m.ru (официальный сайт);2026-09-30
Союз-М;Forward;Forward 995;Серый;Велюр;полиэстер - 100%;142;230 г/м²;40000;40 000 циклов;Китай;490;;Цена за 1 п/м;Есть в отрез в Москве;https://souz-m.ru/products/forward-995.html;photos/Союз-М/Forward/Forward_995.jpg;https://souz-m.ru/netcat_files/Item/4612/forward995.jpg;souz-m.ru (официальный сайт);2026-09-30
Союз-М;Furla;Furla 000;Белый;Велюр;полиэстер - 100%;141;293 г/м²;60000;60 000 циклов;Китай;790;;Цена за 1 п/м;Есть в отрез в Москве;https://souz-m.ru/products/furla-000.html;photos/Союз-М/Furla/Furla_000.jpg;https://souz-m.ru/netcat_files/Item/4706/furla000.jpg;souz-m.ru (официальный сайт);2026-09-30
Союз-М;Furla;Furla 011;Бежевый;Велюр;полиэстер - 100%;141;293 г/м²;60000;60 000 циклов;Китай;790;;Цена за 1 п/м;Есть в отрез в Москве;https://souz-m.ru/products/furla-011.html;photos/Союз-М/Furla/Furla_011.jpg;https://souz-m.ru/netcat_files/Item/4707/furla011.jpg;souz-m.ru (официальный сайт);2026-09-30
Союз-М;Furla;Furla 020;Бежевый;Велюр;полиэстер - 100%;141;293 г/м²;60000;60 000 циклов;Китай;790;;Цена за 1 п/м;Есть в отрез в Москве;https://souz-m.ru/products/furla-020.html;photos/Союз-М/Furla/Furla_020.jpg;https://souz-m.ru/netcat_files/Item/4708/furla020.jpg;souz-m.ru (официальный сайт);2026-09-30
Союз-М;Furla;Furla 151;Бежевый;Велюр;полиэстер - 100%;141;293 г/м²;60000;60 000 циклов;Китай;790;;Цена за 1 п/м;Есть в отрез в Москве;https://souz-m.ru/products/furla-151.html;photos/Союз-М/Furla/Furla_151.jpg;https://souz-m.ru/netcat_files/Item/4709/furla151.jpg;souz-m.ru (официальный сайт);2026-09-30
Союз-М;Furla;Furla 153;Оранжевый;Велюр;полиэстер - 100%;141;293 г/м²;60000;60 000 циклов;Китай;790;;Цена за 1 п/м;Есть в отрез в Москве;https://souz-m.ru/products/furla-153.html;photos/Союз-М/Furla/Furla_153.jpg;https://souz-m.ru/netcat_files/Item/4710/furla153.jpg;souz-m.ru (официальный сайт);2026-09-30
Союз-М;Furla;Furla 203;Оранжевый;Велюр;полиэстер - 100%;141;293 г/м²;60000;60 000 циклов;Китай;790;;Цена за 1 п/м;Есть в отрез в Москве;https://souz-m.ru/products/furla-203.html;photos/Союз-М/Furla/Furla_203.jpg;https://souz-m.ru/netcat_files/Item/4711/furla203.jpg;souz-m.ru (официальный сайт);2026-09-30
Союз-М;Furla;Furla 227;Коричневый;Велюр;полиэстер - 100%;141;293 г/м²;60000;60 000 циклов;Китай;790;;Цена за 1 п/м;Есть в отрез в Москве;https://souz-m.ru/products/furla-227.html;photos/Союз-М/Furla/Furla_227.jpg;https://souz-m.ru/netcat_files/Item/4712/furla227.jpg;souz-m.ru (официальный сайт);2026-09-30
Союз-М;Furla;Furla 230;Бежевый;Велюр;полиэстер - 100%;141;293 г/м²;60000;60 000 циклов;Китай;790;;Цена за 1 п/м;Есть в отрез в Москве;https://souz-m.ru/products/furla-230.html;photos/Союз-М/Furla/Furla_230.jpg;https://souz-m.ru/netcat_files/Item/4713/furla230.jpg;souz-m.ru (официальный сайт);2026-09-30
Союз-М;Furla;Furla 232;Коричневый;Велюр;полиэстер - 100%;141;293 г/м²;60000;60 000 циклов;Китай;790;;Цена за 1 п/м;Есть в отрез в Москве;https://souz-m.ru/products/furla-232.html;photos/Союз-М/Furla/Furla_232.jpg;https://souz-m.ru/netcat_files/Item/4714/furla232.jpg;souz-m.ru (официальный сайт);2026-09-30
Союз-М;Furla;Furla 240;Оранжевый;Велюр;полиэстер - 100%;141;293 г/м²;60000;60 000 циклов;Китай;790;;Цена за 1 п/м;Есть в отрез в Москве;https://souz-m.ru/products/furla-240.html;photos/Союз-М/Furla/Furla_240.jpg;https://souz-m.ru/netcat_files/Item/4715/furla240.jpg;souz-m.ru (официальный сайт);2026-09-30
Союз-М;Furla;Furla 250;Оранжевый;Велюр;полиэстер - 100%;141;293 г/м²;60000;60 000 циклов;Китай;790;;Цена за 1 п/м;Есть в отрез в Москве;https://souz-m.ru/products/furla-250.html;photos/Союз-М/Furla/Furla_250.jpg;https://souz-m.ru/netcat_files/Item/4716/furla250.jpg;souz-m.ru (официальный сайт);2026-09-30
Союз-М;Furla;Furla 290;Серый;Велюр;полиэстер - 100%;141;293 г/м²;60000;60 000 циклов;Китай;790;;Цена за 1 п/м;Есть в отрез в Москве;https://souz-m.ru/products/furla-290.html;photos/Союз-М/Furla/Furla_290.jpg;https://souz-m.ru/netcat_files/Item/4717/furla290.jpg;souz-m.ru (официальный сайт);2026-09-30
Союз-М;Furla;Furla 292;Серый;Велюр;полиэстер - 100%;141;293 г/м²;60000;60 000 циклов;Китай;790;;Цена за 1 п/м;Есть в отрез в Москве;https://souz-m.ru/products/furla-292.html;photos/Союз-М/Furla/Furla_292.jpg;https://souz-m.ru/netcat_files/Item/4718/furla292.jpg;souz-m.ru (официальный сайт);2026-09-30
Союз-М;Furla;Furla 310;Красный, Розовый;Велюр;полиэстер - 100%;141;293 г/м²;60000;60 000 циклов;Китай;790;;Цена за 1 п/м;Есть в отрез в Москве;https://souz-m.ru/products/furla-310.html;photos/Союз-М/Furla/Furla_310.jpg;https://souz-m.ru/netcat_files/Item/4719/furla310.jpg;souz-m.ru (официальный сайт);2026-09-30
Союз-М;Furla;Furla 323;Красный;Велюр;полиэстер - 100%;141;293 г/м²;60000;60 000 циклов;Китай;790;;Цена за 1 п/м;Есть в отрез в Москве;https://souz-m.ru/products/furla-323.html;photos/Союз-М/Furla/Furla_323.jpg;https://souz-m.ru/netcat_files/Item/4720/furla323.jpg;souz-m.ru (официальный сайт);2026-09-30
Союз-М;Furla;Furla 340;Красный;Велюр;полиэстер - 100%;141;293 г/м²;60000;60 000 циклов;Китай;790;;Цена за 1 п/м;Есть в отрез в Москве;https://souz-m.ru/products/furla-340.html;photos/Союз-М/Furla/Furla_340.jpg;https://souz-m.ru/netcat_files/Item/4721/furla340.jpg;souz-m.ru (официальный сайт);2026-09-30
Союз-М;Furla;Furla 411;Оранжевый;Велюр;полиэстер - 100%;141;293 г/м²;60000;60 000 циклов;Китай;790;;Цена за 1 п/м;Есть в отрез в Москве;https://souz-m.ru/products/furla-411.html;photos/Союз-М/Furla/Furla_411.jpg;https://souz-m.ru/netcat_files/Item/4722/furla411.jpg;souz-m.ru (официальный сайт);2026-09-30
Союз-М;Furla;Furla 560;Желтый;Велюр;полиэстер - 100%;141;293 г/м²;60000;60 000 циклов;Китай;790;;Цена за 1 п/м;Есть в отрез в Москве;https://souz-m.ru/products/furla-560.html;photos/Союз-М/Furla/Furla_560.jpg;https://souz-m.ru/netcat_files/Item/4723/furla560.jpg;souz-m.ru (официальный сайт);2026-09-30
Союз-М;Furla;Furla 620;Зеленый;Велюр;полиэстер - 100%;141;293 г/м²;60000;60 000 циклов;Китай;790;;Цена за 1 п/м;Есть в отрез в Москве;https://souz-m.ru/products/furla-620.html;photos/Союз-М/Furla/Furla_620.jpg;https://souz-m.ru/netcat_files/Item/4724/furla620.jpg;souz-m.ru (официальный сайт);2026-09-30
Союз-М;Furla;Furla 693;Зеленый;Велюр;полиэстер - 100%;141;293 г/м²;60000;60 000 циклов;Китай;790;;Цена за 1 п/м;Есть в отрез в Москве;https://souz-m.ru/products/furla-693.html;photos/Союз-М/Furla/Furla_693.jpg;https://souz-m.ru/netcat_files/Item/4725/furla693.jpg;souz-m.ru (официальный сайт);2026-09-30
Союз-М;Furla;Furla 695;Зеленый;Велюр;полиэстер - 100%;141;293 г/м²;60000;60 000 циклов;Китай;790;;Цена за 1 п/м;Есть в отрез в Москве;https://souz-m.ru/products/furla-695.html;photos/Союз-М/Furla/Furla_695.jpg;https://souz-m.ru/netcat_files/Item/4726/furla695.jpg;souz-m.ru (официальный сайт);2026-09-30
Союз-М;Furla;Furla 697;Зеленый;Велюр;полиэстер - 100%;141;293 г/м²;60000;60 000 циклов;Китай;790;;Цена за 1 п/м;Есть в отрез в Москве;https://souz-m.ru/products/furla-697.html;photos/Союз-М/Furla/Furla_697.jpg;https://souz-m.ru/netcat_files/Item/4727/furla697.jpg;souz-m.ru (официальный сайт);2026-09-30
Союз-М;Furla;Furla 700;Зеленый;Велюр;полиэстер - 100%;141;293 г/м²;60000;60 000 циклов;Китай;790;;Цена за 1 п/м;Есть в отрез в Москве;https://souz-m.ru/products/furla-700.html;photos/Союз-М/Furla/Furla_700.jpg;https://souz-m.ru/netcat_files/Item/4728/furla700.jpg;souz-m.ru (официальный сайт);2026-09-30
Союз-М;Furla;Furla 780;Синий;Велюр;полиэстер - 100%;141;293 г/м²;60000;60 000 циклов;Китай;790;;Цена за 1 п/м;Есть в отрез в Москве;https://souz-m.ru/products/furla-780.html;photos/Союз-М/Furla/Furla_780.jpg;https://souz-m.ru/netcat_files/Item/4729/furla780.jpg;souz-m.ru (официальный сайт);2026-09-30
Союз-М;Furla;Furla 784;Синий;Велюр;полиэстер - 100%;141;293 г/м²;60000;60 000 циклов;Китай;790;;Цена за 1 п/м;Есть в отрез в Москве;https://souz-m.ru/products/furla-784.html;photos/Союз-М/Furla/Furla_784.jpg;https://souz-m.ru/netcat_files/Item/4730/furla784.jpg;souz-m.ru (официальный сайт);2026-09-30
Союз-М;Furla;Furla 789;Синий;Велюр;полиэстер - 100%;141;293 г/м²;60000;60 000 циклов;Китай;790;;Цена за 1 п/м;Есть в отрез в Москве;https://souz-m.ru/products/furla-789.html;photos/Союз-М/Furla/Furla_789.jpg;https://souz-m.ru/netcat_files/Item/4731/furla789.jpg;souz-m.ru (официальный сайт);2026-09-30
Союз-М;Furla;Furla 800;Фиолетовый;Велюр;полиэстер - 100%;141;293 г/м²;60000;60 000 циклов;Китай;790;;Цена за 1 п/м;Есть в отрез в Москве;https://souz-m.ru/products/furla-800.html;photos/Союз-М/Furla/Furla_800.jpg;https://souz-m.ru/netcat_files/Item/4732/furla800.jpg;souz-m.ru (официальный сайт);2026-09-30
Союз-М;Furla;Furla 871;Фиолетовый;Велюр;полиэстер - 100%;141;293 г/м²;60000;60 000 циклов;Китай;790;;Цена за 1 п/м;Есть в отрез в Москве;https://souz-m.ru/products/furla-871.html;photos/Союз-М/Furla/Furla_871.jpg;https://souz-m.ru/netcat_files/Item/4733/furla871.jpg;souz-m.ru (официальный сайт);2026-09-30
Союз-М;Furla;Furla 900;Серый;Велюр;полиэстер - 100%;141;293 г/м²;60000;60 000 циклов;Китай;790;;Цена за 1 п/м;Есть в отрез в Москве;https://souz-m.ru/products/furla-900.html;photos/Союз-М/Furla/Furla_900.jpg;https://souz-m.ru/netcat_files/Item/4734/furla900.jpg;souz-m.ru (официальный сайт);2026-09-30
Союз-М;Furla;Furla 910;Серый;Велюр;полиэстер - 100%;141;293 г/м²;60000;60 000 циклов;Китай;790;;Цена за 1 п/м;Есть в отрез в Москве;https://souz-m.ru/products/furla-910.html;photos/Союз-М/Furla/Furla_910.jpg;https://souz-m.ru/netcat_files/Item/4735/furla910.jpg;souz-m.ru (официальный сайт);2026-09-30
Союз-М;Furla;Furla 990;Серый;Велюр;полиэстер - 100%;141;293 г/м²;60000;60 000 циклов;Китай;790;;Цена за 1 п/м;Есть в отрез в Москве;https://souz-m.ru/products/furla-990.html;photos/Союз-М/Furla/Furla_990.jpg;https://souz-m.ru/netcat_files/Item/4736/furla990.jpg;souz-m.ru (официальный сайт);2026-09-30
Союз-М;Furla;Furla 996;Серый;Велюр;полиэстер - 100%;141;293 г/м²;60000;60 000 циклов;Китай;790;;Цена за 1 п/м;Есть в отрез в Москве;https://souz-m.ru/products/furla-996.html;photos/Союз-М/Furla/Furla_996.jpg;https://souz-m.ru/netcat_files/Item/4737/furla996.jpg;souz-m.ru (официальный сайт);2026-09-30
Союз-М;Furla;Furla 997;Серый;Велюр;полиэстер - 100%;141;293 г/м²;60000;60 000 циклов;Китай;790;;Цена за 1 п/м;Есть в отрез в Москве;https://souz-m.ru/products/furla-997.html;photos/Союз-М/Furla/Furla_997.jpg;https://souz-m.ru/netcat_files/Item/4738/furla997.jpg;souz-m.ru (официальный сайт);2026-09-30
Союз-М;Furla;Furla 998;Черный;Велюр;полиэстер - 100%;141;293 г/м²;60000;60 000 циклов;Китай;790;;Цена за 1 п/м;Есть в отрез в Москве;https://souz-m.ru/products/furla-998.html;photos/Союз-М/Furla/Furla_998.jpg;https://souz-m.ru/netcat_files/Item/4739/furla998.jpg;souz-m.ru (официальный сайт);2026-09-30
Союз-М;Gimalai;Gimalai 02;Бежевый;Велюр;полиэстер - 100%;142;435,1 г/м²;61000;61 000 циклов;Китай;885;;Цена за 1 п/м;Есть в отрез в Москве;https://souz-m.ru/products/gimalai-02.html;photos/Союз-М/Gimalai/Gimalai_02.jpg;https://souz-m.ru/netcat_files/Item/2889/gimalai02.jpg;souz-m.ru (официальный сайт);2026-09-30
Союз-М;Grain;Grain 010;Бежевый;Велюр;полиэстер - 100%;142;410 г/м²;60000;60 000 циклов;Китай;850;;Цена за 1 п/м;Есть в отрез в Москве;https://souz-m.ru/products/grain-010.html;photos/Союз-М/Grain/Grain_010.jpg;https://souz-m.ru/netcat_files/Item/5085/Grain010.jpg;souz-m.ru (официальный сайт);2026-09-30
Союз-М;Grain;Grain 110;Бежевый;Велюр;полиэстер - 100%;142;410 г/м²;60000;60 000 циклов;Китай;850;;Цена за 1 п/м;Есть в отрез в Москве;https://souz-m.ru/products/grain-110.html;photos/Союз-М/Grain/Grain_110.jpg;https://souz-m.ru/netcat_files/Item/5086/Grain110.jpg;souz-m.ru (официальный сайт);2026-09-30
Союз-М;Grain;Grain 111;Бежевый;Велюр;полиэстер - 100%;142;410 г/м²;60000;60 000 циклов;Китай;850;;Цена за 1 п/м;Есть в отрез в Москве;https://souz-m.ru/products/grain-111.html;photos/Союз-М/Grain/Grain_111.jpg;https://souz-m.ru/netcat_files/Item/5087/Grain111.jpg;souz-m.ru (официальный сайт);2026-09-30
Союз-М;Grain;Grain 190;Коричневый;Велюр;полиэстер - 100%;142;410 г/м²;60000;60 000 циклов;Китай;850;;Цена за 1 п/м;Есть в отрез в Москве;https://souz-m.ru/products/grain-190.html;photos/Союз-М/Grain/Grain_190.jpg;https://souz-m.ru/netcat_files/Item/5088/Grain190.jpg;souz-m.ru (официальный сайт);2026-09-30
Союз-М;Grain;Grain 250;Коричневый;Велюр;полиэстер - 100%;142;410 г/м²;60000;60 000 циклов;Китай;850;;Цена за 1 п/м;Есть в отрез в Москве;https://souz-m.ru/products/grain-250.html;photos/Союз-М/Grain/Grain_250.jpg;https://souz-m.ru/netcat_files/Item/5089/Grain250.jpg;souz-m.ru (официальный сайт);2026-09-30
Союз-М;Grain;Grain 292;Коричневый;Велюр;полиэстер - 100%;142;410 г/м²;60000;60 000 циклов;Китай;850;;Цена за 1 п/м;Есть в отрез в Москве;https://souz-m.ru/products/grain-292.html;photos/Союз-М/Grain/Grain_292.jpg;https://souz-m.ru/netcat_files/Item/5090/Grain292.jpg;souz-m.ru (официальный сайт);2026-09-30
Союз-М;Grain;Grain 397;Красный;Велюр;полиэстер - 100%;142;410 г/м²;60000;60 000 циклов;Китай;850;;Цена за 1 п/м;Есть в отрез в Москве;https://souz-m.ru/products/grain-397.html;photos/Союз-М/Grain/Grain_397.jpg;https://souz-m.ru/netcat_files/Item/5091/Grain397.jpg;souz-m.ru (официальный сайт);2026-09-30
Союз-М;Grain;Grain 422;Оранжевый;Велюр;полиэстер - 100%;142;410 г/м²;60000;60 000 циклов;Китай;850;;Цена за 1 п/м;Есть в отрез в Москве;https://souz-m.ru/products/grain-422.html;photos/Союз-М/Grain/Grain_422.jpg;https://souz-m.ru/netcat_files/Item/5092/Grain422.jpg;souz-m.ru (официальный сайт);2026-09-30
Союз-М;Grain;Grain 511;Желтый;Велюр;полиэстер - 100%;142;410 г/м²;60000;60 000 циклов;Китай;850;;Цена за 1 п/м;Есть в отрез в Москве;https://souz-m.ru/products/grain-511.html;photos/Союз-М/Grain/Grain_511.jpg;https://souz-m.ru/netcat_files/Item/5093/Grain511.jpg;souz-m.ru (официальный сайт);2026-09-30
Союз-М;Grain;Grain 615;Зеленый;Велюр;полиэстер - 100%;142;410 г/м²;60000;60 000 циклов;Китай;850;;Цена за 1 п/м;Есть в отрез в Москве;https://souz-m.ru/products/grain-615.html;photos/Союз-М/Grain/Grain_615.jpg;https://souz-m.ru/netcat_files/Item/5094/Grain615.jpg;souz-m.ru (официальный сайт);2026-09-30
Союз-М;Grain;Grain 626;Зеленый;Велюр;полиэстер - 100%;142;410 г/м²;60000;60 000 циклов;Китай;850;;Цена за 1 п/м;Есть в отрез в Москве;https://souz-m.ru/products/grain-626.html;photos/Союз-М/Grain/Grain_626.jpg;https://souz-m.ru/netcat_files/Item/5095/Grain626.jpg;souz-m.ru (официальный сайт);2026-09-30
Союз-М;Grain;Grain 690;Зеленый;Велюр;полиэстер - 100%;142;410 г/м²;60000;60 000 циклов;Китай;850;;Цена за 1 п/м;Есть в отрез в Москве;https://souz-m.ru/products/grain-690.html;photos/Союз-М/Grain/Grain_690.jpg;https://souz-m.ru/netcat_files/Item/5096/Grain690.jpg;souz-m.ru (официальный сайт);2026-09-30
Союз-М;Grain;Grain 695;Зеленый;Велюр;полиэстер - 100%;142;410 г/м²;60000;60 000 циклов;Китай;850;;Цена за 1 п/м;Есть в отрез в Москве;https://souz-m.ru/products/grain-695.html;photos/Союз-М/Grain/Grain_695.jpg;https://souz-m.ru/netcat_files/Item/5097/Grain695.jpg;souz-m.ru (официальный сайт);2026-09-30
Союз-М;Grain;Grain 702;Синий;Велюр;полиэстер - 100%;142;410 г/м²;60000;60 000 циклов;Китай;850;;Цена за 1 п/м;Есть в отрез в Москве;https://souz-m.ru/products/grain-702.html;photos/Союз-М/Grain/Grain_702.jpg;https://souz-m.ru/netcat_files/Item/5098/Grain702.jpg;souz-m.ru (официальный сайт);2026-09-30
Союз-М;Grain;Grain 771;Синий;Велюр;полиэстер - 100%;142;410 г/м²;60000;60 000 циклов;Китай;850;;Цена за 1 п/м;Есть в отрез в Москве;https://souz-m.ru/products/grain-771.html;photos/Союз-М/Grain/Grain_771.jpg;https://souz-m.ru/netcat_files/Item/5099/Grain771.jpg;souz-m.ru (официальный сайт);2026-09-30
Союз-М;Grain;Grain 788;Синий;Велюр;полиэстер - 100%;142;410 г/м²;60000;60 000 циклов;Китай;850;;Цена за 1 п/м;Есть в отрез в Москве;https://souz-m.ru/products/grain-788.html;photos/Союз-М/Grain/Grain_788.jpg;https://souz-m.ru/netcat_files/Item/5100/Grain788.jpg;souz-m.ru (официальный сайт);2026-09-30
Союз-М;Grain;Grain 900;Серый;Велюр;полиэстер - 100%;142;410 г/м²;60000;60 000 циклов;Китай;850;;Цена за 1 п/м;Есть в отрез в Москве;https://souz-m.ru/products/grain-900.html;photos/Союз-М/Grain/Grain_900.jpg;https://souz-m.ru/netcat_files/Item/5101/Grain900.jpg;souz-m.ru (официальный сайт);2026-09-30
Союз-М;Grain;Grain 930;Серый;Велюр;полиэстер - 100%;142;410 г/м²;60000;60 000 циклов;Китай;850;;Цена за 1 п/м;Есть в отрез в Москве;https://souz-m.ru/products/grain-930.html;photos/Союз-М/Grain/Grain_930.jpg;https://souz-m.ru/netcat_files/Item/5102/Grain930.jpg;souz-m.ru (официальный сайт);2026-09-30
Союз-М;Grain;Grain 992;Серый;Велюр;полиэстер - 100%;142;410 г/м²;60000;60 000 циклов;Китай;850;;Цена за 1 п/м;Есть в отрез в Москве;https://souz-m.ru/products/grain-992.html;photos/Союз-М/Grain/Grain_992.jpg;https://souz-m.ru/netcat_files/Item/5103/Grain992.jpg;souz-m.ru (официальный сайт);2026-09-30
Союз-М;Grain;Grain 995;Серый;Велюр;полиэстер - 100%;142;410 г/м²;60000;60 000 циклов;Китай;850;;Цена за 1 п/м;Есть в отрез в Москве;https://souz-m.ru/products/grain-995.html;photos/Союз-М/Grain/Grain_995.jpg;https://souz-m.ru/netcat_files/Item/5104/Grain995.jpg;souz-m.ru (официальный сайт);2026-09-30
Союз-М;Grain;Grain 997;Серый;Велюр;полиэстер - 100%;142;410 г/м²;60000;60 000 циклов;Китай;850;;Цена за 1 п/м;Есть в отрез в Москве;https://souz-m.ru/products/grain-997.html;photos/Союз-М/Grain/Grain_997.jpg;https://souz-m.ru/netcat_files/Item/5105/Grain997.jpg;souz-m.ru (официальный сайт);2026-09-30
Союз-М;Grand;Grand 111;Бежевый;Велюр;полиэстер - 100%;143;401,2 г/м²;73000;73 000 циклов;Китай;760;;Цена за 1 п/м;Есть в отрез в Москве;https://souz-m.ru/products/grand-111.html;photos/Союз-М/Grand/Grand_111.jpg;https://souz-m.ru/netcat_files/Item/3556/grand111.jpg;souz-m.ru (официальный сайт);2026-09-30
Союз-М;Grand;Grand 134;Бежевый;Велюр;полиэстер - 100%;143;401,2 г/м²;73000;73 000 циклов;Китай;760;;Цена за 1 п/м;Есть в отрез в Москве;https://souz-m.ru/products/grand-134.html;photos/Союз-М/Grand/Grand_134.jpg;https://souz-m.ru/netcat_files/Item/3557/grand134.jpg;souz-m.ru (официальный сайт);2026-09-30
Союз-М;Grand;Grand 220;Бежевый;Велюр;полиэстер - 100%;143;401,2 г/м²;73000;73 000 циклов;Китай;550;;Оптовая цена за 1 п/м;Нет в отрез в Москве Уточняйте у менеджера;https://souz-m.ru/products/grand-220.html;photos/Союз-М/Grand/Grand_220.jpg;https://souz-m.ru/netcat_files/Item/3558/grand220.jpg;souz-m.ru (официальный сайт);2026-09-30
Союз-М;Grand;Grand 224;Бежевый;Велюр;полиэстер - 100%;143;401,2 г/м²;73000;73 000 циклов;Китай;550;;Оптовая цена за 1 п/м;Нет в отрез в Москве Уточняйте у менеджера;https://souz-m.ru/products/grand-224.html;photos/Союз-М/Grand/Grand_224.jpg;https://souz-m.ru/netcat_files/Item/3559/grand224.jpg;souz-m.ru (официальный сайт);2026-09-30
Союз-М;Grand;Grand 230;Бежевый;Велюр;полиэстер - 100%;143;401,2 г/м²;73000;73 000 циклов;Китай;760;;Цена за 1 п/м;Есть в отрез в Москве;https://souz-m.ru/products/grand-230.html;photos/Союз-М/Grand/Grand_230.jpg;https://souz-m.ru/netcat_files/Item/3560/grand230.jpg;souz-m.ru (официальный сайт);2026-09-30
Союз-М;Grand;Grand 233;Бежевый, Коричневый;Велюр;полиэстер - 100%;143;401,2 г/м²;73000;73 000 циклов;Китай;760;;Цена за 1 п/м;Есть в отрез в Москве;https://souz-m.ru/products/grand-233.html;photos/Союз-М/Grand/Grand_233.jpg;https://souz-m.ru/netcat_files/Item/3561/grand233.jpg;souz-m.ru (официальный сайт);2026-09-30
Союз-М;Grand;Grand 235;Коричневый;Велюр;полиэстер - 100%;143;401,2 г/м²;73000;73 000 циклов;Китай;760;;Цена за 1 п/м;Есть в отрез в Москве;https://souz-m.ru/products/grand-235.html;photos/Союз-М/Grand/Grand_235.jpg;https://souz-m.ru/netcat_files/Item/3562/grand235.jpg;souz-m.ru (официальный сайт);2026-09-30
Союз-М;Grand;Grand 236;Коричневый;Велюр;полиэстер - 100%;143;401,2 г/м²;73000;73 000 циклов;Китай;760;;Цена за 1 п/м;Есть в отрез в Москве;https://souz-m.ru/products/grand-236.html;photos/Союз-М/Grand/Grand_236.jpg;https://souz-m.ru/netcat_files/Item/3563/grand236.jpg;souz-m.ru (официальный сайт);2026-09-30
Союз-М;Grand;Grand 375;Фиолетовый;Велюр;полиэстер - 100%;143;401,2 г/м²;73000;73 000 циклов;Китай;760;;Цена за 1 п/м;Нет в отрез в Москве Уточняйте у менеджера;https://souz-m.ru/products/grand-375.html;photos/Союз-М/Grand/Grand_375.jpg;https://souz-m.ru/netcat_files/Item/3564/grand375.jpg;souz-m.ru (официальный сайт);2026-09-30
Союз-М;Grand;Grand 385;Фиолетовый;Велюр;полиэстер - 100%;143;401,2 г/м²;73000;73 000 циклов;Китай;760;;Цена за 1 п/м;Есть в отрез в Москве;https://souz-m.ru/products/grand-385.html;photos/Союз-М/Grand/Grand_385.jpg;https://souz-m.ru/netcat_files/Item/3565/grand385.jpg;souz-m.ru (официальный сайт);2026-09-30
Союз-М;Grand;Grand 390;Красный, Розовый;Велюр;полиэстер - 100%;143;401,2 г/м²;73000;73 000 циклов;Китай;550;;Оптовая цена за 1 п/м;Есть в отрез в Москве;https://souz-m.ru/products/grand-390.html;photos/Союз-М/Grand/Grand_390.jpg;https://souz-m.ru/netcat_files/Item/3566/grand390.jpg;souz-m.ru (официальный сайт);2026-09-30
Союз-М;Grand;Grand 414;Оранжевый;Велюр;полиэстер - 100%;143;401,2 г/м²;73000;73 000 циклов;Китай;760;;Цена за 1 п/м;Нет в отрез в Москве Уточняйте у менеджера;https://souz-m.ru/products/grand-414.html;photos/Союз-М/Grand/Grand_414.jpg;https://souz-m.ru/netcat_files/Item/3567/grand414.jpg;souz-m.ru (официальный сайт);2026-09-30
Союз-М;Grand;Grand 426;Оранжевый;Велюр;полиэстер - 100%;143;401,2 г/м²;73000;73 000 циклов;Китай;760;;Цена за 1 п/м;Есть в отрез в Москве;https://souz-m.ru/products/grand-426.html;photos/Союз-М/Grand/Grand_426.jpg;https://souz-m.ru/netcat_files/Item/3568/grand426.jpg;souz-m.ru (официальный сайт);2026-09-30
Союз-М;Grand;Grand 494;Оранжевый;Велюр;полиэстер - 100%;143;401,2 г/м²;73000;73 000 циклов;Китай;760;;Цена за 1 п/м;Есть в отрез в Москве;https://souz-m.ru/products/grand-494.html;photos/Союз-М/Grand/Grand_494.jpg;https://souz-m.ru/netcat_files/Item/3569/grand494.jpg;souz-m.ru (официальный сайт);2026-09-30
Союз-М;Grand;Grand 525;Желтый;Велюр;полиэстер - 100%;143;401,2 г/м²;73000;73 000 циклов;Китай;550;;Оптовая цена за 1 п/м;Есть в отрез в Москве;https://souz-m.ru/products/grand-525.html;photos/Союз-М/Grand/Grand_525.jpg;https://souz-m.ru/netcat_files/Item/3570/grand525.jpg;souz-m.ru (официальный сайт);2026-09-30
Союз-М;Grand;Grand 560;Желтый;Велюр;полиэстер - 100%;143;401,2 г/м²;73000;73 000 циклов;Китай;550;;Оптовая цена за 1 п/м;Нет в отрез в Москве Уточняйте у менеджера;https://souz-m.ru/products/grand-560.html;photos/Союз-М/Grand/Grand_560.jpg;https://souz-m.ru/netcat_files/Item/3571/grand560.jpg;souz-m.ru (официальный сайт);2026-09-30
Союз-М;Grand;Grand 657;Зеленый;Велюр;полиэстер - 100%;143;401,2 г/м²;73000;73 000 циклов;Китай;760;;Цена за 1 п/м;Есть в отрез в Москве;https://souz-m.ru/products/grand-657.html;photos/Союз-М/Grand/Grand_657.jpg;https://souz-m.ru/netcat_files/Item/3572/grand657.jpg;souz-m.ru (официальный сайт);2026-09-30
Союз-М;Grand;Grand 675;Зеленый;Велюр;полиэстер - 100%;143;401,2 г/м²;73000;73 000 циклов;Китай;550;;Оптовая цена за 1 п/м;Нет в отрез в Москве Уточняйте у менеджера;https://souz-m.ru/products/grand-675.html;photos/Союз-М/Grand/Grand_675.jpg;https://souz-m.ru/netcat_files/Item/3573/grand675.jpg;souz-m.ru (официальный сайт);2026-09-30
Союз-М;Grand;Grand 678;Зеленый;Велюр;полиэстер - 100%;143;401,2 г/м²;73000;73 000 циклов;Китай;760;;Оптовая цена за 1 п/м;Есть в отрез в Москве;https://souz-m.ru/products/grand-678.html;photos/Союз-М/Grand/Grand_678.jpg;https://souz-m.ru/netcat_files/Item/3574/grand678.jpg;souz-m.ru (официальный сайт);2026-09-30
Союз-М;Grand;Grand 698;Зеленый;Велюр;полиэстер - 100%;143;401,2 г/м²;73000;73 000 циклов;Китай;760;;Оптовая цена за 1 п/м;Есть в отрез в Москве;https://souz-m.ru/products/grand-698.html;photos/Союз-М/Grand/Grand_698.jpg;https://souz-m.ru/netcat_files/Item/3575/grand698.jpg;souz-m.ru (официальный сайт);2026-09-30
Союз-М;Grand;Grand 755;Синий;Велюр;полиэстер - 100%;143;401,2 г/м²;73000;73 000 циклов;Китай;550;;Оптовая цена за 1 п/м;Есть в отрез в Москве;https://souz-m.ru/products/grand-755.html;photos/Союз-М/Grand/Grand_755.jpg;https://souz-m.ru/netcat_files/Item/3576/grand755_570x480.jpg;souz-m.ru (официальный сайт);2026-09-30
Союз-М;Grand;Grand 785;Синий;Велюр;полиэстер - 100%;143;401,2 г/м²;73000;73 000 циклов;Китай;550;;Оптовая цена за 1 п/м;Есть в отрез в Москве;https://souz-m.ru/products/grand-785.html;photos/Союз-М/Grand/Grand_785.jpg;https://souz-m.ru/netcat_files/Item/3577/grand785.jpg;souz-m.ru (официальный сайт);2026-09-30
Союз-М;Grand;Grand 794;Синий;Велюр;полиэстер - 100%;143;401,2 г/м²;73000;73 000 циклов;Китай;760;;Цена за 1 п/м;Есть в отрез в Москве;https://souz-m.ru/products/grand-794.html;photos/Союз-М/Grand/Grand_794.jpg;https://souz-m.ru/netcat_files/Item/3578/grand794.jpg;souz-m.ru (официальный сайт);2026-09-30
Союз-М;Grand;Grand 900;Серый;Велюр;полиэстер - 100%;143;401,2 г/м²;73000;73 000 циклов;Китай;550;;Оптовая цена за 1 п/м;Нет в отрез в Москве Уточняйте у менеджера;https://souz-m.ru/products/grand-900.html;photos/Союз-М/Grand/Grand_900.jpg;https://souz-m.ru/netcat_files/Item/3579/grand900.jpg;souz-m.ru (официальный сайт);2026-09-30
Союз-М;Grand;Grand 902;Серый;Велюр;полиэстер - 100%;143;401,2 г/м²;73000;73 000 циклов;Китай;760;;Цена за 1 п/м;Есть в отрез в Москве;https://souz-m.ru/products/grand-902.html;photos/Союз-М/Grand/Grand_902.jpg;https://souz-m.ru/netcat_files/Item/3580/grand902.jpg;souz-m.ru (официальный сайт);2026-09-30
Союз-М;Grand;Grand 920;Бежевый, Серый;Велюр;полиэстер - 100%;143;401,2 г/м²;73000;73 000 циклов;Китай;550;;Оптовая цена за 1 п/м;Нет в отрез в Москве Уточняйте у менеджера;https://souz-m.ru/products/grand-920.html;photos/Союз-М/Grand/Grand_920.jpg;https://souz-m.ru/netcat_files/Item/3581/grand920.jpg;souz-m.ru (официальный сайт);2026-09-30
Союз-М;Grand;Grand 965;Серый;Велюр;полиэстер - 100%;143;401,2 г/м²;73000;73 000 циклов;Китай;760;;Цена за 1 п/м;Есть в отрез в Москве;https://souz-m.ru/products/grand-965.html;photos/Союз-М/Grand/Grand_965.jpg;https://souz-m.ru/netcat_files/Item/3582/grand965.jpg;souz-m.ru (официальный сайт);2026-09-30
Союз-М;Grand;Grand 970;Серый;Велюр;полиэстер - 100%;143;401,2 г/м²;73000;73 000 циклов;Китай;760;;Оптовая цена за 1 п/м;Есть в отрез в Москве;https://souz-m.ru/products/grand-970.html;photos/Союз-М/Grand/Grand_970.jpg;https://souz-m.ru/netcat_files/Item/3583/grand970.jpg;souz-m.ru (официальный сайт);2026-09-30
Союз-М;Grand;Grand 975;Серый;Велюр;полиэстер - 100%;143;401,2 г/м²;73000;73 000 циклов;Китай;760;;Цена за 1 п/м;Есть в отрез в Москве;https://souz-m.ru/products/grand-975.html;photos/Союз-М/Grand/Grand_975.jpg;https://souz-m.ru/netcat_files/Item/3584/grand975.jpg;souz-m.ru (официальный сайт);2026-09-30
Союз-М;Grand;Grand 994;Серый;Велюр;полиэстер - 100%;143;401,2 г/м²;73000;73 000 циклов;Китай;760;;Цена за 1 п/м;Есть в отрез в Москве;https://souz-m.ru/products/grand-994.html;photos/Союз-М/Grand/Grand_994.jpg;https://souz-m.ru/netcat_files/Item/3585/grand994.jpg;souz-m.ru (официальный сайт);2026-09-30
Союз-М;Happy;Happy 102;Белый;Велюр;полиэстер - 100%;142;293,4 г/м²;40000;40 000 циклов;Китай;760;;Цена за 1 п/м;Есть в отрез в Москве;https://souz-m.ru/products/happy-102.html;photos/Союз-М/Happy/Happy_102.jpg;https://souz-m.ru/netcat_files/Item/3586/happy102.jpg;souz-m.ru (официальный сайт);2026-09-30
Союз-М;Happy;Happy 130;Бежевый;Велюр;полиэстер - 100%;142;293,4 г/м²;40000;40 000 циклов;Китай;760;;Цена за 1 п/м;Есть в отрез в Москве;https://souz-m.ru/products/happy-130.html;photos/Союз-М/Happy/Happy_130.jpg;https://souz-m.ru/netcat_files/Item/3587/happy130.jpg;souz-m.ru (официальный сайт);2026-09-30
Союз-М;Happy;Happy 230;Бежевый;Велюр;полиэстер - 100%;142;293,4 г/м²;40000;40 000 циклов;Китай;760;;Цена за 1 п/м;Есть в отрез в Москве;https://souz-m.ru/products/happy-230.html;photos/Союз-М/Happy/Happy_230.jpg;https://souz-m.ru/netcat_files/Item/3588/happy230.jpg;souz-m.ru (официальный сайт);2026-09-30
Союз-М;Happy;Happy 233;Бежевый;Велюр;полиэстер - 100%;142;293,4 г/м²;40000;40 000 циклов;Китай;760;;Цена за 1 п/м;Есть в отрез в Москве;https://souz-m.ru/products/happy-233.html;photos/Союз-М/Happy/Happy_233.jpg;https://souz-m.ru/netcat_files/Item/3589/happy233.jpg;souz-m.ru (официальный сайт);2026-09-30
Союз-М;Happy;Happy 237;Коричневый;Велюр;полиэстер - 100%;142;293,4 г/м²;40000;40 000 циклов;Китай;760;;Цена за 1 п/м;Нет в отрез в Москве Уточняйте у менеджера;https://souz-m.ru/products/happy-237.html;photos/Союз-М/Happy/Happy_237.jpg;https://souz-m.ru/netcat_files/Item/3590/happy237.jpg;souz-m.ru (официальный сайт);2026-09-30
Союз-М;Happy;Happy 238;Коричневый;Велюр;полиэстер - 100%;142;293,4 г/м²;40000;40 000 циклов;Китай;760;;Цена за 1 п/м;Нет в отрез в Москве Уточняйте у менеджера;https://souz-m.ru/products/happy-238.html;photos/Союз-М/Happy/Happy_238.jpg;https://souz-m.ru/netcat_files/Item/3591/happy238.jpg;souz-m.ru (официальный сайт);2026-09-30
Союз-М;Happy;Happy 297;Коричневый;Велюр;полиэстер - 100%;142;293,4 г/м²;40000;40 000 циклов;Китай;760;;Цена за 1 п/м;Есть в отрез в Москве;https://souz-m.ru/products/happy-297.html;photos/Союз-М/Happy/Happy_297.jpg;https://souz-m.ru/netcat_files/Item/3592/happy297.jpg;souz-m.ru (официальный сайт);2026-09-30
Союз-М;Happy;Happy 315;Красный, Розовый;Велюр;полиэстер - 100%;142;293,4 г/м²;40000;40 000 циклов;Китай;760;;Цена за 1 п/м;Есть в отрез в Москве;https://souz-m.ru/products/happy-315.html;photos/Союз-М/Happy/Happy_315.jpg;https://souz-m.ru/netcat_files/Item/3593/happy315.jpg;souz-m.ru (официальный сайт);2026-09-30
Союз-М;Happy;Happy 380;Фиолетовый;Велюр;полиэстер - 100%;142;293,4 г/м²;40000;40 000 циклов;Китай;760;;Цена за 1 п/м;Есть в отрез в Москве;https://souz-m.ru/products/happy-380.html;photos/Союз-М/Happy/Happy_380.jpg;https://souz-m.ru/netcat_files/Item/3594/happy380.jpg;souz-m.ru (официальный сайт);2026-09-30
Союз-М;Happy;Happy 437;Оранжевый;Велюр;полиэстер - 100%;142;293,4 г/м²;40000;40 000 циклов;Китай;760;;Цена за 1 п/м;Есть в отрез в Москве;https://souz-m.ru/products/happy-437.html;photos/Союз-М/Happy/Happy_437.jpg;https://souz-m.ru/netcat_files/Item/3595/happy437.jpg;souz-m.ru (официальный сайт);2026-09-30
Союз-М;Happy;Happy 560;Желтый;Велюр;полиэстер - 100%;142;293,4 г/м²;40000;40 000 циклов;Китай;760;;Цена за 1 п/м;Есть в отрез в Москве;https://souz-m.ru/products/happy-560.html;photos/Союз-М/Happy/Happy_560.jpg;https://souz-m.ru/netcat_files/Item/3596/happy560.jpg;souz-m.ru (официальный сайт);2026-09-30
Союз-М;Happy;Happy 673;Зеленый;Велюр;полиэстер - 100%;142;293,4 г/м²;40000;40 000 циклов;Китай;760;;Цена за 1 п/м;Есть в отрез в Москве;https://souz-m.ru/products/happy-673.html;photos/Союз-М/Happy/Happy_673.jpg;https://souz-m.ru/netcat_files/Item/3597/happy673.jpg;souz-m.ru (официальный сайт);2026-09-30
Союз-М;Happy;Happy 690;Зеленый;Велюр;полиэстер - 100%;142;293,4 г/м²;40000;40 000 циклов;Китай;760;;Цена за 1 п/м;Есть в отрез в Москве;https://souz-m.ru/products/happy-690.html;photos/Союз-М/Happy/Happy_690.jpg;https://souz-m.ru/netcat_files/Item/3598/happy690.jpg;souz-m.ru (официальный сайт);2026-09-30
Союз-М;Happy;Happy 695;Зеленый;Велюр;полиэстер - 100%;142;293,4 г/м²;40000;40 000 циклов;Китай;760;;Цена за 1 п/м;Есть в отрез в Москве;https://souz-m.ru/products/happy-695.html;photos/Союз-М/Happy/Happy_695.jpg;https://souz-m.ru/netcat_files/Item/3599/happy695.jpg;souz-m.ru (официальный сайт);2026-09-30
Союз-М;Happy;Happy 697;Зеленый;Велюр;полиэстер - 100%;142;293,4 г/м²;40000;40 000 циклов;Китай;760;;Цена за 1 п/м;Есть в отрез в Москве;https://souz-m.ru/products/happy-697.html;photos/Союз-М/Happy/Happy_697.jpg;https://souz-m.ru/netcat_files/Item/3600/happy697.jpg;souz-m.ru (официальный сайт);2026-09-30
Союз-М;Happy;Happy 769;Синий;Велюр;полиэстер - 100%;142;293,4 г/м²;40000;40 000 циклов;Китай;760;;Оптовая цена за 1 п/м;Есть в отрез в Москве;https://souz-m.ru/products/happy-769.html;photos/Союз-М/Happy/Happy_769.jpg;https://souz-m.ru/netcat_files/Item/3601/happy769.jpg;souz-m.ru (официальный сайт);2026-09-30
Союз-М;Happy;Happy 784;Синий;Велюр;полиэстер - 100%;142;293,4 г/м²;40000;40 000 циклов;Китай;760;;Цена за 1 п/м;Есть в отрез в Москве;https://souz-m.ru/products/happy-784.html;photos/Союз-М/Happy/Happy_784.jpg;https://souz-m.ru/netcat_files/Item/3602/happy784.jpg;souz-m.ru (официальный сайт);2026-09-30
Союз-М;Happy;Happy 789;Синий;Велюр;полиэстер - 100%;142;293,4 г/м²;40000;40 000 циклов;Китай;760;;Цена за 1 п/м;Есть в отрез в Москве;https://souz-m.ru/products/happy-789.html;photos/Союз-М/Happy/Happy_789.jpg;https://souz-m.ru/netcat_files/Item/3603/happy789.jpg;souz-m.ru (официальный сайт);2026-09-30
Союз-М;Happy;Happy 792;Синий;Велюр;полиэстер - 100%;142;293,4 г/м²;40000;40 000 циклов;Китай;760;;Цена за 1 п/м;Есть в отрез в Москве;https://souz-m.ru/products/happy-792.html;photos/Союз-М/Happy/Happy_792.jpg;https://souz-m.ru/netcat_files/Item/3604/happy792.jpg;souz-m.ru (официальный сайт);2026-09-30
Союз-М;Happy;Happy 900;Серый;Велюр;полиэстер - 100%;142;293,4 г/м²;40000;40 000 циклов;Китай;760;;Цена за 1 п/м;Есть в отрез в Москве;https://souz-m.ru/products/happy-900.html;photos/Союз-М/Happy/Happy_900.jpg;https://souz-m.ru/netcat_files/Item/3605/happy900.jpg;souz-m.ru (официальный сайт);2026-09-30
Союз-М;Happy;Happy 927;Серый;Велюр;полиэстер - 100%;142;293,4 г/м²;40000;40 000 циклов;Китай;760;;Цена за 1 п/м;Есть в отрез в Москве;https://souz-m.ru/products/happy-927.html;photos/Союз-М/Happy/Happy_927.jpg;https://souz-m.ru/netcat_files/Item/3606/happy927.jpg;souz-m.ru (официальный сайт);2026-09-30
Союз-М;Happy;Happy 938;Серый;Велюр;полиэстер - 100%;142;293,4 г/м²;40000;40 000 циклов;Китай;760;;Оптовая цена за 1 п/м;Есть в отрез в Москве;https://souz-m.ru/products/happy-938.html;photos/Союз-М/Happy/Happy_938.jpg;https://souz-m.ru/netcat_files/Item/3607/happy938.jpg;souz-m.ru (официальный сайт);2026-09-30
Союз-М;Happy;Happy 972;Серый;Велюр;полиэстер - 100%;142;293,4 г/м²;40000;40 000 циклов;Китай;760;;Оптовая цена за 1 п/м;Есть в отрез в Москве;https://souz-m.ru/products/happy-972.html;photos/Союз-М/Happy/Happy_972.jpg;https://souz-m.ru/netcat_files/Item/3608/happy972.jpg;souz-m.ru (официальный сайт);2026-09-30
Союз-М;Happy;Happy 975;Серый;Велюр;полиэстер - 100%;142;293,4 г/м²;40000;40 000 циклов;Китай;760;;Цена за 1 п/м;Есть в отрез в Москве;https://souz-m.ru/products/happy-975.html;photos/Союз-М/Happy/Happy_975.jpg;https://souz-m.ru/netcat_files/Item/3609/happy975.jpg;souz-m.ru (официальный сайт);2026-09-30
Союз-М;Happy;Happy 980;Серый;Велюр;полиэстер - 100%;142;293,4 г/м²;40000;40 000 циклов;Китай;760;;Цена за 1 п/м;Есть в отрез в Москве;https://souz-m.ru/products/happy-980.html;photos/Союз-М/Happy/Happy_980.jpg;https://souz-m.ru/netcat_files/Item/3610/happy980.jpg;souz-m.ru (официальный сайт);2026-09-30
Союз-М;Happy;Happy 996;Серый;Велюр;полиэстер - 100%;142;293,4 г/м²;40000;40 000 циклов;Китай;760;;Цена за 1 п/м;Есть в отрез в Москве;https://souz-m.ru/products/happy-996.html;photos/Союз-М/Happy/Happy_996.jpg;https://souz-m.ru/netcat_files/Item/3611/happy996.jpg;souz-m.ru (официальный сайт);2026-09-30
Союз-М;Happy;Happy 999;Черный;Велюр;полиэстер - 100%;142;293,4 г/м²;40000;40 000 циклов;Китай;760;;Цена за 1 п/м;Есть в отрез в Москве;https://souz-m.ru/products/happy-999.html;photos/Союз-М/Happy/Happy_999.jpg;https://souz-m.ru/netcat_files/Item/3612/happy999.jpg;souz-m.ru (официальный сайт);2026-09-30
Союз-М;Hope;Hope 01;Бежевый;Велюр;полиэстер - 100%;145;339,3 г/м²;70000;70 000 циклов;Китай;400;;Оптовая цена за 1 п/м;Нет в отрез в Москве Уточняйте у менеджера;https://souz-m.ru/products/hope-01.html;photos/Союз-М/Hope/Hope_01.jpg;https://souz-m.ru/netcat_files/Item/2896/hope01.jpg;souz-m.ru (официальный сайт);2026-09-30
Союз-М;Hope;Hope 02;Бежевый;Велюр;полиэстер - 100%;145;339,3 г/м²;70000;70 000 циклов;Китай;900;;Оптовая цена за 1 п/м;Есть в отрез в Москве;https://souz-m.ru/products/hope-02.html;photos/Союз-М/Hope/Hope_02.jpg;https://souz-m.ru/netcat_files/Item/2897/hope02.jpg;souz-m.ru (официальный сайт);2026-09-30
Союз-М;Hope;Hope 03;Бежевый;Велюр;полиэстер - 100%;145;339,3 г/м²;70000;70 000 циклов;Китай;400;;Оптовая цена за 1 п/м;Нет в отрез в Москве Уточняйте у менеджера;https://souz-m.ru/products/hope-03.html;photos/Союз-М/Hope/Hope_03.jpg;https://souz-m.ru/netcat_files/Item/2898/hope03.jpg;souz-m.ru (официальный сайт);2026-09-30
Союз-М;Hope;Hope 04;Бежевый, Коричневый;Велюр;полиэстер - 100%;145;339,3 г/м²;70000;70 000 циклов;Китай;900;;Цена за 1 п/м;Нет в отрез в Москве Уточняйте у менеджера;https://souz-m.ru/products/hope-04.html;photos/Союз-М/Hope/Hope_04.jpg;https://souz-m.ru/netcat_files/Item/2899/hope04.jpg;souz-m.ru (официальный сайт);2026-09-30
Союз-М;Hope;Hope 05;Коричневый;Велюр;полиэстер - 100%;145;339,3 г/м²;70000;70 000 циклов;Китай;900;;Оптовая цена за 1 п/м;Нет в отрез в Москве Уточняйте у менеджера;https://souz-m.ru/products/hope-05.html;photos/Союз-М/Hope/Hope_05.jpg;https://souz-m.ru/netcat_files/Item/2900/hope05.jpg;souz-m.ru (официальный сайт);2026-09-30
Союз-М;Hope;Hope 06;Коричневый;Велюр;полиэстер - 100%;145;339,3 г/м²;70000;70 000 циклов;Китай;900;;Цена за 1 п/м;Нет в отрез в Москве Уточняйте у менеджера;https://souz-m.ru/products/hope-06.html;photos/Союз-М/Hope/Hope_06.jpg;https://souz-m.ru/netcat_files/Item/2901/hope06.jpg;souz-m.ru (официальный сайт);2026-09-30
Союз-М;Hope;Hope 07;Коричневый;Велюр;полиэстер - 100%;145;339,3 г/м²;70000;70 000 циклов;Китай;900;;Цена за 1 п/м;Нет в отрез в Москве Уточняйте у менеджера;https://souz-m.ru/products/hope-07.html;photos/Союз-М/Hope/Hope_07.jpg;https://souz-m.ru/netcat_files/Item/2902/hope07.jpg;souz-m.ru (официальный сайт);2026-09-30
Союз-М;Hope;Hope 08;Серый;Велюр;полиэстер - 100%;145;339,3 г/м²;70000;70 000 циклов;Китай;900;;Цена за 1 п/м;Есть в отрез в Москве;https://souz-m.ru/products/hope-08.html;photos/Союз-М/Hope/Hope_08.jpg;https://souz-m.ru/netcat_files/Item/2903/hope08.jpg;souz-m.ru (официальный сайт);2026-09-30
Союз-М;Hope;Hope 09;Серый;Велюр;полиэстер - 100%;145;339,3 г/м²;70000;70 000 циклов;Китай;900;;Цена за 1 п/м;Нет в отрез в Москве Уточняйте у менеджера;https://souz-m.ru/products/hope-09.html;photos/Союз-М/Hope/Hope_09.jpg;https://souz-m.ru/netcat_files/Item/2904/hope09.jpg;souz-m.ru (официальный сайт);2026-09-30
Союз-М;Hope;Hope 10;Синий;Велюр;полиэстер - 100%;145;339,3 г/м²;70000;70 000 циклов;Китай;900;;Оптовая цена за 1 п/м;Есть в отрез в Москве;https://souz-m.ru/products/hope-10.html;photos/Союз-М/Hope/Hope_10.jpg;https://souz-m.ru/netcat_files/Item/2905/hope10.jpg;souz-m.ru (официальный сайт);2026-09-30
Союз-М;Hope;Hope 11;Зеленый;Велюр;полиэстер - 100%;145;339,3 г/м²;70000;70 000 циклов;Китай;900;;Цена за 1 п/м;Нет в отрез в Москве Уточняйте у менеджера;https://souz-m.ru/products/hope-11.html;photos/Союз-М/Hope/Hope_11.jpg;https://souz-m.ru/netcat_files/Item/2906/hope11.jpg;souz-m.ru (официальный сайт);2026-09-30
Союз-М;Hope;Hope 13;Зеленый;Велюр;полиэстер - 100%;145;339,3 г/м²;70000;70 000 циклов;Китай;900;;Цена за 1 п/м;Нет в отрез в Москве Уточняйте у менеджера;https://souz-m.ru/products/hope-13.html;photos/Союз-М/Hope/Hope_13.jpg;https://souz-m.ru/netcat_files/Item/2908/hope13.jpg;souz-m.ru (официальный сайт);2026-09-30
Союз-М;Hope;Hope 14;Красный;Велюр;полиэстер - 100%;145;339,3 г/м²;70000;70 000 циклов;Китай;250;;Оптовая цена за 1 п/м;Есть в отрез в Москве;https://souz-m.ru/products/hope-14.html;photos/Союз-М/Hope/Hope_14.jpg;https://souz-m.ru/netcat_files/Item/2909/hope14.jpg;souz-m.ru (официальный сайт);2026-09-30
Союз-М;Hope;Hope 15;Фиолетовый;Велюр;полиэстер - 100%;145;339,3 г/м²;70000;70 000 циклов;Китай;400;;Оптовая цена за 1 п/м;Нет в отрез в Москве Уточняйте у менеджера;https://souz-m.ru/products/hope-15.html;photos/Союз-М/Hope/Hope_15.jpg;https://souz-m.ru/netcat_files/Item/2910/hope15.jpg;souz-m.ru (официальный сайт);2026-09-30
Союз-М;Kaleidoscope;Kaleidoscope 31;Зеленый;Велюр;полиэстер - 100%;142;284,4 г/м²;26000;26 000 циклов;Китай;550;;Цена за 1 п/м;Есть в отрез в Москве;https://souz-m.ru/products/kaleidoscope-31.html;photos/Союз-М/Kaleidoscope/Kaleidoscope_31.jpg;https://souz-m.ru/netcat_files/Item/3046/kaleidoscope31.jpg;souz-m.ru (официальный сайт);2026-09-30
Союз-М;Kaleidoscope;Kaleidoscope 33;Зеленый;Велюр;полиэстер - 100%;142;284,4 г/м²;26000;26 000 циклов;Китай;550;;Оптовая цена за 1 п/м;Есть в отрез в Москве;https://souz-m.ru/products/kaleidoscope-33.html;photos/Союз-М/Kaleidoscope/Kaleidoscope_33.jpg;https://souz-m.ru/netcat_files/Item/3048/kaleidoscope33.jpg;souz-m.ru (официальный сайт);2026-09-30
Союз-М;Kashemir;Kashemir 117;Бежевый;Велюр;полиэстер - 100%;142;251,5 г/м²;60000;60 000 циклов;Китай;680;;Цена за 1 п/м;Есть в отрез в Москве;https://souz-m.ru/products/kashemir-117.html;photos/Союз-М/Kashemir/Kashemir_117.jpg;https://souz-m.ru/netcat_files/Item/3294/kashemir117.jpg;souz-m.ru (официальный сайт);2026-09-30
Союз-М;Kashemir;Kashemir 135;Бежевый;Велюр;полиэстер - 100%;142;251,5 г/м²;60000;60 000 циклов;Китай;680;;Цена за 1 п/м;Есть в отрез в Москве;https://souz-m.ru/products/kashemir-135.html;photos/Союз-М/Kashemir/Kashemir_135.jpg;https://souz-m.ru/netcat_files/Item/3295/kashemir135.jpg;souz-m.ru (официальный сайт);2026-09-30
Союз-М;Kashemir;Kashemir 230;Коричневый;Велюр;полиэстер - 100%;142;251,5 г/м²;60000;60 000 циклов;Китай;680;;Цена за 1 п/м;Есть в отрез в Москве;https://souz-m.ru/products/kashemir-230.html;photos/Союз-М/Kashemir/Kashemir_230.jpg;https://souz-m.ru/netcat_files/Item/3296/kashemir230.jpg;souz-m.ru (официальный сайт);2026-09-30
Союз-М;Kashemir;Kashemir 234;Коричневый;Велюр;полиэстер - 100%;142;251,5 г/м²;60000;60 000 циклов;Китай;680;;Цена за 1 п/м;Есть в отрез в Москве;https://souz-m.ru/products/kashemir-234.html;photos/Союз-М/Kashemir/Kashemir_234.jpg;https://souz-m.ru/netcat_files/Item/3297/kashemir234.jpg;souz-m.ru (официальный сайт);2026-09-30
Союз-М;Kashemir;Kashemir 290;Коричневый;Велюр;полиэстер - 100%;142;251,5 г/м²;60000;60 000 циклов;Китай;680;;Цена за 1 п/м;Есть в отрез в Москве;https://souz-m.ru/products/kashemir-290.html;photos/Союз-М/Kashemir/Kashemir_290.jpg;https://souz-m.ru/netcat_files/Item/3298/kashemir290.jpg;souz-m.ru (официальный сайт);2026-09-30
Союз-М;Kashemir;Kashemir 435;Оранжевый;Велюр;полиэстер - 100%;142;251,5 г/м²;60000;60 000 циклов;Китай;680;;Цена за 1 п/м;Есть в отрез в Москве;https://souz-m.ru/products/kashemir-435.html;photos/Союз-М/Kashemir/Kashemir_435.jpg;https://souz-m.ru/netcat_files/Item/3299/kashemir435.jpg;souz-m.ru (официальный сайт);2026-09-30
Союз-М;Kashemir;Kashemir 672;Зеленый;Велюр;полиэстер - 100%;142;251,5 г/м²;60000;60 000 циклов;Китай;450;;Оптовая цена за 1 п/м;Есть в отрез в Москве;https://souz-m.ru/products/kashemir-672.html;photos/Союз-М/Kashemir/Kashemir_672.jpg;https://souz-m.ru/netcat_files/Item/3300/kashemir672.jpg;souz-m.ru (официальный сайт);2026-09-30
Союз-М;Kashemir;Kashemir 796;Синий;Велюр;полиэстер - 100%;142;251,5 г/м²;60000;60 000 циклов;Китай;680;;Оптовая цена за 1 п/м;Есть в отрез в Москве;https://souz-m.ru/products/kashemir-796.html;photos/Союз-М/Kashemir/Kashemir_796.jpg;https://souz-m.ru/netcat_files/Item/3301/kashemir796.jpg;souz-m.ru (официальный сайт);2026-09-30
Союз-М;Kashemir;Kashemir 810;Красный;Велюр;полиэстер - 100%;142;251,5 г/м²;60000;60 000 циклов;Китай;680;;Оптовая цена за 1 п/м;Есть в отрез в Москве;https://souz-m.ru/products/kashemir-810.html;photos/Союз-М/Kashemir/Kashemir_810.jpg;https://souz-m.ru/netcat_files/Item/3302/kashemir810.jpg;souz-m.ru (официальный сайт);2026-09-30
Союз-М;Kashemir;Kashemir 890;Коричневый, Фиолетовый;Велюр;полиэстер - 100%;142;251,5 г/м²;60000;60 000 циклов;Китай;680;;Цена за 1 п/м;Есть в отрез в Москве;https://souz-m.ru/products/kashemir-890.html;photos/Союз-М/Kashemir/Kashemir_890.jpg;https://souz-m.ru/netcat_files/Item/3303/kashemir890.jpg;souz-m.ru (официальный сайт);2026-09-30
Союз-М;Kashemir;Kashemir 894;Фиолетовый;Велюр;полиэстер - 100%;142;251,5 г/м²;60000;60 000 циклов;Китай;450;;Оптовая цена за 1 п/м;Есть в отрез в Москве;https://souz-m.ru/products/kashemir-894.html;photos/Союз-М/Kashemir/Kashemir_894.jpg;https://souz-m.ru/netcat_files/Item/3304/kashemir894.jpg;souz-m.ru (официальный сайт);2026-09-30
Союз-М;Kashemir;Kashemir 925;Серый;Велюр;полиэстер - 100%;142;251,5 г/м²;60000;60 000 циклов;Китай;680;;Цена за 1 п/м;Есть в отрез в Москве;https://souz-m.ru/products/kashemir-925.html;photos/Союз-М/Kashemir/Kashemir_925.jpg;https://souz-m.ru/netcat_files/Item/3305/kashemir925.jpg;souz-m.ru (официальный сайт);2026-09-30
Союз-М;Kashemir;Kashemir 970;Синий;Велюр;полиэстер - 100%;142;251,5 г/м²;60000;60 000 циклов;Китай;680;;Цена за 1 п/м;Есть в отрез в Москве;https://souz-m.ru/products/kashemir-970.html;photos/Союз-М/Kashemir/Kashemir_970.jpg;https://souz-m.ru/netcat_files/Item/3306/kashemir970.jpg;souz-m.ru (официальный сайт);2026-09-30
Союз-М;Kashemir;Kashemir 974;Серый, Синий;Велюр;полиэстер - 100%;142;251,5 г/м²;60000;60 000 циклов;Китай;680;;Цена за 1 п/м;Есть в отрез в Москве;https://souz-m.ru/products/kashemir-974.html;photos/Союз-М/Kashemir/Kashemir_974.jpg;https://souz-m.ru/netcat_files/Item/3307/kashemir974.jpg;souz-m.ru (официальный сайт);2026-09-30
Союз-М;Kashemir;Kashemir 980;Коричневый;Велюр;полиэстер - 100%;142;251,5 г/м²;60000;60 000 циклов;Китай;680;;Цена за 1 п/м;Есть в отрез в Москве;https://souz-m.ru/products/kashemir-980.html;photos/Союз-М/Kashemir/Kashemir_980.jpg;https://souz-m.ru/netcat_files/Item/3308/kashemir980.jpg;souz-m.ru (официальный сайт);2026-09-30
Союз-М;Kashemir;Kashemir 990;Серый;Велюр;полиэстер - 100%;142;251,5 г/м²;60000;60 000 циклов;Китай;680;;Цена за 1 п/м;Есть в отрез в Москве;https://souz-m.ru/products/kashemir-990.html;photos/Союз-М/Kashemir/Kashemir_990.jpg;https://souz-m.ru/netcat_files/Item/3309/kashemir990.jpg;souz-m.ru (официальный сайт);2026-09-30
Союз-М;Kashemir;Kashemir 994;Серый;Велюр;полиэстер - 100%;142;251,5 г/м²;60000;60 000 циклов;Китай;680;;Цена за 1 п/м;Есть в отрез в Москве;https://souz-m.ru/products/kashemir-994.html;photos/Союз-М/Kashemir/Kashemir_994.jpg;https://souz-m.ru/netcat_files/Item/3310/kashemir994.jpg;souz-m.ru (официальный сайт);2026-09-30
Союз-М;La Scala;La Scala 100;Бежевый;Велюр;полиэстер - 100%;142;485 г/м²;60000;60 000 циклов;Китай;1710;;Оптовая цена за 1 п/м;Есть в отрез в Москве;https://souz-m.ru/products/la-scala-100.html;photos/Союз-М/La_Scala/La_Scala_100.jpg;https://souz-m.ru/netcat_files/Item/4613/lascala100.jpg;souz-m.ru (официальный сайт);2026-09-30
Союз-М;La Scala;La Scala 233;Коричневый;Велюр;полиэстер - 100%;142;485 г/м²;60000;60 000 циклов;Китай;1710;;Цена за 1 п/м;Есть в отрез в Москве;https://souz-m.ru/products/la-scala-233.html;photos/Союз-М/La_Scala/La_Scala_233.jpg;https://souz-m.ru/netcat_files/Item/4614/lascala233.jpg;souz-m.ru (официальный сайт);2026-09-30
Союз-М;La Scala;La Scala 335;Красный;Велюр;полиэстер - 100%;142;485 г/м²;60000;60 000 циклов;Китай;1710;;Цена за 1 п/м;Нет в отрез в Москве Уточняйте у менеджера;https://souz-m.ru/products/la-scala-335.html;photos/Союз-М/La_Scala/La_Scala_335.jpg;https://souz-m.ru/netcat_files/Item/4615/lascala335.jpg;souz-m.ru (официальный сайт);2026-09-30
Союз-М;La Scala;La Scala 426;Оранжевый;Велюр;полиэстер - 100%;142;485 г/м²;60000;60 000 циклов;Китай;1710;;Оптовая цена за 1 п/м;Есть в отрез в Москве;https://souz-m.ru/products/la-scala-426.html;photos/Союз-М/La_Scala/La_Scala_426.jpg;https://souz-m.ru/netcat_files/Item/4616/lascala426.jpg;souz-m.ru (официальный сайт);2026-09-30
Союз-М;La Scala;La Scala 552;Желтый;Велюр;полиэстер - 100%;142;485 г/м²;60000;60 000 циклов;Китай;1710;;Оптовая цена за 1 п/м;Есть в отрез в Москве;https://souz-m.ru/products/la-scala-552.html;photos/Союз-М/La_Scala/La_Scala_552.jpg;https://souz-m.ru/netcat_files/Item/4617/lascala552.jpg;souz-m.ru (официальный сайт);2026-09-30
Союз-М;La Scala;La Scala 696;Зеленый;Велюр;полиэстер - 100%;142;485 г/м²;60000;60 000 циклов;Китай;1710;;Оптовая цена за 1 п/м;Есть в отрез в Москве;https://souz-m.ru/products/la-scala-696.html;photos/Союз-М/La_Scala/La_Scala_696.jpg;https://souz-m.ru/netcat_files/Item/4618/lascala696.jpg;souz-m.ru (официальный сайт);2026-09-30
Союз-М;La Scala;La Scala 776;Синий;Велюр;полиэстер - 100%;142;485 г/м²;60000;60 000 циклов;Китай;1710;;Оптовая цена за 1 п/м;Есть в отрез в Москве;https://souz-m.ru/products/la-scala-776.html;photos/Союз-М/La_Scala/La_Scala_776.jpg;https://souz-m.ru/netcat_files/Item/4619/lascala776.jpg;souz-m.ru (официальный сайт);2026-09-30
Союз-М;La Scala;La Scala 979;Черный;Велюр;полиэстер - 100%;142;485 г/м²;60000;60 000 циклов;Китай;1710;;Оптовая цена за 1 п/м;Есть в отрез в Москве;https://souz-m.ru/products/la-scala-979.html;photos/Союз-М/La_Scala/La_Scala_979.jpg;https://souz-m.ru/netcat_files/Item/4620/lascala979.jpg;souz-m.ru (официальный сайт);2026-09-30
Союз-М;La Scala;La Scala 994;Серый;Велюр;полиэстер - 100%;142;485 г/м²;60000;60 000 циклов;Китай;1710;;Оптовая цена за 1 п/м;Есть в отрез в Москве;https://souz-m.ru/products/la-scala-994.html;photos/Союз-М/La_Scala/La_Scala_994.jpg;https://souz-m.ru/netcat_files/Item/4621/lascala994.jpg;souz-m.ru (официальный сайт);2026-09-30
Союз-М;Lambre;Lambre 01;Бежевый;Велюр;полиэстер - 100%;142;512 г/м²;45000;45 000 циклов;Китай;1330;;Цена за 1 п/м;Есть в отрез в Москве;https://souz-m.ru/products/lambre-01.html;photos/Союз-М/Lambre/Lambre_01.jpg;https://souz-m.ru/netcat_files/Item/2852/lambre01.jpg;souz-m.ru (официальный сайт);2026-09-30
Союз-М;Lambre;Lambre 02;Коричневый;Велюр;полиэстер - 100%;142;512 г/м²;45000;45 000 циклов;Китай;1330;;Цена за 1 п/м;Есть в отрез в Москве;https://souz-m.ru/products/lambre-02.html;photos/Союз-М/Lambre/Lambre_02.jpg;https://souz-m.ru/netcat_files/Item/2853/lambre02.jpg;souz-m.ru (официальный сайт);2026-09-30
Союз-М;Lambre;Lambre 03;Коричневый;Велюр;полиэстер - 100%;142;512 г/м²;45000;45 000 циклов;Китай;1330;;Цена за 1 п/м;Есть в отрез в Москве;https://souz-m.ru/products/lambre-03.html;photos/Союз-М/Lambre/Lambre_03.jpg;https://souz-m.ru/netcat_files/Item/2854/lambre03.jpg;souz-m.ru (официальный сайт);2026-09-30
Союз-М;Lambre;Lambre 04;Коричневый;Велюр;полиэстер - 100%;142;512 г/м²;45000;45 000 циклов;Китай;1330;;Цена за 1 п/м;Есть в отрез в Москве;https://souz-m.ru/products/lambre-04.html;photos/Союз-М/Lambre/Lambre_04.jpg;https://souz-m.ru/netcat_files/Item/2855/lambre04.jpg;souz-m.ru (официальный сайт);2026-09-30
Союз-М;Lambre;Lambre 05;Серый;Велюр;полиэстер - 100%;142;512 г/м²;45000;45 000 циклов;Китай;1330;;Цена за 1 п/м;Есть в отрез в Москве;https://souz-m.ru/products/lambre-05.html;photos/Союз-М/Lambre/Lambre_05.jpg;https://souz-m.ru/netcat_files/Item/2856/lambre05.jpg;souz-m.ru (официальный сайт);2026-09-30
Союз-М;Lambre;Lambre 06;Фиолетовый;Велюр;полиэстер - 100%;142;512 г/м²;45000;45 000 циклов;Китай;1330;;Цена за 1 п/м;Есть в отрез в Москве;https://souz-m.ru/products/lambre-06.html;photos/Союз-М/Lambre/Lambre_06.jpg;https://souz-m.ru/netcat_files/Item/2857/lambre06.jpg;souz-m.ru (официальный сайт);2026-09-30
Союз-М;Lambre;Lambre 07;Красный;Велюр;полиэстер - 100%;142;512 г/м²;45000;45 000 циклов;Китай;1330;;Цена за 1 п/м;Есть в отрез в Москве;https://souz-m.ru/products/lambre-07.html;photos/Союз-М/Lambre/Lambre_07.jpg;https://souz-m.ru/netcat_files/Item/2858/lambre07.jpg;souz-m.ru (официальный сайт);2026-09-30
Союз-М;Lambre;Lambre 08;Бежевый;Велюр;полиэстер - 100%;142;512 г/м²;45000;45 000 циклов;Китай;1330;;Цена за 1 п/м;Есть в отрез в Москве;https://souz-m.ru/products/lambre-08.html;photos/Союз-М/Lambre/Lambre_08.jpg;https://souz-m.ru/netcat_files/Item/2859/lambre08.jpg;souz-m.ru (официальный сайт);2026-09-30
Союз-М;Lambre;Lambre 09;Желтый;Велюр;полиэстер - 100%;142;512 г/м²;45000;45 000 циклов;Китай;1330;;Цена за 1 п/м;Есть в отрез в Москве;https://souz-m.ru/products/lambre-09.html;photos/Союз-М/Lambre/Lambre_09.jpg;https://souz-m.ru/netcat_files/Item/2860/lambre09.jpg;souz-m.ru (официальный сайт);2026-09-30
Союз-М;Lambre;Lambre 10;Желтый;Велюр;полиэстер - 100%;142;512 г/м²;45000;45 000 циклов;Китай;1330;;Цена за 1 п/м;Есть в отрез в Москве;https://souz-m.ru/products/lambre-10.html;photos/Союз-М/Lambre/Lambre_10.jpg;https://souz-m.ru/netcat_files/Item/2861/lambre10.jpg;souz-m.ru (официальный сайт);2026-09-30
Союз-М;Lambre;Lambre 11;Коричневый;Велюр;полиэстер - 100%;142;512 г/м²;45000;45 000 циклов;Китай;1330;;Цена за 1 п/м;Есть в отрез в Москве;https://souz-m.ru/products/lambre-11.html;photos/Союз-М/Lambre/Lambre_11.jpg;https://souz-m.ru/netcat_files/Item/3062/lambre11.jpg;souz-m.ru (официальный сайт);2026-09-30
Союз-М;Lambre;Lambre 12;Коричневый;Велюр;полиэстер - 100%;142;512 г/м²;45000;45 000 циклов;Китай;1330;;Цена за 1 п/м;Есть в отрез в Москве;https://souz-m.ru/products/lambre-12.html;photos/Союз-М/Lambre/Lambre_12.jpg;https://souz-m.ru/netcat_files/Item/3063/lambre12.jpg;souz-m.ru (официальный сайт);2026-09-30
Союз-М;Lambre;Lambre 13;Синий;Велюр;полиэстер - 100%;142;512 г/м²;45000;45 000 циклов;Китай;1330;;Цена за 1 п/м;Есть в отрез в Москве;https://souz-m.ru/products/lambre-13.html;photos/Союз-М/Lambre/Lambre_13.jpg;https://souz-m.ru/netcat_files/Item/3064/lambre13.jpg;souz-m.ru (официальный сайт);2026-09-30
Союз-М;Lambre;Lambre 14;Зеленый;Велюр;полиэстер - 100%;142;512 г/м²;45000;45 000 циклов;Китай;1330;;Цена за 1 п/м;Есть в отрез в Москве;https://souz-m.ru/products/lambre-14.html;photos/Союз-М/Lambre/Lambre_14.jpg;https://souz-m.ru/netcat_files/Item/3065/lambre14.jpg;souz-m.ru (официальный сайт);2026-09-30
Союз-М;Lambre;Lambre 15;Серый;Велюр;полиэстер - 100%;142;512 г/м²;45000;45 000 циклов;Китай;1330;;Цена за 1 п/м;Есть в отрез в Москве;https://souz-m.ru/products/lambre-15.html;photos/Союз-М/Lambre/Lambre_15.jpg;https://souz-m.ru/netcat_files/Item/3066/lambre15.jpg;souz-m.ru (официальный сайт);2026-09-30
Союз-М;Lambre;Lambre 16;Серый;Велюр;полиэстер - 100%;142;512 г/м²;45000;45 000 циклов;Китай;1330;;Цена за 1 п/м;Есть в отрез в Москве;https://souz-m.ru/products/lambre-16.html;photos/Союз-М/Lambre/Lambre_16.jpg;https://souz-m.ru/netcat_files/Item/3067/lambre16.jpg;souz-m.ru (официальный сайт);2026-09-30
Союз-М;Lambre;Lambre PLUS 110;Бежевый;Велюр;полиэстер - 100%;142;512 г/м²;45000;45 000 циклов;Китай;1330;;Цена за 1 п/м;Есть в отрез в Москве;https://souz-m.ru/products/lambre-plus-110.html;photos/Союз-М/Lambre/Lambre_PLUS_110.jpg;https://souz-m.ru/netcat_files/Item/4771/lambreplus110.jpg;souz-m.ru (официальный сайт);2026-09-30
Союз-М;Lambre;Lambre PLUS 311;Красный;Велюр;полиэстер - 100%;142;512 г/м²;45000;45 000 циклов;Китай;1330;;Цена за 1 п/м;Есть в отрез в Москве;https://souz-m.ru/products/lambre-plus-311.html;photos/Союз-М/Lambre/Lambre_PLUS_311.jpg;https://souz-m.ru/netcat_files/Item/4772/lambreplus311.jpg;souz-m.ru (официальный сайт);2026-09-30
Союз-М;Lambre;Lambre PLUS 402;Оранжевый;Велюр;полиэстер - 100%;142;512 г/м²;45000;45 000 циклов;Китай;1330;;Цена за 1 п/м;Есть в отрез в Москве;https://souz-m.ru/products/lambre-plus-402.html;photos/Союз-М/Lambre/Lambre_PLUS_402.jpg;https://souz-m.ru/netcat_files/Item/4773/lambreplus402.jpg;souz-m.ru (официальный сайт);2026-09-30
Союз-М;Lambre;Lambre PLUS 610;Зеленый;Велюр;полиэстер - 100%;142;512 г/м²;45000;45 000 циклов;Китай;1330;;Цена за 1 п/м;Есть в отрез в Москве;https://souz-m.ru/products/lambre-plus-610.html;photos/Союз-М/Lambre/Lambre_PLUS_610.jpg;https://souz-m.ru/netcat_files/Item/4774/lambreplus610.jpg;souz-m.ru (официальный сайт);2026-09-30
Союз-М;Lambre;Lambre PLUS 694;Зеленый;Велюр;полиэстер - 100%;142;512 г/м²;45000;45 000 циклов;Китай;1330;;Цена за 1 п/м;Есть в отрез в Москве;https://souz-m.ru/products/lambre-plus-694.html;photos/Союз-М/Lambre/Lambre_PLUS_694.jpg;https://souz-m.ru/netcat_files/Item/4775/lambreplus694.jpg;souz-m.ru (официальный сайт);2026-09-30
Союз-М;Lambre;Lambre PLUS 740;Синий;Велюр;полиэстер - 100%;142;512 г/м²;45000;45 000 циклов;Китай;1330;;Цена за 1 п/м;Есть в отрез в Москве;https://souz-m.ru/products/lambre-plus-740.html;photos/Союз-М/Lambre/Lambre_PLUS_740.jpg;https://souz-m.ru/netcat_files/Item/4776/lambreplus740.jpg;souz-m.ru (официальный сайт);2026-09-30
Союз-М;Lambre;Lambre PLUS 990;Серый;Велюр;полиэстер - 100%;142;512 г/м²;45000;45 000 циклов;Китай;1330;;Цена за 1 п/м;Есть в отрез в Москве;https://souz-m.ru/products/lambre-plus-990.html;photos/Союз-М/Lambre/Lambre_PLUS_990.jpg;https://souz-m.ru/netcat_files/Item/4777/lambreplus990.jpg;souz-m.ru (официальный сайт);2026-09-30
Союз-М;Lambre Polo;Lambre Polo 115;Желтый, Коричневый;Велюр;полиэстер - 100%;142;496 г/м²;45000;45 000 циклов;Китай;1360;;Цена за 1 п/м;Нет в отрез в Москве Уточняйте у менеджера;https://souz-m.ru/products/lambre-polo-115.html;photos/Союз-М/Lambre_Polo/Lambre_Polo_115.jpg;https://souz-m.ru/netcat_files/Item/3243/lambrepolo115.jpg;souz-m.ru (официальный сайт);2026-09-30
Союз-М;Lambre Polo;Lambre Polo 195;Бежевый, Серый;Велюр;полиэстер - 100%;142;496 г/м²;45000;45 000 циклов;Китай;1360;;Цена за 1 п/м;Нет в отрез в Москве Уточняйте у менеджера;https://souz-m.ru/products/lambre-polo-195.html;photos/Союз-М/Lambre_Polo/Lambre_Polo_195.jpg;https://souz-m.ru/netcat_files/Item/3244/lambrepolo195.jpg;souz-m.ru (официальный сайт);2026-09-30
Союз-М;Lambre Polo;Lambre Polo 280;Красный, Серый;Велюр;полиэстер - 100%;142;496 г/м²;45000;45 000 циклов;Китай;1360;;Цена за 1 п/м;Нет в отрез в Москве Уточняйте у менеджера;https://souz-m.ru/products/lambre-polo-280.html;photos/Союз-М/Lambre_Polo/Lambre_Polo_280.jpg;https://souz-m.ru/netcat_files/Item/3245/lambrepolo280.jpg;souz-m.ru (официальный сайт);2026-09-30
Союз-М;Laurel;Laurel 06;Фиолетовый;Велюр;полиэстер - 100%;145;387 г/м²;62000;62 000 циклов;Китай;350;;Оптовая цена за 1 п/м;Есть в отрез в Москве;https://souz-m.ru/products/laurel-06.html;photos/Союз-М/Laurel/Laurel_06.jpg;https://souz-m.ru/netcat_files/Item/1146/laurel06.jpg;souz-m.ru (официальный сайт);2026-09-30
Союз-М;Laurel;Laurel com 06;Фиолетовый;Велюр;полиэстер - 100%;145;387 г/м²;62000;62 000 циклов;Китай;450;;Оптовая цена за 1 п/м;Нет в отрез в Москве Уточняйте у менеджера;https://souz-m.ru/products/laurel-com-06.html;photos/Союз-М/Laurel/Laurel_com_06.jpg;https://souz-m.ru/netcat_files/Item/1406/laurelcom06.jpg;souz-m.ru (официальный сайт);2026-09-30
Союз-М;Laurel;Laurel com 10;Красный;Велюр;полиэстер - 100%;145;387 г/м²;62000;62 000 циклов;Китай;450;;Оптовая цена за 1 п/м;Есть в отрез в Москве;https://souz-m.ru/products/laurel-com-10.html;photos/Союз-М/Laurel/Laurel_com_10.jpg;https://souz-m.ru/netcat_files/Item/1409/laurelcom10.jpg;souz-m.ru (официальный сайт);2026-09-30
Союз-М;Loft;Loft 000;Белый;Велюр;полиэстер - 100%;141;467 г/м²;50000;50 000 циклов;Китай;1490;;Цена за 1 п/м;Есть в отрез в Москве;https://souz-m.ru/products/loft-000.html;photos/Союз-М/Loft/Loft_000.jpg;https://souz-m.ru/netcat_files/Item/3953/loft000.jpg;souz-m.ru (официальный сайт);2026-09-30
Союз-М;Loft;Loft 111;Бежевый;Велюр;полиэстер - 100%;141;467 г/м²;50000;50 000 циклов;Китай;1490;;Цена за 1 п/м;Есть в отрез в Москве;https://souz-m.ru/products/loft-111.html;photos/Союз-М/Loft/Loft_111.jpg;https://souz-m.ru/netcat_files/Item/3954/loft111.jpg;souz-m.ru (официальный сайт);2026-09-30
Союз-М;Loft;Loft 230;Бежевый, Коричневый;Велюр;полиэстер - 100%;141;467 г/м²;50000;50 000 циклов;Китай;1490;;Цена за 1 п/м;Есть в отрез в Москве;https://souz-m.ru/products/loft-230.html;photos/Союз-М/Loft/Loft_230.jpg;https://souz-m.ru/netcat_files/Item/3955/loft230.jpg;souz-m.ru (официальный сайт);2026-09-30
Союз-М;Loft;Loft 232;Бежевый, Коричневый;Велюр;полиэстер - 100%;141;467 г/м²;50000;50 000 циклов;Китай;1490;;Цена за 1 п/м;Есть в отрез в Москве;https://souz-m.ru/products/loft-232.html;photos/Союз-М/Loft/Loft_232.jpg;https://souz-m.ru/netcat_files/Item/3956/loft232.jpg;souz-m.ru (официальный сайт);2026-09-30
Союз-М;Loft;Loft 560;Желтый;Велюр;полиэстер - 100%;141;467 г/м²;50000;50 000 циклов;Китай;1490;;Цена за 1 п/м;Нет в отрез в Москве Уточняйте у менеджера;https://souz-m.ru/products/loft-560.html;photos/Союз-М/Loft/Loft_560.jpg;https://souz-m.ru/netcat_files/Item/3957/loft560.jpg;souz-m.ru (официальный сайт);2026-09-30
Союз-М;Loft;Loft 696;Зеленый;Велюр;полиэстер - 100%;141;467 г/м²;50000;50 000 циклов;Китай;1490;;Цена за 1 п/м;Есть в отрез в Москве;https://souz-m.ru/products/loft-696.html;photos/Союз-М/Loft/Loft_696.jpg;https://souz-m.ru/netcat_files/Item/3958/loft696.jpg;souz-m.ru (официальный сайт);2026-09-30
Союз-М;Loft;Loft 787;Синий;Велюр;полиэстер - 100%;141;467 г/м²;50000;50 000 циклов;Китай;1490;;Цена за 1 п/м;Нет в отрез в Москве Уточняйте у менеджера;https://souz-m.ru/products/loft-787.html;photos/Союз-М/Loft/Loft_787.jpg;https://souz-m.ru/netcat_files/Item/3959/loft787.jpg;souz-m.ru (официальный сайт);2026-09-30
Союз-М;Loft;Loft 900;Серый;Велюр;полиэстер - 100%;141;467 г/м²;50000;50 000 циклов;Китай;1490;;Цена за 1 п/м;Есть в отрез в Москве;https://souz-m.ru/products/loft-900.html;photos/Союз-М/Loft/Loft_900.jpg;https://souz-m.ru/netcat_files/Item/3960/loft900.jpg;souz-m.ru (официальный сайт);2026-09-30
Союз-М;Loft;Loft 910;Серый;Велюр;полиэстер - 100%;141;467 г/м²;50000;50 000 циклов;Китай;1490;;Цена за 1 п/м;Нет в отрез в Москве Уточняйте у менеджера;https://souz-m.ru/products/loft-910.html;photos/Союз-М/Loft/Loft_910.jpg;https://souz-m.ru/netcat_files/Item/3961/loft910.jpg;souz-m.ru (официальный сайт);2026-09-30
Союз-М;Loft;Loft 920;Серый;Велюр;полиэстер - 100%;141;467 г/м²;50000;50 000 циклов;Китай;1490;;Цена за 1 п/м;Есть в отрез в Москве;https://souz-m.ru/products/loft-920.html;photos/Союз-М/Loft/Loft_920.jpg;https://souz-m.ru/netcat_files/Item/3962/loft920.jpg;souz-m.ru (официальный сайт);2026-09-30
Союз-М;Loft;Loft 995;Серый;Велюр;полиэстер - 100%;141;467 г/м²;50000;50 000 циклов;Китай;1490;;Цена за 1 п/м;Есть в отрез в Москве;https://souz-m.ru/products/loft-995.html;photos/Союз-М/Loft/Loft_995.jpg;https://souz-m.ru/netcat_files/Item/3963/loft995.jpg;souz-m.ru (официальный сайт);2026-09-30
Союз-М;Loft;Loft 998;Черный;Велюр;полиэстер - 100%;141;467 г/м²;50000;50 000 циклов;Китай;1490;;Цена за 1 п/м;Есть в отрез в Москве;https://souz-m.ru/products/loft-998.html;photos/Союз-М/Loft/Loft_998.jpg;https://souz-m.ru/netcat_files/Item/3964/loft998.jpg;souz-m.ru (официальный сайт);2026-09-30
Союз-М;Loko;Локо 110;Бежевый;Велюр;полиэстер - 100%;142;250 г/м²;55000;55 000 циклов;Китай;480;;Цена за 1 п/м;Есть в отрез в Москве;https://souz-m.ru/products/loko-110.html;photos/Союз-М/Loko/Локо_110.jpg;https://souz-m.ru/netcat_files/Item/5479/loko110.jpg;souz-m.ru (официальный сайт);2026-09-30
Союз-М;Loko;Локо 112;Бежевый;Велюр;полиэстер - 100%;142;250 г/м²;55000;55 000 циклов;Китай;480;;Цена за 1 п/м;Есть в отрез в Москве;https://souz-m.ru/products/loko-112.html;photos/Союз-М/Loko/Локо_112.jpg;https://souz-m.ru/netcat_files/Item/5480/loko112.jpg;souz-m.ru (официальный сайт);2026-09-30
Союз-М;Loko;Локо 120;Бежевый;Велюр;полиэстер - 100%;142;250 г/м²;55000;55 000 циклов;Китай;480;;Цена за 1 п/м;Есть в отрез в Москве;https://souz-m.ru/products/loko-120.html;photos/Союз-М/Loko/Локо_120.jpg;https://souz-m.ru/netcat_files/Item/5481/loko120.jpg;souz-m.ru (официальный сайт);2026-09-30
Союз-М;Loko;Локо 150;Бежевый;Велюр;полиэстер - 100%;142;250 г/м²;55000;55 000 циклов;Китай;480;;Цена за 1 п/м;Есть в отрез в Москве;https://souz-m.ru/products/loko-150.html;photos/Союз-М/Loko/Локо_150.jpg;https://souz-m.ru/netcat_files/Item/5482/loko150.jpg;souz-m.ru (официальный сайт);2026-09-30
Союз-М;Loko;Локо 224;Коричневый;Велюр;полиэстер - 100%;142;250 г/м²;55000;55 000 циклов;Китай;480;;Цена за 1 п/м;Есть в отрез в Москве;https://souz-m.ru/products/loko-224.html;photos/Союз-М/Loko/Локо_224.jpg;https://souz-m.ru/netcat_files/Item/5483/loko224.jpg;souz-m.ru (официальный сайт);2026-09-30
Союз-М;Loko;Локо 232;Коричневый;Велюр;полиэстер - 100%;142;250 г/м²;55000;55 000 циклов;Китай;480;;Цена за 1 п/м;Есть в отрез в Москве;https://souz-m.ru/products/loko-232.html;photos/Союз-М/Loko/Локо_232.jpg;https://souz-m.ru/netcat_files/Item/5484/loko232.jpg;souz-m.ru (официальный сайт);2026-09-30
Союз-М;Loko;Локо 290;Коричневый;Велюр;полиэстер - 100%;142;250 г/м²;55000;55 000 циклов;Китай;480;;Цена за 1 п/м;Есть в отрез в Москве;https://souz-m.ru/products/loko-290.html;photos/Союз-М/Loko/Локо_290.jpg;https://souz-m.ru/netcat_files/Item/5485/loko290.jpg;souz-m.ru (официальный сайт);2026-09-30
Союз-М;Loko;Локо 333;Красный;Велюр;полиэстер - 100%;142;250 г/м²;55000;55 000 циклов;Китай;480;;Цена за 1 п/м;Есть в отрез в Москве;https://souz-m.ru/products/loko-333.html;photos/Союз-М/Loko/Локо_333.jpg;https://souz-m.ru/netcat_files/Item/5486/loko333.jpg;souz-m.ru (официальный сайт);2026-09-30
Союз-М;Loko;Локо 388;Красный;Велюр;полиэстер - 100%;142;250 г/м²;55000;55 000 циклов;Китай;480;;Цена за 1 п/м;Есть в отрез в Москве;https://souz-m.ru/products/loko-388.html;photos/Союз-М/Loko/Локо_388.jpg;https://souz-m.ru/netcat_files/Item/5487/loko388.jpg;souz-m.ru (официальный сайт);2026-09-30
Союз-М;Loko;Локо 410;Желтый, Оранжевый;Велюр;полиэстер - 100%;142;250 г/м²;55000;55 000 циклов;Китай;480;;Цена за 1 п/м;Есть в отрез в Москве;https://souz-m.ru/products/loko-410.html;photos/Союз-М/Loko/Локо_410.jpg;https://souz-m.ru/netcat_files/Item/5488/loko410.jpg;souz-m.ru (официальный сайт);2026-09-30
Союз-М;Loko;Локо 425;Оранжевый;Велюр;полиэстер - 100%;142;250 г/м²;55000;55 000 циклов;Китай;480;;Цена за 1 п/м;Есть в отрез в Москве;https://souz-m.ru/products/loko-425.html;photos/Союз-М/Loko/Локо_425.jpg;https://souz-m.ru/netcat_files/Item/5489/loko425.jpg;souz-m.ru (официальный сайт);2026-09-30
Союз-М;Loko;Локо 552;Желтый;Велюр;полиэстер - 100%;142;250 г/м²;55000;55 000 циклов;Китай;480;;Цена за 1 п/м;Есть в отрез в Москве;https://souz-m.ru/products/loko-552.html;photos/Союз-М/Loko/Локо_552.jpg;https://souz-m.ru/netcat_files/Item/5490/loko552.jpg;souz-m.ru (официальный сайт);2026-09-30
Союз-М;Loko;Локо 612;Зеленый;Велюр;полиэстер - 100%;142;250 г/м²;55000;55 000 циклов;Китай;480;;Цена за 1 п/м;Есть в отрез в Москве;https://souz-m.ru/products/loko-612.html;photos/Союз-М/Loko/Локо_612.jpg;https://souz-m.ru/netcat_files/Item/5491/loko612.jpg;souz-m.ru (официальный сайт);2026-09-30
Союз-М;Loko;Локо 615;Зеленый;Велюр;полиэстер - 100%;142;250 г/м²;55000;55 000 циклов;Китай;480;;Цена за 1 п/м;Есть в отрез в Москве;https://souz-m.ru/products/loko-615.html;photos/Союз-М/Loko/Локо_615.jpg;https://souz-m.ru/netcat_files/Item/5492/loko615.jpg;souz-m.ru (официальный сайт);2026-09-30
Союз-М;Loko;Локо 694;Зеленый;Велюр;полиэстер - 100%;142;250 г/м²;55000;55 000 циклов;Китай;480;;Цена за 1 п/м;Есть в отрез в Москве;https://souz-m.ru/products/loko-694.html;photos/Союз-М/Loko/Локо_694.jpg;https://souz-m.ru/netcat_files/Item/5493/loko694.jpg;souz-m.ru (официальный сайт);2026-09-30
Союз-М;Loko;Локо 696;Зеленый;Велюр;полиэстер - 100%;142;250 г/м²;55000;55 000 циклов;Китай;480;;Цена за 1 п/м;Есть в отрез в Москве;https://souz-m.ru/products/loko-696.html;photos/Союз-М/Loko/Локо_696.jpg;https://souz-m.ru/netcat_files/Item/5494/loko696.jpg;souz-m.ru (официальный сайт);2026-09-30
Союз-М;Loko;Локо 790;Синий;Велюр;полиэстер - 100%;142;250 г/м²;55000;55 000 циклов;Китай;480;;Цена за 1 п/м;Есть в отрез в Москве;https://souz-m.ru/products/loko-790.html;photos/Союз-М/Loko/Локо_790.jpg;https://souz-m.ru/netcat_files/Item/5495/loko790.jpg;souz-m.ru (официальный сайт);2026-09-30
Союз-М;Loko;Локо 796;Синий;Велюр;полиэстер - 100%;142;250 г/м²;55000;55 000 циклов;Китай;480;;Цена за 1 п/м;Есть в отрез в Москве;https://souz-m.ru/products/loko-796.html;photos/Союз-М/Loko/Локо_796.jpg;https://souz-m.ru/netcat_files/Item/5496/loko796.jpg;souz-m.ru (официальный сайт);2026-09-30
Союз-М;Loko;Локо 798;Синий;Велюр;полиэстер - 100%;142;250 г/м²;55000;55 000 циклов;Китай;480;;Цена за 1 п/м;Есть в отрез в Москве;https://souz-m.ru/products/loko-798.html;photos/Союз-М/Loko/Локо_798.jpg;https://souz-m.ru/netcat_files/Item/5497/loko798.jpg;souz-m.ru (официальный сайт);2026-09-30
Союз-М;Loko;Локо 900;Серый;Велюр;полиэстер - 100%;142;250 г/м²;55000;55 000 циклов;Китай;480;;Цена за 1 п/м;Есть в отрез в Москве;https://souz-m.ru/products/loko-900.html;photos/Союз-М/Loko/Локо_900.jpg;https://souz-m.ru/netcat_files/Item/5498/loko900.jpg;souz-m.ru (официальный сайт);2026-09-30
Союз-М;Loko;Локо 910;Серый;Велюр;полиэстер - 100%;142;250 г/м²;55000;55 000 циклов;Китай;480;;Цена за 1 п/м;Есть в отрез в Москве;https://souz-m.ru/products/loko-910.html;photos/Союз-М/Loko/Локо_910.jpg;https://souz-m.ru/netcat_files/Item/5499/loko910.jpg;souz-m.ru (официальный сайт);2026-09-30
Союз-М;Loko;Локо 960;Серый;Велюр;полиэстер - 100%;142;250 г/м²;55000;55 000 циклов;Китай;480;;Цена за 1 п/м;Есть в отрез в Москве;https://souz-m.ru/products/loko-960.html;photos/Союз-М/Loko/Локо_960.jpg;https://souz-m.ru/netcat_files/Item/5500/loko960.jpg;souz-m.ru (официальный сайт);2026-09-30
Союз-М;Loko;Локо 985;Серый;Велюр;полиэстер - 100%;142;250 г/м²;55000;55 000 циклов;Китай;480;;Цена за 1 п/м;Есть в отрез в Москве;https://souz-m.ru/products/loko-985.html;photos/Союз-М/Loko/Локо_985.jpg;https://souz-m.ru/netcat_files/Item/5501/loko985.jpg;souz-m.ru (официальный сайт);2026-09-30
Союз-М;Loko;Локо 990;Серый;Велюр;полиэстер - 100%;142;250 г/м²;55000;55 000 циклов;Китай;480;;Цена за 1 п/м;Есть в отрез в Москве;https://souz-m.ru/products/loko-990.html;photos/Союз-М/Loko/Локо_990.jpg;https://souz-m.ru/netcat_files/Item/5502/loko990.jpg;souz-m.ru (официальный сайт);2026-09-30
Союз-М;Loko;Локо 995;Серый;Велюр;полиэстер - 100%;142;250 г/м²;55000;55 000 циклов;Китай;480;;Цена за 1 п/м;Есть в отрез в Москве;https://souz-m.ru/products/loko-995.html;photos/Союз-М/Loko/Локо_995.jpg;https://souz-m.ru/netcat_files/Item/5503/loko995.jpg;souz-m.ru (официальный сайт);2026-09-30
Союз-М;Loko;Локо 999;Черный;Велюр;полиэстер - 100%;142;250 г/м²;55000;55 000 циклов;Китай;480;;Цена за 1 п/м;Есть в отрез в Москве;https://souz-m.ru/products/loko-999.html;photos/Союз-М/Loko/Локо_999.jpg;https://souz-m.ru/netcat_files/Item/5504/loko999.jpg;souz-m.ru (официальный сайт);2026-09-30
Союз-М;Madison;Madison 01;Бежевый;Велюр;полиэстер - 100%;142;425 г/м²;32500;32 500 циклов;Китай;885;;Цена за 1 п/м;Есть в отрез в Москве;https://souz-m.ru/products/madison-01.html;photos/Союз-М/Madison/Madison_01.jpg;https://souz-m.ru/netcat_files/Item/2809/madison01.jpg;souz-m.ru (официальный сайт);2026-09-30
Союз-М;Madison;Madison 05;Коричневый;Велюр;полиэстер - 100%;142;425 г/м²;32500;32 500 циклов;Китай;885;;Цена за 1 п/м;Есть в отрез в Москве;https://souz-m.ru/products/madison-05.html;photos/Союз-М/Madison/Madison_05.jpg;https://souz-m.ru/netcat_files/Item/2813/madison05.jpg;souz-m.ru (официальный сайт);2026-09-30
Союз-М;Maxx;Maxx 100;Бежевый;Велюр;полиэстер - 100%;142;305,4 г/м²;35000;35 000 циклов;Китай;680;;Цена за 1 п/м;Есть в отрез в Москве;https://souz-m.ru/products/maxx-100.html;photos/Союз-М/Maxx/Maxx_100.jpg;https://souz-m.ru/netcat_files/Item/3311/maxx100.jpg;souz-m.ru (официальный сайт);2026-09-30
Союз-М;Maxx;Maxx 210;Коричневый;Велюр;полиэстер - 100%;142;305,4 г/м²;35000;35 000 циклов;Китай;650;;Оптовая цена за 1 п/м;Есть в отрез в Москве;https://souz-m.ru/products/maxx-210.html;photos/Союз-М/Maxx/Maxx_210.jpg;https://souz-m.ru/netcat_files/Item/3312/maxx210.jpg;souz-m.ru (официальный сайт);2026-09-30
Союз-М;Maxx;Maxx 225;Коричневый;Велюр;полиэстер - 100%;142;305,4 г/м²;35000;35 000 циклов;Китай;680;;Оптовая цена за 1 п/м;Есть в отрез в Москве;https://souz-m.ru/products/maxx-225.html;photos/Союз-М/Maxx/Maxx_225.jpg;https://souz-m.ru/netcat_files/Item/3313/maxx225.jpg;souz-m.ru (официальный сайт);2026-09-30
Союз-М;Maxx;Maxx 232;Коричневый;Велюр;полиэстер - 100%;142;305,4 г/м²;35000;35 000 циклов;Китай;680;;Цена за 1 п/м;Есть в отрез в Москве;https://souz-m.ru/products/maxx-232.html;photos/Союз-М/Maxx/Maxx_232.jpg;https://souz-m.ru/netcat_files/Item/3314/maxx232.jpg;souz-m.ru (официальный сайт);2026-09-30
Союз-М;Maxx;Maxx 235;Коричневый;Велюр;полиэстер - 100%;142;305,4 г/м²;35000;35 000 циклов;Китай;680;;Цена за 1 п/м;Есть в отрез в Москве;https://souz-m.ru/products/maxx-235.html;photos/Союз-М/Maxx/Maxx_235.jpg;https://souz-m.ru/netcat_files/Item/3315/maxx235.jpg;souz-m.ru (официальный сайт);2026-09-30
Союз-М;Maxx;Maxx 280;Фиолетовый;Велюр;полиэстер - 100%;142;305,4 г/м²;35000;35 000 циклов;Китай;450;;Оптовая цена за 1 п/м;Есть в отрез в Москве;https://souz-m.ru/products/maxx-280.html;photos/Союз-М/Maxx/Maxx_280.jpg;https://souz-m.ru/netcat_files/Item/3316/maxx280.jpg;souz-m.ru (официальный сайт);2026-09-30
Союз-М;Maxx;Maxx 290;Коричневый;Велюр;полиэстер - 100%;142;305,4 г/м²;35000;35 000 циклов;Китай;680;;Цена за 1 п/м;Есть в отрез в Москве;https://souz-m.ru/products/maxx-290.html;photos/Союз-М/Maxx/Maxx_290.jpg;https://souz-m.ru/netcat_files/Item/3317/maxx290.jpg;souz-m.ru (официальный сайт);2026-09-30
Союз-М;Maxx;Maxx 305;Красный, Розовый;Велюр;полиэстер - 100%;142;305,4 г/м²;35000;35 000 циклов;Китай;680;;Оптовая цена за 1 п/м;Есть в отрез в Москве;https://souz-m.ru/products/maxx-305.html;photos/Союз-М/Maxx/Maxx_305.jpg;https://souz-m.ru/netcat_files/Item/3318/maxx305.jpg;souz-m.ru (официальный сайт);2026-09-30
Союз-М;Maxx;Maxx 325;Красный;Велюр;полиэстер - 100%;142;305,4 г/м²;35000;35 000 циклов;Китай;450;;Оптовая цена за 1 п/м;Есть в отрез в Москве;https://souz-m.ru/products/maxx-325.html;photos/Союз-М/Maxx/Maxx_325.jpg;https://souz-m.ru/netcat_files/Item/3319/maxx325.jpg;souz-m.ru (официальный сайт);2026-09-30
Союз-М;Maxx;Maxx 560;Желтый;Велюр;полиэстер - 100%;142;305,4 г/м²;35000;35 000 циклов;Китай;680;;Цена за 1 п/м;Есть в отрез в Москве;https://souz-m.ru/products/maxx-560.html;photos/Союз-М/Maxx/Maxx_560.jpg;https://souz-m.ru/netcat_files/Item/3320/maxx560.jpg;souz-m.ru (официальный сайт);2026-09-30
Союз-М;Maxx;Maxx 652;Зеленый;Велюр;полиэстер - 100%;142;305,4 г/м²;35000;35 000 циклов;Китай;450;;Оптовая цена за 1 п/м;Есть в отрез в Москве;https://souz-m.ru/products/maxx-652.html;photos/Союз-М/Maxx/Maxx_652.jpg;https://souz-m.ru/netcat_files/Item/3321/maxx652.jpg;souz-m.ru (официальный сайт);2026-09-30
Союз-М;Maxx;Maxx 657;Зеленый;Велюр;полиэстер - 100%;142;305,4 г/м²;35000;35 000 циклов;Китай;680;;Оптовая цена за 1 п/м;Есть в отрез в Москве;https://souz-m.ru/products/maxx-657.html;photos/Союз-М/Maxx/Maxx_657.jpg;https://souz-m.ru/netcat_files/Item/3322/maxx657.jpg;souz-m.ru (официальный сайт);2026-09-30
Союз-М;Maxx;Maxx 698;Зеленый;Велюр;полиэстер - 100%;142;305,4 г/м²;35000;35 000 циклов;Китай;450;;Оптовая цена за 1 п/м;Есть в отрез в Москве;https://souz-m.ru/products/maxx-698.html;photos/Союз-М/Maxx/Maxx_698.jpg;https://souz-m.ru/netcat_files/Item/3323/maxx698.jpg;souz-m.ru (официальный сайт);2026-09-30
Союз-М;Maxx;Maxx 754;Синий;Велюр;полиэстер - 100%;142;305,4 г/м²;35000;35 000 циклов;Китай;680;;Цена за 1 п/м;Есть в отрез в Москве;https://souz-m.ru/products/maxx-754.html;photos/Союз-М/Maxx/Maxx_754.jpg;https://souz-m.ru/netcat_files/Item/3324/maxx754.jpg;souz-m.ru (официальный сайт);2026-09-30
Союз-М;Maxx;Maxx 900;Серый;Велюр;полиэстер - 100%;142;305,4 г/м²;35000;35 000 циклов;Китай;680;;Цена за 1 п/м;Есть в отрез в Москве;https://souz-m.ru/products/maxx-900.html;photos/Союз-М/Maxx/Maxx_900.jpg;https://souz-m.ru/netcat_files/Item/3325/maxx900.jpg;souz-m.ru (официальный сайт);2026-09-30
Союз-М;Maxx;Maxx 965;Серый;Велюр;полиэстер - 100%;142;305,4 г/м²;35000;35 000 циклов;Китай;680;;Цена за 1 п/м;Есть в отрез в Москве;https://souz-m.ru/products/maxx-965.html;photos/Союз-М/Maxx/Maxx_965.jpg;https://souz-m.ru/netcat_files/Item/3326/maxx965.jpg;souz-m.ru (официальный сайт);2026-09-30
Союз-М;Maxx;Maxx 977;Синий;Велюр;полиэстер - 100%;142;305,4 г/м²;35000;35 000 циклов;Китай;680;;Цена за 1 п/м;Есть в отрез в Москве;https://souz-m.ru/products/maxx-977.html;photos/Союз-М/Maxx/Maxx_977.jpg;https://souz-m.ru/netcat_files/Item/3327/maxx977.jpg;souz-m.ru (официальный сайт);2026-09-30
Союз-М;Maxx;Maxx 999;Черный;Велюр;полиэстер - 100%;142;305,4 г/м²;35000;35 000 циклов;Китай;680;;Цена за 1 п/м;Есть в отрез в Москве;https://souz-m.ru/products/maxx-999.html;photos/Союз-М/Maxx/Maxx_999.jpg;https://souz-m.ru/netcat_files/Item/3950/maxh999.jpg;souz-m.ru (официальный сайт);2026-09-30
Союз-М;Memory;Memory 000;Белый;Велюр;полиэстер - 100%;142;465 г/м²;65000;65 000 циклов;Китай;950;;Цена за 1 п/м;Есть в отрез в Москве;https://souz-m.ru/products/memory-000.html;photos/Союз-М/Memory/Memory_000.jpg;https://souz-m.ru/netcat_files/Item/5311/memory000.jpg;souz-m.ru (официальный сайт);2026-09-30
Союз-М;Memory;Memory 010;Бежевый;Велюр;полиэстер - 100%;142;465 г/м²;65000;65 000 циклов;Китай;950;;Цена за 1 п/м;Есть в отрез в Москве;https://souz-m.ru/products/memory-010.html;photos/Союз-М/Memory/Memory_010.jpg;https://souz-m.ru/netcat_files/Item/5312/memory010.jpg;souz-m.ru (официальный сайт);2026-09-30
Союз-М;Memory;Memory 100;Бежевый;Велюр;полиэстер - 100%;142;465 г/м²;65000;65 000 циклов;Китай;950;;Цена за 1 п/м;Есть в отрез в Москве;https://souz-m.ru/products/memory-100.html;photos/Союз-М/Memory/Memory_100.jpg;https://souz-m.ru/netcat_files/Item/5313/memory100.jpg;souz-m.ru (официальный сайт);2026-09-30
Союз-М;Memory;Memory 115;Бежевый;Велюр;полиэстер - 100%;142;465 г/м²;65000;65 000 циклов;Китай;950;;Цена за 1 п/м;Есть в отрез в Москве;https://souz-m.ru/products/memory-115.html;photos/Союз-М/Memory/Memory_115.jpg;https://souz-m.ru/netcat_files/Item/5314/memory115.jpg;souz-m.ru (официальный сайт);2026-09-30
Союз-М;Memory;Memory 292;Коричневый;Велюр;полиэстер - 100%;142;465 г/м²;65000;65 000 циклов;Китай;950;;Цена за 1 п/м;Есть в отрез в Москве;https://souz-m.ru/products/memory-292.html;photos/Союз-М/Memory/Memory_292.jpg;https://souz-m.ru/netcat_files/Item/5315/memory292.jpg;souz-m.ru (официальный сайт);2026-09-30
Союз-М;Memory;Memory 420;Оранжевый;Велюр;полиэстер - 100%;142;465 г/м²;65000;65 000 циклов;Китай;950;;Цена за 1 п/м;Есть в отрез в Москве;https://souz-m.ru/products/memory-420.html;photos/Союз-М/Memory/Memory_420.jpg;https://souz-m.ru/netcat_files/Item/5316/memory420.jpg;souz-m.ru (официальный сайт);2026-09-30
Союз-М;Memory;Memory 617;Зеленый;Велюр;полиэстер - 100%;142;465 г/м²;65000;65 000 циклов;Китай;950;;Цена за 1 п/м;Есть в отрез в Москве;https://souz-m.ru/products/memory-617.html;photos/Союз-М/Memory/Memory_617.jpg;https://souz-m.ru/netcat_files/Item/5317/memory617.jpg;souz-m.ru (официальный сайт);2026-09-30
Союз-М;Memory;Memory 690;Зеленый;Велюр;полиэстер - 100%;142;465 г/м²;65000;65 000 циклов;Китай;950;;Цена за 1 п/м;Есть в отрез в Москве;https://souz-m.ru/products/memory-690.html;photos/Союз-М/Memory/Memory_690.jpg;https://souz-m.ru/netcat_files/Item/5318/memory690.jpg;souz-m.ru (официальный сайт);2026-09-30
Союз-М;Memory;Memory 795;Синий;Велюр;полиэстер - 100%;142;465 г/м²;65000;65 000 циклов;Китай;950;;Цена за 1 п/м;Есть в отрез в Москве;https://souz-m.ru/products/memory-795.html;photos/Союз-М/Memory/Memory_795.jpg;https://souz-m.ru/netcat_files/Item/5319/memory795.jpg;souz-m.ru (официальный сайт);2026-09-30
Союз-М;Memory;Memory 910;Серый;Велюр;полиэстер - 100%;142;465 г/м²;65000;65 000 циклов;Китай;950;;Цена за 1 п/м;Есть в отрез в Москве;https://souz-m.ru/products/memory-910.html;photos/Союз-М/Memory/Memory_910.jpg;https://souz-m.ru/netcat_files/Item/5320/memory910.jpg;souz-m.ru (официальный сайт);2026-09-30
Союз-М;Memory;Memory 990;Серый;Велюр;полиэстер - 100%;142;465 г/м²;65000;65 000 циклов;Китай;950;;Цена за 1 п/м;Есть в отрез в Москве;https://souz-m.ru/products/memory-990.html;photos/Союз-М/Memory/Memory_990.jpg;https://souz-m.ru/netcat_files/Item/5321/memory990.jpg;souz-m.ru (официальный сайт);2026-09-30
Союз-М;Memory;Memory 993;Серый;Велюр;полиэстер - 100%;142;465 г/м²;65000;65 000 циклов;Китай;950;;Цена за 1 п/м;Есть в отрез в Москве;https://souz-m.ru/products/memory-993.html;photos/Союз-М/Memory/Memory_993.jpg;https://souz-m.ru/netcat_files/Item/5322/memory993.jpg;souz-m.ru (официальный сайт);2026-09-30
Союз-М;Meridian;Meridian 117;Бежевый;Велюр;полиэстер - 100%;;230 г/м²;50000;50 000 циклов;Китай;600;;Цена за 1 п/м;Нет в отрез в Москве Уточняйте у менеджера;https://souz-m.ru/products/meridian-117.html;photos/Союз-М/Meridian/Meridian_117.jpg;https://souz-m.ru/netcat_files/Item/3868/meridian117.jpg;souz-m.ru (официальный сайт);2026-09-30
Союз-М;Meridian;Meridian 231;Коричневый;Велюр;полиэстер - 100%;;230 г/м²;50000;50 000 циклов;Китай;600;;Цена за 1 п/м;Есть в отрез в Москве;https://souz-m.ru/products/meridian-231.html;photos/Союз-М/Meridian/Meridian_231.jpg;https://souz-m.ru/netcat_files/Item/3869/meridian231.jpg;souz-m.ru (официальный сайт);2026-09-30
Союз-М;Meridian;Meridian 233;Коричневый;Велюр;полиэстер - 100%;;230 г/м²;50000;50 000 циклов;Китай;600;;Оптовая цена за 1 п/м;Есть в отрез в Москве;https://souz-m.ru/products/meridian-233.html;photos/Союз-М/Meridian/Meridian_233.jpg;https://souz-m.ru/netcat_files/Item/3870/meridian233.jpg;souz-m.ru (официальный сайт);2026-09-30
Союз-М;Meridian;Meridian 784;Синий;Велюр;полиэстер - 100%;;230 г/м²;50000;50 000 циклов;Китай;600;;Оптовая цена за 1 п/м;Есть в отрез в Москве;https://souz-m.ru/products/meridian-784.html;photos/Союз-М/Meridian/Meridian_784.jpg;https://souz-m.ru/netcat_files/Item/3871/meridian784.jpg;souz-m.ru (официальный сайт);2026-09-30
Союз-М;Meridian;Meridian 992;Серый;Велюр;полиэстер - 100%;;230 г/м²;50000;50 000 циклов;Китай;600;;Цена за 1 п/м;Есть в отрез в Москве;https://souz-m.ru/products/meridian-992.html;photos/Союз-М/Meridian/Meridian_992.jpg;https://souz-m.ru/netcat_files/Item/3872/meridian992.jpg;souz-m.ru (официальный сайт);2026-09-30
Союз-М;Meridian;Meridian 996;Серый, Черный;Велюр;полиэстер - 100%;;230 г/м²;50000;50 000 циклов;Китай;600;;Цена за 1 п/м;Нет в отрез в Москве Уточняйте у менеджера;https://souz-m.ru/products/meridian-996.html;photos/Союз-М/Meridian/Meridian_996.jpg;https://souz-m.ru/netcat_files/Item/3873/meridian996.jpg;souz-m.ru (официальный сайт);2026-09-30
Союз-М;Mist;Mist 010;Бежевый, Белый;Велюр;полиэстер - 100%;142;430 г/м²;100000;100 000 циклов;Китай;860;;Цена за 1 п/м;Есть в отрез в Москве;https://souz-m.ru/products/mist-010.html;photos/Союз-М/Mist/Mist_010.jpg;https://souz-m.ru/netcat_files/Item/5241/mist010.jpg;souz-m.ru (официальный сайт);2026-09-30
Союз-М;Mist;Mist 090;Бежевый;Велюр;полиэстер - 100%;142;430 г/м²;100000;100 000 циклов;Китай;860;;Цена за 1 п/м;Есть в отрез в Москве;https://souz-m.ru/products/mist-090.html;photos/Союз-М/Mist/Mist_090.jpg;https://souz-m.ru/netcat_files/Item/5242/mist090.jpg;souz-m.ru (официальный сайт);2026-09-30
Союз-М;Mist;Mist 100;Бежевый;Велюр;полиэстер - 100%;142;430 г/м²;100000;100 000 циклов;Китай;860;;Цена за 1 п/м;Есть в отрез в Москве;https://souz-m.ru/products/mist-100.html;photos/Союз-М/Mist/Mist_100.jpg;https://souz-m.ru/netcat_files/Item/5243/mist100.jpg;souz-m.ru (официальный сайт);2026-09-30
Союз-М;Mist;Mist 112;Бежевый;Велюр;полиэстер - 100%;142;430 г/м²;100000;100 000 циклов;Китай;860;;Цена за 1 п/м;Есть в отрез в Москве;https://souz-m.ru/products/mist-112.html;photos/Союз-М/Mist/Mist_112.jpg;https://souz-m.ru/netcat_files/Item/5244/mist112.jpg;souz-m.ru (официальный сайт);2026-09-30
Союз-М;Mist;Mist 130;Бежевый;Велюр;полиэстер - 100%;142;430 г/м²;100000;100 000 циклов;Китай;860;;Цена за 1 п/м;Есть в отрез в Москве;https://souz-m.ru/products/mist-130.html;photos/Союз-М/Mist/Mist_130.jpg;https://souz-m.ru/netcat_files/Item/5245/mist130.jpg;souz-m.ru (официальный сайт);2026-09-30
Союз-М;Mist;Mist 292;Коричневый;Велюр;полиэстер - 100%;142;430 г/м²;100000;100 000 циклов;Китай;860;;Цена за 1 п/м;Нет в отрез в Москве Ожидаемая дата поступления: 03.10.2026;https://souz-m.ru/products/mist-292.html;photos/Союз-М/Mist/Mist_292.jpg;https://souz-m.ru/netcat_files/Item/5246/mist292.jpg;souz-m.ru (официальный сайт);2026-09-30
Союз-М;Mist;Mist 312;Розовый;Велюр;полиэстер - 100%;142;430 г/м²;100000;100 000 циклов;Китай;860;;Цена за 1 п/м;Нет в отрез в Москве Ожидаемая дата поступления: 03.10.2026;https://souz-m.ru/products/mist-312.html;photos/Союз-М/Mist/Mist_312.jpg;https://souz-m.ru/netcat_files/Item/5247/mist312.jpg;souz-m.ru (официальный сайт);2026-09-30
Союз-М;Mist;Mist 420;Оранжевый;Велюр;полиэстер - 100%;142;430 г/м²;100000;100 000 циклов;Китай;860;;Цена за 1 п/м;Есть в отрез в Москве;https://souz-m.ru/products/mist-420.html;photos/Союз-М/Mist/Mist_420.jpg;https://souz-m.ru/netcat_files/Item/5248/mist420.jpg;souz-m.ru (официальный сайт);2026-09-30
Союз-М;Mist;Mist 435;Оранжевый;Велюр;полиэстер - 100%;142;430 г/м²;100000;100 000 циклов;Китай;860;;Цена за 1 п/м;Есть в отрез в Москве;https://souz-m.ru/products/mist-435.html;photos/Союз-М/Mist/Mist_435.jpg;https://souz-m.ru/netcat_files/Item/5249/mist435.jpg;souz-m.ru (официальный сайт);2026-09-30
Союз-М;Mist;Mist 510;Желтый;Велюр;полиэстер - 100%;142;430 г/м²;100000;100 000 циклов;Китай;860;;Цена за 1 п/м;Есть в отрез в Москве;https://souz-m.ru/products/mist-510.html;photos/Союз-М/Mist/Mist_510.jpg;https://souz-m.ru/netcat_files/Item/5250/mist510.jpg;souz-m.ru (официальный сайт);2026-09-30
Союз-М;Mist;Mist 625;Зеленый;Велюр;полиэстер - 100%;142;430 г/м²;100000;100 000 циклов;Китай;860;;Цена за 1 п/м;Есть в отрез в Москве;https://souz-m.ru/products/mist-625.html;photos/Союз-М/Mist/Mist_625.jpg;https://souz-m.ru/netcat_files/Item/5251/mist625.jpg;souz-m.ru (официальный сайт);2026-09-30
Союз-М;Mist;Mist 690;Зеленый;Велюр;полиэстер - 100%;142;430 г/м²;100000;100 000 циклов;Китай;860;;Цена за 1 п/м;Есть в отрез в Москве;https://souz-m.ru/products/mist-690.html;photos/Союз-М/Mist/Mist_690.jpg;https://souz-m.ru/netcat_files/Item/5252/mist690.jpg;souz-m.ru (официальный сайт);2026-09-30
Союз-М;Mist;Mist 695;Зеленый;Велюр;полиэстер - 100%;142;430 г/м²;100000;100 000 циклов;Китай;860;;Цена за 1 п/м;Есть в отрез в Москве;https://souz-m.ru/products/mist-695.html;photos/Союз-М/Mist/Mist_695.jpg;https://souz-m.ru/netcat_files/Item/5253/mist695.jpg;souz-m.ru (официальный сайт);2026-09-30
Союз-М;Mist;Mist 790;Синий;Велюр;полиэстер - 100%;142;430 г/м²;100000;100 000 циклов;Китай;860;;Цена за 1 п/м;Есть в отрез в Москве;https://souz-m.ru/products/mist-790.html;photos/Союз-М/Mist/Mist_790.jpg;https://souz-m.ru/netcat_files/Item/5254/mist790.jpg;souz-m.ru (официальный сайт);2026-09-30
Союз-М;Mist;Mist 796;Синий;Велюр;полиэстер - 100%;142;430 г/м²;100000;100 000 циклов;Китай;860;;Цена за 1 п/м;Есть в отрез в Москве;https://souz-m.ru/products/mist-796.html;photos/Союз-М/Mist/Mist_796.jpg;https://souz-m.ru/netcat_files/Item/5255/mist796.jpg;souz-m.ru (официальный сайт);2026-09-30
Союз-М;Mist;Mist 900;Серый;Велюр;полиэстер - 100%;142;430 г/м²;100000;100 000 циклов;Китай;860;;Цена за 1 п/м;Есть в отрез в Москве;https://souz-m.ru/products/mist-900.html;photos/Союз-М/Mist/Mist_900.jpg;https://souz-m.ru/netcat_files/Item/5256/mist900.jpg;souz-m.ru (официальный сайт);2026-09-30
Союз-М;Mist;Mist 933;Серый;Велюр;полиэстер - 100%;142;430 г/м²;100000;100 000 циклов;Китай;860;;Цена за 1 п/м;Есть в отрез в Москве;https://souz-m.ru/products/mist-933.html;photos/Союз-М/Mist/Mist_933.jpg;https://souz-m.ru/netcat_files/Item/5257/mist933.jpg;souz-m.ru (официальный сайт);2026-09-30
Союз-М;Mist;Mist 970;Серый;Велюр;полиэстер - 100%;142;430 г/м²;100000;100 000 циклов;Китай;860;;Цена за 1 п/м;Есть в отрез в Москве;https://souz-m.ru/products/mist-970.html;photos/Союз-М/Mist/Mist_970.jpg;https://souz-m.ru/netcat_files/Item/5258/mist970.jpg;souz-m.ru (официальный сайт);2026-09-30
Союз-М;Mist;Mist 980;Серый;Велюр;полиэстер - 100%;142;430 г/м²;100000;100 000 циклов;Китай;860;;Цена за 1 п/м;Есть в отрез в Москве;https://souz-m.ru/products/mist-980.html;photos/Союз-М/Mist/Mist_980.jpg;https://souz-m.ru/netcat_files/Item/5259/mist980.jpg;souz-m.ru (официальный сайт);2026-09-30
Союз-М;Mist;Mist 993;Серый;Велюр;полиэстер - 100%;142;430 г/м²;100000;100 000 циклов;Китай;860;;Цена за 1 п/м;Есть в отрез в Москве;https://souz-m.ru/products/mist-993.html;photos/Союз-М/Mist/Mist_993.jpg;https://souz-m.ru/netcat_files/Item/5260/mist993.jpg;souz-m.ru (официальный сайт);2026-09-30
Союз-М;Moss;Moss 000;Белый;Велюр;полиэстер - 100%;142;315 г/м²;65000;65 000 циклов;Китай;760;;Цена за 1 п/м;Нет в отрез в Москве Уточняйте у менеджера;https://souz-m.ru/products/moss-000.html;photos/Союз-М/Moss/Moss_000.jpg;https://souz-m.ru/netcat_files/Item/4257/moss000.jpg;souz-m.ru (официальный сайт);2026-09-30
Союз-М;Moss;Moss 130;Бежевый;Велюр;полиэстер - 100%;142;315 г/м²;65000;65 000 циклов;Китай;760;;Цена за 1 п/м;Есть в отрез в Москве;https://souz-m.ru/products/moss-130.html;photos/Союз-М/Moss/Moss_130.jpg;https://souz-m.ru/netcat_files/Item/4258/moss130.jpg;souz-m.ru (официальный сайт);2026-09-30
Союз-М;Moss;Moss 160;Бежевый;Велюр;полиэстер - 100%;142;315 г/м²;65000;65 000 циклов;Китай;760;;Цена за 1 п/м;Есть в отрез в Москве;https://souz-m.ru/products/moss-160.html;photos/Союз-М/Moss/Moss_160.jpg;https://souz-m.ru/netcat_files/Item/4259/moss160.jpg;souz-m.ru (официальный сайт);2026-09-30
Союз-М;Moss;Moss 235;Коричневый;Велюр;полиэстер - 100%;142;315 г/м²;65000;65 000 циклов;Китай;450;;Оптовая цена за 1 п/м;Есть в отрез в Москве;https://souz-m.ru/products/moss-235.html;photos/Союз-М/Moss/Moss_235.jpg;https://souz-m.ru/netcat_files/Item/4260/moss235.jpg;souz-m.ru (официальный сайт);2026-09-30
Союз-М;Moss;Moss 292;Коричневый;Велюр;полиэстер - 100%;142;315 г/м²;65000;65 000 циклов;Китай;760;;Цена за 1 п/м;Есть в отрез в Москве;https://souz-m.ru/products/moss-292.html;photos/Союз-М/Moss/Moss_292.jpg;https://souz-m.ru/netcat_files/Item/4261/moss292.jpg;souz-m.ru (официальный сайт);2026-09-30
Союз-М;Moss;Moss 310;Розовый;Велюр;полиэстер - 100%;142;315 г/м²;65000;65 000 циклов;Китай;450;;Оптовая цена за 1 п/м;Есть в отрез в Москве;https://souz-m.ru/products/moss-310.html;photos/Союз-М/Moss/Moss_310.jpg;https://souz-m.ru/netcat_files/Item/4262/moss310.jpg;souz-m.ru (официальный сайт);2026-09-30
Союз-М;Moss;Moss 400;Оранжевый;Велюр;полиэстер - 100%;142;315 г/м²;65000;65 000 циклов;Китай;450;;Оптовая цена за 1 п/м;Нет в отрез в Москве Уточняйте у менеджера;https://souz-m.ru/products/moss-400.html;photos/Союз-М/Moss/Moss_400.jpg;https://souz-m.ru/netcat_files/Item/4263/moss400.jpg;souz-m.ru (официальный сайт);2026-09-30
Союз-М;Moss;Moss 422;Оранжевый;Велюр;полиэстер - 100%;142;315 г/м²;65000;65 000 циклов;Китай;760;;Цена за 1 п/м;Есть в отрез в Москве;https://souz-m.ru/products/moss-422.html;photos/Союз-М/Moss/Moss_422.jpg;https://souz-m.ru/netcat_files/Item/4264/moss422.jpg;souz-m.ru (официальный сайт);2026-09-30
Союз-М;Moss;Moss 615;Зеленый;Велюр;полиэстер - 100%;142;315 г/м²;65000;65 000 циклов;Китай;760;;Цена за 1 п/м;Есть в отрез в Москве;https://souz-m.ru/products/moss-615.html;photos/Союз-М/Moss/Moss_615.jpg;https://souz-m.ru/netcat_files/Item/4265/moss615.jpg;souz-m.ru (официальный сайт);2026-09-30
Союз-М;Moss;Moss 620;Желтый;Велюр;полиэстер - 100%;142;315 г/м²;65000;65 000 циклов;Китай;450;;Оптовая цена за 1 п/м;Есть в отрез в Москве;https://souz-m.ru/products/moss-620.html;photos/Союз-М/Moss/Moss_620.jpg;https://souz-m.ru/netcat_files/Item/4266/moss620.jpg;souz-m.ru (официальный сайт);2026-09-30
Союз-М;Moss;Moss 670;Зеленый;Велюр;полиэстер - 100%;142;315 г/м²;65000;65 000 циклов;Китай;450;;Оптовая цена за 1 п/м;Есть в отрез в Москве;https://souz-m.ru/products/moss-670.html;photos/Союз-М/Moss/Moss_670.jpg;https://souz-m.ru/netcat_files/Item/4267/moss670.jpg;souz-m.ru (официальный сайт);2026-09-30
Союз-М;Moss;Moss 690;Зеленый;Велюр;полиэстер - 100%;142;315 г/м²;65000;65 000 циклов;Китай;450;;Оптовая цена за 1 п/м;Есть в отрез в Москве;https://souz-m.ru/products/moss-690.html;photos/Союз-М/Moss/Moss_690.jpg;https://souz-m.ru/netcat_files/Item/4268/moss690.jpg;souz-m.ru (официальный сайт);2026-09-30
Союз-М;Moss;Moss 780;Синий;Велюр;полиэстер - 100%;142;315 г/м²;65000;65 000 циклов;Китай;450;;Оптовая цена за 1 п/м;Есть в отрез в Москве;https://souz-m.ru/products/moss-780.html;photos/Союз-М/Moss/Moss_780.jpg;https://souz-m.ru/netcat_files/Item/4269/moss780.jpg;souz-m.ru (официальный сайт);2026-09-30
Союз-М;Moss;Moss 784;Синий;Велюр;полиэстер - 100%;142;315 г/м²;65000;65 000 циклов;Китай;450;;Оптовая цена за 1 п/м;Есть в отрез в Москве;https://souz-m.ru/products/moss-784.html;photos/Союз-М/Moss/Moss_784.jpg;https://souz-m.ru/netcat_files/Item/4270/moss784.jpg;souz-m.ru (официальный сайт);2026-09-30
Союз-М;Moss;Moss 900;Серый;Велюр;полиэстер - 100%;142;315 г/м²;65000;65 000 циклов;Китай;450;;Оптовая цена за 1 п/м;Есть в отрез в Москве;https://souz-m.ru/products/moss-900.html;photos/Союз-М/Moss/Moss_900.jpg;https://souz-m.ru/netcat_files/Item/4271/moss900.jpg;souz-m.ru (официальный сайт);2026-09-30
Союз-М;Moss;Moss 960;Серый;Велюр;полиэстер - 100%;142;315 г/м²;65000;65 000 циклов;Китай;760;;Цена за 1 п/м;Есть в отрез в Москве;https://souz-m.ru/products/moss-960.html;photos/Союз-М/Moss/Moss_960.jpg;https://souz-m.ru/netcat_files/Item/4272/moss960.jpg;souz-m.ru (официальный сайт);2026-09-30
Союз-М;Moss;Moss 993;Серый;Велюр;полиэстер - 100%;142;315 г/м²;65000;65 000 циклов;Китай;450;;Оптовая цена за 1 п/м;Нет в отрез в Москве Уточняйте у менеджера;https://souz-m.ru/products/moss-993.html;photos/Союз-М/Moss/Moss_993.jpg;https://souz-m.ru/netcat_files/Item/4273/moss993.jpg;souz-m.ru (официальный сайт);2026-09-30
Союз-М;Moss;Moss 996;Серый;Велюр;полиэстер - 100%;142;315 г/м²;65000;65 000 циклов;Китай;760;;Цена за 1 п/м;Есть в отрез в Москве;https://souz-m.ru/products/moss-996.html;photos/Союз-М/Moss/Moss_996.jpg;https://souz-m.ru/netcat_files/Item/4274/moss996.jpg;souz-m.ru (официальный сайт);2026-09-30
Союз-М;Novus;Novus 000;Белый;Велюр;полиэстер - 100%;141;515 г/м²;60000;60 000 циклов;Китай;1510;;Цена за 1 п/м;Есть в отрез в Москве;https://souz-m.ru/products/novus-000.html;photos/Союз-М/Novus/Novus_000.jpg;https://souz-m.ru/netcat_files/Item/3829/novus000.jpg;souz-m.ru (официальный сайт);2026-09-30
Союз-М;Novus;Novus 020;Бежевый;Велюр;полиэстер - 100%;141;515 г/м²;60000;60 000 циклов;Китай;1510;;Цена за 1 п/м;Есть в отрез в Москве;https://souz-m.ru/products/novus-020.html;photos/Союз-М/Novus/Novus_020.jpg;https://souz-m.ru/netcat_files/Item/3830/novus020.jpg;souz-m.ru (официальный сайт);2026-09-30
Союз-М;Novus;Novus 150;Бежевый;Велюр;полиэстер - 100%;141;515 г/м²;60000;60 000 циклов;Китай;1510;;Цена за 1 п/м;Есть в отрез в Москве;https://souz-m.ru/products/novus-150.html;photos/Союз-М/Novus/Novus_150.jpg;https://souz-m.ru/netcat_files/Item/3831/novus150.jpg;souz-m.ru (официальный сайт);2026-09-30
Союз-М;Novus;Novus 152;Бежевый;Велюр;полиэстер - 100%;141;515 г/м²;60000;60 000 циклов;Китай;1510;;Цена за 1 п/м;Есть в отрез в Москве;https://souz-m.ru/products/novus-152.html;photos/Союз-М/Novus/Novus_152.jpg;https://souz-m.ru/netcat_files/Item/3832/novus152.jpg;souz-m.ru (официальный сайт);2026-09-30
Союз-М;Novus;Novus 230;Бежевый, Коричневый;Велюр;полиэстер - 100%;141;515 г/м²;60000;60 000 циклов;Китай;1510;;Цена за 1 п/м;Есть в отрез в Москве;https://souz-m.ru/products/novus-230.html;photos/Союз-М/Novus/Novus_230.jpg;https://souz-m.ru/netcat_files/Item/3833/novus230.jpg;souz-m.ru (официальный сайт);2026-09-30
Союз-М;Novus;Novus 236;Коричневый;Велюр;полиэстер - 100%;141;515 г/м²;60000;60 000 циклов;Китай;1510;;Цена за 1 п/м;Есть в отрез в Москве;https://souz-m.ru/products/novus-236.html;photos/Союз-М/Novus/Novus_236.jpg;https://souz-m.ru/netcat_files/Item/3834/novus236.jpg;souz-m.ru (официальный сайт);2026-09-30
Союз-М;Novus;Novus 238;Коричневый;Велюр;полиэстер - 100%;141;515 г/м²;60000;60 000 циклов;Китай;1510;;Цена за 1 п/м;Есть в отрез в Москве;https://souz-m.ru/products/novus-238.html;photos/Союз-М/Novus/Novus_238.jpg;https://souz-m.ru/netcat_files/Item/3835/novus238.jpg;souz-m.ru (официальный сайт);2026-09-30
Союз-М;Novus;Novus 240;Коричневый, Оранжевый;Велюр;полиэстер - 100%;141;515 г/м²;60000;60 000 циклов;Китай;1510;;Цена за 1 п/м;Нет в отрез в Москве Уточняйте у менеджера;https://souz-m.ru/products/novus-240.html;photos/Союз-М/Novus/Novus_240.jpg;https://souz-m.ru/netcat_files/Item/3836/novus240.jpg;souz-m.ru (официальный сайт);2026-09-30
Союз-М;Novus;Novus 323;Красный;Велюр;полиэстер - 100%;141;515 г/м²;60000;60 000 циклов;Китай;1510;;Цена за 1 п/м;Нет в отрез в Москве Уточняйте у менеджера;https://souz-m.ru/products/novus-323.html;photos/Союз-М/Novus/Novus_323.jpg;https://souz-m.ru/netcat_files/Item/3837/novus323.jpg;souz-m.ru (официальный сайт);2026-09-30
Союз-М;Novus;Novus 410;Оранжевый;Велюр;полиэстер - 100%;141;515 г/м²;60000;60 000 циклов;Китай;1510;;Цена за 1 п/м;Есть в отрез в Москве;https://souz-m.ru/products/novus-410.html;photos/Союз-М/Novus/Novus_410.jpg;https://souz-m.ru/netcat_files/Item/3838/novus410.jpg;souz-m.ru (официальный сайт);2026-09-30
Союз-М;Novus;Novus 560;Желтый;Велюр;полиэстер - 100%;141;515 г/м²;60000;60 000 циклов;Китай;1510;;Цена за 1 п/м;Нет в отрез в Москве Уточняйте у менеджера;https://souz-m.ru/products/novus-560.html;photos/Союз-М/Novus/Novus_560.jpg;https://souz-m.ru/netcat_files/Item/3839/novus560.jpg;souz-m.ru (официальный сайт);2026-09-30
Союз-М;Novus;Novus 659;Зеленый;Велюр;полиэстер - 100%;141;515 г/м²;60000;60 000 циклов;Китай;1510;;Цена за 1 п/м;Есть в отрез в Москве;https://souz-m.ru/products/novus-659.html;photos/Союз-М/Novus/Novus_659.jpg;https://souz-m.ru/netcat_files/Item/3840/novus659.jpg;souz-m.ru (официальный сайт);2026-09-30
Союз-М;Novus;Novus 690;Зеленый;Велюр;полиэстер - 100%;141;515 г/м²;60000;60 000 циклов;Китай;950;;Оптовая цена за 1 п/м;Есть в отрез в Москве;https://souz-m.ru/products/novus-690.html;photos/Союз-М/Novus/Novus_690.jpg;https://souz-m.ru/netcat_files/Item/3841/novus690.jpg;souz-m.ru (официальный сайт);2026-09-30
Союз-М;Novus;Novus 695;Зеленый;Велюр;полиэстер - 100%;141;515 г/м²;60000;60 000 циклов;Китай;1510;;Цена за 1 п/м;Есть в отрез в Москве;https://souz-m.ru/products/novus-695.html;photos/Союз-М/Novus/Novus_695.jpg;https://souz-m.ru/netcat_files/Item/3842/novus695.jpg;souz-m.ru (официальный сайт);2026-09-30
Союз-М;Novus;Novus 750;Синий;Велюр;полиэстер - 100%;141;515 г/м²;60000;60 000 циклов;Китай;1510;;Цена за 1 п/м;Есть в отрез в Москве;https://souz-m.ru/products/novus-750.html;photos/Союз-М/Novus/Novus_750.jpg;https://souz-m.ru/netcat_files/Item/3843/novus750.jpg;souz-m.ru (официальный сайт);2026-09-30
Союз-М;Novus;Novus 760;Синий;Велюр;полиэстер - 100%;141;515 г/м²;60000;60 000 циклов;Китай;1510;;Цена за 1 п/м;Есть в отрез в Москве;https://souz-m.ru/products/novus-760.html;photos/Союз-М/Novus/Novus_760.jpg;https://souz-m.ru/netcat_files/Item/3844/novus760.jpg;souz-m.ru (официальный сайт);2026-09-30
Союз-М;Novus;Novus 785;Синий;Велюр;полиэстер - 100%;141;515 г/м²;60000;60 000 циклов;Китай;1510;;Цена за 1 п/м;Есть в отрез в Москве;https://souz-m.ru/products/novus-785.html;photos/Союз-М/Novus/Novus_785.jpg;https://souz-m.ru/netcat_files/Item/3845/novus785.jpg;souz-m.ru (официальный сайт);2026-09-30
Союз-М;Novus;Novus 789;Синий;Велюр;полиэстер - 100%;141;515 г/м²;60000;60 000 циклов;Китай;1510;;Цена за 1 п/м;Есть в отрез в Москве;https://souz-m.ru/products/novus-789.html;photos/Союз-М/Novus/Novus_789.jpg;https://souz-m.ru/netcat_files/Item/3846/novus789.jpg;souz-m.ru (официальный сайт);2026-09-30
Союз-М;Novus;Novus 810;Красный;Велюр;полиэстер - 100%;141;515 г/м²;60000;60 000 циклов;Китай;1510;;Цена за 1 п/м;Есть в отрез в Москве;https://souz-m.ru/products/novus-810.html;photos/Союз-М/Novus/Novus_810.jpg;https://souz-m.ru/netcat_files/Item/3847/novus810.jpg;souz-m.ru (официальный сайт);2026-09-30
Союз-М;Novus;Novus 872;Фиолетовый;Велюр;полиэстер - 100%;141;515 г/м²;60000;60 000 циклов;Китай;1510;;Цена за 1 п/м;Нет в отрез в Москве Уточняйте у менеджера;https://souz-m.ru/products/novus-872.html;photos/Союз-М/Novus/Novus_872.jpg;https://souz-m.ru/netcat_files/Item/3848/novus872.jpg;souz-m.ru (официальный сайт);2026-09-30
Союз-М;Novus;Novus 905;Серый;Велюр;полиэстер - 100%;141;515 г/м²;60000;60 000 циклов;Китай;1510;;Цена за 1 п/м;Есть в отрез в Москве;https://souz-m.ru/products/novus-905.html;photos/Союз-М/Novus/Novus_905.jpg;https://souz-m.ru/netcat_files/Item/3849/novus905.jpg;souz-m.ru (официальный сайт);2026-09-30
Союз-М;Novus;Novus 910;Серый;Велюр;полиэстер - 100%;141;515 г/м²;60000;60 000 циклов;Китай;1510;;Цена за 1 п/м;Есть в отрез в Москве;https://souz-m.ru/products/novus-910.html;photos/Союз-М/Novus/Novus_910.jpg;https://souz-m.ru/netcat_files/Item/3850/novus910.jpg;souz-m.ru (официальный сайт);2026-09-30
Союз-М;Novus;Novus 970;Серый, Синий;Велюр;полиэстер - 100%;141;515 г/м²;60000;60 000 циклов;Китай;1510;;Цена за 1 п/м;Нет в отрез в Москве Уточняйте у менеджера;https://souz-m.ru/products/novus-970.html;photos/Союз-М/Novus/Novus_970.jpg;https://souz-m.ru/netcat_files/Item/3851/novus970.jpg;souz-m.ru (официальный сайт);2026-09-30
Союз-М;Novus;Novus 980;Серый;Велюр;полиэстер - 100%;141;515 г/м²;60000;60 000 циклов;Китай;1510;;Цена за 1 п/м;Есть в отрез в Москве;https://souz-m.ru/products/novus-980.html;photos/Союз-М/Novus/Novus_980.jpg;https://souz-m.ru/netcat_files/Item/3852/novus980.jpg;souz-m.ru (официальный сайт);2026-09-30
Союз-М;Novus;Novus 997;Серый;Велюр;полиэстер - 100%;141;515 г/м²;60000;60 000 циклов;Китай;1510;;Цена за 1 п/м;Есть в отрез в Москве;https://souz-m.ru/products/novus-997.html;photos/Союз-М/Novus/Novus_997.jpg;https://souz-m.ru/netcat_files/Item/3853/novus997.jpg;souz-m.ru (официальный сайт);2026-09-30
Союз-М;Novus;Novus 998;Серый, Черный;Велюр;полиэстер - 100%;141;515 г/м²;60000;60 000 циклов;Китай;1510;;Цена за 1 п/м;Есть в отрез в Москве;https://souz-m.ru/products/novus-998.html;photos/Союз-М/Novus/Novus_998.jpg;https://souz-m.ru/netcat_files/Item/3854/novus998.jpg;souz-m.ru (официальный сайт);2026-09-30
Союз-М;Ocean;Ocean 100;Бежевый;Велюр;полиэстер - 100%;142;314 г/м²;60000;60 000 циклов;Китай;680;;Цена за 1 п/м;Есть в отрез в Москве;https://souz-m.ru/products/ocean-100.html;photos/Союз-М/Ocean/Ocean_100.jpg;https://souz-m.ru/netcat_files/Item/4413/ocean100.jpg;souz-m.ru (официальный сайт);2026-09-30
Союз-М;Ocean;Ocean 130;Бежевый;Велюр;полиэстер - 100%;142;314 г/м²;60000;60 000 циклов;Китай;680;;Цена за 1 п/м;Есть в отрез в Москве;https://souz-m.ru/products/ocean-130.html;photos/Союз-М/Ocean/Ocean_130.jpg;https://souz-m.ru/netcat_files/Item/4414/ocean130.jpg;souz-m.ru (официальный сайт);2026-09-30
Союз-М;Ocean;Ocean 233;Коричневый;Велюр;полиэстер - 100%;142;314 г/м²;60000;60 000 циклов;Китай;680;;Цена за 1 п/м;Есть в отрез в Москве;https://souz-m.ru/products/ocean-233.html;photos/Союз-М/Ocean/Ocean_233.jpg;https://souz-m.ru/netcat_files/Item/4415/ocean233.jpg;souz-m.ru (официальный сайт);2026-09-30
Союз-М;Ocean;Ocean 297;Коричневый;Велюр;полиэстер - 100%;142;314 г/м²;60000;60 000 циклов;Китай;680;;Цена за 1 п/м;Есть в отрез в Москве;https://souz-m.ru/products/ocean-297.html;photos/Союз-М/Ocean/Ocean_297.jpg;https://souz-m.ru/netcat_files/Item/4416/ocean297.jpg;souz-m.ru (официальный сайт);2026-09-30
Союз-М;Ocean;Ocean 410;Оранжевый;Велюр;полиэстер - 100%;142;314 г/м²;60000;60 000 циклов;Китай;450;;Оптовая цена за 1 п/м;Нет в отрез в Москве Уточняйте у менеджера;https://souz-m.ru/products/ocean-410.html;photos/Союз-М/Ocean/Ocean_410.jpg;https://souz-m.ru/netcat_files/Item/4417/ocean410.jpg;souz-m.ru (официальный сайт);2026-09-30
Союз-М;Ocean;Ocean 540;Желтый;Велюр;полиэстер - 100%;142;314 г/м²;60000;60 000 циклов;Китай;680;;Цена за 1 п/м;Есть в отрез в Москве;https://souz-m.ru/products/ocean-540.html;photos/Союз-М/Ocean/Ocean_540.jpg;https://souz-m.ru/netcat_files/Item/4418/ocean540.jpg;souz-m.ru (официальный сайт);2026-09-30
Союз-М;Ocean;Ocean 673;Зеленый;Велюр;полиэстер - 100%;142;314 г/м²;60000;60 000 циклов;Китай;450;;Оптовая цена за 1 п/м;Есть в отрез в Москве;https://souz-m.ru/products/ocean-673.html;photos/Союз-М/Ocean/Ocean_673.jpg;https://souz-m.ru/netcat_files/Item/4419/ocean673.jpg;souz-m.ru (официальный сайт);2026-09-30
Союз-М;Ocean;Ocean 696;Зеленый;Велюр;полиэстер - 100%;142;314 г/м²;60000;60 000 циклов;Китай;450;;Оптовая цена за 1 п/м;Нет в отрез в Москве Уточняйте у менеджера;https://souz-m.ru/products/ocean-696.html;photos/Союз-М/Ocean/Ocean_696.jpg;https://souz-m.ru/netcat_files/Item/4420/ocean696.jpg;souz-m.ru (официальный сайт);2026-09-30
Союз-М;Ocean;Ocean 780;Синий;Велюр;полиэстер - 100%;142;314 г/м²;60000;60 000 циклов;Китай;680;;Цена за 1 п/м;Нет в отрез в Москве Уточняйте у менеджера;https://souz-m.ru/products/ocean-780.html;photos/Союз-М/Ocean/Ocean_780.jpg;https://souz-m.ru/netcat_files/Item/4421/ocean780.jpg;souz-m.ru (официальный сайт);2026-09-30
Союз-М;Ocean;Ocean 960;Серый;Велюр;полиэстер - 100%;142;314 г/м²;60000;60 000 циклов;Китай;680;;Цена за 1 п/м;Есть в отрез в Москве;https://souz-m.ru/products/ocean-960.html;photos/Союз-М/Ocean/Ocean_960.jpg;https://souz-m.ru/netcat_files/Item/4422/ocean960.jpg;souz-m.ru (официальный сайт);2026-09-30
Союз-М;Ocean;Ocean 978;Фиолетовый;Велюр;полиэстер - 100%;142;314 г/м²;60000;60 000 циклов;Китай;680;;Цена за 1 п/м;Есть в отрез в Москве;https://souz-m.ru/products/ocean-978.html;photos/Союз-М/Ocean/Ocean_978.jpg;https://souz-m.ru/netcat_files/Item/4423/ocean978.jpg;souz-m.ru (официальный сайт);2026-09-30
Союз-М;Ocean;Ocean 990;Серый;Велюр;полиэстер - 100%;142;314 г/м²;60000;60 000 циклов;Китай;680;;Цена за 1 п/м;Есть в отрез в Москве;https://souz-m.ru/products/ocean-990.html;photos/Союз-М/Ocean/Ocean_990.jpg;https://souz-m.ru/netcat_files/Item/4424/ocean990.jpg;souz-m.ru (официальный сайт);2026-09-30
Союз-М;Ocean;Ocean 995;Серый;Велюр;полиэстер - 100%;142;314 г/м²;60000;60 000 циклов;Китай;680;;Цена за 1 п/м;Есть в отрез в Москве;https://souz-m.ru/products/ocean-995.html;photos/Союз-М/Ocean/Ocean_995.jpg;https://souz-m.ru/netcat_files/Item/4425/ocean995.jpg;souz-m.ru (официальный сайт);2026-09-30
Союз-М;Olympia;Olympia 240;Оранжевый;Велюр;полиэстер - 100%;142;315,4 г/м²;52000;52 000 циклов;Китай;650;;Цена за 1 п/м;Нет в отрез в Москве Уточняйте у менеджера;https://souz-m.ru/products/olympia-240.html;photos/Союз-М/Olympia/Olympia_240.jpg;https://souz-m.ru/netcat_files/Item/3185/olympia240.jpg;souz-m.ru (официальный сайт);2026-09-30
Союз-М;Olympia;Olympia 658;Зеленый;Велюр;полиэстер - 100%;142;315,4 г/м²;52000;52 000 циклов;Китай;650;;Цена за 1 п/м;Нет в отрез в Москве Уточняйте у менеджера;https://souz-m.ru/products/olympia-658.html;photos/Союз-М/Olympia/Olympia_658.jpg;https://souz-m.ru/netcat_files/Item/3189/olympia658.jpg;souz-m.ru (официальный сайт);2026-09-30
Союз-М;Olympia;Olympia 697;Зеленый;Велюр;полиэстер - 100%;142;315,4 г/м²;52000;52 000 циклов;Китай;650;;Цена за 1 п/м;Нет в отрез в Москве Уточняйте у менеджера;https://souz-m.ru/products/olympia-697.html;photos/Союз-М/Olympia/Olympia_697.jpg;https://souz-m.ru/netcat_files/Item/3190/olympia697.jpg;souz-m.ru (официальный сайт);2026-09-30
Союз-М;Olympia;Olympia 778;Синий;Велюр;полиэстер - 100%;142;315,4 г/м²;52000;52 000 циклов;Китай;650;;Оптовая цена за 1 п/м;Есть в отрез в Москве;https://souz-m.ru/products/olympia-778.html;photos/Союз-М/Olympia/Olympia_778.jpg;https://souz-m.ru/netcat_files/Item/3191/olympia778.jpg;souz-m.ru (официальный сайт);2026-09-30
Союз-М;Olympia;Olympia 908;Серый;Велюр;полиэстер - 100%;142;315,4 г/м²;52000;52 000 циклов;Китай;650;;Цена за 1 п/м;Нет в отрез в Москве Уточняйте у менеджера;https://souz-m.ru/products/olympia-908.html;photos/Союз-М/Olympia/Olympia_908.jpg;https://souz-m.ru/netcat_files/Item/3192/olympia908.jpg;souz-m.ru (официальный сайт);2026-09-30
Союз-М;Olympia;Olympia 928;Серый;Велюр;полиэстер - 100%;142;315,4 г/м²;52000;52 000 циклов;Китай;650;;Оптовая цена за 1 п/м;Есть в отрез в Москве;https://souz-m.ru/products/olympia-928.html;photos/Союз-М/Olympia/Olympia_928.jpg;https://souz-m.ru/netcat_files/Item/3193/olympia928.jpg;souz-m.ru (официальный сайт);2026-09-30
Союз-М;Omega;Omega 01;Белый;Велюр;полиэстер - 100%;141;270 г/м²;36000;36 000 циклов;Китай;570;;Цена за 1 п/м;Есть в отрез в Москве;https://souz-m.ru/products/omega-01.html;photos/Союз-М/Omega/Omega_01.jpg;https://souz-m.ru/netcat_files/Item/4087/omega01.jpg;souz-m.ru (официальный сайт);2026-09-30
Союз-М;Omega;Omega 03;Бежевый;Велюр;полиэстер - 100%;141;270 г/м²;36000;36 000 циклов;Китай;570;;Цена за 1 п/м;Есть в отрез в Москве;https://souz-m.ru/products/omega-03.html;photos/Союз-М/Omega/Omega_03.jpg;https://souz-m.ru/netcat_files/Item/4088/omega03.jpg;souz-m.ru (официальный сайт);2026-09-30
Союз-М;Omega;Omega 04;Бежевый;Велюр;полиэстер - 100%;141;270 г/м²;36000;36 000 циклов;Китай;570;;Цена за 1 п/м;Есть в отрез в Москве;https://souz-m.ru/products/omega-04.html;photos/Союз-М/Omega/Omega_04.jpg;https://souz-m.ru/netcat_files/Item/4089/omega04.jpg;souz-m.ru (официальный сайт);2026-09-30
Союз-М;Omega;Omega 06;Серый;Велюр;полиэстер - 100%;141;270 г/м²;36000;36 000 циклов;Китай;570;;Цена за 1 п/м;Есть в отрез в Москве;https://souz-m.ru/products/omega-06.html;photos/Союз-М/Omega/Omega_06.jpg;https://souz-m.ru/netcat_files/Item/4090/omega06.jpg;souz-m.ru (официальный сайт);2026-09-30
Союз-М;Omega;Omega 08;Зеленый;Велюр;полиэстер - 100%;141;270 г/м²;36000;36 000 циклов;Китай;400;;Оптовая цена за 1 п/м;Есть в отрез в Москве;https://souz-m.ru/products/omega-08.html;photos/Союз-М/Omega/Omega_08.jpg;https://souz-m.ru/netcat_files/Item/4091/omega08.jpg;souz-m.ru (официальный сайт);2026-09-30
Союз-М;Omega;Omega 09;Синий;Велюр;полиэстер - 100%;141;270 г/м²;36000;36 000 циклов;Китай;570;;Оптовая цена за 1 п/м;Есть в отрез в Москве;https://souz-m.ru/products/omega-09.html;photos/Союз-М/Omega/Omega_09.jpg;https://souz-m.ru/netcat_files/Item/4092/omega09.jpg;souz-m.ru (официальный сайт);2026-09-30
Союз-М;Omega;Omega 20;Фиолетовый;Велюр;полиэстер - 100%;141;270 г/м²;36000;36 000 циклов;Китай;570;;Оптовая цена за 1 п/м;Есть в отрез в Москве;https://souz-m.ru/products/omega-20.html;photos/Союз-М/Omega/Omega_20.jpg;https://souz-m.ru/netcat_files/Item/4093/omega20.jpg;souz-m.ru (официальный сайт);2026-09-30
Союз-М;Omega;Omega 21;Коричневый;Велюр;полиэстер - 100%;141;270 г/м²;36000;36 000 циклов;Китай;570;;Оптовая цена за 1 п/м;Есть в отрез в Москве;https://souz-m.ru/products/omega-21.html;photos/Союз-М/Omega/Omega_21.jpg;https://souz-m.ru/netcat_files/Item/4094/omega21.jpg;souz-m.ru (официальный сайт);2026-09-30
Союз-М;Omega;Omega 24;Коричневый;Велюр;полиэстер - 100%;141;270 г/м²;36000;36 000 циклов;Китай;570;;Цена за 1 п/м;Есть в отрез в Москве;https://souz-m.ru/products/omega-24.html;photos/Союз-М/Omega/Omega_24.jpg;https://souz-m.ru/netcat_files/Item/4095/omega24.jpg;souz-m.ru (официальный сайт);2026-09-30
Союз-М;Omega;Omega 26;Синий;Велюр;полиэстер - 100%;141;270 г/м²;36000;36 000 циклов;Китай;570;;Цена за 1 п/м;Есть в отрез в Москве;https://souz-m.ru/products/omega-26.html;photos/Союз-М/Omega/Omega_26.jpg;https://souz-m.ru/netcat_files/Item/4096/omega26.jpg;souz-m.ru (официальный сайт);2026-09-30
Союз-М;Omega;Omega 27;Серый;Велюр;полиэстер - 100%;141;270 г/м²;36000;36 000 циклов;Китай;570;;Цена за 1 п/м;Есть в отрез в Москве;https://souz-m.ru/products/omega-27.html;photos/Союз-М/Omega/Omega_27.jpg;https://souz-m.ru/netcat_files/Item/4097/omega27.jpg;souz-m.ru (официальный сайт);2026-09-30
Союз-М;Omega;Omega 29;Серый;Велюр;полиэстер - 100%;141;270 г/м²;36000;36 000 циклов;Китай;570;;Цена за 1 п/м;Есть в отрез в Москве;https://souz-m.ru/products/omega-29.html;photos/Союз-М/Omega/Omega_29.jpg;https://souz-m.ru/netcat_files/Item/4098/omega29.jpg;souz-m.ru (официальный сайт);2026-09-30
Союз-М;Omega;Omega 32;Серый, Черный;Велюр;полиэстер - 100%;141;270 г/м²;36000;36 000 циклов;Китай;570;;Цена за 1 п/м;Есть в отрез в Москве;https://souz-m.ru/products/omega-32.html;photos/Союз-М/Omega/Omega_32.jpg;https://souz-m.ru/netcat_files/Item/4099/omega32.jpg;souz-m.ru (официальный сайт);2026-09-30
Союз-М;Omega;Omega 56;Желтый;Велюр;полиэстер - 100%;141;270 г/м²;36000;36 000 циклов;Китай;570;;Цена за 1 п/м;Есть в отрез в Москве;https://souz-m.ru/products/omega-56.html;photos/Союз-М/Omega/Omega_56.jpg;https://souz-m.ru/netcat_files/Item/4100/omega56.jpg;souz-m.ru (официальный сайт);2026-09-30
Союз-М;Omega;Omega 60;Зеленый;Велюр;полиэстер - 100%;141;270 г/м²;36000;36 000 циклов;Китай;570;;Цена за 1 п/м;Есть в отрез в Москве;https://souz-m.ru/products/omega-60.html;photos/Союз-М/Omega/Omega_60.jpg;https://souz-m.ru/netcat_files/Item/4101/omega60.jpg;souz-m.ru (официальный сайт);2026-09-30
Союз-М;Omega;Omega 61;Зеленый;Велюр;полиэстер - 100%;141;270 г/м²;36000;36 000 циклов;Китай;400;;Оптовая цена за 1 п/м;Есть в отрез в Москве;https://souz-m.ru/products/omega-61.html;photos/Союз-М/Omega/Omega_61.jpg;https://souz-m.ru/netcat_files/Item/4102/omega61.jpg;souz-m.ru (официальный сайт);2026-09-30
Союз-М;Omega;Omega 62;Зеленый;Велюр;полиэстер - 100%;141;270 г/м²;36000;36 000 циклов;Китай;570;;Цена за 1 п/м;Есть в отрез в Москве;https://souz-m.ru/products/omega-62.html;photos/Союз-М/Omega/Omega_62.jpg;https://souz-m.ru/netcat_files/Item/4103/omega62.jpg;souz-m.ru (официальный сайт);2026-09-30
Союз-М;Outline;Outline 100;Бежевый;Велюр;полиэстер - 100%;142;467 г/м²;60000;60 000 циклов;Китай;1680;;Цена за 1 п/м;Есть в отрез в Москве;https://souz-m.ru/products/outline-100.html;photos/Союз-М/Outline/Outline_100.jpg;https://souz-m.ru/netcat_files/Item/4911/outline100.jpg;souz-m.ru (официальный сайт);2026-09-30
Союз-М;Outline;Outline 112;Бежевый, Коричневый;Велюр;полиэстер - 100%;142;467 г/м²;60000;60 000 циклов;Китай;1680;;Цена за 1 п/м;Есть в отрез в Москве;https://souz-m.ru/products/outline-112.html;photos/Союз-М/Outline/Outline_112.jpg;https://souz-m.ru/netcat_files/Item/4912/outline112.jpg;souz-m.ru (официальный сайт);2026-09-30
Союз-М;Outline;Outline 420;Оранжевый;Велюр;полиэстер - 100%;142;467 г/м²;60000;60 000 циклов;Китай;1680;;Цена за 1 п/м;Есть в отрез в Москве;https://souz-m.ru/products/outline-420.html;photos/Союз-М/Outline/Outline_420.jpg;https://souz-m.ru/netcat_files/Item/4913/outline420.jpg;souz-m.ru (официальный сайт);2026-09-30
Союз-М;Outline;Outline 520;Желтый;Велюр;полиэстер - 100%;142;467 г/м²;60000;60 000 циклов;Китай;1680;;Цена за 1 п/м;Есть в отрез в Москве;https://souz-m.ru/products/outline-520.html;photos/Союз-М/Outline/Outline_520.jpg;https://souz-m.ru/netcat_files/Item/4914/outline520.jpg;souz-m.ru (официальный сайт);2026-09-30
Союз-М;Outline;Outline 690;Зеленый;Велюр;полиэстер - 100%;142;467 г/м²;60000;60 000 циклов;Китай;1680;;Цена за 1 п/м;Есть в отрез в Москве;https://souz-m.ru/products/outline-690.html;photos/Союз-М/Outline/Outline_690.jpg;https://souz-m.ru/netcat_files/Item/4915/outline690.jpg;souz-m.ru (официальный сайт);2026-09-30
Союз-М;Outline;Outline 693;Зеленый;Велюр;полиэстер - 100%;142;467 г/м²;60000;60 000 циклов;Китай;1680;;Цена за 1 п/м;Есть в отрез в Москве;https://souz-m.ru/products/outline-693.html;photos/Союз-М/Outline/Outline_693.jpg;https://souz-m.ru/netcat_files/Item/4916/outline693.jpg;souz-m.ru (официальный сайт);2026-09-30
Союз-М;Outline;Outline 765;Зеленый, Синий;Велюр;полиэстер - 100%;142;467 г/м²;60000;60 000 циклов;Китай;1680;;Цена за 1 п/м;Есть в отрез в Москве;https://souz-m.ru/products/outline-765.html;photos/Союз-М/Outline/Outline_765.jpg;https://souz-m.ru/netcat_files/Item/4917/outline765.jpg;souz-m.ru (официальный сайт);2026-09-30
Союз-М;Outline;Outline 900;Серый;Велюр;полиэстер - 100%;142;467 г/м²;60000;60 000 циклов;Китай;1680;;Цена за 1 п/м;Есть в отрез в Москве;https://souz-m.ru/products/outline-900.html;photos/Союз-М/Outline/Outline_900.jpg;https://souz-m.ru/netcat_files/Item/4918/outline900.jpg;souz-m.ru (официальный сайт);2026-09-30
Союз-М;Outline;Outline 965;Серый;Велюр;полиэстер - 100%;142;467 г/м²;60000;60 000 циклов;Китай;1680;;Цена за 1 п/м;Есть в отрез в Москве;https://souz-m.ru/products/outline-965.html;photos/Союз-М/Outline/Outline_965.jpg;https://souz-m.ru/netcat_files/Item/4919/outline965.jpg;souz-m.ru (официальный сайт);2026-09-30
Союз-М;Outline;Outline 972;Серый;Велюр;полиэстер - 100%;142;467 г/м²;60000;60 000 циклов;Китай;1680;;Цена за 1 п/м;Есть в отрез в Москве;https://souz-m.ru/products/outline-972.html;photos/Союз-М/Outline/Outline_972.jpg;https://souz-m.ru/netcat_files/Item/4920/outline972.jpg;souz-m.ru (официальный сайт);2026-09-30
Союз-М;Outline;Outline 991;Серый;Велюр;полиэстер - 100%;142;467 г/м²;60000;60 000 циклов;Китай;1680;;Цена за 1 п/м;Есть в отрез в Москве;https://souz-m.ru/products/outline-991.html;photos/Союз-М/Outline/Outline_991.jpg;https://souz-m.ru/netcat_files/Item/4921/outline991.jpg;souz-m.ru (официальный сайт);2026-09-30
Союз-М;Outline;Outline 996;Серый;Велюр;полиэстер - 100%;142;467 г/м²;60000;60 000 циклов;Китай;1680;;Цена за 1 п/м;Есть в отрез в Москве;https://souz-m.ru/products/outline-996.html;photos/Союз-М/Outline/Outline_996.jpg;https://souz-m.ru/netcat_files/Item/4922/outline996.jpg;souz-m.ru (официальный сайт);2026-09-30
Союз-М;Paradigma;Paradigma 794;Зеленый, Синий;Велюр;полиэстер - 100%;145;300 г/м²;93000;93 000 циклов;Китай;600;;Оптовая цена за 1 п/м;Есть в отрез в Москве;https://souz-m.ru/products/paradigma-794.html;photos/Союз-М/Paradigma/Paradigma_794.jpg;https://souz-m.ru/netcat_files/Item/3624/paradigma794.jpg;souz-m.ru (официальный сайт);2026-09-30
Союз-М;Paradigma;Paradigma 795;Синий;Велюр;полиэстер - 100%;145;300 г/м²;93000;93 000 циклов;Китай;600;;Оптовая цена за 1 п/м;Есть в отрез в Москве;https://souz-m.ru/products/paradigma-795.html;photos/Союз-М/Paradigma/Paradigma_795.jpg;https://souz-m.ru/netcat_files/Item/3625/paradigma795.jpg;souz-m.ru (официальный сайт);2026-09-30
Союз-М;Paradigma;Paradigma 900;Серый;Велюр;полиэстер - 100%;145;300 г/м²;93000;93 000 циклов;Китай;790;;Оптовая цена за 1 п/м;Есть в отрез в Москве;https://souz-m.ru/products/paradigma-900.html;photos/Союз-М/Paradigma/Paradigma_900.jpg;https://souz-m.ru/netcat_files/Item/3626/paradigma900.jpg;souz-m.ru (официальный сайт);2026-09-30
Союз-М;Premier;Premier 01;Бежевый, Белый;Велюр;полиэстер - 100%;142;393,2 г/м²;70000;70 000 циклов;Китай;800;;Оптовая цена за 1 п/м;Есть в отрез в Москве;https://souz-m.ru/products/premier-01.html;photos/Союз-М/Premier/Premier_01.jpg;https://souz-m.ru/netcat_files/Item/2950/premier01.jpg;souz-m.ru (официальный сайт);2026-09-30
Союз-М;Premier;Premier 02;Бежевый;Велюр;полиэстер - 100%;142;393,2 г/м²;70000;70 000 циклов;Китай;800;;Оптовая цена за 1 п/м;Есть в отрез в Москве;https://souz-m.ru/products/premier-02.html;photos/Союз-М/Premier/Premier_02.jpg;https://souz-m.ru/netcat_files/Item/2951/premier02.jpg;souz-m.ru (официальный сайт);2026-09-30
Союз-М;Premier;Premier 03;Бежевый;Велюр;полиэстер - 100%;142;393,2 г/м²;70000;70 000 циклов;Китай;1270;;Цена за 1 п/м;Есть в отрез в Москве;https://souz-m.ru/products/premier-03.html;photos/Союз-М/Premier/Premier_03.jpg;https://souz-m.ru/netcat_files/Item/2952/premier03.jpg;souz-m.ru (официальный сайт);2026-09-30
Союз-М;Premier;Premier 04;Бежевый, Коричневый;Велюр;полиэстер - 100%;142;393,2 г/м²;70000;70 000 циклов;Китай;800;;Оптовая цена за 1 п/м;Есть в отрез в Москве;https://souz-m.ru/products/premier-04.html;photos/Союз-М/Premier/Premier_04.jpg;https://souz-m.ru/netcat_files/Item/2953/premier04.jpg;souz-m.ru (официальный сайт);2026-09-30
Союз-М;Premier;Premier 05;Бежевый, Коричневый;Велюр;полиэстер - 100%;142;393,2 г/м²;70000;70 000 циклов;Китай;800;;Оптовая цена за 1 п/м;Есть в отрез в Москве;https://souz-m.ru/products/premier-05.html;photos/Союз-М/Premier/Premier_05.jpg;https://souz-m.ru/netcat_files/Item/2954/premier05.jpg;souz-m.ru (официальный сайт);2026-09-30
Союз-М;Premier;Premier 06;Коричневый;Велюр;полиэстер - 100%;142;393,2 г/м²;70000;70 000 циклов;Китай;1270;;Цена за 1 п/м;Есть в отрез в Москве;https://souz-m.ru/products/premier-06.html;photos/Союз-М/Premier/Premier_06.jpg;https://souz-m.ru/netcat_files/Item/2955/premier06.jpg;souz-m.ru (официальный сайт);2026-09-30
Союз-М;Premier;Premier 07;Бежевый, Коричневый;Велюр;полиэстер - 100%;142;393,2 г/м²;70000;70 000 циклов;Китай;1270;;Цена за 1 п/м;Есть в отрез в Москве;https://souz-m.ru/products/premier-07.html;photos/Союз-М/Premier/Premier_07.jpg;https://souz-m.ru/netcat_files/Item/2956/premier07.jpg;souz-m.ru (официальный сайт);2026-09-30
Союз-М;Premier;Premier 08;Бежевый, Коричневый;Велюр;полиэстер - 100%;142;393,2 г/м²;70000;70 000 циклов;Китай;1270;;Цена за 1 п/м;Есть в отрез в Москве;https://souz-m.ru/products/premier-08.html;photos/Союз-М/Premier/Premier_08.jpg;https://souz-m.ru/netcat_files/Item/2957/premier08.jpg;souz-m.ru (официальный сайт);2026-09-30
Союз-М;Premier;Premier 09;Бежевый, Коричневый;Велюр;полиэстер - 100%;142;393,2 г/м²;70000;70 000 циклов;Китай;1270;;Цена за 1 п/м;Есть в отрез в Москве;https://souz-m.ru/products/premier-09.html;photos/Союз-М/Premier/Premier_09.jpg;https://souz-m.ru/netcat_files/Item/2958/premier09.jpg;souz-m.ru (официальный сайт);2026-09-30
Союз-М;Premier;Premier 10;Коричневый;Велюр;полиэстер - 100%;142;393,2 г/м²;70000;70 000 циклов;Китай;1270;;Цена за 1 п/м;Есть в отрез в Москве;https://souz-m.ru/products/premier-10.html;photos/Союз-М/Premier/Premier_10.jpg;https://souz-m.ru/netcat_files/Item/2959/premier10.jpg;souz-m.ru (официальный сайт);2026-09-30
Союз-М;Premier;Premier 11;Коричневый;Велюр;полиэстер - 100%;142;393,2 г/м²;70000;70 000 циклов;Китай;1270;;Цена за 1 п/м;Есть в отрез в Москве;https://souz-m.ru/products/premier-11.html;photos/Союз-М/Premier/Premier_11.jpg;https://souz-m.ru/netcat_files/Item/2960/premier11.jpg;souz-m.ru (официальный сайт);2026-09-30
Союз-М;Premier;Premier 12;Коричневый;Велюр;полиэстер - 100%;142;393,2 г/м²;70000;70 000 циклов;Китай;1270;;Цена за 1 п/м;Есть в отрез в Москве;https://souz-m.ru/products/premier-12.html;photos/Союз-М/Premier/Premier_12.jpg;https://souz-m.ru/netcat_files/Item/2961/premier12.jpg;souz-m.ru (официальный сайт);2026-09-30
Союз-М;Premier;Premier 13;Красный;Велюр;полиэстер - 100%;142;393,2 г/м²;70000;70 000 циклов;Китай;1270;;Цена за 1 п/м;Нет в отрез в Москве Уточняйте у менеджера;https://souz-m.ru/products/premier-13.html;photos/Союз-М/Premier/Premier_13.jpg;https://souz-m.ru/netcat_files/Item/2962/premier13.jpg;souz-m.ru (официальный сайт);2026-09-30
Союз-М;Premier;Premier 14;Красный;Велюр;полиэстер - 100%;142;393,2 г/м²;70000;70 000 циклов;Китай;1270;;Цена за 1 п/м;Есть в отрез в Москве;https://souz-m.ru/products/premier-14.html;photos/Союз-М/Premier/Premier_14.jpg;https://souz-m.ru/netcat_files/Item/2963/premier14.jpg;souz-m.ru (официальный сайт);2026-09-30
Союз-М;Premier;Premier 15;Оранжевый;Велюр;полиэстер - 100%;142;393,2 г/м²;70000;70 000 циклов;Китай;1270;;Цена за 1 п/м;Есть в отрез в Москве;https://souz-m.ru/products/premier-15.html;photos/Союз-М/Premier/Premier_15.jpg;https://souz-m.ru/netcat_files/Item/2964/premier15.jpg;souz-m.ru (официальный сайт);2026-09-30
Союз-М;Premier;Premier 16;Желтый;Велюр;полиэстер - 100%;142;393,2 г/м²;70000;70 000 циклов;Китай;1270;;Оптовая цена за 1 п/м;Есть в отрез в Москве;https://souz-m.ru/products/premier-16.html;photos/Союз-М/Premier/Premier_16.jpg;https://souz-m.ru/netcat_files/Item/2965/premier16.jpg;souz-m.ru (официальный сайт);2026-09-30
Союз-М;Premier;Premier 17;Зеленый;Велюр;полиэстер - 100%;142;393,2 г/м²;70000;70 000 циклов;Китай;1270;;Цена за 1 п/м;Есть в отрез в Москве;https://souz-m.ru/products/premier-17.html;photos/Союз-М/Premier/Premier_17.jpg;https://souz-m.ru/netcat_files/Item/2966/premier17.jpg;souz-m.ru (официальный сайт);2026-09-30
Союз-М;Premier;Premier 18;Зеленый;Велюр;полиэстер - 100%;142;393,2 г/м²;70000;70 000 циклов;Китай;1270;;Цена за 1 п/м;Есть в отрез в Москве;https://souz-m.ru/products/premier-18.html;photos/Союз-М/Premier/Premier_18.jpg;https://souz-m.ru/netcat_files/Item/2967/premier18.jpg;souz-m.ru (официальный сайт);2026-09-30
Союз-М;Premier;Premier 19;Зеленый;Велюр;полиэстер - 100%;142;393,2 г/м²;70000;70 000 циклов;Китай;1270;;Цена за 1 п/м;Есть в отрез в Москве;https://souz-m.ru/products/premier-19.html;photos/Союз-М/Premier/Premier_19.jpg;https://souz-m.ru/netcat_files/Item/2968/premier19.jpg;souz-m.ru (официальный сайт);2026-09-30
Союз-М;Premier;Premier 20;Зеленый;Велюр;полиэстер - 100%;142;393,2 г/м²;70000;70 000 циклов;Китай;1270;;Цена за 1 п/м;Есть в отрез в Москве;https://souz-m.ru/products/premier-20.html;photos/Союз-М/Premier/Premier_20.jpg;https://souz-m.ru/netcat_files/Item/2969/premier20.jpg;souz-m.ru (официальный сайт);2026-09-30
Союз-М;Premier;Premier 21;Синий;Велюр;полиэстер - 100%;142;393,2 г/м²;70000;70 000 циклов;Китай;1270;;Цена за 1 п/м;Есть в отрез в Москве;https://souz-m.ru/products/premier-21.html;photos/Союз-М/Premier/Premier_21.jpg;https://souz-m.ru/netcat_files/Item/2970/premier21.jpg;souz-m.ru (официальный сайт);2026-09-30
Союз-М;Premier;Premier 22;Синий;Велюр;полиэстер - 100%;142;393,2 г/м²;70000;70 000 циклов;Китай;1270;;Цена за 1 п/м;Есть в отрез в Москве;https://souz-m.ru/products/premier-22.html;photos/Союз-М/Premier/Premier_22.jpg;https://souz-m.ru/netcat_files/Item/2971/premier22.jpg;souz-m.ru (официальный сайт);2026-09-30
Союз-М;Premier;Premier 23;Фиолетовый;Велюр;полиэстер - 100%;142;393,2 г/м²;70000;70 000 циклов;Китай;1270;;Цена за 1 п/м;Есть в отрез в Москве;https://souz-m.ru/products/premier-23.html;photos/Союз-М/Premier/Premier_23.jpg;https://souz-m.ru/netcat_files/Item/2972/premier23.jpg;souz-m.ru (официальный сайт);2026-09-30
Союз-М;Premier;Premier 24;Синий, Черный;Велюр;полиэстер - 100%;142;393,2 г/м²;70000;70 000 циклов;Китай;1270;;Цена за 1 п/м;Есть в отрез в Москве;https://souz-m.ru/products/premier-24.html;photos/Союз-М/Premier/Premier_24.jpg;https://souz-m.ru/netcat_files/Item/2973/premier24.jpg;souz-m.ru (официальный сайт);2026-09-30
Союз-М;Premier;Premier 25;Серый;Велюр;полиэстер - 100%;142;393,2 г/м²;70000;70 000 циклов;Китай;1270;;Цена за 1 п/м;Есть в отрез в Москве;https://souz-m.ru/products/premier-25.html;photos/Союз-М/Premier/Premier_25.jpg;https://souz-m.ru/netcat_files/Item/2974/premier25.jpg;souz-m.ru (официальный сайт);2026-09-30
Союз-М;Prince;Prince 10;Фиолетовый;Велюр;полиэстер - 100%;142;420,2 г/м²;70000;70 000 циклов;Китай;1030;;Цена за 1 п/м;Есть в отрез в Москве;https://souz-m.ru/products/prince-10.html;photos/Союз-М/Prince/Prince_10.jpg;https://souz-m.ru/netcat_files/Item/3006/prince10.jpg;souz-m.ru (официальный сайт);2026-09-30
Союз-М;Prince;Prince 12;Синий;Велюр;полиэстер - 100%;142;420,2 г/м²;70000;70 000 циклов;Китай;1100;;Цена за 1 п/м;Есть в отрез в Москве;https://souz-m.ru/products/prince-12.html;photos/Союз-М/Prince/Prince_12.jpg;https://souz-m.ru/netcat_files/Item/3008/prince12.jpg;souz-m.ru (официальный сайт);2026-09-30
Союз-М;Priority;Priority 130;Белый;Велюр;полиэстер - 100%;142;305,4 г/м²;35000;35 000 циклов;Китай;670;;Цена за 1 п/м;Есть в отрез в Москве;https://souz-m.ru/products/priority-130.html;photos/Союз-М/Priority/Priority_130.jpg;https://souz-m.ru/netcat_files/Item/3474/priority130.jpg;souz-m.ru (официальный сайт);2026-09-30
Союз-М;Priority;Priority 205;Бежевый;Велюр;полиэстер - 100%;142;305,4 г/м²;35000;35 000 циклов;Китай;350;;Оптовая цена за 1 п/м;Нет в отрез в Москве Уточняйте у менеджера;https://souz-m.ru/products/priority-205.html;photos/Союз-М/Priority/Priority_205.jpg;https://souz-m.ru/netcat_files/Item/3475/priority205.jpg;souz-m.ru (официальный сайт);2026-09-30
Союз-М;Priority;Priority 210;Бежевый;Велюр;полиэстер - 100%;142;305,4 г/м²;35000;35 000 циклов;Китай;670;;Оптовая цена за 1 п/м;Есть в отрез в Москве;https://souz-m.ru/products/priority-210.html;photos/Союз-М/Priority/Priority_210.jpg;https://souz-m.ru/netcat_files/Item/3476/priority210.jpg;souz-m.ru (официальный сайт);2026-09-30
Союз-М;Priority;Priority 233;Коричневый;Велюр;полиэстер - 100%;142;305,4 г/м²;35000;35 000 циклов;Китай;670;;Цена за 1 п/м;Есть в отрез в Москве;https://souz-m.ru/products/priority-233.html;photos/Союз-М/Priority/Priority_233.jpg;https://souz-m.ru/netcat_files/Item/3477/priority233.jpg;souz-m.ru (официальный сайт);2026-09-30
Союз-М;Priority;Priority 235;Коричневый;Велюр;полиэстер - 100%;142;305,4 г/м²;35000;35 000 циклов;Китай;350;;Оптовая цена за 1 п/м;Нет в отрез в Москве Уточняйте у менеджера;https://souz-m.ru/products/priority-235.html;photos/Союз-М/Priority/Priority_235.jpg;https://souz-m.ru/netcat_files/Item/3478/priority235.jpg;souz-m.ru (официальный сайт);2026-09-30
Союз-М;Priority;Priority 290;Бежевый, Коричневый;Велюр;полиэстер - 100%;142;305,4 г/м²;35000;35 000 циклов;Китай;670;;Оптовая цена за 1 п/м;Нет в отрез в Москве Уточняйте у менеджера;https://souz-m.ru/products/priority-290.html;photos/Союз-М/Priority/Priority_290.jpg;https://souz-m.ru/netcat_files/Item/3479/priority290.jpg;souz-m.ru (официальный сайт);2026-09-30
Союз-М;Priority;Priority 375;Красный;Велюр;полиэстер - 100%;142;305,4 г/м²;35000;35 000 циклов;Китай;620;;Оптовая цена за 1 п/м;Нет в отрез в Москве Уточняйте у менеджера;https://souz-m.ru/products/priority-375.html;photos/Союз-М/Priority/Priority_375.jpg;https://souz-m.ru/netcat_files/Item/3480/priority375.jpg;souz-m.ru (официальный сайт);2026-09-30
Союз-М;Priority;Priority 385;Красный;Велюр;полиэстер - 100%;142;305,4 г/м²;35000;35 000 циклов;Китай;250;;Оптовая цена за 1 п/м;Нет в отрез в Москве Уточняйте у менеджера;https://souz-m.ru/products/priority-385.html;photos/Союз-М/Priority/Priority_385.jpg;https://souz-m.ru/netcat_files/Item/3481/priority385.jpg;souz-m.ru (официальный сайт);2026-09-30
Союз-М;Priority;Priority 430;Оранжевый;Велюр;полиэстер - 100%;142;305,4 г/м²;35000;35 000 циклов;Китай;620;;Оптовая цена за 1 п/м;Нет в отрез в Москве Уточняйте у менеджера;https://souz-m.ru/products/priority-430.html;photos/Союз-М/Priority/Priority_430.jpg;https://souz-m.ru/netcat_files/Item/3482/priority430.jpg;souz-m.ru (официальный сайт);2026-09-30
Союз-М;Priority;Priority 560;Желтый;Велюр;полиэстер - 100%;142;305,4 г/м²;35000;35 000 циклов;Китай;670;;Оптовая цена за 1 п/м;Нет в отрез в Москве Уточняйте у менеджера;https://souz-m.ru/products/priority-560.html;photos/Союз-М/Priority/Priority_560.jpg;https://souz-m.ru/netcat_files/Item/3483/priority560.jpg;souz-m.ru (официальный сайт);2026-09-30
Союз-М;Priority;Priority 695;Зеленый;Велюр;полиэстер - 100%;142;305,4 г/м²;35000;35 000 циклов;Китай;350;;Оптовая цена за 1 п/м;Нет в отрез в Москве Уточняйте у менеджера;https://souz-m.ru/products/priority-695.html;photos/Союз-М/Priority/Priority_695.jpg;https://souz-m.ru/netcat_files/Item/3484/priority695.jpg;souz-m.ru (официальный сайт);2026-09-30
Союз-М;Priority;Priority 697;Зеленый;Велюр;полиэстер - 100%;142;305,4 г/м²;35000;35 000 циклов;Китай;670;;Оптовая цена за 1 п/м;Нет в отрез в Москве Уточняйте у менеджера;https://souz-m.ru/products/priority-697.html;photos/Союз-М/Priority/Priority_697.jpg;https://souz-m.ru/netcat_files/Item/3485/priority697.jpg;souz-m.ru (официальный сайт);2026-09-30
Союз-М;Priority;Priority 752;Синий;Велюр;полиэстер - 100%;142;305,4 г/м²;35000;35 000 циклов;Китай;350;;Оптовая цена за 1 п/м;Есть в отрез в Москве;https://souz-m.ru/products/priority-752.html;photos/Союз-М/Priority/Priority_752.jpg;https://souz-m.ru/netcat_files/Item/3486/priority752.jpg;souz-m.ru (официальный сайт);2026-09-30
Союз-М;Priority;Priority 792;Синий;Велюр;полиэстер - 100%;142;305,4 г/м²;35000;35 000 циклов;Китай;350;;Оптовая цена за 1 п/м;Есть в отрез в Москве;https://souz-m.ru/products/priority-792.html;photos/Союз-М/Priority/Priority_792.jpg;https://souz-m.ru/netcat_files/Item/3487/priority792.jpg;souz-m.ru (официальный сайт);2026-09-30
Союз-М;Priority;Priority 795;Синий;Велюр;полиэстер - 100%;142;305,4 г/м²;35000;35 000 циклов;Китай;350;;Оптовая цена за 1 п/м;Есть в отрез в Москве;https://souz-m.ru/products/priority-795.html;photos/Союз-М/Priority/Priority_795.jpg;https://souz-m.ru/netcat_files/Item/3488/priority795.jpg;souz-m.ru (официальный сайт);2026-09-30
Союз-М;Priority;Priority 835;Фиолетовый;Велюр;полиэстер - 100%;142;305,4 г/м²;35000;35 000 циклов;Китай;250;;Оптовая цена за 1 п/м;Есть в отрез в Москве;https://souz-m.ru/products/priority-835.html;photos/Союз-М/Priority/Priority_835.jpg;https://souz-m.ru/netcat_files/Item/3489/priority835.jpg;souz-m.ru (официальный сайт);2026-09-30
Союз-М;Priority;Priority 930;Серый;Велюр;полиэстер - 100%;142;305,4 г/м²;35000;35 000 циклов;Китай;670;;Цена за 1 п/м;Есть в отрез в Москве;https://souz-m.ru/products/priority-930.html;photos/Союз-М/Priority/Priority_930.jpg;https://souz-m.ru/netcat_files/Item/3490/priority930.jpg;souz-m.ru (официальный сайт);2026-09-30
Союз-М;Priority;Priority 965;Серый;Велюр;полиэстер - 100%;142;305,4 г/м²;35000;35 000 циклов;Китай;670;;Цена за 1 п/м;Есть в отрез в Москве;https://souz-m.ru/products/priority-965.html;photos/Союз-М/Priority/Priority_965.jpg;https://souz-m.ru/netcat_files/Item/3491/priority965.jpg;souz-m.ru (официальный сайт);2026-09-30
Союз-М;Priority;Priority 970;Серый;Велюр;полиэстер - 100%;142;305,4 г/м²;35000;35 000 циклов;Китай;670;;Оптовая цена за 1 п/м;Нет в отрез в Москве Уточняйте у менеджера;https://souz-m.ru/products/priority-970.html;photos/Союз-М/Priority/Priority_970.jpg;https://souz-m.ru/netcat_files/Item/3492/priority970.jpg;souz-m.ru (официальный сайт);2026-09-30
Союз-М;Priority;Priority 977;Серый, Синий;Велюр;полиэстер - 100%;142;305,4 г/м²;35000;35 000 циклов;Китай;350;;Оптовая цена за 1 п/м;Нет в отрез в Москве Уточняйте у менеджера;https://souz-m.ru/products/priority-977.html;photos/Союз-М/Priority/Priority_977.jpg;https://souz-m.ru/netcat_files/Item/3493/priority977.jpg;souz-m.ru (официальный сайт);2026-09-30
Союз-М;Priority;Priority 999;Черный;Велюр;полиэстер - 100%;142;305,4 г/м²;35000;35 000 циклов;Китай;350;;Оптовая цена за 1 п/м;Нет в отрез в Москве Уточняйте у менеджера;https://souz-m.ru/products/priority-999.html;photos/Союз-М/Priority/Priority_999.jpg;https://souz-m.ru/netcat_files/Item/3494/priority999.jpg;souz-m.ru (официальный сайт);2026-09-30
Союз-М;Prisma;Prisma 320;Красный, Оранжевый;Велюр;полиэстер - 100%;142;251,5 г/м²;60000;60 000 циклов;Китай;850;;Оптовая цена за 1 п/м;Есть в отрез в Москве;https://souz-m.ru/products/prisma-320.html;photos/Союз-М/Prisma/Prisma_320.jpg;https://souz-m.ru/netcat_files/Item/3669/Prisma320.jpg;souz-m.ru (официальный сайт);2026-09-30
Союз-М;Prisma;Prisma 670;Зеленый;Велюр;полиэстер - 100%;142;251,5 г/м²;60000;60 000 циклов;Китай;850;;Оптовая цена за 1 п/м;Есть в отрез в Москве;https://souz-m.ru/products/prisma-670.html;photos/Союз-М/Prisma/Prisma_670.jpg;https://souz-m.ru/netcat_files/Item/3671/prisma670.jpg;souz-m.ru (официальный сайт);2026-09-30
Союз-М;Prisma;Prisma 780;Зеленый;Велюр;полиэстер - 100%;142;251,5 г/м²;60000;60 000 циклов;Китай;850;;Цена за 1 п/м;Нет в отрез в Москве Уточняйте у менеджера;https://souz-m.ru/products/prisma-780.html;photos/Союз-М/Prisma/Prisma_780.jpg;https://souz-m.ru/netcat_files/Item/3672/prisma780.jpg;souz-m.ru (официальный сайт);2026-09-30
Союз-М;Ripple;Ripple 100;Бежевый;Велюр;полиэстер - 100%;142;398,8 г/м²;60000;60 000 циклов;Китай;550;;Оптовая цена за 1 п/м;Есть в отрез в Москве;https://souz-m.ru/products/ripple-100.html;photos/Союз-М/Ripple/Ripple_100.jpg;https://souz-m.ru/netcat_files/Item/4511/ripple100.jpg;souz-m.ru (официальный сайт);2026-09-30
Союз-М;Ripple;Ripple 110;Бежевый;Велюр;полиэстер - 100%;142;398,8 г/м²;60000;60 000 циклов;Китай;550;;Оптовая цена за 1 п/м;Нет в отрез в Москве Уточняйте у менеджера;https://souz-m.ru/products/ripple-110.html;photos/Союз-М/Ripple/Ripple_110.jpg;https://souz-m.ru/netcat_files/Item/4512/ripple110.jpg;souz-m.ru (официальный сайт);2026-09-30
Союз-М;Ripple;Ripple 235;Коричневый;Велюр;полиэстер - 100%;142;398,8 г/м²;60000;60 000 циклов;Китай;760;;Цена за 1 п/м;Есть в отрез в Москве;https://souz-m.ru/products/ripple-235.html;photos/Союз-М/Ripple/Ripple_235.jpg;https://souz-m.ru/netcat_files/Item/4513/ripple235.jpg;souz-m.ru (официальный сайт);2026-09-30
Союз-М;Ripple;Ripple 290;Коричневый;Велюр;полиэстер - 100%;142;398,8 г/м²;60000;60 000 циклов;Китай;550;;Оптовая цена за 1 п/м;Нет в отрез в Москве Уточняйте у менеджера;https://souz-m.ru/products/ripple-290.html;photos/Союз-М/Ripple/Ripple_290.jpg;https://souz-m.ru/netcat_files/Item/4514/ripple290.jpg;souz-m.ru (официальный сайт);2026-09-30
Союз-М;Ripple;Ripple 310;Розовый;Велюр;полиэстер - 100%;142;398,8 г/м²;60000;60 000 циклов;Китай;550;;Оптовая цена за 1 п/м;Есть в отрез в Москве;https://souz-m.ru/products/ripple-310.html;photos/Союз-М/Ripple/Ripple_310.jpg;https://souz-m.ru/netcat_files/Item/4515/ripple310.jpg;souz-m.ru (официальный сайт);2026-09-30
Союз-М;Ripple;Ripple 430;Оранжевый;Велюр;полиэстер - 100%;142;398,8 г/м²;60000;60 000 циклов;Китай;760;;Цена за 1 п/м;Есть в отрез в Москве;https://souz-m.ru/products/ripple-430.html;photos/Союз-М/Ripple/Ripple_430.jpg;https://souz-m.ru/netcat_files/Item/4516/ripple430.jpg;souz-m.ru (официальный сайт);2026-09-30
Союз-М;Ripple;Ripple 552;Желтый;Велюр;полиэстер - 100%;142;398,8 г/м²;60000;60 000 циклов;Китай;550;;Оптовая цена за 1 п/м;Есть в отрез в Москве;https://souz-m.ru/products/ripple-552.html;photos/Союз-М/Ripple/Ripple_552.jpg;https://souz-m.ru/netcat_files/Item/4517/ripple552.jpg;souz-m.ru (официальный сайт);2026-09-30
Союз-М;Ripple;Ripple 650;Зеленый;Велюр;полиэстер - 100%;142;398,8 г/м²;60000;60 000 циклов;Китай;550;;Оптовая цена за 1 п/м;Есть в отрез в Москве;https://souz-m.ru/products/ripple-650.html;photos/Союз-М/Ripple/Ripple_650.jpg;https://souz-m.ru/netcat_files/Item/4518/ripple650.jpg;souz-m.ru (официальный сайт);2026-09-30
Союз-М;Ripple;Ripple 652;Зеленый;Велюр;полиэстер - 100%;142;398,8 г/м²;60000;60 000 циклов;Китай;550;;Оптовая цена за 1 п/м;Есть в отрез в Москве;https://souz-m.ru/products/ripple-652.html;photos/Союз-М/Ripple/Ripple_652.jpg;https://souz-m.ru/netcat_files/Item/4519/ripple652.jpg;souz-m.ru (официальный сайт);2026-09-30
Союз-М;Ripple;Ripple 695;Зеленый;Велюр;полиэстер - 100%;142;398,8 г/м²;60000;60 000 циклов;Китай;550;;Оптовая цена за 1 п/м;Есть в отрез в Москве;https://souz-m.ru/products/ripple-695.html;photos/Союз-М/Ripple/Ripple_695.jpg;https://souz-m.ru/netcat_files/Item/4520/ripple695.jpg;souz-m.ru (официальный сайт);2026-09-30
Союз-М;Ripple;Ripple 778;Синий;Велюр;полиэстер - 100%;142;398,8 г/м²;60000;60 000 циклов;Китай;550;;Оптовая цена за 1 п/м;Есть в отрез в Москве;https://souz-m.ru/products/ripple-778.html;photos/Союз-М/Ripple/Ripple_778.jpg;https://souz-m.ru/netcat_files/Item/4521/ripple778.jpg;souz-m.ru (официальный сайт);2026-09-30
Союз-М;Ripple;Ripple 780;Синий, Фиолетовый;Велюр;полиэстер - 100%;142;398,8 г/м²;60000;60 000 циклов;Китай;550;;Оптовая цена за 1 п/м;Есть в отрез в Москве;https://souz-m.ru/products/ripple-780.html;photos/Союз-М/Ripple/Ripple_780.jpg;https://souz-m.ru/netcat_files/Item/4522/ripple780.jpg;souz-m.ru (официальный сайт);2026-09-30
Союз-М;Ripple;Ripple 798;Синий;Велюр;полиэстер - 100%;142;398,8 г/м²;60000;60 000 циклов;Китай;760;;Цена за 1 п/м;Есть в отрез в Москве;https://souz-m.ru/products/ripple-798.html;photos/Союз-М/Ripple/Ripple_798.jpg;https://souz-m.ru/netcat_files/Item/4523/ripple798.jpg;souz-m.ru (официальный сайт);2026-09-30
Союз-М;Ripple;Ripple 960;Серый;Велюр;полиэстер - 100%;142;398,8 г/м²;60000;60 000 циклов;Китай;550;;Оптовая цена за 1 п/м;Есть в отрез в Москве;https://souz-m.ru/products/ripple-960.html;photos/Союз-М/Ripple/Ripple_960.jpg;https://souz-m.ru/netcat_files/Item/4524/ripple960.jpg;souz-m.ru (официальный сайт);2026-09-30
Союз-М;Ripple;Ripple 990;Серый;Велюр;полиэстер - 100%;142;398,8 г/м²;60000;60 000 циклов;Китай;550;;Оптовая цена за 1 п/м;Нет в отрез в Москве Уточняйте у менеджера;https://souz-m.ru/products/ripple-990.html;photos/Союз-М/Ripple/Ripple_990.jpg;https://souz-m.ru/netcat_files/Item/4525/ripple990.jpg;souz-m.ru (официальный сайт);2026-09-30
Союз-М;Ripple;Ripple 993;Серый;Велюр;полиэстер - 100%;142;398,8 г/м²;60000;60 000 циклов;Китай;550;;Оптовая цена за 1 п/м;Нет в отрез в Москве Уточняйте у менеджера;https://souz-m.ru/products/ripple-993.html;photos/Союз-М/Ripple/Ripple_993.jpg;https://souz-m.ru/netcat_files/Item/4526/ripple993.jpg;souz-m.ru (официальный сайт);2026-09-30
Союз-М;Ripple;Ripple 995;Серый;Велюр;полиэстер - 100%;142;398,8 г/м²;60000;60 000 циклов;Китай;760;;Цена за 1 п/м;Есть в отрез в Москве;https://souz-m.ru/products/ripple-995.html;photos/Союз-М/Ripple/Ripple_995.jpg;https://souz-m.ru/netcat_files/Item/4527/ripple995.jpg;souz-m.ru (официальный сайт);2026-09-30
Союз-М;Royal Lux;Royal Lux 14-7842;Красный, Розовый;Велюр;полиэстер - 100%;;375,3 г/м²;50000;50 000 циклов;Турция;450;;Оптовая цена за 1 п/м;Есть в отрез в Москве;https://souz-m.ru/products/royal-lux-14-7842.html;photos/Союз-М/Royal_Lux/Royal_Lux_14-7842.jpg;https://souz-m.ru/netcat_files/Item/3750/royallux14-7842.jpg;souz-m.ru (официальный сайт);2026-09-30
Союз-М;Royal Lux;Royal Lux 14-7998;Красный;Велюр;полиэстер - 100%;;375,3 г/м²;50000;50 000 циклов;Турция;450;;Оптовая цена за 1 п/м;Есть в отрез в Москве;https://souz-m.ru/products/royal-lux-14-7998.html;photos/Союз-М/Royal_Lux/Royal_Lux_14-7998.jpg;https://souz-m.ru/netcat_files/Item/3754/royallux14-7998.jpg;souz-m.ru (официальный сайт);2026-09-30
Союз-М;SanRemo;SanRemo 000;Бежевый, Белый;Велюр;полиэстер - 100%;140;390 г/м²;85000;85 000 циклов;Китай;930;;Цена за 1 п/м;Есть в отрез в Москве;https://souz-m.ru/products/sanremo-000.html;photos/Союз-М/SanRemo/SanRemo_000.jpg;https://souz-m.ru/netcat_files/Item/3882/Sanremo000.jpg;souz-m.ru (официальный сайт);2026-09-30
Союз-М;SanRemo;SanRemo 102;Бежевый;Велюр;полиэстер - 100%;140;390 г/м²;85000;85 000 циклов;Китай;930;;Цена за 1 п/м;Есть в отрез в Москве;https://souz-m.ru/products/sanremo-102.html;photos/Союз-М/SanRemo/SanRemo_102.jpg;https://souz-m.ru/netcat_files/Item/3883/Sanremo102.jpg;souz-m.ru (официальный сайт);2026-09-30
Союз-М;SanRemo;SanRemo 235;Бежевый;Велюр;полиэстер - 100%;140;390 г/м²;85000;85 000 циклов;Китай;930;;Цена за 1 п/м;Есть в отрез в Москве;https://souz-m.ru/products/sanremo-235.html;photos/Союз-М/SanRemo/SanRemo_235.jpg;https://souz-m.ru/netcat_files/Item/3884/Sanremo235.jpg;souz-m.ru (официальный сайт);2026-09-30
Союз-М;SanRemo;SanRemo 290;Коричневый;Велюр;полиэстер - 100%;140;390 г/м²;85000;85 000 циклов;Китай;930;;Цена за 1 п/м;Есть в отрез в Москве;https://souz-m.ru/products/sanremo-290.html;photos/Союз-М/SanRemo/SanRemo_290.jpg;https://souz-m.ru/netcat_files/Item/3885/Sanremo290.jpg;souz-m.ru (официальный сайт);2026-09-30
Союз-М;SanRemo;SanRemo 291;Коричневый;Велюр;полиэстер - 100%;140;390 г/м²;85000;85 000 циклов;Китай;930;;Цена за 1 п/м;Есть в отрез в Москве;https://souz-m.ru/products/sanremo-291.html;photos/Союз-М/SanRemo/SanRemo_291.jpg;https://souz-m.ru/netcat_files/Item/3886/Sanremo291.jpg;souz-m.ru (официальный сайт);2026-09-30
Союз-М;SanRemo;SanRemo 370;Красный;Велюр;полиэстер - 100%;140;390 г/м²;85000;85 000 циклов;Китай;930;;Цена за 1 п/м;Есть в отрез в Москве;https://souz-m.ru/products/sanremo-370.html;photos/Союз-М/SanRemo/SanRemo_370.jpg;https://souz-m.ru/netcat_files/Item/3887/Sanremo370.jpg;souz-m.ru (официальный сайт);2026-09-30
Союз-М;SanRemo;SanRemo 380;Красный;Велюр;полиэстер - 100%;140;390 г/м²;85000;85 000 циклов;Китай;930;;Цена за 1 п/м;Есть в отрез в Москве;https://souz-m.ru/products/sanremo-380.html;photos/Союз-М/SanRemo/SanRemo_380.jpg;https://souz-m.ru/netcat_files/Item/3888/Sanremo380.jpg;souz-m.ru (официальный сайт);2026-09-30
Союз-М;SanRemo;SanRemo 388;Красный;Велюр;полиэстер - 100%;140;390 г/м²;85000;85 000 циклов;Китай;930;;Цена за 1 п/м;Есть в отрез в Москве;https://souz-m.ru/products/sanremo-388.html;photos/Союз-М/SanRemo/SanRemo_388.jpg;https://souz-m.ru/netcat_files/Item/3889/Sanremo388.jpg;souz-m.ru (официальный сайт);2026-09-30
Союз-М;SanRemo;SanRemo 393;Красный;Велюр;полиэстер - 100%;140;390 г/м²;85000;85 000 циклов;Китай;930;;Цена за 1 п/м;Есть в отрез в Москве;https://souz-m.ru/products/sanremo-393.html;photos/Союз-М/SanRemo/SanRemo_393.jpg;https://souz-m.ru/netcat_files/Item/3890/Sanremo393.jpg;souz-m.ru (официальный сайт);2026-09-30
Союз-М;SanRemo;SanRemo 493;Оранжевый;Велюр;полиэстер - 100%;140;390 г/м²;85000;85 000 циклов;Китай;450;;Цена за 1 п/м;Есть в отрез в Москве;https://souz-m.ru/products/sanremo-493.html;photos/Союз-М/SanRemo/SanRemo_493.jpg;https://souz-m.ru/netcat_files/Item/3891/Sanremo493.jpg;souz-m.ru (официальный сайт);2026-09-30
Союз-М;SanRemo;SanRemo 520;Желтый;Велюр;полиэстер - 100%;140;390 г/м²;85000;85 000 циклов;Китай;930;;Цена за 1 п/м;Есть в отрез в Москве;https://souz-m.ru/products/sanremo-520.html;photos/Союз-М/SanRemo/SanRemo_520.jpg;https://souz-m.ru/netcat_files/Item/3892/Sanremo520.jpg;souz-m.ru (официальный сайт);2026-09-30
Союз-М;SanRemo;SanRemo 657;Зеленый;Велюр;полиэстер - 100%;140;390 г/м²;85000;85 000 циклов;Китай;930;;Цена за 1 п/м;Есть в отрез в Москве;https://souz-m.ru/products/sanremo-657.html;photos/Союз-М/SanRemo/SanRemo_657.jpg;https://souz-m.ru/netcat_files/Item/3893/Sanremo657.jpg;souz-m.ru (официальный сайт);2026-09-30
Союз-М;SanRemo;SanRemo 696;Зеленый;Велюр;полиэстер - 100%;140;390 г/м²;85000;85 000 циклов;Китай;930;;Цена за 1 п/м;Есть в отрез в Москве;https://souz-m.ru/products/sanremo-696.html;photos/Союз-М/SanRemo/SanRemo_696.jpg;https://souz-m.ru/netcat_files/Item/3894/Sanremo696.jpg;souz-m.ru (официальный сайт);2026-09-30
Союз-М;SanRemo;SanRemo 750;Синий;Велюр;полиэстер - 100%;140;390 г/м²;85000;85 000 циклов;Китай;930;;Цена за 1 п/м;Есть в отрез в Москве;https://souz-m.ru/products/sanremo-750.html;photos/Союз-М/SanRemo/SanRemo_750.jpg;https://souz-m.ru/netcat_files/Item/3895/Sanremo750.jpg;souz-m.ru (официальный сайт);2026-09-30
Союз-М;SanRemo;SanRemo 795;Синий;Велюр;полиэстер - 100%;140;390 г/м²;85000;85 000 циклов;Китай;930;;Цена за 1 п/м;Есть в отрез в Москве;https://souz-m.ru/products/sanremo-795.html;photos/Союз-М/SanRemo/SanRemo_795.jpg;https://souz-m.ru/netcat_files/Item/3896/Sanremo795.jpg;souz-m.ru (официальный сайт);2026-09-30
Союз-М;SanRemo;SanRemo 894;Фиолетовый;Велюр;полиэстер - 100%;140;390 г/м²;85000;85 000 циклов;Китай;930;;Цена за 1 п/м;Есть в отрез в Москве;https://souz-m.ru/products/sanremo-894.html;photos/Союз-М/SanRemo/SanRemo_894.jpg;https://souz-m.ru/netcat_files/Item/3897/Sanremo894.jpg;souz-m.ru (официальный сайт);2026-09-30
Союз-М;SanRemo;SanRemo 900;Серый;Велюр;полиэстер - 100%;140;390 г/м²;85000;85 000 циклов;Китай;930;;Цена за 1 п/м;Есть в отрез в Москве;https://souz-m.ru/products/sanremo-900.html;photos/Союз-М/SanRemo/SanRemo_900.jpg;https://souz-m.ru/netcat_files/Item/3898/Sanremo900.jpg;souz-m.ru (официальный сайт);2026-09-30
Союз-М;SanRemo;SanRemo 968;Серый, Черный;Велюр;полиэстер - 100%;140;390 г/м²;85000;85 000 циклов;Китай;930;;Цена за 1 п/м;Есть в отрез в Москве;https://souz-m.ru/products/sanremo-968.html;photos/Союз-М/SanRemo/SanRemo_968.jpg;https://souz-m.ru/netcat_files/Item/3899/Sanremo968.jpg;souz-m.ru (официальный сайт);2026-09-30
Союз-М;SanRemo;SanRemo 994;Серый;Велюр;полиэстер - 100%;140;390 г/м²;85000;85 000 циклов;Китай;930;;Цена за 1 п/м;Есть в отрез в Москве;https://souz-m.ru/products/sanremo-994.html;photos/Союз-М/SanRemo/SanRemo_994.jpg;https://souz-m.ru/netcat_files/Item/3900/Sanremo994.jpg;souz-m.ru (официальный сайт);2026-09-30
Союз-М;Tekla;Tekla 011;Бежевый;Велюр;полиэстер - 100%;140;405 г/м²;75000;75 000 циклов;Китай;950;;Цена за 1 п/м;Есть в отрез в Москве;https://souz-m.ru/products/tekla-011.html;photos/Союз-М/Tekla/Tekla_011.jpg;https://souz-m.ru/netcat_files/Item/5219/tekla011.jpg;souz-m.ru (официальный сайт);2026-09-30
Союз-М;Tekla;Tekla 130;Бежевый, Розовый;Велюр;полиэстер - 100%;140;405 г/м²;75000;75 000 циклов;Китай;950;;Цена за 1 п/м;Есть в отрез в Москве;https://souz-m.ru/products/tekla-130.html;photos/Союз-М/Tekla/Tekla_130.jpg;https://souz-m.ru/netcat_files/Item/5220/tekla130.jpg;souz-m.ru (официальный сайт);2026-09-30
Союз-М;Tekla;Tekla 131;Бежевый, Коричневый;Велюр;полиэстер - 100%;140;405 г/м²;75000;75 000 циклов;Китай;950;;Цена за 1 п/м;Есть в отрез в Москве;https://souz-m.ru/products/tekla-131.html;photos/Союз-М/Tekla/Tekla_131.jpg;https://souz-m.ru/netcat_files/Item/5221/tekla131.jpg;souz-m.ru (официальный сайт);2026-09-30
Союз-М;Tekla;Tekla 150;Бежевый;Велюр;полиэстер - 100%;140;405 г/м²;75000;75 000 циклов;Китай;950;;Цена за 1 п/м;Есть в отрез в Москве;https://souz-m.ru/products/tekla-150.html;photos/Союз-М/Tekla/Tekla_150.jpg;https://souz-m.ru/netcat_files/Item/5222/tekla150.jpg;souz-m.ru (официальный сайт);2026-09-30
Союз-М;Tekla;Tekla 220;Коричневый;Велюр;полиэстер - 100%;140;405 г/м²;75000;75 000 циклов;Китай;950;;Цена за 1 п/м;Есть в отрез в Москве;https://souz-m.ru/products/tekla-220.html;photos/Союз-М/Tekla/Tekla_220.jpg;https://souz-m.ru/netcat_files/Item/5223/tekla220.jpg;souz-m.ru (официальный сайт);2026-09-30
Союз-М;Tekla;Tekla 250;Коричневый;Велюр;полиэстер - 100%;140;405 г/м²;75000;75 000 циклов;Китай;950;;Цена за 1 п/м;Есть в отрез в Москве;https://souz-m.ru/products/tekla-250.html;photos/Союз-М/Tekla/Tekla_250.jpg;https://souz-m.ru/netcat_files/Item/5224/tekla250.jpg;souz-m.ru (официальный сайт);2026-09-30
Союз-М;Tekla;Tekla 324;Красный;Велюр;полиэстер - 100%;140;405 г/м²;75000;75 000 циклов;Китай;950;;Цена за 1 п/м;Есть в отрез в Москве;https://souz-m.ru/products/tekla-324.html;photos/Союз-М/Tekla/Tekla_324.jpg;https://souz-m.ru/netcat_files/Item/5225/tekla324.jpg;souz-m.ru (официальный сайт);2026-09-30
Союз-М;Tekla;Tekla 400;Розовый;Велюр;полиэстер - 100%;140;405 г/м²;75000;75 000 циклов;Китай;950;;Цена за 1 п/м;Есть в отрез в Москве;https://souz-m.ru/products/tekla-400.html;photos/Союз-М/Tekla/Tekla_400.jpg;https://souz-m.ru/netcat_files/Item/5226/tekla400.jpg;souz-m.ru (официальный сайт);2026-09-30
Союз-М;Tekla;Tekla 410;Оранжевый;Велюр;полиэстер - 100%;140;405 г/м²;75000;75 000 циклов;Китай;950;;Цена за 1 п/м;Есть в отрез в Москве;https://souz-m.ru/products/tekla-410.html;photos/Союз-М/Tekla/Tekla_410.jpg;https://souz-m.ru/netcat_files/Item/5227/tekla410.jpg;souz-m.ru (официальный сайт);2026-09-30
Союз-М;Tekla;Tekla 435;Красный, Оранжевый;Велюр;полиэстер - 100%;140;405 г/м²;75000;75 000 циклов;Китай;950;;Цена за 1 п/м;Есть в отрез в Москве;https://souz-m.ru/products/tekla-435.html;photos/Союз-М/Tekla/Tekla_435.jpg;https://souz-m.ru/netcat_files/Item/5228/tekla435.jpg;souz-m.ru (официальный сайт);2026-09-30
Союз-М;Tekla;Tekla 492;Коричневый, Оранжевый;Велюр;полиэстер - 100%;140;405 г/м²;75000;75 000 циклов;Китай;950;;Цена за 1 п/м;Есть в отрез в Москве;https://souz-m.ru/products/tekla-492.html;photos/Союз-М/Tekla/Tekla_492.jpg;https://souz-m.ru/netcat_files/Item/5229/tekla492.jpg;souz-m.ru (официальный сайт);2026-09-30
Союз-М;Tekla;Tekla 510;Желтый;Велюр;полиэстер - 100%;140;405 г/м²;75000;75 000 циклов;Китай;950;;Цена за 1 п/м;Есть в отрез в Москве;https://souz-m.ru/products/tekla-510.html;photos/Союз-М/Tekla/Tekla_510.jpg;https://souz-m.ru/netcat_files/Item/5230/tekla510.jpg;souz-m.ru (официальный сайт);2026-09-30
Союз-М;Tekla;Tekla 540;Желтый;Велюр;полиэстер - 100%;140;405 г/м²;75000;75 000 циклов;Китай;950;;Цена за 1 п/м;Есть в отрез в Москве;https://souz-m.ru/products/tekla-540.html;photos/Союз-М/Tekla/Tekla_540.jpg;https://souz-m.ru/netcat_files/Item/5231/tekla540.jpg;souz-m.ru (официальный сайт);2026-09-30
Союз-М;Tekla;Tekla 620;Бежевый, Зеленый;Велюр;полиэстер - 100%;140;405 г/м²;75000;75 000 циклов;Китай;950;;Цена за 1 п/м;Есть в отрез в Москве;https://souz-m.ru/products/tekla-620.html;photos/Союз-М/Tekla/Tekla_620.jpg;https://souz-m.ru/netcat_files/Item/5232/tekla620.jpg;souz-m.ru (официальный сайт);2026-09-30
Союз-М;Tekla;Tekla 625;Зеленый;Велюр;полиэстер - 100%;140;405 г/м²;75000;75 000 циклов;Китай;950;;Цена за 1 п/м;Нет в отрез в Москве Ожидаемая дата поступления: 30.11.2026;https://souz-m.ru/products/tekla-625.html;photos/Союз-М/Tekla/Tekla_625.jpg;https://souz-m.ru/netcat_files/Item/5233/tekla625.jpg;souz-m.ru (официальный сайт);2026-09-30
Союз-М;Tekla;Tekla 668;Зеленый;Велюр;полиэстер - 100%;140;405 г/м²;75000;75 000 циклов;Китай;950;;Цена за 1 п/м;Есть в отрез в Москве;https://souz-m.ru/products/tekla-668.html;photos/Союз-М/Tekla/Tekla_668.jpg;https://souz-m.ru/netcat_files/Item/5234/tekla668.jpg;souz-m.ru (официальный сайт);2026-09-30
Союз-М;Tekla;Tekla 700;Синий;Велюр;полиэстер - 100%;140;405 г/м²;75000;75 000 циклов;Китай;950;;Цена за 1 п/м;Есть в отрез в Москве;https://souz-m.ru/products/tekla-700.html;photos/Союз-М/Tekla/Tekla_700.jpg;https://souz-m.ru/netcat_files/Item/5235/tekla700.jpg;souz-m.ru (официальный сайт);2026-09-30
Союз-М;Tekla;Tekla 879;Синий;Велюр;полиэстер - 100%;140;405 г/м²;75000;75 000 циклов;Китай;950;;Цена за 1 п/м;Есть в отрез в Москве;https://souz-m.ru/products/tekla-879.html;photos/Союз-М/Tekla/Tekla_879.jpg;https://souz-m.ru/netcat_files/Item/5236/tekla879.jpg;souz-m.ru (официальный сайт);2026-09-30
Союз-М;Tekla;Tekla 965;Серый;Велюр;полиэстер - 100%;140;405 г/м²;75000;75 000 циклов;Китай;950;;Цена за 1 п/м;Есть в отрез в Москве;https://souz-m.ru/products/tekla-965.html;photos/Союз-М/Tekla/Tekla_965.jpg;https://souz-m.ru/netcat_files/Item/5237/tekla965.jpg;souz-m.ru (официальный сайт);2026-09-30
Союз-М;Tekla;Tekla 974;Серый, Синий;Велюр;полиэстер - 100%;140;405 г/м²;75000;75 000 циклов;Китай;950;;Цена за 1 п/м;Есть в отрез в Москве;https://souz-m.ru/products/tekla-974.html;photos/Союз-М/Tekla/Tekla_974.jpg;https://souz-m.ru/netcat_files/Item/5238/tekla974.jpg;souz-m.ru (официальный сайт);2026-09-30
Союз-М;Tekla;Tekla 990;Серый;Велюр;полиэстер - 100%;140;405 г/м²;75000;75 000 циклов;Китай;950;;Цена за 1 п/м;Есть в отрез в Москве;https://souz-m.ru/products/tekla-990.html;photos/Союз-М/Tekla/Tekla_990.jpg;https://souz-m.ru/netcat_files/Item/5239/tekla990.jpg;souz-m.ru (официальный сайт);2026-09-30
Союз-М;Tekla;Tekla 996;Серый;Велюр;полиэстер - 100%;140;405 г/м²;75000;75 000 циклов;Китай;950;;Цена за 1 п/м;Есть в отрез в Москве;https://souz-m.ru/products/tekla-996.html;photos/Союз-М/Tekla/Tekla_996.jpg;https://souz-m.ru/netcat_files/Item/5240/tekla996.jpg;souz-m.ru (официальный сайт);2026-09-30
Союз-М;Time;Time 000;Белый;Велюр;полиэстер - 100%;142;480 г/м²;50000;50 000 циклов;Китай;1070;;Цена за 1 п/м;Есть в отрез в Москве;https://souz-m.ru/products/time-000.html;photos/Союз-М/Time/Time_000.jpg;https://souz-m.ru/netcat_files/Item/5022/time000.jpg;souz-m.ru (официальный сайт);2026-09-30
Союз-М;Time;Time 100;Бежевый;Велюр;полиэстер - 100%;142;480 г/м²;50000;50 000 циклов;Китай;1070;;Цена за 1 п/м;Есть в отрез в Москве;https://souz-m.ru/products/time-100.html;photos/Союз-М/Time/Time_100.jpg;https://souz-m.ru/netcat_files/Item/5023/time100.jpg;souz-m.ru (официальный сайт);2026-09-30
Союз-М;Time;Time 230;Коричневый;Велюр;полиэстер - 100%;142;480 г/м²;50000;50 000 циклов;Китай;1070;;Цена за 1 п/м;Есть в отрез в Москве;https://souz-m.ru/products/time-230.html;photos/Союз-М/Time/Time_230.jpg;https://souz-m.ru/netcat_files/Item/5024/time230.jpg;souz-m.ru (официальный сайт);2026-09-30
Союз-М;Time;Time 290;Коричневый;Велюр;полиэстер - 100%;142;480 г/м²;50000;50 000 циклов;Китай;1070;;Цена за 1 п/м;Есть в отрез в Москве;https://souz-m.ru/products/time-290.html;photos/Союз-М/Time/Time_290.jpg;https://souz-m.ru/netcat_files/Item/5025/time290.jpg;souz-m.ru (официальный сайт);2026-09-30
Союз-М;Time;Time 325;Красный;Велюр;полиэстер - 100%;142;480 г/м²;50000;50 000 циклов;Китай;1070;;Оптовая цена за 1 п/м;Есть в отрез в Москве;https://souz-m.ru/products/time-325.html;photos/Союз-М/Time/Time_325.jpg;https://souz-m.ru/netcat_files/Item/5026/time325.jpg;souz-m.ru (официальный сайт);2026-09-30
Союз-М;Time;Time 425;Оранжевый;Велюр;полиэстер - 100%;142;480 г/м²;50000;50 000 циклов;Китай;1070;;Цена за 1 п/м;Есть в отрез в Москве;https://souz-m.ru/products/time-425.html;photos/Союз-М/Time/Time_425.jpg;https://souz-m.ru/netcat_files/Item/5027/time425.jpg;souz-m.ru (официальный сайт);2026-09-30
Союз-М;Time;Time 552;Желтый;Велюр;полиэстер - 100%;142;480 г/м²;50000;50 000 циклов;Китай;1070;;Оптовая цена за 1 п/м;Есть в отрез в Москве;https://souz-m.ru/products/time-552.html;photos/Союз-М/Time/Time_552.jpg;https://souz-m.ru/netcat_files/Item/5028/time552.jpg;souz-m.ru (официальный сайт);2026-09-30
Союз-М;Time;Time 653;Зеленый;Велюр;полиэстер - 100%;142;480 г/м²;50000;50 000 циклов;Китай;1070;;Цена за 1 п/м;Есть в отрез в Москве;https://souz-m.ru/products/time-653.html;photos/Союз-М/Time/Time_653.jpg;https://souz-m.ru/netcat_files/Item/5029/time653.jpg;souz-m.ru (официальный сайт);2026-09-30
Союз-М;Time;Time 690;Зеленый;Велюр;полиэстер - 100%;142;480 г/м²;50000;50 000 циклов;Китай;1070;;Оптовая цена за 1 п/м;Есть в отрез в Москве;https://souz-m.ru/products/time-690.html;photos/Союз-М/Time/Time_690.jpg;https://souz-m.ru/netcat_files/Item/5030/time690.jpg;souz-m.ru (официальный сайт);2026-09-30
Союз-М;Time;Time 693;Зеленый;Велюр;полиэстер - 100%;142;480 г/м²;50000;50 000 циклов;Китай;1070;;Цена за 1 п/м;Есть в отрез в Москве;https://souz-m.ru/products/time-693.html;photos/Союз-М/Time/Time_693.jpg;https://souz-m.ru/netcat_files/Item/5031/time693.jpg;souz-m.ru (официальный сайт);2026-09-30
Союз-М;Time;Time 754;Синий;Велюр;полиэстер - 100%;142;480 г/м²;50000;50 000 циклов;Китай;1070;;Оптовая цена за 1 п/м;Есть в отрез в Москве;https://souz-m.ru/products/time-754.html;photos/Союз-М/Time/Time_754.jpg;https://souz-m.ru/netcat_files/Item/5032/time754.jpg;souz-m.ru (официальный сайт);2026-09-30
Союз-М;Time;Time 790;Синий;Велюр;полиэстер - 100%;142;480 г/м²;50000;50 000 циклов;Китай;1070;;Оптовая цена за 1 п/м;Есть в отрез в Москве;https://souz-m.ru/products/time-790.html;photos/Союз-М/Time/Time_790.jpg;https://souz-m.ru/netcat_files/Item/5033/time790.jpg;souz-m.ru (официальный сайт);2026-09-30
Союз-М;Time;Time 975;Серый;Велюр;полиэстер - 100%;142;480 г/м²;50000;50 000 циклов;Китай;1070;;Цена за 1 п/м;Есть в отрез в Москве;https://souz-m.ru/products/time-975.html;photos/Союз-М/Time/Time_975.jpg;https://souz-m.ru/netcat_files/Item/5034/time975.jpg;souz-m.ru (официальный сайт);2026-09-30
Союз-М;Time;Time 991;Серый;Велюр;полиэстер - 100%;142;480 г/м²;50000;50 000 циклов;Китай;1070;;Цена за 1 п/м;Есть в отрез в Москве;https://souz-m.ru/products/time-991.html;photos/Союз-М/Time/Time_991.jpg;https://souz-m.ru/netcat_files/Item/5035/time991.jpg;souz-m.ru (официальный сайт);2026-09-30
Союз-М;Time;Time 995;Серый;Велюр;полиэстер - 100%;142;480 г/м²;50000;50 000 циклов;Китай;1070;;Цена за 1 п/м;Есть в отрез в Москве;https://souz-m.ru/products/time-995.html;photos/Союз-М/Time/Time_995.jpg;https://souz-m.ru/netcat_files/Item/5036/time995.jpg;souz-m.ru (официальный сайт);2026-09-30
Союз-М;TiT;TiT 102;Бежевый;Велюр;полиэстер - 100%;140;180 г/м²;36000;36 000 циклов;Китай;510;;Цена за 1 п/м;Есть в отрез в Москве;https://souz-m.ru/products/tit-102.html;photos/Союз-М/TiT/TiT_102.jpg;https://souz-m.ru/netcat_files/Item/4118/TiT102.jpg;souz-m.ru (официальный сайт);2026-09-30
Союз-М;TiT;TiT 110;Бежевый;Велюр;полиэстер - 100%;140;180 г/м²;36000;36 000 циклов;Китай;510;;Цена за 1 п/м;Есть в отрез в Москве;https://souz-m.ru/products/tit-110.html;photos/Союз-М/TiT/TiT_110.jpg;https://souz-m.ru/netcat_files/Item/4119/TiT110.jpg;souz-m.ru (официальный сайт);2026-09-30
Союз-М;TiT;TiT 160;Бежевый;Велюр;полиэстер - 100%;140;180 г/м²;36000;36 000 циклов;Китай;510;;Цена за 1 п/м;Есть в отрез в Москве;https://souz-m.ru/products/tit-160.html;photos/Союз-М/TiT/TiT_160.jpg;https://souz-m.ru/netcat_files/Item/4120/TiT160.jpg;souz-m.ru (официальный сайт);2026-09-30
Союз-М;TiT;TiT 230;Коричневый;Велюр;полиэстер - 100%;140;180 г/м²;36000;36 000 циклов;Китай;510;;Оптовая цена за 1 п/м;Есть в отрез в Москве;https://souz-m.ru/products/tit-230.html;photos/Союз-М/TiT/TiT_230.jpg;https://souz-m.ru/netcat_files/Item/4121/TiT230.jpg;souz-m.ru (официальный сайт);2026-09-30
Союз-М;TiT;TiT 238;Коричневый;Велюр;полиэстер - 100%;140;180 г/м²;36000;36 000 циклов;Китай;510;;Цена за 1 п/м;Нет в отрез в Москве Уточняйте у менеджера;https://souz-m.ru/products/tit-238.html;photos/Союз-М/TiT/TiT_238.jpg;https://souz-m.ru/netcat_files/Item/4122/TiT238.jpg;souz-m.ru (официальный сайт);2026-09-30
Союз-М;TiT;TiT 295;Коричневый;Велюр;полиэстер - 100%;140;180 г/м²;36000;36 000 циклов;Китай;300;;Оптовая цена за 1 п/м;Есть в отрез в Москве;https://souz-m.ru/products/tit-295.html;photos/Союз-М/TiT/TiT_295.jpg;https://souz-m.ru/netcat_files/Item/4123/TiT295.jpg;souz-m.ru (официальный сайт);2026-09-30
Союз-М;TiT;TiT 345;Красный;Велюр;полиэстер - 100%;140;180 г/м²;36000;36 000 циклов;Китай;300;;Оптовая цена за 1 п/м;Нет в отрез в Москве Уточняйте у менеджера;https://souz-m.ru/products/tit-345.html;photos/Союз-М/TiT/TiT_345.jpg;https://souz-m.ru/netcat_files/Item/4124/TiT345.jpg;souz-m.ru (официальный сайт);2026-09-30
Союз-М;TiT;TiT 555;Желтый;Велюр;полиэстер - 100%;140;180 г/м²;36000;36 000 циклов;Китай;510;;Оптовая цена за 1 п/м;Есть в отрез в Москве;https://souz-m.ru/products/tit-555.html;photos/Союз-М/TiT/TiT_555.jpg;https://souz-m.ru/netcat_files/Item/4125/TiT555.jpg;souz-m.ru (официальный сайт);2026-09-30
Союз-М;TiT;TiT 560;Желтый;Велюр;полиэстер - 100%;140;180 г/м²;36000;36 000 циклов;Китай;300;;Оптовая цена за 1 п/м;Есть в отрез в Москве;https://souz-m.ru/products/tit-560.html;photos/Союз-М/TiT/TiT_560.jpg;https://souz-m.ru/netcat_files/Item/4126/TiT560.jpg;souz-m.ru (официальный сайт);2026-09-30
Союз-М;TiT;TiT 670;Синий;Велюр;полиэстер - 100%;140;180 г/м²;36000;36 000 циклов;Китай;300;;Оптовая цена за 1 п/м;Есть в отрез в Москве;https://souz-m.ru/products/tit-670.html;photos/Союз-М/TiT/TiT_670.jpg;https://souz-m.ru/netcat_files/Item/4128/TiT670.jpg;souz-m.ru (официальный сайт);2026-09-30
Союз-М;TiT;TiT 677;Зеленый, Синий;Велюр;полиэстер - 100%;140;180 г/м²;36000;36 000 циклов;Китай;300;;Оптовая цена за 1 п/м;Есть в отрез в Москве;https://souz-m.ru/products/tit-677.html;photos/Союз-М/TiT/TiT_677.jpg;https://souz-m.ru/netcat_files/Item/4129/TiT677.jpg;souz-m.ru (официальный сайт);2026-09-30
Союз-М;TiT;TiT 695;Зеленый;Велюр;полиэстер - 100%;140;180 г/м²;36000;36 000 циклов;Китай;510;;Цена за 1 п/м;Есть в отрез в Москве;https://souz-m.ru/products/tit-695.html;photos/Союз-М/TiT/TiT_695.jpg;https://souz-m.ru/netcat_files/Item/4130/TiT695.jpg;souz-m.ru (официальный сайт);2026-09-30
Союз-М;TiT;TiT 756;Синий;Велюр;полиэстер - 100%;140;180 г/м²;36000;36 000 циклов;Китай;510;;Цена за 1 п/м;Есть в отрез в Москве;https://souz-m.ru/products/tit-756.html;photos/Союз-М/TiT/TiT_756.jpg;https://souz-m.ru/netcat_files/Item/4131/TiT756.jpg;souz-m.ru (официальный сайт);2026-09-30
Союз-М;TiT;TiT 785;Синий;Велюр;полиэстер - 100%;140;180 г/м²;36000;36 000 циклов;Китай;250;;Оптовая цена за 1 п/м;Есть в отрез в Москве;https://souz-m.ru/products/tit-785.html;photos/Союз-М/TiT/TiT_785.jpg;https://souz-m.ru/netcat_files/Item/4132/TiT785.jpg;souz-m.ru (официальный сайт);2026-09-30
Союз-М;TiT;TiT 900;Серый;Велюр;полиэстер - 100%;140;180 г/м²;36000;36 000 циклов;Китай;510;;Оптовая цена за 1 п/м;Есть в отрез в Москве;https://souz-m.ru/products/tit-900.html;photos/Союз-М/TiT/TiT_900.jpg;https://souz-m.ru/netcat_files/Item/4133/TiT900.jpg;souz-m.ru (официальный сайт);2026-09-30
Союз-М;TiT;TiT 904;Серый;Велюр;полиэстер - 100%;140;180 г/м²;36000;36 000 циклов;Китай;510;;Цена за 1 п/м;Есть в отрез в Москве;https://souz-m.ru/products/tit-904.html;photos/Союз-М/TiT/TiT_904.jpg;https://souz-m.ru/netcat_files/Item/4134/TiT904.jpg;souz-m.ru (официальный сайт);2026-09-30
Союз-М;TiT;TiT 996;Серый, Черный;Велюр;полиэстер - 100%;140;180 г/м²;36000;36 000 циклов;Китай;510;;Оптовая цена за 1 п/м;Есть в отрез в Москве;https://souz-m.ru/products/tit-996.html;photos/Союз-М/TiT/TiT_996.jpg;https://souz-m.ru/netcat_files/Item/4136/TiT996.jpg;souz-m.ru (официальный сайт);2026-09-30
Союз-М;Titanium;Titanium 111;Бежевый;Велюр;полиэстер - 100%;142;357,3 г/м²;58000;58 000 циклов;Китай;1030;;Цена за 1 п/м;Есть в отрез в Москве;https://souz-m.ru/products/titanium-111.html;photos/Союз-М/Titanium/Titanium_111.jpg;https://souz-m.ru/netcat_files/Item/3400/titanium111.jpg;souz-m.ru (официальный сайт);2026-09-30
Союз-М;Titanium;Titanium 240;Оранжевый;Велюр;полиэстер - 100%;142;357,3 г/м²;58000;58 000 циклов;Китай;1030;;Цена за 1 п/м;Есть в отрез в Москве;https://souz-m.ru/products/titanium-240.html;photos/Союз-М/Titanium/Titanium_240.jpg;https://souz-m.ru/netcat_files/Item/3401/titanium240.jpg;souz-m.ru (официальный сайт);2026-09-30
Союз-М;Titanium;Titanium 290;Коричневый;Велюр;полиэстер - 100%;142;357,3 г/м²;58000;58 000 циклов;Китай;1030;;Цена за 1 п/м;Нет в отрез в Москве Уточняйте у менеджера;https://souz-m.ru/products/titanium-290.html;photos/Союз-М/Titanium/Titanium_290.jpg;https://souz-m.ru/netcat_files/Item/3402/titanium290.jpg;souz-m.ru (официальный сайт);2026-09-30
Союз-М;Titanium;Titanium 562;Желтый;Велюр;полиэстер - 100%;142;357,3 г/м²;58000;58 000 циклов;Китай;1030;;Цена за 1 п/м;Нет в отрез в Москве Уточняйте у менеджера;https://souz-m.ru/products/titanium-562.html;photos/Союз-М/Titanium/Titanium_562.jpg;https://souz-m.ru/netcat_files/Item/3403/titanium562.jpg;souz-m.ru (официальный сайт);2026-09-30
Союз-М;Titanium;Titanium 697;Зеленый, Синий;Велюр;полиэстер - 100%;142;357,3 г/м²;58000;58 000 циклов;Китай;1030;;Цена за 1 п/м;Есть в отрез в Москве;https://souz-m.ru/products/titanium-697.html;photos/Союз-М/Titanium/Titanium_697.jpg;https://souz-m.ru/netcat_files/Item/3404/titanium697.jpg;souz-m.ru (официальный сайт);2026-09-30
Союз-М;Titanium;Titanium 900;Серый;Велюр;полиэстер - 100%;142;357,3 г/м²;58000;58 000 циклов;Китай;1030;;Цена за 1 п/м;Есть в отрез в Москве;https://souz-m.ru/products/titanium-900.html;photos/Союз-М/Titanium/Titanium_900.jpg;https://souz-m.ru/netcat_files/Item/3405/titanium900.jpg;souz-m.ru (официальный сайт);2026-09-30
Союз-М;Titanium;Titanium 921;Коричневый;Велюр;полиэстер - 100%;142;357,3 г/м²;58000;58 000 циклов;Китай;1030;;Цена за 1 п/м;Есть в отрез в Москве;https://souz-m.ru/products/titanium-921.html;photos/Союз-М/Titanium/Titanium_921.jpg;https://souz-m.ru/netcat_files/Item/3406/titanium921.jpg;souz-m.ru (официальный сайт);2026-09-30
Союз-М;Titanium;Titanium 995;Серый;Велюр;полиэстер - 100%;142;357,3 г/м²;58000;58 000 циклов;Китай;1030;;Цена за 1 п/м;Есть в отрез в Москве;https://souz-m.ru/products/titanium-995.html;photos/Союз-М/Titanium/Titanium_995.jpg;https://souz-m.ru/netcat_files/Item/3407/titanium995.jpg;souz-m.ru (официальный сайт);2026-09-30
Союз-М;Vanilla;Vanilla 01;Бежевый, Белый;Велюр;полиэстер - 100%;145;307,4 г/м²;65000;65 000 циклов;Китай;740;;Цена за 1 п/м;Нет в отрез в Москве Уточняйте у менеджера;https://souz-m.ru/products/vanilla-01.html;photos/Союз-М/Vanilla/Vanilla_01.jpg;https://souz-m.ru/netcat_files/Item/3011/vanilla01.jpg;souz-m.ru (официальный сайт);2026-09-30
Союз-М;Vanilla;Vanilla 05;Фиолетовый;Велюр;полиэстер - 100%;145;307,4 г/м²;65000;65 000 циклов;Китай;740;;Оптовая цена за 1 п/м;Нет в отрез в Москве Уточняйте у менеджера;https://souz-m.ru/products/vanilla-05.html;photos/Союз-М/Vanilla/Vanilla_05.jpg;https://souz-m.ru/netcat_files/Item/3015/vanilla05.jpg;souz-m.ru (официальный сайт);2026-09-30
Союз-М;Vanilla;Vanilla 06;Серый;Велюр;полиэстер - 100%;145;307,4 г/м²;65000;65 000 циклов;Китай;800;;Цена за 1 п/м;Нет в отрез в Москве Уточняйте у менеджера;https://souz-m.ru/products/vanilla-06.html;photos/Союз-М/Vanilla/Vanilla_06.jpg;https://souz-m.ru/netcat_files/Item/3016/vanilla06.jpg;souz-m.ru (официальный сайт);2026-09-30
Союз-М;Velutto;Velutto 01;Белый;Велюр;полиэстер - 100%;142;251,5 г/м²;60000;60 000 циклов;Китай;570;;Цена за 1 п/м;Есть в отрез в Москве;https://souz-m.ru/products/velutto-01.html;photos/Союз-М/Velutto/Velutto_01.jpg;https://souz-m.ru/netcat_files/Item/2868/velutto01.jpg;souz-m.ru (официальный сайт);2026-09-30
Союз-М;Velutto;Velutto 02;Бежевый, Желтый;Велюр;полиэстер - 100%;142;251,5 г/м²;60000;60 000 циклов;Китай;570;;Цена за 1 п/м;Есть в отрез в Москве;https://souz-m.ru/products/velutto-02.html;photos/Союз-М/Velutto/Velutto_02.jpg;https://souz-m.ru/netcat_files/Item/2869/velutto02.jpg;souz-m.ru (официальный сайт);2026-09-30
Союз-М;Velutto;Velutto 03;Коричневый;Велюр;полиэстер - 100%;142;251,5 г/м²;60000;60 000 циклов;Китай;570;;Цена за 1 п/м;Есть в отрез в Москве;https://souz-m.ru/products/velutto-03.html;photos/Союз-М/Velutto/Velutto_03.jpg;https://souz-m.ru/netcat_files/Item/2870/velutto03.jpg;souz-m.ru (официальный сайт);2026-09-30
Союз-М;Velutto;Velutto 04;Бежевый;Велюр;полиэстер - 100%;142;251,5 г/м²;60000;60 000 циклов;Китай;570;;Цена за 1 п/м;Есть в отрез в Москве;https://souz-m.ru/products/velutto-04.html;photos/Союз-М/Velutto/Velutto_04.jpg;https://souz-m.ru/netcat_files/Item/2871/velutto04.jpg;souz-m.ru (официальный сайт);2026-09-30
Союз-М;Velutto;Velutto 05;Бежевый;Велюр;полиэстер - 100%;142;251,5 г/м²;60000;60 000 циклов;Китай;570;;Цена за 1 п/м;Есть в отрез в Москве;https://souz-m.ru/products/velutto-05.html;photos/Союз-М/Velutto/Velutto_05.jpg;https://souz-m.ru/netcat_files/Item/2872/velutto05.jpg;souz-m.ru (официальный сайт);2026-09-30
Союз-М;Velutto;Velutto 06;Коричневый;Велюр;полиэстер - 100%;142;251,5 г/м²;60000;60 000 циклов;Китай;570;;Цена за 1 п/м;Есть в отрез в Москве;https://souz-m.ru/products/velutto-06.html;photos/Союз-М/Velutto/Velutto_06.jpg;https://souz-m.ru/netcat_files/Item/2873/velutto06.jpg;souz-m.ru (официальный сайт);2026-09-30
Союз-М;Velutto;Velutto 07;Бежевый;Велюр;полиэстер - 100%;142;251,5 г/м²;60000;60 000 циклов;Китай;570;;Цена за 1 п/м;Есть в отрез в Москве;https://souz-m.ru/products/velutto-07.html;photos/Союз-М/Velutto/Velutto_07.jpg;https://souz-m.ru/netcat_files/Item/2874/velutto07.jpg;souz-m.ru (официальный сайт);2026-09-30
Союз-М;Velutto;Velutto 08;Серый;Велюр;полиэстер - 100%;142;251,5 г/м²;60000;60 000 циклов;Китай;570;;Цена за 1 п/м;Есть в отрез в Москве;https://souz-m.ru/products/velutto-08.html;photos/Союз-М/Velutto/Velutto_08.jpg;https://souz-m.ru/netcat_files/Item/2875/velutto08.jpg;souz-m.ru (официальный сайт);2026-09-30
Союз-М;Velutto;Velutto 09;Серый;Велюр;полиэстер - 100%;142;251,5 г/м²;60000;60 000 циклов;Китай;570;;Цена за 1 п/м;Есть в отрез в Москве;https://souz-m.ru/products/velutto-09.html;photos/Союз-М/Velutto/Velutto_09.jpg;https://souz-m.ru/netcat_files/Item/2876/velutto09.jpg;souz-m.ru (официальный сайт);2026-09-30
Союз-М;Velutto;Velutto 10;Фиолетовый;Велюр;полиэстер - 100%;142;251,5 г/м²;60000;60 000 циклов;Китай;570;;Цена за 1 п/м;Есть в отрез в Москве;https://souz-m.ru/products/velutto-10.html;photos/Союз-М/Velutto/Velutto_10.jpg;https://souz-m.ru/netcat_files/Item/2877/velutto10.jpg;souz-m.ru (официальный сайт);2026-09-30
Союз-М;Velutto;Velutto 11;Красный;Велюр;полиэстер - 100%;142;251,5 г/м²;60000;60 000 циклов;Китай;570;;Цена за 1 п/м;Есть в отрез в Москве;https://souz-m.ru/products/velutto-11.html;photos/Союз-М/Velutto/Velutto_11.jpg;https://souz-m.ru/netcat_files/Item/2878/velutto11.jpg;souz-m.ru (официальный сайт);2026-09-30
Союз-М;Velutto;Velutto 12;Серый;Велюр;полиэстер - 100%;142;251,5 г/м²;60000;60 000 циклов;Китай;570;;Цена за 1 п/м;Есть в отрез в Москве;https://souz-m.ru/products/velutto-12.html;photos/Союз-М/Velutto/Velutto_12.jpg;https://souz-m.ru/netcat_files/Item/2879/velutto12.jpg;souz-m.ru (официальный сайт);2026-09-30
Союз-М;Velutto;Velutto 13;Бежевый;Велюр;полиэстер - 100%;142;251,5 г/м²;60000;60 000 циклов;Китай;570;;Цена за 1 п/м;Есть в отрез в Москве;https://souz-m.ru/products/velutto-13.html;photos/Союз-М/Velutto/Velutto_13.jpg;https://souz-m.ru/netcat_files/Item/2880/velutto13.jpg;souz-m.ru (официальный сайт);2026-09-30
Союз-М;Velutto;Velutto 14;Зеленый;Велюр;полиэстер - 100%;142;251,5 г/м²;60000;60 000 циклов;Китай;570;;Цена за 1 п/м;Есть в отрез в Москве;https://souz-m.ru/products/velutto-14.html;photos/Союз-М/Velutto/Velutto_14.jpg;https://souz-m.ru/netcat_files/Item/2881/velutto14.jpg;souz-m.ru (официальный сайт);2026-09-30
Союз-М;Velutto;Velutto 15;Красный;Велюр;полиэстер - 100%;142;251,5 г/м²;60000;60 000 циклов;Китай;570;;Цена за 1 п/м;Есть в отрез в Москве;https://souz-m.ru/products/velutto-15.html;photos/Союз-М/Velutto/Velutto_15.jpg;https://souz-m.ru/netcat_files/Item/2882/velutto15.jpg;souz-m.ru (официальный сайт);2026-09-30
Союз-М;Velutto;Velutto 16;Бежевый;Велюр;полиэстер - 100%;142;251,5 г/м²;60000;60 000 циклов;Китай;570;;Цена за 1 п/м;Есть в отрез в Москве;https://souz-m.ru/products/velutto-16.html;photos/Союз-М/Velutto/Velutto_16.jpg;https://souz-m.ru/netcat_files/Item/2883/velutto16.jpg;souz-m.ru (официальный сайт);2026-09-30
Союз-М;Velutto;Velutto 17;Бежевый;Велюр;полиэстер - 100%;142;251,5 г/м²;60000;60 000 циклов;Китай;570;;Цена за 1 п/м;Есть в отрез в Москве;https://souz-m.ru/products/velutto-17.html;photos/Союз-М/Velutto/Velutto_17.jpg;https://souz-m.ru/netcat_files/Item/2884/velutto17.jpg;souz-m.ru (официальный сайт);2026-09-30
Союз-М;Velutto;Velutto 18;Бежевый;Велюр;полиэстер - 100%;142;251,5 г/м²;60000;60 000 циклов;Китай;570;;Цена за 1 п/м;Есть в отрез в Москве;https://souz-m.ru/products/velutto-18.html;photos/Союз-М/Velutto/Velutto_18.jpg;https://souz-m.ru/netcat_files/Item/2885/velutto18.jpg;souz-m.ru (официальный сайт);2026-09-30
Союз-М;Velutto;Velutto 19;Фиолетовый;Велюр;полиэстер - 100%;142;251,5 г/м²;60000;60 000 циклов;Китай;570;;Цена за 1 п/м;Есть в отрез в Москве;https://souz-m.ru/products/velutto-19.html;photos/Союз-М/Velutto/Velutto_19.jpg;https://souz-m.ru/netcat_files/Item/2886/velutto19.jpg;souz-m.ru (официальный сайт);2026-09-30
Союз-М;Velutto;Velutto 20;Зеленый;Велюр;полиэстер - 100%;142;251,5 г/м²;60000;60 000 циклов;Китай;570;;Цена за 1 п/м;Есть в отрез в Москве;https://souz-m.ru/products/velutto-20.html;photos/Союз-М/Velutto/Velutto_20.jpg;https://souz-m.ru/netcat_files/Item/2887/velutto20.jpg;souz-m.ru (официальный сайт);2026-09-30
Союз-М;Velutto;Velutto 21;Бежевый, Коричневый;Велюр;полиэстер - 100%;142;251,5 г/м²;60000;60 000 циклов;Китай;570;;Цена за 1 п/м;Есть в отрез в Москве;https://souz-m.ru/products/velutto-21.html;photos/Союз-М/Velutto/Velutto_21.jpg;https://souz-m.ru/netcat_files/Item/2949/velutto21.jpg;souz-m.ru (официальный сайт);2026-09-30
Союз-М;Velutto;Velutto 22;Коричневый;Велюр;полиэстер - 100%;142;251,5 г/м²;60000;60 000 циклов;Китай;570;;Цена за 1 п/м;Есть в отрез в Москве;https://souz-m.ru/products/velutto-22.html;photos/Союз-М/Velutto/Velutto_22.jpg;https://souz-m.ru/netcat_files/Item/3049/velutto22.jpg;souz-m.ru (официальный сайт);2026-09-30
Союз-М;Velutto;Velutto 23;Коричневый;Велюр;полиэстер - 100%;142;251,5 г/м²;60000;60 000 циклов;Китай;570;;Цена за 1 п/м;Есть в отрез в Москве;https://souz-m.ru/products/velutto-23.html;photos/Союз-М/Velutto/Velutto_23.jpg;https://souz-m.ru/netcat_files/Item/3050/velutto23.jpg;souz-m.ru (официальный сайт);2026-09-30
Союз-М;Velutto;Velutto 24;Коричневый;Велюр;полиэстер - 100%;142;251,5 г/м²;60000;60 000 циклов;Китай;570;;Цена за 1 п/м;Есть в отрез в Москве;https://souz-m.ru/products/velutto-24.html;photos/Союз-М/Velutto/Velutto_24.jpg;https://souz-m.ru/netcat_files/Item/3051/velutto24.jpg;souz-m.ru (официальный сайт);2026-09-30
Союз-М;Velutto;Velutto 25;Фиолетовый;Велюр;полиэстер - 100%;142;251,5 г/м²;60000;60 000 циклов;Китай;570;;Цена за 1 п/м;Есть в отрез в Москве;https://souz-m.ru/products/velutto-25.html;photos/Союз-М/Velutto/Velutto_25.jpg;https://souz-m.ru/netcat_files/Item/3052/velutto25.jpg;souz-m.ru (официальный сайт);2026-09-30
Союз-М;Velutto;Velutto 26;Синий;Велюр;полиэстер - 100%;142;251,5 г/м²;60000;60 000 циклов;Китай;570;;Цена за 1 п/м;Есть в отрез в Москве;https://souz-m.ru/products/velutto-26.html;photos/Союз-М/Velutto/Velutto_26.jpg;https://souz-m.ru/netcat_files/Item/3053/velutto26.jpg;souz-m.ru (официальный сайт);2026-09-30
Союз-М;Velutto;Velutto 27;Оранжевый;Велюр;полиэстер - 100%;142;251,5 г/м²;60000;60 000 циклов;Китай;570;;Цена за 1 п/м;Есть в отрез в Москве;https://souz-m.ru/products/velutto-27.html;photos/Союз-М/Velutto/Velutto_27.jpg;https://souz-m.ru/netcat_files/Item/3054/velutto27.jpg;souz-m.ru (официальный сайт);2026-09-30
Союз-М;Velutto;Velutto 28;Желтый;Велюр;полиэстер - 100%;142;251,5 г/м²;60000;60 000 циклов;Китай;570;;Цена за 1 п/м;Есть в отрез в Москве;https://souz-m.ru/products/velutto-28.html;photos/Союз-М/Velutto/Velutto_28.jpg;https://souz-m.ru/netcat_files/Item/3055/velutto28.jpg;souz-m.ru (официальный сайт);2026-09-30
Союз-М;Velutto;Velutto 29;Красный;Велюр;полиэстер - 100%;142;251,5 г/м²;60000;60 000 циклов;Китай;570;;Цена за 1 п/м;Есть в отрез в Москве;https://souz-m.ru/products/velutto-29.html;photos/Союз-М/Velutto/Velutto_29.jpg;https://souz-m.ru/netcat_files/Item/3056/velutto29.jpg;souz-m.ru (официальный сайт);2026-09-30
Союз-М;Velutto;Velutto 30;Зеленый;Велюр;полиэстер - 100%;142;251,5 г/м²;60000;60 000 циклов;Китай;570;;Цена за 1 п/м;Нет в отрез в Москве Ожидаемая дата поступления: 19.10.2026;https://souz-m.ru/products/velutto-30.html;photos/Союз-М/Velutto/Velutto_30.jpg;https://souz-m.ru/netcat_files/Item/3057/velutto30.jpg;souz-m.ru (официальный сайт);2026-09-30
Союз-М;Velutto;Velutto 31;Зеленый;Велюр;полиэстер - 100%;142;251,5 г/м²;60000;60 000 циклов;Китай;570;;Цена за 1 п/м;Есть в отрез в Москве;https://souz-m.ru/products/velutto-31.html;photos/Союз-М/Velutto/Velutto_31.jpg;https://souz-m.ru/netcat_files/Item/3058/velutto31.jpg;souz-m.ru (официальный сайт);2026-09-30
Союз-М;Velutto;Velutto 32;Серый;Велюр;полиэстер - 100%;142;251,5 г/м²;60000;60 000 циклов;Китай;570;;Цена за 1 п/м;Есть в отрез в Москве;https://souz-m.ru/products/velutto-32.html;photos/Союз-М/Velutto/Velutto_32.jpg;https://souz-m.ru/netcat_files/Item/3059/velutto32.jpg;souz-m.ru (официальный сайт);2026-09-30
Союз-М;Velutto;Velutto 33;Зеленый;Велюр;полиэстер - 100%;142;251,5 г/м²;60000;60 000 циклов;Китай;570;;Цена за 1 п/м;Есть в отрез в Москве;https://souz-m.ru/products/velutto-33.html;photos/Союз-М/Velutto/Velutto_33.jpg;https://souz-m.ru/netcat_files/Item/3060/velutto33.jpg;souz-m.ru (официальный сайт);2026-09-30
Союз-М;Velutto;Velutto 34;Черный;Велюр;полиэстер - 100%;142;251,5 г/м²;60000;60 000 циклов;Китай;570;;Цена за 1 п/м;Есть в отрез в Москве;https://souz-m.ru/products/velutto-34.html;photos/Союз-М/Velutto/Velutto_34.jpg;https://souz-m.ru/netcat_files/Item/3061/velutto34.jpg;souz-m.ru (официальный сайт);2026-09-30
Союз-М;Velutto;Velutto 35;Красный;Велюр;полиэстер - 100%;142;251,5 г/м²;60000;60 000 циклов;Китай;570;;Цена за 1 п/м;Есть в отрез в Москве;https://souz-m.ru/products/velutto-35.html;photos/Союз-М/Velutto/Velutto_35.jpg;https://souz-m.ru/netcat_files/Item/3264/velutto35.jpg;souz-m.ru (официальный сайт);2026-09-30
Союз-М;Velutto;Velutto 36;Коричневый;Велюр;полиэстер - 100%;142;251,5 г/м²;60000;60 000 циклов;Китай;570;;Цена за 1 п/м;Есть в отрез в Москве;https://souz-m.ru/products/velutto-36.html;photos/Союз-М/Velutto/Velutto_36.jpg;https://souz-m.ru/netcat_files/Item/3265/velutto36.jpg;souz-m.ru (официальный сайт);2026-09-30
Союз-М;Velutto;Velutto 37;Бежевый, Красный, Розовый;Велюр;полиэстер - 100%;142;251,5 г/м²;60000;60 000 циклов;Китай;570;;Цена за 1 п/м;Есть в отрез в Москве;https://souz-m.ru/products/velutto-37.html;photos/Союз-М/Velutto/Velutto_37.jpg;https://souz-m.ru/netcat_files/Item/3266/velutto37.jpg;souz-m.ru (официальный сайт);2026-09-30
Союз-М;Velutto;Velutto 38;Красный;Велюр;полиэстер - 100%;142;251,5 г/м²;60000;60 000 циклов;Китай;570;;Цена за 1 п/м;Есть в отрез в Москве;https://souz-m.ru/products/velutto-38.html;photos/Союз-М/Velutto/Velutto_38.jpg;https://souz-m.ru/netcat_files/Item/3267/velutto38.jpg;souz-m.ru (официальный сайт);2026-09-30
Союз-М;Velutto;Velutto 39;Оранжевый;Велюр;полиэстер - 100%;142;251,5 г/м²;60000;60 000 циклов;Китай;570;;Цена за 1 п/м;Есть в отрез в Москве;https://souz-m.ru/products/velutto-39.html;photos/Союз-М/Velutto/Velutto_39.jpg;https://souz-m.ru/netcat_files/Item/3268/velutto39.jpg;souz-m.ru (официальный сайт);2026-09-30
Союз-М;Velutto;Velutto 40;Желтый;Велюр;полиэстер - 100%;142;251,5 г/м²;60000;60 000 циклов;Китай;570;;Цена за 1 п/м;Есть в отрез в Москве;https://souz-m.ru/products/velutto-40.html;photos/Союз-М/Velutto/Velutto_40.jpg;https://souz-m.ru/netcat_files/Item/3269/velutto40.jpg;souz-m.ru (официальный сайт);2026-09-30
Союз-М;Velutto;Velutto 41;Фиолетовый;Велюр;полиэстер - 100%;142;251,5 г/м²;60000;60 000 циклов;Китай;570;;Цена за 1 п/м;Есть в отрез в Москве;https://souz-m.ru/products/velutto-41.html;photos/Союз-М/Velutto/Velutto_41.jpg;https://souz-m.ru/netcat_files/Item/3270/velutto41.jpg;souz-m.ru (официальный сайт);2026-09-30
Союз-М;Velutto;Velutto 42;Зеленый;Велюр;полиэстер - 100%;142;251,5 г/м²;60000;60 000 циклов;Китай;570;;Цена за 1 п/м;Есть в отрез в Москве;https://souz-m.ru/products/velutto-42.html;photos/Союз-М/Velutto/Velutto_42.jpg;https://souz-m.ru/netcat_files/Item/3271/velutto42.jpg;souz-m.ru (официальный сайт);2026-09-30
Союз-М;Velutto;Velutto 43;Зеленый;Велюр;полиэстер - 100%;142;251,5 г/м²;60000;60 000 циклов;Китай;570;;Цена за 1 п/м;Есть в отрез в Москве;https://souz-m.ru/products/velutto-43.html;photos/Союз-М/Velutto/Velutto_43.jpg;https://souz-m.ru/netcat_files/Item/3272/velutto43.jpg;souz-m.ru (официальный сайт);2026-09-30
Союз-М;Velutto;Velutto 44;Синий;Велюр;полиэстер - 100%;142;251,5 г/м²;60000;60 000 циклов;Китай;570;;Цена за 1 п/м;Есть в отрез в Москве;https://souz-m.ru/products/velutto-44.html;photos/Союз-М/Velutto/Velutto_44.jpg;https://souz-m.ru/netcat_files/Item/3273/velutto44.jpg;souz-m.ru (официальный сайт);2026-09-30
Союз-М;Velutto;Velutto 45;Синий;Велюр;полиэстер - 100%;142;251,5 г/м²;60000;60 000 циклов;Китай;570;;Цена за 1 п/м;Есть в отрез в Москве;https://souz-m.ru/products/velutto-45.html;photos/Союз-М/Velutto/Velutto_45.jpg;https://souz-m.ru/netcat_files/Item/3274/velutto45.jpg;souz-m.ru (официальный сайт);2026-09-30
Союз-М;Velutto;Velutto 46;Синий;Велюр;полиэстер - 100%;142;251,5 г/м²;60000;60 000 циклов;Китай;570;;Цена за 1 п/м;Есть в отрез в Москве;https://souz-m.ru/products/velutto-46.html;photos/Союз-М/Velutto/Velutto_46.jpg;https://souz-m.ru/netcat_files/Item/3275/velutto46.jpg;souz-m.ru (официальный сайт);2026-09-30
Союз-М;Velutto;Velutto 47;Синий;Велюр;полиэстер - 100%;142;251,5 г/м²;60000;60 000 циклов;Китай;570;;Цена за 1 п/м;Есть в отрез в Москве;https://souz-m.ru/products/velutto-47.html;photos/Союз-М/Velutto/Velutto_47.jpg;https://souz-m.ru/netcat_files/Item/3276/velutto47.jpg;souz-m.ru (официальный сайт);2026-09-30
Союз-М;Velutto;Velutto 48;Синий;Велюр;полиэстер - 100%;142;251,5 г/м²;60000;60 000 циклов;Китай;570;;Цена за 1 п/м;Есть в отрез в Москве;https://souz-m.ru/products/velutto-48.html;photos/Союз-М/Velutto/Velutto_48.jpg;https://souz-m.ru/netcat_files/Item/3277/velutto48.jpg;souz-m.ru (официальный сайт);2026-09-30
Союз-М;Velutto;Velutto 49;Серый;Велюр;полиэстер - 100%;142;251,5 г/м²;60000;60 000 циклов;Китай;570;;Цена за 1 п/м;Есть в отрез в Москве;https://souz-m.ru/products/velutto-49.html;photos/Союз-М/Velutto/Velutto_49.jpg;https://souz-m.ru/netcat_files/Item/3278/velutto49.jpg;souz-m.ru (официальный сайт);2026-09-30
Союз-М;Velutto;Velutto 50;Серый;Велюр;полиэстер - 100%;142;251,5 г/м²;60000;60 000 циклов;Китай;570;;Цена за 1 п/м;Есть в отрез в Москве;https://souz-m.ru/products/velutto-50.html;photos/Союз-М/Velutto/Velutto_50.jpg;https://souz-m.ru/netcat_files/Item/3279/velutto50.jpg;souz-m.ru (официальный сайт);2026-09-30
Союз-М;Velutto;Velutto 51;Серый;Велюр;полиэстер - 100%;142;251,5 г/м²;60000;60 000 циклов;Китай;570;;Цена за 1 п/м;Есть в отрез в Москве;https://souz-m.ru/products/velutto-51.html;photos/Союз-М/Velutto/Velutto_51.jpg;https://souz-m.ru/netcat_files/Item/3280/velutto51.jpg;souz-m.ru (официальный сайт);2026-09-30
Союз-М;Velutto;Velutto 52;Серый;Велюр;полиэстер - 100%;142;251,5 г/м²;60000;60 000 циклов;Китай;570;;Цена за 1 п/м;Есть в отрез в Москве;https://souz-m.ru/products/velutto-52.html;photos/Союз-М/Velutto/Velutto_52.jpg;https://souz-m.ru/netcat_files/Item/3281/velutto52.jpg;souz-m.ru (официальный сайт);2026-09-30
Союз-М;Velutto;Velutto 53;Зеленый, Серый;Велюр;полиэстер - 100%;142;251,5 г/м²;60000;60 000 циклов;Китай;570;;Цена за 1 п/м;Есть в отрез в Москве;https://souz-m.ru/products/velutto-53.html;photos/Союз-М/Velutto/Velutto_53.jpg;https://souz-m.ru/netcat_files/Item/3293/velutto53.jpg;souz-m.ru (официальный сайт);2026-09-30
Союз-М;Velutto;Velutto 54;Синий;Велюр;полиэстер - 100%;142;251,5 г/м²;60000;60 000 циклов;Китай;570;;Цена за 1 п/м;Есть в отрез в Москве;https://souz-m.ru/products/velutto-54.html;photos/Союз-М/Velutto/Velutto_54.jpg;https://souz-m.ru/netcat_files/Item/3619/velutto54.jpg;souz-m.ru (официальный сайт);2026-09-30
Союз-М;Velutto;Velutto 55;Красный, Оранжевый;Велюр;полиэстер - 100%;142;251,5 г/м²;60000;60 000 циклов;Китай;570;;Цена за 1 п/м;Есть в отрез в Москве;https://souz-m.ru/products/velutto-55.html;photos/Союз-М/Velutto/Velutto_55.jpg;https://souz-m.ru/netcat_files/Item/3620/velutto55.jpg;souz-m.ru (официальный сайт);2026-09-30
Союз-М;Velutto;Velutto 56;Желтый;Велюр;полиэстер - 100%;142;251,5 г/м²;60000;60 000 циклов;Китай;570;;Цена за 1 п/м;Есть в отрез в Москве;https://souz-m.ru/products/velutto-56.html;photos/Союз-М/Velutto/Velutto_56.jpg;https://souz-m.ru/netcat_files/Item/3951/velutto56.jpg;souz-m.ru (официальный сайт);2026-09-30
Союз-М;Velutto;Velutto 57;Желтый;Велюр;полиэстер - 100%;142;251,5 г/м²;60000;60 000 циклов;Китай;570;;Цена за 1 п/м;Есть в отрез в Москве;https://souz-m.ru/products/velutto-57.html;photos/Союз-М/Velutto/Velutto_57.jpg;https://souz-m.ru/netcat_files/Item/4204/velutto57.jpg;souz-m.ru (официальный сайт);2026-09-30
Союз-М;Velutto;Velutto 58;Желтый;Велюр;полиэстер - 100%;142;251,5 г/м²;60000;60 000 циклов;Китай;570;;Цена за 1 п/м;Есть в отрез в Москве;https://souz-m.ru/products/velutto-58.html;photos/Союз-М/Velutto/Velutto_58.jpg;https://souz-m.ru/netcat_files/Item/4205/velutto58.jpg;souz-m.ru (официальный сайт);2026-09-30
Союз-М;Velutto;Velutto 59;Бежевый;Велюр;полиэстер - 100%;142;251,5 г/м²;60000;60 000 циклов;Китай;570;;Цена за 1 п/м;Есть в отрез в Москве;https://souz-m.ru/products/velutto-59.html;photos/Союз-М/Velutto/Velutto_59.jpg;https://souz-m.ru/netcat_files/Item/4206/velutto59.jpg;souz-m.ru (официальный сайт);2026-09-30
Союз-М;Velutto;Velutto 60;Оранжевый;Велюр;полиэстер - 100%;142;251,5 г/м²;60000;60 000 циклов;Китай;570;;Цена за 1 п/м;Есть в отрез в Москве;https://souz-m.ru/products/velutto-60.html;photos/Союз-М/Velutto/Velutto_60.jpg;https://souz-m.ru/netcat_files/Item/4207/velutto60.jpg;souz-m.ru (официальный сайт);2026-09-30
Союз-М;Velutto;Velutto 61;Оранжевый;Велюр;полиэстер - 100%;142;251,5 г/м²;60000;60 000 циклов;Китай;570;;Цена за 1 п/м;Есть в отрез в Москве;https://souz-m.ru/products/velutto-61.html;photos/Союз-М/Velutto/Velutto_61.jpg;https://souz-m.ru/netcat_files/Item/4208/velutto61.jpg;souz-m.ru (официальный сайт);2026-09-30
Союз-М;Velutto;Velutto 62;Оранжевый;Велюр;полиэстер - 100%;142;251,5 г/м²;60000;60 000 циклов;Китай;570;;Цена за 1 п/м;Есть в отрез в Москве;https://souz-m.ru/products/velutto-62.html;photos/Союз-М/Velutto/Velutto_62.jpg;https://souz-m.ru/netcat_files/Item/4209/velutto62.jpg;souz-m.ru (официальный сайт);2026-09-30
Союз-М;Velutto;Velutto 63;Красный;Велюр;полиэстер - 100%;142;251,5 г/м²;60000;60 000 циклов;Китай;570;;Цена за 1 п/м;Есть в отрез в Москве;https://souz-m.ru/products/velutto-63.html;photos/Союз-М/Velutto/Velutto_63.jpg;https://souz-m.ru/netcat_files/Item/4210/velutto63.jpg;souz-m.ru (официальный сайт);2026-09-30
Союз-М;Velutto;Velutto 64;Коричневый, Красный;Велюр;полиэстер - 100%;142;251,5 г/м²;60000;60 000 циклов;Китай;570;;Цена за 1 п/м;Есть в отрез в Москве;https://souz-m.ru/products/velutto-64.html;photos/Союз-М/Velutto/Velutto_64.jpg;https://souz-m.ru/netcat_files/Item/4211/velutto64.jpg;souz-m.ru (официальный сайт);2026-09-30
Союз-М;Velutto;Velutto 65;Бежевый;Велюр;полиэстер - 100%;142;251,5 г/м²;60000;60 000 циклов;Китай;570;;Цена за 1 п/м;Есть в отрез в Москве;https://souz-m.ru/products/velutto-65.html;photos/Союз-М/Velutto/Velutto_65.jpg;https://souz-m.ru/netcat_files/Item/4212/velutto65.jpg;souz-m.ru (официальный сайт);2026-09-30
Союз-М;Velutto;Velutto 66;Розовый;Велюр;полиэстер - 100%;142;251,5 г/м²;60000;60 000 циклов;Китай;570;;Цена за 1 п/м;Есть в отрез в Москве;https://souz-m.ru/products/velutto-66.html;photos/Союз-М/Velutto/Velutto_66.jpg;https://souz-m.ru/netcat_files/Item/4213/velutto66.jpg;souz-m.ru (официальный сайт);2026-09-30
Союз-М;Velutto;Velutto 67;Бежевый;Велюр;полиэстер - 100%;142;251,5 г/м²;60000;60 000 циклов;Китай;570;;Цена за 1 п/м;Есть в отрез в Москве;https://souz-m.ru/products/velutto-67.html;photos/Союз-М/Velutto/Velutto_67.jpg;https://souz-m.ru/netcat_files/Item/4214/velutto67.jpg;souz-m.ru (официальный сайт);2026-09-30
Союз-М;Velutto;Velutto 68;Коричневый;Велюр;полиэстер - 100%;142;251,5 г/м²;60000;60 000 циклов;Китай;570;;Цена за 1 п/м;Есть в отрез в Москве;https://souz-m.ru/products/velutto-68.html;photos/Союз-М/Velutto/Velutto_68.jpg;https://souz-m.ru/netcat_files/Item/4215/velutto68.jpg;souz-m.ru (официальный сайт);2026-09-30
Союз-М;Velutto;Velutto 69;Зеленый;Велюр;полиэстер - 100%;142;251,5 г/м²;60000;60 000 циклов;Китай;570;;Цена за 1 п/м;Есть в отрез в Москве;https://souz-m.ru/products/velutto-69.html;photos/Союз-М/Velutto/Velutto_69.jpg;https://souz-m.ru/netcat_files/Item/4216/velutto69.jpg;souz-m.ru (официальный сайт);2026-09-30
Союз-М;Velutto;Velutto 70;Зеленый;Велюр;полиэстер - 100%;142;251,5 г/м²;60000;60 000 циклов;Китай;570;;Цена за 1 п/м;Есть в отрез в Москве;https://souz-m.ru/products/velutto-70.html;photos/Союз-М/Velutto/Velutto_70.jpg;https://souz-m.ru/netcat_files/Item/4217/velutto70.jpg;souz-m.ru (официальный сайт);2026-09-30
Союз-М;Velutto;Velutto 71;Зеленый;Велюр;полиэстер - 100%;142;251,5 г/м²;60000;60 000 циклов;Китай;570;;Цена за 1 п/м;Есть в отрез в Москве;https://souz-m.ru/products/velutto-71.html;photos/Союз-М/Velutto/Velutto_71.jpg;https://souz-m.ru/netcat_files/Item/4218/velutto71.jpg;souz-m.ru (официальный сайт);2026-09-30
Союз-М;Velutto;Velutto 72;Синий;Велюр;полиэстер - 100%;142;251,5 г/м²;60000;60 000 циклов;Китай;570;;Цена за 1 п/м;Есть в отрез в Москве;https://souz-m.ru/products/velutto-72.html;photos/Союз-М/Velutto/Velutto_72.jpg;https://souz-m.ru/netcat_files/Item/4219/velutto72.jpg;souz-m.ru (официальный сайт);2026-09-30
Союз-М;Velutto;Velutto 73;Серый;Велюр;полиэстер - 100%;142;251,5 г/м²;60000;60 000 циклов;Китай;570;;Оптовая цена за 1 п/м;Есть в отрез в Москве;https://souz-m.ru/products/velutto-73.html;photos/Союз-М/Velutto/Velutto_73.jpg;https://souz-m.ru/netcat_files/Item/4220/velutto73.jpg;souz-m.ru (официальный сайт);2026-09-30
Союз-М;Velutto;Velutto 74;Серый;Велюр;полиэстер - 100%;142;251,5 г/м²;60000;60 000 циклов;Китай;570;;Цена за 1 п/м;Есть в отрез в Москве;https://souz-m.ru/products/velutto-74.html;photos/Союз-М/Velutto/Velutto_74.jpg;https://souz-m.ru/netcat_files/Item/4221/velutto74.jpg;souz-m.ru (официальный сайт);2026-09-30
Союз-М;Velutto;Velutto 75;Серый;Велюр;полиэстер - 100%;142;251,5 г/м²;60000;60 000 циклов;Китай;570;;Цена за 1 п/м;Есть в отрез в Москве;https://souz-m.ru/products/velutto-75.html;photos/Союз-М/Velutto/Velutto_75.jpg;https://souz-m.ru/netcat_files/Item/4222/velutto75.jpg;souz-m.ru (официальный сайт);2026-09-30
Союз-М;Velutto;Velutto 76;Серый;Велюр;полиэстер - 100%;142;251,5 г/м²;60000;60 000 циклов;Китай;570;;Оптовая цена за 1 п/м;Есть в отрез в Москве;https://souz-m.ru/products/velutto-76.html;photos/Союз-М/Velutto/Velutto_76.jpg;https://souz-m.ru/netcat_files/Item/4223/velutto76.jpg;souz-m.ru (официальный сайт);2026-09-30
Союз-М;Velutto;Velutto 77;Серый, Черный;Велюр;полиэстер - 100%;142;251,5 г/м²;60000;60 000 циклов;Китай;570;;Цена за 1 п/м;Есть в отрез в Москве;https://souz-m.ru/products/velutto-77.html;photos/Союз-М/Velutto/Velutto_77.jpg;https://souz-m.ru/netcat_files/Item/4224/velutto77.jpg;souz-m.ru (официальный сайт);2026-09-30
Союз-М;Velutto Soft;Velutto Soft 090;Бежевый, Белый;Велюр;полиэстер - 100%;142;320 г/м²;60000;60 000 циклов;Китай;570;;Цена за 1 п/м;Есть в отрез в Москве;https://souz-m.ru/products/velutto-soft-090.html;photos/Союз-М/Velutto_Soft/Velutto_Soft_090.jpg;https://souz-m.ru/netcat_files/Item/5290/veluttosoft090.jpg;souz-m.ru (официальный сайт);2026-09-30
Союз-М;Velutto Soft;Velutto Soft 100;Бежевый;Велюр;полиэстер - 100%;142;320 г/м²;60000;60 000 циклов;Китай;570;;Цена за 1 п/м;Есть в отрез в Москве;https://souz-m.ru/products/velutto-soft-100.html;photos/Союз-М/Velutto_Soft/Velutto_Soft_100.jpg;https://souz-m.ru/netcat_files/Item/5291/veluttosoft100.jpg;souz-m.ru (официальный сайт);2026-09-30
Союз-М;Velutto Soft;Velutto Soft 113;Бежевый;Велюр;полиэстер - 100%;142;320 г/м²;60000;60 000 циклов;Китай;570;;Цена за 1 п/м;Есть в отрез в Москве;https://souz-m.ru/products/velutto-soft-113.html;photos/Союз-М/Velutto_Soft/Velutto_Soft_113.jpg;https://souz-m.ru/netcat_files/Item/5292/veluttosoft113.jpg;souz-m.ru (официальный сайт);2026-09-30
Союз-М;Velutto Soft;Velutto Soft 120;Бежевый;Велюр;полиэстер - 100%;142;320 г/м²;60000;60 000 циклов;Китай;570;;Цена за 1 п/м;Есть в отрез в Москве;https://souz-m.ru/products/velutto-soft-120.html;photos/Союз-М/Velutto_Soft/Velutto_Soft_120.jpg;https://souz-m.ru/netcat_files/Item/5293/veluttosoft120.jpg;souz-m.ru (официальный сайт);2026-09-30
Союз-М;Velutto Soft;Velutto Soft 190;Бежевый;Велюр;полиэстер - 100%;142;320 г/м²;60000;60 000 циклов;Китай;570;;Цена за 1 п/м;Есть в отрез в Москве;https://souz-m.ru/products/velutto-soft-190.html;photos/Союз-М/Velutto_Soft/Velutto_Soft_190.jpg;https://souz-m.ru/netcat_files/Item/5294/veluttosoft190.jpg;souz-m.ru (официальный сайт);2026-09-30
Союз-М;Velutto Soft;Velutto Soft 290;Бежевый, Коричневый;Велюр;полиэстер - 100%;142;320 г/м²;60000;60 000 циклов;Китай;570;;Цена за 1 п/м;Есть в отрез в Москве;https://souz-m.ru/products/velutto-soft-290.html;photos/Союз-М/Velutto_Soft/Velutto_Soft_290.jpg;https://souz-m.ru/netcat_files/Item/5295/veluttosoft290.jpg;souz-m.ru (официальный сайт);2026-09-30
Союз-М;Velutto Soft;Velutto Soft 296;Коричневый;Велюр;полиэстер - 100%;142;320 г/м²;60000;60 000 циклов;Китай;570;;Цена за 1 п/м;Есть в отрез в Москве;https://souz-m.ru/products/velutto-soft-296.html;photos/Союз-М/Velutto_Soft/Velutto_Soft_296.jpg;https://souz-m.ru/netcat_files/Item/5296/veluttosoft296.jpg;souz-m.ru (официальный сайт);2026-09-30
Союз-М;Velutto Soft;Velutto Soft 335;Красный;Велюр;полиэстер - 100%;142;320 г/м²;60000;60 000 циклов;Китай;570;;Цена за 1 п/м;Есть в отрез в Москве;https://souz-m.ru/products/velutto-soft-335.html;photos/Союз-М/Velutto_Soft/Velutto_Soft_335.jpg;https://souz-m.ru/netcat_files/Item/5297/veluttosoft335.jpg;souz-m.ru (официальный сайт);2026-09-30
Союз-М;Velutto Soft;Velutto Soft 425;Оранжевый;Велюр;полиэстер - 100%;142;320 г/м²;60000;60 000 циклов;Китай;570;;Цена за 1 п/м;Есть в отрез в Москве;https://souz-m.ru/products/velutto-soft-425.html;photos/Союз-М/Velutto_Soft/Velutto_Soft_425.jpg;https://souz-m.ru/netcat_files/Item/5298/veluttosoft425.jpg;souz-m.ru (официальный сайт);2026-09-30
Союз-М;Velutto Soft;Velutto Soft 667;Зеленый;Велюр;полиэстер - 100%;142;320 г/м²;60000;60 000 циклов;Китай;570;;Цена за 1 п/м;Есть в отрез в Москве;https://souz-m.ru/products/velutto-soft-667.html;photos/Союз-М/Velutto_Soft/Velutto_Soft_667.jpg;https://souz-m.ru/netcat_files/Item/5299/veluttosoft667.jpg;souz-m.ru (официальный сайт);2026-09-30
Союз-М;Velutto Soft;Velutto Soft 678;Зеленый;Велюр;полиэстер - 100%;142;320 г/м²;60000;60 000 циклов;Китай;570;;Цена за 1 п/м;Есть в отрез в Москве;https://souz-m.ru/products/velutto-soft-678.html;photos/Союз-М/Velutto_Soft/Velutto_Soft_678.jpg;https://souz-m.ru/netcat_files/Item/5300/veluttosoft678.jpg;souz-m.ru (официальный сайт);2026-09-30
Союз-М;Velutto Soft;Velutto Soft 693;Зеленый;Велюр;полиэстер - 100%;142;320 г/м²;60000;60 000 циклов;Китай;570;;Цена за 1 п/м;Есть в отрез в Москве;https://souz-m.ru/products/velutto-soft-693.html;photos/Союз-М/Velutto_Soft/Velutto_Soft_693.jpg;https://souz-m.ru/netcat_files/Item/5301/veluttosoft693.jpg;souz-m.ru (официальный сайт);2026-09-30
Союз-М;Velutto Soft;Velutto Soft 695;Зеленый;Велюр;полиэстер - 100%;142;320 г/м²;60000;60 000 циклов;Китай;570;;Цена за 1 п/м;Есть в отрез в Москве;https://souz-m.ru/products/velutto-soft-695.html;photos/Союз-М/Velutto_Soft/Velutto_Soft_695.jpg;https://souz-m.ru/netcat_files/Item/5302/veluttosoft695.jpg;souz-m.ru (официальный сайт);2026-09-30
Союз-М;Velutto Soft;Velutto Soft 778;Синий;Велюр;полиэстер - 100%;142;320 г/м²;60000;60 000 циклов;Китай;570;;Цена за 1 п/м;Есть в отрез в Москве;https://souz-m.ru/products/velutto-soft-778.html;photos/Союз-М/Velutto_Soft/Velutto_Soft_778.jpg;https://souz-m.ru/netcat_files/Item/5303/veluttosoft778.jpg;souz-m.ru (официальный сайт);2026-09-30
Союз-М;Velutto Soft;Velutto Soft 782;Синий;Велюр;полиэстер - 100%;142;320 г/м²;60000;60 000 циклов;Китай;570;;Цена за 1 п/м;Есть в отрез в Москве;https://souz-m.ru/products/velutto-soft-782.html;photos/Союз-М/Velutto_Soft/Velutto_Soft_782.jpg;https://souz-m.ru/netcat_files/Item/5304/veluttosoft782.jpg;souz-m.ru (официальный сайт);2026-09-30
Союз-М;Velutto Soft;Velutto Soft 790;Синий;Велюр;полиэстер - 100%;142;320 г/м²;60000;60 000 циклов;Китай;570;;Цена за 1 п/м;Есть в отрез в Москве;https://souz-m.ru/products/velutto-soft-790.html;photos/Союз-М/Velutto_Soft/Velutto_Soft_790.jpg;https://souz-m.ru/netcat_files/Item/5305/veluttosoft790.jpg;souz-m.ru (официальный сайт);2026-09-30
Союз-М;Velutto Soft;Velutto Soft 900;Серый;Велюр;полиэстер - 100%;142;320 г/м²;60000;60 000 циклов;Китай;570;;Цена за 1 п/м;Есть в отрез в Москве;https://souz-m.ru/products/velutto-soft-900.html;photos/Союз-М/Velutto_Soft/Velutto_Soft_900.jpg;https://souz-m.ru/netcat_files/Item/5306/veluttosoft900.jpg;souz-m.ru (официальный сайт);2026-09-30
Союз-М;Velutto Soft;Velutto Soft 980;Серый;Велюр;полиэстер - 100%;142;320 г/м²;60000;60 000 циклов;Китай;570;;Цена за 1 п/м;Есть в отрез в Москве;https://souz-m.ru/products/velutto-soft-980.html;photos/Союз-М/Velutto_Soft/Velutto_Soft_980.jpg;https://souz-m.ru/netcat_files/Item/5307/veluttosoft980.jpg;souz-m.ru (официальный сайт);2026-09-30
Союз-М;Velutto Soft;Velutto Soft 992;Серый;Велюр;полиэстер - 100%;142;320 г/м²;60000;60 000 циклов;Китай;570;;Цена за 1 п/м;Есть в отрез в Москве;https://souz-m.ru/products/velutto-soft-992.html;photos/Союз-М/Velutto_Soft/Velutto_Soft_992.jpg;https://souz-m.ru/netcat_files/Item/5308/veluttosoft992.jpg;souz-m.ru (официальный сайт);2026-09-30
Союз-М;Velutto Soft;Velutto Soft 994;Серый;Велюр;полиэстер - 100%;142;320 г/м²;60000;60 000 циклов;Китай;570;;Цена за 1 п/м;Есть в отрез в Москве;https://souz-m.ru/products/velutto-soft-994.html;photos/Союз-М/Velutto_Soft/Velutto_Soft_994.jpg;https://souz-m.ru/netcat_files/Item/5309/veluttosoft994.jpg;souz-m.ru (официальный сайт);2026-09-30
Союз-М;Velutto Soft;Velutto Soft 995;Серый;Велюр;полиэстер - 100%;142;320 г/м²;60000;60 000 циклов;Китай;570;;Цена за 1 п/м;Есть в отрез в Москве;https://souz-m.ru/products/velutto-soft-995.html;photos/Союз-М/Velutto_Soft/Velutto_Soft_995.jpg;https://souz-m.ru/netcat_files/Item/5310/veluttosoft995.jpg;souz-m.ru (официальный сайт);2026-09-30
Союз-М;Ventura;Ventura 010;Белый;Велюр;полиэстер - 100%;142;409 г/м²;45000;45 000 циклов;Китай;910;;Цена за 1 п/м;Есть в отрез в Москве;https://souz-m.ru/products/ventura-010.html;photos/Союз-М/Ventura/Ventura_010.jpg;https://souz-m.ru/netcat_files/Item/5338/ventura010.jpg;souz-m.ru (официальный сайт);2026-09-30
Союз-М;Ventura;Ventura 110;Бежевый;Велюр;полиэстер - 100%;142;409 г/м²;45000;45 000 циклов;Китай;910;;Цена за 1 п/м;Есть в отрез в Москве;https://souz-m.ru/products/ventura-110.html;photos/Союз-М/Ventura/Ventura_110.jpg;https://souz-m.ru/netcat_files/Item/5339/ventura110.jpg;souz-m.ru (официальный сайт);2026-09-30
Союз-М;Ventura;Ventura 292;Коричневый;Велюр;полиэстер - 100%;142;409 г/м²;45000;45 000 циклов;Китай;910;;Цена за 1 п/м;Есть в отрез в Москве;https://souz-m.ru/products/ventura-292.html;photos/Союз-М/Ventura/Ventura_292.jpg;https://souz-m.ru/netcat_files/Item/5340/ventura292.jpg;souz-m.ru (официальный сайт);2026-09-30
Союз-М;Ventura;Ventura 410;Оранжевый;Велюр;полиэстер - 100%;142;409 г/м²;45000;45 000 циклов;Китай;910;;Цена за 1 п/м;Есть в отрез в Москве;https://souz-m.ru/products/ventura-410.html;photos/Союз-М/Ventura/Ventura_410.jpg;https://souz-m.ru/netcat_files/Item/5341/ventura410.jpg;souz-m.ru (официальный сайт);2026-09-30
Союз-М;Ventura;Ventura 422;Оранжевый;Велюр;полиэстер - 100%;142;409 г/м²;45000;45 000 циклов;Китай;910;;Цена за 1 п/м;Есть в отрез в Москве;https://souz-m.ru/products/ventura-422.html;photos/Союз-М/Ventura/Ventura_422.jpg;https://souz-m.ru/netcat_files/Item/5342/ventura422.jpg;souz-m.ru (официальный сайт);2026-09-30
Союз-М;Ventura;Ventura 510;Желтый;Велюр;полиэстер - 100%;142;409 г/м²;45000;45 000 циклов;Китай;910;;Цена за 1 п/м;Есть в отрез в Москве;https://souz-m.ru/products/ventura-510.html;photos/Союз-М/Ventura/Ventura_510.jpg;https://souz-m.ru/netcat_files/Item/5343/ventura510.jpg;souz-m.ru (официальный сайт);2026-09-30
Союз-М;Ventura;Ventura 613;Зеленый;Велюр;полиэстер - 100%;142;409 г/м²;45000;45 000 циклов;Китай;910;;Цена за 1 п/м;Есть в отрез в Москве;https://souz-m.ru/products/ventura-613.html;photos/Союз-М/Ventura/Ventura_613.jpg;https://souz-m.ru/netcat_files/Item/5344/ventura613.jpg;souz-m.ru (официальный сайт);2026-09-30
Союз-М;Ventura;Ventura 690;Зеленый;Велюр;полиэстер - 100%;142;409 г/м²;45000;45 000 циклов;Китай;910;;Цена за 1 п/м;Есть в отрез в Москве;https://souz-m.ru/products/ventura-690.html;photos/Союз-М/Ventura/Ventura_690.jpg;https://souz-m.ru/netcat_files/Item/5345/ventura690.jpg;souz-m.ru (официальный сайт);2026-09-30
Союз-М;Ventura;Ventura 694;Зеленый;Велюр;полиэстер - 100%;142;409 г/м²;45000;45 000 циклов;Китай;910;;Цена за 1 п/м;Есть в отрез в Москве;https://souz-m.ru/products/ventura-694.html;photos/Союз-М/Ventura/Ventura_694.jpg;https://souz-m.ru/netcat_files/Item/5346/ventura694.jpg;souz-m.ru (официальный сайт);2026-09-30
Союз-М;Ventura;Ventura 750;Синий;Велюр;полиэстер - 100%;142;409 г/м²;45000;45 000 циклов;Китай;910;;Цена за 1 п/м;Есть в отрез в Москве;https://souz-m.ru/products/ventura-750.html;photos/Союз-М/Ventura/Ventura_750.jpg;https://souz-m.ru/netcat_files/Item/5347/ventura750.jpg;souz-m.ru (официальный сайт);2026-09-30
Союз-М;Ventura;Ventura 792;Синий;Велюр;полиэстер - 100%;142;409 г/м²;45000;45 000 циклов;Китай;910;;Цена за 1 п/м;Есть в отрез в Москве;https://souz-m.ru/products/ventura-792.html;photos/Союз-М/Ventura/Ventura_792.jpg;https://souz-m.ru/netcat_files/Item/5348/ventura792.jpg;souz-m.ru (официальный сайт);2026-09-30
Союз-М;Ventura;Ventura 910;Серый;Велюр;полиэстер - 100%;142;409 г/м²;45000;45 000 циклов;Китай;910;;Цена за 1 п/м;Есть в отрез в Москве;https://souz-m.ru/products/ventura-910.html;photos/Союз-М/Ventura/Ventura_910.jpg;https://souz-m.ru/netcat_files/Item/5349/ventura910.jpg;souz-m.ru (официальный сайт);2026-09-30
Союз-М;Ventura;Ventura 950;Серый;Велюр;полиэстер - 100%;142;409 г/м²;45000;45 000 циклов;Китай;910;;Цена за 1 п/м;Есть в отрез в Москве;https://souz-m.ru/products/ventura-950.html;photos/Союз-М/Ventura/Ventura_950.jpg;https://souz-m.ru/netcat_files/Item/5350/ventura950.jpg;souz-m.ru (официальный сайт);2026-09-30
Союз-М;Ventura;Ventura 955;Серый;Велюр;полиэстер - 100%;142;409 г/м²;45000;45 000 циклов;Китай;910;;Цена за 1 п/м;Есть в отрез в Москве;https://souz-m.ru/products/ventura-955.html;photos/Союз-М/Ventura/Ventura_955.jpg;https://souz-m.ru/netcat_files/Item/5351/ventura955.jpg;souz-m.ru (официальный сайт);2026-09-30
Союз-М;Ventura;Ventura 993;Серый;Велюр;полиэстер - 100%;142;409 г/м²;45000;45 000 циклов;Китай;910;;Цена за 1 п/м;Есть в отрез в Москве;https://souz-m.ru/products/ventura-993.html;photos/Союз-М/Ventura/Ventura_993.jpg;https://souz-m.ru/netcat_files/Item/5352/ventura993.jpg;souz-m.ru (официальный сайт);2026-09-30
Союз-М;Vertical;Vertical 000;Белый;Велюр;полиэстер - 90%, нейлон - 10%;142;375 г/м²;60000;60 000 циклов;Китай;950;;Цена за 1 п/м;Есть в отрез в Москве;https://souz-m.ru/products/vertical-000.html;photos/Союз-М/Vertical/Vertical_000.jpg;https://souz-m.ru/netcat_files/Item/3762/vertical000.jpg;souz-m.ru (официальный сайт);2026-09-30
Союз-М;Vertical;Vertical 230;Коричневый;Велюр;полиэстер - 90%, нейлон - 10%;142;375 г/м²;60000;60 000 циклов;Китай;950;;Цена за 1 п/м;Есть в отрез в Москве;https://souz-m.ru/products/vertical-230.html;photos/Союз-М/Vertical/Vertical_230.jpg;https://souz-m.ru/netcat_files/Item/3763/vertical230.jpg;souz-m.ru (официальный сайт);2026-09-30
Союз-М;Vertical;Vertical 236;Коричневый;Велюр;полиэстер - 90%, нейлон - 10%;142;375 г/м²;60000;60 000 циклов;Китай;950;;Цена за 1 п/м;Есть в отрез в Москве;https://souz-m.ru/products/vertical-236.html;photos/Союз-М/Vertical/Vertical_236.jpg;https://souz-m.ru/netcat_files/Item/3764/vertical236.jpg;souz-m.ru (официальный сайт);2026-09-30
Союз-М;Vertical;Vertical 297;Коричневый;Велюр;полиэстер - 90%, нейлон - 10%;142;375 г/м²;60000;60 000 циклов;Китай;950;;Цена за 1 п/м;Есть в отрез в Москве;https://souz-m.ru/products/vertical-297.html;photos/Союз-М/Vertical/Vertical_297.jpg;https://souz-m.ru/netcat_files/Item/3765/vertical297.jpg;souz-m.ru (официальный сайт);2026-09-30
Союз-М;Vertical;Vertical 392;Красный, Розовый;Велюр;полиэстер - 90%, нейлон - 10%;142;375 г/м²;60000;60 000 циклов;Китай;950;;Цена за 1 п/м;Есть в отрез в Москве;https://souz-m.ru/products/vertical-392.html;photos/Союз-М/Vertical/Vertical_392.jpg;https://souz-m.ru/netcat_files/Item/3766/vertical392.jpg;souz-m.ru (официальный сайт);2026-09-30
Союз-М;Vertical;Vertical 490;Оранжевый;Велюр;полиэстер - 90%, нейлон - 10%;142;375 г/м²;60000;60 000 циклов;Китай;950;;Цена за 1 п/м;Есть в отрез в Москве;https://souz-m.ru/products/vertical-490.html;photos/Союз-М/Vertical/Vertical_490.jpg;https://souz-m.ru/netcat_files/Item/3767/vertical490.jpg;souz-m.ru (официальный сайт);2026-09-30
Союз-М;Vertical;Vertical 560;Желтый;Велюр;полиэстер - 90%, нейлон - 10%;142;375 г/м²;60000;60 000 циклов;Китай;950;;Цена за 1 п/м;Есть в отрез в Москве;https://souz-m.ru/products/vertical-560.html;photos/Союз-М/Vertical/Vertical_560.jpg;https://souz-m.ru/netcat_files/Item/3768/vertical560.jpg;souz-m.ru (официальный сайт);2026-09-30
Союз-М;Vertical;Vertical 677;Зеленый;Велюр;полиэстер - 90%, нейлон - 10%;142;375 г/м²;60000;60 000 циклов;Китай;950;;Цена за 1 п/м;Есть в отрез в Москве;https://souz-m.ru/products/vertical-677.html;photos/Союз-М/Vertical/Vertical_677.jpg;https://souz-m.ru/netcat_files/Item/3769/vertical677.jpg;souz-m.ru (официальный сайт);2026-09-30
Союз-М;Vertical;Vertical 690;Зеленый;Велюр;полиэстер - 90%, нейлон - 10%;142;375 г/м²;60000;60 000 циклов;Китай;950;;Цена за 1 п/м;Есть в отрез в Москве;https://souz-m.ru/products/vertical-690.html;photos/Союз-М/Vertical/Vertical_690.jpg;https://souz-m.ru/netcat_files/Item/3770/vertical690.jpg;souz-m.ru (официальный сайт);2026-09-30
Союз-М;Vertical;Vertical 768;Синий;Велюр;полиэстер - 90%, нейлон - 10%;142;375 г/м²;60000;60 000 циклов;Китай;950;;Цена за 1 п/м;Есть в отрез в Москве;https://souz-m.ru/products/vertical-768.html;photos/Союз-М/Vertical/Vertical_768.jpg;https://souz-m.ru/netcat_files/Item/3771/vertical768.jpg;souz-m.ru (официальный сайт);2026-09-30
Союз-М;Vertical;Vertical 795;Синий;Велюр;полиэстер - 90%, нейлон - 10%;142;375 г/м²;60000;60 000 циклов;Китай;950;;Цена за 1 п/м;Есть в отрез в Москве;https://souz-m.ru/products/vertical-795.html;photos/Союз-М/Vertical/Vertical_795.jpg;https://souz-m.ru/netcat_files/Item/3772/vertical795.jpg;souz-m.ru (официальный сайт);2026-09-30
Союз-М;Vertical;Vertical 910;Бежевый;Велюр;полиэстер - 90%, нейлон - 10%;142;375 г/м²;60000;60 000 циклов;Китай;950;;Цена за 1 п/м;Есть в отрез в Москве;https://souz-m.ru/products/vertical-910.html;photos/Союз-М/Vertical/Vertical_910.jpg;https://souz-m.ru/netcat_files/Item/3773/vertical910.jpg;souz-m.ru (официальный сайт);2026-09-30
Союз-М;Vertical;Vertical 930;Бежевый;Велюр;полиэстер - 90%, нейлон - 10%;142;375 г/м²;60000;60 000 циклов;Китай;950;;Цена за 1 п/м;Есть в отрез в Москве;https://souz-m.ru/products/vertical-930.html;photos/Союз-М/Vertical/Vertical_930.jpg;https://souz-m.ru/netcat_files/Item/3774/vertical930.jpg;souz-m.ru (официальный сайт);2026-09-30
Союз-М;Vertical;Vertical 968;Серый;Велюр;полиэстер - 90%, нейлон - 10%;142;375 г/м²;60000;60 000 циклов;Китай;950;;Цена за 1 п/м;Есть в отрез в Москве;https://souz-m.ru/products/vertical-968.html;photos/Союз-М/Vertical/Vertical_968.jpg;https://souz-m.ru/netcat_files/Item/3775/vertical968.jpg;souz-m.ru (официальный сайт);2026-09-30
Союз-М;Vertical;Vertical 970;Фиолетовый;Велюр;полиэстер - 90%, нейлон - 10%;142;375 г/м²;60000;60 000 циклов;Китай;950;;Цена за 1 п/м;Есть в отрез в Москве;https://souz-m.ru/products/vertical-970.html;photos/Союз-М/Vertical/Vertical_970.jpg;https://souz-m.ru/netcat_files/Item/3776/vertical970.jpg;souz-m.ru (официальный сайт);2026-09-30
Союз-М;Vertical;Vertical 990;Серый;Велюр;полиэстер - 90%, нейлон - 10%;142;375 г/м²;60000;60 000 циклов;Китай;950;;Цена за 1 п/м;Есть в отрез в Москве;https://souz-m.ru/products/vertical-990.html;photos/Союз-М/Vertical/Vertical_990.jpg;https://souz-m.ru/netcat_files/Item/3777/vertical990.jpg;souz-m.ru (официальный сайт);2026-09-30
Союз-М;Vertical;Vertical 994;Серый;Велюр;полиэстер - 90%, нейлон - 10%;142;375 г/м²;60000;60 000 циклов;Китай;950;;Цена за 1 п/м;Есть в отрез в Москве;https://souz-m.ru/products/vertical-994.html;photos/Союз-М/Vertical/Vertical_994.jpg;https://souz-m.ru/netcat_files/Item/3778/vertical994.jpg;souz-m.ru (официальный сайт);2026-09-30
Союз-М;Vertical Slim;Vertical Slim 100;Бежевый, Белый;Велюр;полиэстер - 100%;142;320 г/м²;50000;50 000 циклов;Китай;670;;Цена за 1 п/м;Есть в отрез в Москве;https://souz-m.ru/products/vertical-slim-100.html;photos/Союз-М/Vertical_Slim/Vertical_Slim_100.jpg;https://souz-m.ru/netcat_files/Item/5270/verticalslim100.jpg;souz-m.ru (официальный сайт);2026-09-30
Союз-М;Vertical Slim;Vertical Slim 694;Зеленый;Велюр;полиэстер - 100%;142;320 г/м²;50000;50 000 циклов;Китай;670;;Цена за 1 п/м;Есть в отрез в Москве;https://souz-m.ru/products/vertical-slim-694.html;photos/Союз-М/Vertical_Slim/Vertical_Slim_694.jpg;https://souz-m.ru/netcat_files/Item/5271/verticalslim694.jpg;souz-m.ru (официальный сайт);2026-09-30
Союз-М;Vertical Slim;Vertical Slim 797;Синий;Велюр;полиэстер - 100%;142;320 г/м²;50000;50 000 циклов;Китай;670;;Цена за 1 п/м;Есть в отрез в Москве;https://souz-m.ru/products/vertical-slim-797.html;photos/Союз-М/Vertical_Slim/Vertical_Slim_797.jpg;https://souz-m.ru/netcat_files/Item/5272/verticalslim797.jpg;souz-m.ru (официальный сайт);2026-09-30
Союз-М;Vertical Slim;Vertical Slim 997;Серый, Черный;Велюр;полиэстер - 100%;142;320 г/м²;50000;50 000 циклов;Китай;670;;Цена за 1 п/м;Есть в отрез в Москве;https://souz-m.ru/products/vertical-slim-997.html;photos/Союз-М/Vertical_Slim/Vertical_Slim_997.jpg;https://souz-m.ru/netcat_files/Item/5273/verticalslim997.jpg;souz-m.ru (официальный сайт);2026-09-30
Союз-М;Villaggio;Villaggio 764;Зеленый, Синий;Велюр;полиэстер - 100%;146;275,5 г/м²;70000;70 000 циклов;Китай;450;;Оптовая цена за 1 п/м;Есть в отрез в Москве;https://souz-m.ru/products/villaggio-764.html;photos/Союз-М/Villaggio/Villaggio_764.jpg;https://souz-m.ru/netcat_files/Item/3331/villaggio764.jpg;souz-m.ru (официальный сайт);2026-09-30
Союз-М;Zodiak;Zodiak 010;Бежевый, Белый;Велюр;полиэстер - 100%;142;200 г/м²;45000;45 000 циклов;Китай;460;;Цена за 1 п/м;Есть в отрез в Москве;https://souz-m.ru/products/zodiak-010.html;photos/Союз-М/Zodiak/Zodiak_010.jpg;https://souz-m.ru/netcat_files/Item/4980/zodiak010.jpg;souz-m.ru (официальный сайт);2026-09-30
Союз-М;Zodiak;Zodiak 100;Бежевый;Велюр;полиэстер - 100%;142;200 г/м²;45000;45 000 циклов;Китай;460;;Цена за 1 п/м;Есть в отрез в Москве;https://souz-m.ru/products/zodiak-100.html;photos/Союз-М/Zodiak/Zodiak_100.jpg;https://souz-m.ru/netcat_files/Item/4981/zodiak100.jpg;souz-m.ru (официальный сайт);2026-09-30
Союз-М;Zodiak;Zodiak 110;Бежевый;Велюр;полиэстер - 100%;142;200 г/м²;45000;45 000 циклов;Китай;460;;Цена за 1 п/м;Есть в отрез в Москве;https://souz-m.ru/products/zodiak-110.html;photos/Союз-М/Zodiak/Zodiak_110.jpg;https://souz-m.ru/netcat_files/Item/4982/zodiak110.jpg;souz-m.ru (официальный сайт);2026-09-30
Союз-М;Zodiak;Zodiak 130;Бежевый;Велюр;полиэстер - 100%;142;200 г/м²;45000;45 000 циклов;Китай;460;;Цена за 1 п/м;Есть в отрез в Москве;https://souz-m.ru/products/zodiak-130.html;photos/Союз-М/Zodiak/Zodiak_130.jpg;https://souz-m.ru/netcat_files/Item/4983/zodiak130.jpg;souz-m.ru (официальный сайт);2026-09-30
Союз-М;Zodiak;Zodiak 150;Бежевый;Велюр;полиэстер - 100%;142;200 г/м²;45000;45 000 циклов;Китай;460;;Цена за 1 п/м;Есть в отрез в Москве;https://souz-m.ru/products/zodiak-150.html;photos/Союз-М/Zodiak/Zodiak_150.jpg;https://souz-m.ru/netcat_files/Item/4984/zodiak150.jpg;souz-m.ru (официальный сайт);2026-09-30
Союз-М;Zodiak;Zodiak 190;Бежевый;Велюр;полиэстер - 100%;142;200 г/м²;45000;45 000 циклов;Китай;460;;Цена за 1 п/м;Есть в отрез в Москве;https://souz-m.ru/products/zodiak-190.html;photos/Союз-М/Zodiak/Zodiak_190.jpg;https://souz-m.ru/netcat_files/Item/4985/zodiak190.jpg;souz-m.ru (официальный сайт);2026-09-30
Союз-М;Zodiak;Zodiak 210;Бежевый;Велюр;полиэстер - 100%;142;200 г/м²;45000;45 000 циклов;Китай;460;;Цена за 1 п/м;Есть в отрез в Москве;https://souz-m.ru/products/zodiak-210.html;photos/Союз-М/Zodiak/Zodiak_210.jpg;https://souz-m.ru/netcat_files/Item/4986/zodiak210.jpg;souz-m.ru (официальный сайт);2026-09-30
Союз-М;Zodiak;Zodiak 230;Бежевый;Велюр;полиэстер - 100%;142;200 г/м²;45000;45 000 циклов;Китай;460;;Цена за 1 п/м;Есть в отрез в Москве;https://souz-m.ru/products/zodiak-230.html;photos/Союз-М/Zodiak/Zodiak_230.jpg;https://souz-m.ru/netcat_files/Item/4987/zodiak230.jpg;souz-m.ru (официальный сайт);2026-09-30
Союз-М;Zodiak;Zodiak 233;Коричневый;Велюр;полиэстер - 100%;142;200 г/м²;45000;45 000 циклов;Китай;460;;Цена за 1 п/м;Есть в отрез в Москве;https://souz-m.ru/products/zodiak-233.html;photos/Союз-М/Zodiak/Zodiak_233.jpg;https://souz-m.ru/netcat_files/Item/4988/zodiak233.jpg;souz-m.ru (официальный сайт);2026-09-30
Союз-М;Zodiak;Zodiak 290;Бежевый;Велюр;полиэстер - 100%;142;200 г/м²;45000;45 000 циклов;Китай;460;;Цена за 1 п/м;Есть в отрез в Москве;https://souz-m.ru/products/zodiak-290.html;photos/Союз-М/Zodiak/Zodiak_290.jpg;https://souz-m.ru/netcat_files/Item/4989/zodiak290.jpg;souz-m.ru (официальный сайт);2026-09-30
Союз-М;Zodiak;Zodiak 337;Красный;Велюр;полиэстер - 100%;142;200 г/м²;45000;45 000 циклов;Китай;460;;Цена за 1 п/м;Есть в отрез в Москве;https://souz-m.ru/products/zodiak-337.html;photos/Союз-М/Zodiak/Zodiak_337.jpg;https://souz-m.ru/netcat_files/Item/4990/zodiak337.jpg;souz-m.ru (официальный сайт);2026-09-30
Союз-М;Zodiak;Zodiak 392;Розовый;Велюр;полиэстер - 100%;142;200 г/м²;45000;45 000 циклов;Китай;460;;Цена за 1 п/м;Есть в отрез в Москве;https://souz-m.ru/products/zodiak-392.html;photos/Союз-М/Zodiak/Zodiak_392.jpg;https://souz-m.ru/netcat_files/Item/4991/zodiak392.jpg;souz-m.ru (официальный сайт);2026-09-30
Союз-М;Zodiak;Zodiak 432;Оранжевый;Велюр;полиэстер - 100%;142;200 г/м²;45000;45 000 циклов;Китай;460;;Цена за 1 п/м;Есть в отрез в Москве;https://souz-m.ru/products/zodiak-432.html;photos/Союз-М/Zodiak/Zodiak_432.jpg;https://souz-m.ru/netcat_files/Item/4992/zodiak432.jpg;souz-m.ru (официальный сайт);2026-09-30
Союз-М;Zodiak;Zodiak 552;Желтый;Велюр;полиэстер - 100%;142;200 г/м²;45000;45 000 циклов;Китай;460;;Цена за 1 п/м;Есть в отрез в Москве;https://souz-m.ru/products/zodiak-552.html;photos/Союз-М/Zodiak/Zodiak_552.jpg;https://souz-m.ru/netcat_files/Item/4993/zodiak552.jpg;souz-m.ru (официальный сайт);2026-09-30
Союз-М;Zodiak;Zodiak 651;Зеленый;Велюр;полиэстер - 100%;142;200 г/м²;45000;45 000 циклов;Китай;460;;Цена за 1 п/м;Есть в отрез в Москве;https://souz-m.ru/products/zodiak-651.html;photos/Союз-М/Zodiak/Zodiak_651.jpg;https://souz-m.ru/netcat_files/Item/4994/zodiak651.jpg;souz-m.ru (официальный сайт);2026-09-30
Союз-М;Zodiak;Zodiak 657;Зеленый;Велюр;полиэстер - 100%;142;200 г/м²;45000;45 000 циклов;Китай;460;;Цена за 1 п/м;Есть в отрез в Москве;https://souz-m.ru/products/zodiak-657.html;photos/Союз-М/Zodiak/Zodiak_657.jpg;https://souz-m.ru/netcat_files/Item/4995/zodiak657.jpg;souz-m.ru (официальный сайт);2026-09-30
Союз-М;Zodiak;Zodiak 667;Зеленый;Велюр;полиэстер - 100%;142;200 г/м²;45000;45 000 циклов;Китай;460;;Цена за 1 п/м;Есть в отрез в Москве;https://souz-m.ru/products/zodiak-667.html;photos/Союз-М/Zodiak/Zodiak_667.jpg;https://souz-m.ru/netcat_files/Item/4996/zodiak667.jpg;souz-m.ru (официальный сайт);2026-09-30
Союз-М;Zodiak;Zodiak 673;Зеленый;Велюр;полиэстер - 100%;142;200 г/м²;45000;45 000 циклов;Китай;460;;Цена за 1 п/м;Есть в отрез в Москве;https://souz-m.ru/products/zodiak-673.html;photos/Союз-М/Zodiak/Zodiak_673.jpg;https://souz-m.ru/netcat_files/Item/4997/zodiak673_570x480.jpg;souz-m.ru (официальный сайт);2026-09-30
Союз-М;Zodiak;Zodiak 678;Зеленый;Велюр;полиэстер - 100%;142;200 г/м²;45000;45 000 циклов;Китай;460;;Цена за 1 п/м;Есть в отрез в Москве;https://souz-m.ru/products/zodiak-678.html;photos/Союз-М/Zodiak/Zodiak_678.jpg;https://souz-m.ru/netcat_files/Item/4998/zodiak678.jpg;souz-m.ru (официальный сайт);2026-09-30
Союз-М;Zodiak;Zodiak 754;Синий;Велюр;полиэстер - 100%;142;200 г/м²;45000;45 000 циклов;Китай;460;;Цена за 1 п/м;Есть в отрез в Москве;https://souz-m.ru/products/zodiak-754.html;photos/Союз-М/Zodiak/Zodiak_754.jpg;https://souz-m.ru/netcat_files/Item/4999/zodiak754.jpg;souz-m.ru (официальный сайт);2026-09-30
Союз-М;Zodiak;Zodiak 770;Синий;Велюр;полиэстер - 100%;142;200 г/м²;45000;45 000 циклов;Китай;460;;Цена за 1 п/м;Есть в отрез в Москве;https://souz-m.ru/products/zodiak-770.html;photos/Союз-М/Zodiak/Zodiak_770.jpg;https://souz-m.ru/netcat_files/Item/5000/zodiak770.jpg;souz-m.ru (официальный сайт);2026-09-30
Союз-М;Zodiak;Zodiak 798;Синий;Велюр;полиэстер - 100%;142;200 г/м²;45000;45 000 циклов;Китай;460;;Цена за 1 п/м;Есть в отрез в Москве;https://souz-m.ru/products/zodiak-798.html;photos/Союз-М/Zodiak/Zodiak_798.jpg;https://souz-m.ru/netcat_files/Item/5001/zodiak798.jpg;souz-m.ru (официальный сайт);2026-09-30
Союз-М;Zodiak;Zodiak 931;Серый;Велюр;полиэстер - 100%;142;200 г/м²;45000;45 000 циклов;Китай;460;;Цена за 1 п/м;Есть в отрез в Москве;https://souz-m.ru/products/zodiak-931.html;photos/Союз-М/Zodiak/Zodiak_931.jpg;https://souz-m.ru/netcat_files/Item/5002/zodiak931.jpg;souz-m.ru (официальный сайт);2026-09-30
Союз-М;Zodiak;Zodiak 938;Коричневый, Серый;Велюр;полиэстер - 100%;142;200 г/м²;45000;45 000 циклов;Китай;460;;Цена за 1 п/м;Есть в отрез в Москве;https://souz-m.ru/products/zodiak-938.html;photos/Союз-М/Zodiak/Zodiak_938.jpg;https://souz-m.ru/netcat_files/Item/5003/zodiak938.jpg;souz-m.ru (официальный сайт);2026-09-30
Союз-М;Zodiak;Zodiak 960;Серый;Велюр;полиэстер - 100%;142;200 г/м²;45000;45 000 циклов;Китай;460;;Цена за 1 п/м;Есть в отрез в Москве;https://souz-m.ru/products/zodiak-960.html;photos/Союз-М/Zodiak/Zodiak_960.jpg;https://souz-m.ru/netcat_files/Item/5004/zodiak960.jpg;souz-m.ru (официальный сайт);2026-09-30
Союз-М;Zodiak;Zodiak 992;Серый;Велюр;полиэстер - 100%;142;200 г/м²;45000;45 000 циклов;Китай;460;;Цена за 1 п/м;Есть в отрез в Москве;https://souz-m.ru/products/zodiak-992.html;photos/Союз-М/Zodiak/Zodiak_992.jpg;https://souz-m.ru/netcat_files/Item/5005/zodiak992.jpg;souz-m.ru (официальный сайт);2026-09-30
Союз-М;Zodiak;Zodiak 994;Серый;Велюр;полиэстер - 100%;142;200 г/м²;45000;45 000 циклов;Китай;460;;Цена за 1 п/м;Есть в отрез в Москве;https://souz-m.ru/products/zodiak-994.html;photos/Союз-М/Zodiak/Zodiak_994.jpg;https://souz-m.ru/netcat_files/Item/5006/zodiak994.jpg;souz-m.ru (официальный сайт);2026-09-30
Союз-М;Zodiak;Zodiak 995;Серый;Велюр;полиэстер - 100%;142;200 г/м²;45000;45 000 циклов;Китай;460;;Цена за 1 п/м;Есть в отрез в Москве;https://souz-m.ru/products/zodiak-995.html;photos/Союз-М/Zodiak/Zodiak_995.jpg;https://souz-m.ru/netcat_files/Item/5007/zodiak995.jpg;souz-m.ru (официальный сайт);2026-09-30
Союз-М;Zodiak;Zodiak 999;Черный;Велюр;полиэстер - 100%;142;200 г/м²;45000;45 000 циклов;Китай;460;;Цена за 1 п/м;Есть в отрез в Москве;https://souz-m.ru/products/zodiak-999.html;photos/Союз-М/Zodiak/Zodiak_999.jpg;https://souz-m.ru/netcat_files/Item/5008/zodiak999.jpg;souz-m.ru (официальный сайт);2026-09-30
Союз-М;Zoom;Zoom 000;Белый;Велюр;полиэстер - 100%;142;380 г/м²;35000;35 000 циклов;Китай;880;;Цена за 1 п/м;Есть в отрез в Москве;https://souz-m.ru/products/zoom-000.html;photos/Союз-М/Zoom/Zoom_000.jpg;https://souz-m.ru/netcat_files/Item/5353/zoom000.jpg;souz-m.ru (официальный сайт);2026-09-30
Союз-М;Zoom;Zoom 100;Бежевый;Велюр;полиэстер - 100%;142;380 г/м²;35000;35 000 циклов;Китай;880;;Цена за 1 п/м;Есть в отрез в Москве;https://souz-m.ru/products/zoom-100.html;photos/Союз-М/Zoom/Zoom_100.jpg;https://souz-m.ru/netcat_files/Item/5354/zoom100.jpg;souz-m.ru (официальный сайт);2026-09-30
Союз-М;Zoom;Zoom 111;Бежевый;Велюр;полиэстер - 100%;142;380 г/м²;35000;35 000 циклов;Китай;880;;Цена за 1 п/м;Есть в отрез в Москве;https://souz-m.ru/products/zoom-111.html;photos/Союз-М/Zoom/Zoom_111.jpg;https://souz-m.ru/netcat_files/Item/5355/zoom111.jpg;souz-m.ru (официальный сайт);2026-09-30
Союз-М;Zoom;Zoom 150;Бежевый;Велюр;полиэстер - 100%;142;380 г/м²;35000;35 000 циклов;Китай;880;;Цена за 1 п/м;Есть в отрез в Москве;https://souz-m.ru/products/zoom-150.html;photos/Союз-М/Zoom/Zoom_150.jpg;https://souz-m.ru/netcat_files/Item/5356/zoom150.jpg;souz-m.ru (официальный сайт);2026-09-30
Союз-М;Zoom;Zoom 153;Бежевый;Велюр;полиэстер - 100%;142;380 г/м²;35000;35 000 циклов;Китай;880;;Цена за 1 п/м;Есть в отрез в Москве;https://souz-m.ru/products/zoom-153.html;photos/Союз-М/Zoom/Zoom_153.jpg;https://souz-m.ru/netcat_files/Item/5357/zoom153.jpg;souz-m.ru (официальный сайт);2026-09-30
Союз-М;Zoom;Zoom 250;Коричневый;Велюр;полиэстер - 100%;142;380 г/м²;35000;35 000 циклов;Китай;880;;Цена за 1 п/м;Есть в отрез в Москве;https://souz-m.ru/products/zoom-250.html;photos/Союз-М/Zoom/Zoom_250.jpg;https://souz-m.ru/netcat_files/Item/5358/zoom250.jpg;souz-m.ru (официальный сайт);2026-09-30
Союз-М;Zoom;Zoom 383;Красный;Велюр;полиэстер - 100%;142;380 г/м²;35000;35 000 циклов;Китай;880;;Цена за 1 п/м;Есть в отрез в Москве;https://souz-m.ru/products/zoom-383.html;photos/Союз-М/Zoom/Zoom_383.jpg;https://souz-m.ru/netcat_files/Item/5359/zoom383.jpg;souz-m.ru (официальный сайт);2026-09-30
Союз-М;Zoom;Zoom 435;Оранжевый;Велюр;полиэстер - 100%;142;380 г/м²;35000;35 000 циклов;Китай;880;;Цена за 1 п/м;Есть в отрез в Москве;https://souz-m.ru/products/zoom-435.html;photos/Союз-М/Zoom/Zoom_435.jpg;https://souz-m.ru/netcat_files/Item/5360/zoom435.jpg;souz-m.ru (официальный сайт);2026-09-30
Союз-М;Zoom;Zoom 520;Желтый;Велюр;полиэстер - 100%;142;380 г/м²;35000;35 000 циклов;Китай;880;;Цена за 1 п/м;Есть в отрез в Москве;https://souz-m.ru/products/zoom-520.html;photos/Союз-М/Zoom/Zoom_520.jpg;https://souz-m.ru/netcat_files/Item/5361/zoom520.jpg;souz-m.ru (официальный сайт);2026-09-30
Союз-М;Zoom;Zoom 695;Зеленый;Велюр;полиэстер - 100%;142;380 г/м²;35000;35 000 циклов;Китай;880;;Цена за 1 п/м;Есть в отрез в Москве;https://souz-m.ru/products/zoom-695.html;photos/Союз-М/Zoom/Zoom_695.jpg;https://souz-m.ru/netcat_files/Item/5362/zoom695.jpg;souz-m.ru (официальный сайт);2026-09-30
Союз-М;Zoom;Zoom 788;Синий;Велюр;полиэстер - 100%;142;380 г/м²;35000;35 000 циклов;Китай;880;;Цена за 1 п/м;Есть в отрез в Москве;https://souz-m.ru/products/zoom-788.html;photos/Союз-М/Zoom/Zoom_788.jpg;https://souz-m.ru/netcat_files/Item/5363/zoom788.jpg;souz-m.ru (официальный сайт);2026-09-30
Союз-М;Zoom;Zoom 970;Серый, Синий;Велюр;полиэстер - 100%;142;380 г/м²;35000;35 000 циклов;Китай;880;;Цена за 1 п/м;Есть в отрез в Москве;https://souz-m.ru/products/zoom-970.html;photos/Союз-М/Zoom/Zoom_970.jpg;https://souz-m.ru/netcat_files/Item/5364/zoom970.jpg;souz-m.ru (официальный сайт);2026-09-30
Союз-М;Zoom;Zoom 990;Серый;Велюр;полиэстер - 100%;142;380 г/м²;35000;35 000 циклов;Китай;880;;Цена за 1 п/м;Есть в отрез в Москве;https://souz-m.ru/products/zoom-990.html;photos/Союз-М/Zoom/Zoom_990.jpg;https://souz-m.ru/netcat_files/Item/5365/zoom990.jpg;souz-m.ru (официальный сайт);2026-09-30
Союз-М;Zoom;Zoom 992;Серый;Велюр;полиэстер - 100%;142;380 г/м²;35000;35 000 циклов;Китай;880;;Цена за 1 п/м;Есть в отрез в Москве;https://souz-m.ru/products/zoom-992.html;photos/Союз-М/Zoom/Zoom_992.jpg;https://souz-m.ru/netcat_files/Item/5366/zoom992.jpg;souz-m.ru (официальный сайт);2026-09-30
Союз-М;Zoom;Zoom 994;Серый;Велюр;полиэстер - 100%;142;380 г/м²;35000;35 000 циклов;Китай;880;;Цена за 1 п/м;Есть в отрез в Москве;https://souz-m.ru/products/zoom-994.html;photos/Союз-М/Zoom/Zoom_994.jpg;https://souz-m.ru/netcat_files/Item/5367/zoom994.jpg;souz-m.ru (официальный сайт);2026-09-30
Артекс;Amore;Amore 12;красный;Велюр;100% PES;140;420 г/пм;130000;>130 000 циклов;Китай;930;1200;Розничная цена за 1 п.м. (сайт);Нет в наличии;https://artextkani.ru/product/amore-12-amore-12/;photos/Артекс/Amore/Amore_12.jpg;https://artextkani.ru/wp-content/uploads/2026/04/amore-12.webp;artextkani.ru (официальный сайт);2026-09-30
Артекс;Amore;Amore 15;синий;Велюр;100% PES;140;420 г/пм;130000;>130 000 циклов;Китай;930;1200;Розничная цена за 1 п.м. (сайт);В наличии;https://artextkani.ru/product/amore-15-amore-15/;photos/Артекс/Amore/Amore_15.jpg;https://artextkani.ru/wp-content/uploads/2026/04/amore-15.webp;artextkani.ru (официальный сайт);2026-09-30
Артекс;Amore;Amore 19;розовый;Велюр;100% PES;140;420 г/пм;130000;>130 000 циклов;Китай;930;1200;Розничная цена за 1 п.м. (сайт);В наличии;https://artextkani.ru/product/amore-19-amore-19/;photos/Артекс/Amore/Amore_19.jpg;https://artextkani.ru/wp-content/uploads/2026/04/amore-19-1.webp;artextkani.ru (официальный сайт);2026-09-30
Артекс;Amore;Amore 23;мятный;Велюр;100% PES;140;420 г/пм;130000;>130 000 циклов;Китай;930;1200;Розничная цена за 1 п.м. (сайт);В наличии;https://artextkani.ru/product/amore-23-amore-23/;photos/Артекс/Amore/Amore_23.jpg;https://artextkani.ru/wp-content/uploads/2026/04/amore-23.webp;artextkani.ru (официальный сайт);2026-09-30
Артекс;Amore;Amore 25;бежевый;Велюр;100% PES;140;420 г/пм;130000;>130 000 циклов;Китай;930;1200;Розничная цена за 1 п.м. (сайт);В наличии;https://artextkani.ru/product/amore-25-amore-25/;photos/Артекс/Amore/Amore_25.jpg;https://artextkani.ru/wp-content/uploads/2026/04/amore-25-1.webp;artextkani.ru (официальный сайт);2026-09-30
Артекс;Amore;Amore 28;желтый;Велюр;100% PES;140;420 г/пм;130000;>130 000 циклов;Китай;930;1200;Розничная цена за 1 п.м. (сайт);В наличии;https://artextkani.ru/product/amore-28-amore-28/;photos/Артекс/Amore/Amore_28.jpg;https://artextkani.ru/wp-content/uploads/2026/04/amore-28-1.webp;artextkani.ru (официальный сайт);2026-09-30
Артекс;Amore;Amore 31;оливковый;Велюр;100% PES;140;420 г/пм;130000;>130 000 циклов;Китай;930;1200;Розничная цена за 1 п.м. (сайт);В наличии;https://artextkani.ru/product/amore-31-amore-31/;photos/Артекс/Amore/Amore_31.jpg;https://artextkani.ru/wp-content/uploads/2026/04/amore-31.webp;artextkani.ru (официальный сайт);2026-09-30
Артекс;Amore;Amore 32;серый;Велюр;100% PES;140;420 г/пм;130000;>130 000 циклов;Китай;930;1200;Розничная цена за 1 п.м. (сайт);В наличии;https://artextkani.ru/product/amore-32-amore-32/;photos/Артекс/Amore/Amore_32.jpg;https://artextkani.ru/wp-content/uploads/2026/04/amore-32.webp;artextkani.ru (официальный сайт);2026-09-30
Артекс;Amore;Amore 37;серый;Велюр;100% PES;140;420 г/пм;130000;>130 000 циклов;Китай;930;1200;Розничная цена за 1 п.м. (сайт);В наличии;https://artextkani.ru/product/amore-37-amore-37/;photos/Артекс/Amore/Amore_37.jpg;https://artextkani.ru/wp-content/uploads/2026/04/amore-37.webp;artextkani.ru (официальный сайт);2026-09-30
Артекс;Amore;Amore 38;зеленый;Велюр;100% PES;140;420 г/пм;130000;>130 000 циклов;Китай;930;1200;Розничная цена за 1 п.м. (сайт);В наличии;https://artextkani.ru/product/amore-38-amore-38/;photos/Артекс/Amore/Amore_38.jpg;https://artextkani.ru/wp-content/uploads/2026/04/amore-38.webp;artextkani.ru (официальный сайт);2026-09-30
Артекс;Amore;Amore 41;синий;Велюр;100% PES;140;420 г/пм;130000;>130 000 циклов;Китай;930;1200;Розничная цена за 1 п.м. (сайт);В наличии;https://artextkani.ru/product/amore-41-amore-41/;photos/Артекс/Amore/Amore_41.jpg;https://artextkani.ru/wp-content/uploads/2026/04/amore-41.webp;artextkani.ru (официальный сайт);2026-09-30
Артекс;Amore;Amore 44;оранжевый;Велюр;100% PES;140;420 г/пм;130000;>130 000 циклов;Китай;930;1200;Розничная цена за 1 п.м. (сайт);В наличии;https://artextkani.ru/product/amore-44-amore-44/;photos/Артекс/Amore/Amore_44.jpg;https://artextkani.ru/wp-content/uploads/2026/04/amore-44.webp;artextkani.ru (официальный сайт);2026-09-30
Артекс;Amore;Amore 45;фиолетовый;Велюр;100% PES;140;420 г/пм;130000;>130 000 циклов;Китай;930;1200;Розничная цена за 1 п.м. (сайт);В наличии;https://artextkani.ru/product/amore-45-amore-45/;photos/Артекс/Amore/Amore_45.jpg;https://artextkani.ru/wp-content/uploads/2026/04/amore-45.webp;artextkani.ru (официальный сайт);2026-09-30
Артекс;Amore;Amore 57;коричневый;Велюр;100% PES;140;420 г/пм;130000;>130 000 циклов;Китай;930;1200;Розничная цена за 1 п.м. (сайт);Нет в наличии;https://artextkani.ru/product/amore-57-amore-57/;photos/Артекс/Amore/Amore_57.jpg;https://artextkani.ru/wp-content/uploads/2026/04/amore-57.webp;artextkani.ru (официальный сайт);2026-09-30
Артекс;Amore;Amore 66;бирюзовый;Велюр;100% PES;140;420 г/пм;130000;>130 000 циклов;Китай;930;1200;Розничная цена за 1 п.м. (сайт);В наличии;https://artextkani.ru/product/amore-66-amore-66/;photos/Артекс/Amore/Amore_66.jpg;https://artextkani.ru/wp-content/uploads/2026/04/amore-66.webp;artextkani.ru (официальный сайт);2026-09-30
Артекс;Amore;Amore 104;серый;Велюр;100% PES;140;420 г/пм;130000;>130 000 циклов;Китай;930;1200;Розничная цена за 1 п.м. (сайт);В наличии;https://artextkani.ru/product/amore-104-amore-104/;photos/Артекс/Amore/Amore_104.jpg;https://artextkani.ru/wp-content/uploads/2026/04/amore-104.webp;artextkani.ru (официальный сайт);2026-09-30
Артекс;AVENUE;Avenue 01;бежевый;Велюр;100% PES;140;364 г/пм;90000;90 000 циклов;Китай;950;;Розничная цена за 1 п.м. (сайт);В наличии;https://artextkani.ru/product/avenyu-01-avenue-01/;photos/Артекс/AVENUE/Avenue_01.jpg;https://artextkani.ru/wp-content/uploads/2024/09/01-19.webp;artextkani.ru (официальный сайт);2026-09-30
Артекс;AVENUE;Avenue 02;бежевый;Велюр;100% PES;140;364 г/пм;90000;90 000 циклов;Китай;950;;Розничная цена за 1 п.м. (сайт);Нет в наличии;https://artextkani.ru/product/avenyu-02-avenue-02/;photos/Артекс/AVENUE/Avenue_02.jpg;https://artextkani.ru/wp-content/uploads/2024/09/02-16.webp;artextkani.ru (официальный сайт);2026-09-30
Артекс;AVENUE;Avenue 03;бежевый;Велюр;100% PES;140;364 г/пм;90000;90 000 циклов;Китай;950;;Розничная цена за 1 п.м. (сайт);В наличии;https://artextkani.ru/product/avenyu-03-avenue-03/;photos/Артекс/AVENUE/Avenue_03.jpg;https://artextkani.ru/wp-content/uploads/2024/09/03-16.webp;artextkani.ru (официальный сайт);2026-09-30
Артекс;AVENUE;Avenue 04;бежевый, серый;Велюр;100% PES;140;364 г/пм;90000;90 000 циклов;Китай;950;;Розничная цена за 1 п.м. (сайт);Нет в наличии;https://artextkani.ru/product/avenyu-04-avenue-04/;photos/Артекс/AVENUE/Avenue_04.jpg;https://artextkani.ru/wp-content/uploads/2024/09/04-18.webp;artextkani.ru (официальный сайт);2026-09-30
Артекс;AVENUE;Avenue 05;коричневый;Велюр;100% PES;140;364 г/пм;90000;90 000 циклов;Китай;950;;Розничная цена за 1 п.м. (сайт);В наличии;https://artextkani.ru/product/avenyu-05-avenue-05/;photos/Артекс/AVENUE/Avenue_05.jpg;https://artextkani.ru/wp-content/uploads/2024/09/05-16.webp;artextkani.ru (официальный сайт);2026-09-30
Артекс;AVENUE;Avenue 06;коричневый;Велюр;100% PES;140;364 г/пм;90000;90 000 циклов;Китай;950;;Розничная цена за 1 п.м. (сайт);В наличии;https://artextkani.ru/product/avenyu-06-avenue-06/;photos/Артекс/AVENUE/Avenue_06.jpg;https://artextkani.ru/wp-content/uploads/2024/09/06-11.webp;artextkani.ru (официальный сайт);2026-09-30
Артекс;AVENUE;Avenue 07;коричневый;Велюр;100% PES;140;364 г/пм;90000;90 000 циклов;Китай;950;;Розничная цена за 1 п.м. (сайт);В наличии;https://artextkani.ru/product/avenyu-07-avenue-07/;photos/Артекс/AVENUE/Avenue_07.jpg;https://artextkani.ru/wp-content/uploads/2024/09/07-12.webp;artextkani.ru (официальный сайт);2026-09-30
Артекс;AVENUE;Avenue 08;коричневый, серый;Велюр;100% PES;140;364 г/пм;90000;90 000 циклов;Китай;950;;Розничная цена за 1 п.м. (сайт);В наличии;https://artextkani.ru/product/avenyu-08-avenue-08/;photos/Артекс/AVENUE/Avenue_08.jpg;https://artextkani.ru/wp-content/uploads/2024/09/08-11.webp;artextkani.ru (официальный сайт);2026-09-30
Артекс;AVENUE;Avenue 09;серый;Велюр;100% PES;140;364 г/пм;90000;90 000 циклов;Китай;950;;Розничная цена за 1 п.м. (сайт);В наличии;https://artextkani.ru/product/avenyu-09-avenue-09/;photos/Артекс/AVENUE/Avenue_09.jpg;https://artextkani.ru/wp-content/uploads/2024/09/09-13.webp;artextkani.ru (официальный сайт);2026-09-30
Артекс;AVENUE;Avenue 10;серый;Велюр;100% PES;140;364 г/пм;90000;90 000 циклов;Китай;950;;Розничная цена за 1 п.м. (сайт);В наличии;https://artextkani.ru/product/avenyu-10-avenue-10/;photos/Артекс/AVENUE/Avenue_10.jpg;https://artextkani.ru/wp-content/uploads/2026/04/avenue-10-16.webp;artextkani.ru (официальный сайт);2026-09-30
Артекс;AVENUE;Avenue 11;серый;Велюр;100% PES;140;364 г/пм;90000;90 000 циклов;Китай;950;;Розничная цена за 1 п.м. (сайт);В наличии;https://artextkani.ru/product/avenyu-11-avenue-11/;photos/Артекс/AVENUE/Avenue_11.jpg;https://artextkani.ru/wp-content/uploads/2026/04/avenue-11-15.webp;artextkani.ru (официальный сайт);2026-09-30
Артекс;AVENUE;Avenue 12;зеленый;Велюр;100% PES;140;364 г/пм;90000;90 000 циклов;Китай;950;;Розничная цена за 1 п.м. (сайт);В наличии;https://artextkani.ru/product/avenyu-12-avenue-12/;photos/Артекс/AVENUE/Avenue_12.jpg;https://artextkani.ru/wp-content/uploads/2026/04/avenue-12-12.webp;artextkani.ru (официальный сайт);2026-09-30
Артекс;AVENUE;Avenue 13;бирюзовый;Велюр;100% PES;140;364 г/пм;90000;90 000 циклов;Китай;950;;Розничная цена за 1 п.м. (сайт);В наличии;https://artextkani.ru/product/avenyu-13-avenue-13/;photos/Артекс/AVENUE/Avenue_13.jpg;https://artextkani.ru/wp-content/uploads/2024/09/13-13.webp;artextkani.ru (официальный сайт);2026-09-30
Артекс;AVENUE;Avenue 14;синий;Велюр;100% PES;140;364 г/пм;90000;90 000 циклов;Китай;950;;Розничная цена за 1 п.м. (сайт);Нет в наличии;https://artextkani.ru/product/avenyu-14-avenue-14/;photos/Артекс/AVENUE/Avenue_14.jpg;https://artextkani.ru/wp-content/uploads/2026/04/avenue-14-11.webp;artextkani.ru (официальный сайт);2026-09-30
Артекс;AVENUE;Avenue 15;серый;Велюр;100% PES;140;364 г/пм;90000;90 000 циклов;Китай;950;;Розничная цена за 1 п.м. (сайт);В наличии;https://artextkani.ru/product/avenyu-15-avenue-15/;photos/Артекс/AVENUE/Avenue_15.jpg;https://artextkani.ru/wp-content/uploads/2026/04/avenue-15-18.webp;artextkani.ru (официальный сайт);2026-09-30
Артекс;AVENUE;Avenue 16;голубой;Велюр;100% PES;140;364 г/пм;90000;90 000 циклов;Китай;950;;Розничная цена за 1 п.м. (сайт);В наличии;https://artextkani.ru/product/avenyu-16-avenue-16/;photos/Артекс/AVENUE/Avenue_16.jpg;https://artextkani.ru/wp-content/uploads/2026/04/avenue-16-14.webp;artextkani.ru (официальный сайт);2026-09-30
Артекс;AVENUE;Avenue 17;бежевый;Велюр;100% PES;140;364 г/пм;90000;90 000 циклов;Китай;950;;Розничная цена за 1 п.м. (сайт);В наличии;https://artextkani.ru/product/avenyu-17-avenue-17/;photos/Артекс/AVENUE/Avenue_17.jpg;https://artextkani.ru/wp-content/uploads/2026/04/avenue-17-14.webp;artextkani.ru (официальный сайт);2026-09-30
Артекс;AVENUE;Avenue 18;терракотовый;Велюр;100% PES;140;364 г/пм;90000;90 000 циклов;Китай;950;;Розничная цена за 1 п.м. (сайт);В наличии;https://artextkani.ru/product/avenyu-18-avenue-18/;photos/Артекс/AVENUE/Avenue_18.jpg;https://artextkani.ru/wp-content/uploads/2026/04/avenue-18.webp;artextkani.ru (официальный сайт);2026-09-30
Артекс;AVENUE;Avenue 19;желтый;Велюр;100% PES;140;364 г/пм;90000;90 000 циклов;Китай;950;;Розничная цена за 1 п.м. (сайт);В наличии;https://artextkani.ru/product/avenyu-19-avenue-19/;photos/Артекс/AVENUE/Avenue_19.jpg;https://artextkani.ru/wp-content/uploads/2026/04/avenue-19-9.webp;artextkani.ru (официальный сайт);2026-09-30
Артекс;AVENUE;Avenue 20;черный;Велюр;100% PES;140;364 г/пм;90000;90 000 циклов;Китай;950;;Розничная цена за 1 п.м. (сайт);В наличии;https://artextkani.ru/product/avenyu-20-avenue-20/;photos/Артекс/AVENUE/Avenue_20.jpg;https://artextkani.ru/wp-content/uploads/2024/09/20-13.webp;artextkani.ru (официальный сайт);2026-09-30
Артекс;CROWN;CROWN 01 ivory;белый;Велюр;92%PES + 8%Nylon;140;504 г/пм;89000;89 000 циклов;Китай;950;;Розничная цена за 1 п.м. (сайт);В наличии;https://artextkani.ru/product/kroun-01-ivory-crown-01-ivory/;photos/Артекс/CROWN/CROWN_01_ivory.jpg;https://artextkani.ru/wp-content/uploads/2026/02/crown–1-ivory.webp;artextkani.ru (официальный сайт);2026-09-30
Артекс;CROWN;CROWN 02 beige;бежевый;Велюр;92%PES + 8%Nylon;140;504 г/пм;89000;89 000 циклов;Китай;950;;Розничная цена за 1 п.м. (сайт);В наличии;https://artextkani.ru/product/kroun-02-beige-crown-02-beige/;photos/Артекс/CROWN/CROWN_02_beige.jpg;https://artextkani.ru/wp-content/uploads/2026/02/crown–2-beige.webp;artextkani.ru (официальный сайт);2026-09-30
Артекс;CROWN;CROWN 03 antelope;бежевый;Велюр;92%PES + 8%Nylon;140;504 г/пм;89000;89 000 циклов;Китай;950;;Розничная цена за 1 п.м. (сайт);В наличии;https://artextkani.ru/product/kroun-03-antelope-crown-03-antelope/;photos/Артекс/CROWN/CROWN_03_antelope.jpg;https://artextkani.ru/wp-content/uploads/2026/02/crown–3-antelope.webp;artextkani.ru (официальный сайт);2026-09-30
Артекс;CROWN;CROWN 04 taupe;бежевый, серый;Велюр;92%PES + 8%Nylon;140;504 г/пм;89000;89 000 циклов;Китай;950;;Розничная цена за 1 п.м. (сайт);В наличии;https://artextkani.ru/product/kroun-04-taupe-crown-04-taupe/;photos/Артекс/CROWN/CROWN_04_taupe.jpg;https://artextkani.ru/wp-content/uploads/2026/02/crown–4-taupe.webp;artextkani.ru (официальный сайт);2026-09-30
Артекс;CROWN;CROWN 05 espresso;коричневый;Велюр;92%PES + 8%Nylon;140;504 г/пм;89000;89 000 циклов;Китай;950;;Розничная цена за 1 п.м. (сайт);В наличии;https://artextkani.ru/product/kroun-05-espresso-crown-05-espresso/;photos/Артекс/CROWN/CROWN_05_espresso.jpg;https://artextkani.ru/wp-content/uploads/2026/02/crown–5-espresso.webp;artextkani.ru (официальный сайт);2026-09-30
Артекс;CROWN;CROWN 06 chianti;бордовый;Велюр;92%PES + 8%Nylon;140;504 г/пм;89000;89 000 циклов;Китай;950;;Розничная цена за 1 п.м. (сайт);В наличии;https://artextkani.ru/product/kroun-06-chianti-crown-06-chianti/;photos/Артекс/CROWN/CROWN_06_chianti.jpg;https://artextkani.ru/wp-content/uploads/2026/02/crown–6-chianti.webp;artextkani.ru (официальный сайт);2026-09-30
Артекс;CROWN;CROWN 07 cranberry;бордовый, красный;Велюр;92%PES + 8%Nylon;140;504 г/пм;89000;89 000 циклов;Китай;950;;Розничная цена за 1 п.м. (сайт);В наличии;https://artextkani.ru/product/kroun-07-cranberry-crown-07-cranberry/;photos/Артекс/CROWN/CROWN_07_cranberry.jpg;https://artextkani.ru/wp-content/uploads/2026/02/crown–7-cranberry.webp;artextkani.ru (официальный сайт);2026-09-30
Артекс;CROWN;CROWN 08 rust;оранжевый;Велюр;92%PES + 8%Nylon;140;504 г/пм;89000;89 000 циклов;Китай;950;;Розничная цена за 1 п.м. (сайт);В наличии;https://artextkani.ru/product/kroun-08-rust-crown-08-rust/;photos/Артекс/CROWN/CROWN_08_rust.jpg;https://artextkani.ru/wp-content/uploads/2026/02/crown–8-rust.webp;artextkani.ru (официальный сайт);2026-09-30
Артекс;CROWN;CROWN 09 amber;желтый;Велюр;92%PES + 8%Nylon;140;504 г/пм;89000;89 000 циклов;Китай;950;;Розничная цена за 1 п.м. (сайт);В наличии;https://artextkani.ru/product/kroun-09-amber-crown-09-amber/;photos/Артекс/CROWN/CROWN_09_amber.jpg;https://artextkani.ru/wp-content/uploads/2026/02/crown–9-amber.webp;artextkani.ru (официальный сайт);2026-09-30
Артекс;CROWN;CROWN 10 curcuma;желтый, оливковый;Велюр;92%PES + 8%Nylon;140;504 г/пм;89000;89 000 циклов;Китай;950;;Розничная цена за 1 п.м. (сайт);В наличии;https://artextkani.ru/product/kroun-10-curcuma-crown-10-curcuma/;photos/Артекс/CROWN/CROWN_10_curcuma.jpg;https://artextkani.ru/wp-content/uploads/2026/02/crown–10-curcuma.webp;artextkani.ru (официальный сайт);2026-09-30
Артекс;CROWN;CROWN 11 olive;оливковый;Велюр;92%PES + 8%Nylon;140;504 г/пм;89000;89 000 циклов;Китай;950;;Розничная цена за 1 п.м. (сайт);В наличии;https://artextkani.ru/product/kroun-11-olive-crown-11-olive/;photos/Артекс/CROWN/CROWN_11_olive.jpg;https://artextkani.ru/wp-content/uploads/2026/02/crown–11-olive.webp;artextkani.ru (официальный сайт);2026-09-30
Артекс;CROWN;CROWN 12 winter moss;зеленый;Велюр;92%PES + 8%Nylon;140;504 г/пм;89000;89 000 циклов;Китай;950;;Розничная цена за 1 п.м. (сайт);В наличии;https://artextkani.ru/product/kroun-12-winter-moss-crown-12-winter-moss/;photos/Артекс/CROWN/CROWN_12_winter_moss.jpg;https://artextkani.ru/wp-content/uploads/2026/02/crown–12-winter-moss.webp;artextkani.ru (официальный сайт);2026-09-30
Артекс;CROWN;CROWN 13 ocean blue;зеленый, синий;Велюр;92%PES + 8%Nylon;140;504 г/пм;89000;89 000 циклов;Китай;950;;Розничная цена за 1 п.м. (сайт);В наличии;https://artextkani.ru/product/kroun-13-ocean-blue-crown-13-ocean-blue/;photos/Артекс/CROWN/CROWN_13_ocean_blue.jpg;https://artextkani.ru/wp-content/uploads/2026/02/crown–13-ocean-blue.webp;artextkani.ru (официальный сайт);2026-09-30
Артекс;CROWN;CROWN 14 blue;голубой;Велюр;92%PES + 8%Nylon;140;504 г/пм;89000;89 000 циклов;Китай;950;;Розничная цена за 1 п.м. (сайт);В наличии;https://artextkani.ru/product/kroun-14-blue-crown-14-blue/;photos/Артекс/CROWN/CROWN_14_blue.jpg;https://artextkani.ru/wp-content/uploads/2026/02/crown–14-blue.webp;artextkani.ru (официальный сайт);2026-09-30
Артекс;CROWN;CROWN 15 deep blue;синий;Велюр;92%PES + 8%Nylon;140;504 г/пм;89000;89 000 циклов;Китай;950;;Розничная цена за 1 п.м. (сайт);В наличии;https://artextkani.ru/product/kroun-15-deep-blue-crown-15-deep-blue/;photos/Артекс/CROWN/CROWN_15_deep_blue.jpg;https://artextkani.ru/wp-content/uploads/2026/02/crown–15-deep-blue.webp;artextkani.ru (официальный сайт);2026-09-30
Артекс;CROWN;CROWN 16 silver;серый;Велюр;92%PES + 8%Nylon;140;504 г/пм;89000;89 000 циклов;Китай;950;;Розничная цена за 1 п.м. (сайт);В наличии;https://artextkani.ru/product/kroun-16-silver-crown-16-silver/;photos/Артекс/CROWN/CROWN_16_silver.jpg;https://artextkani.ru/wp-content/uploads/2026/02/crown–16-silver.webp;artextkani.ru (официальный сайт);2026-09-30
Артекс;CROWN;CROWN 17 grey;серый;Велюр;92%PES + 8%Nylon;140;504 г/пм;89000;89 000 циклов;Китай;950;;Розничная цена за 1 п.м. (сайт);В наличии;https://artextkani.ru/product/kroun-17-grey-crown-17-grey/;photos/Артекс/CROWN/CROWN_17_grey.jpg;https://artextkani.ru/wp-content/uploads/2026/02/crown–17-grey.webp;artextkani.ru (официальный сайт);2026-09-30
Артекс;CROWN;CROWN 18 dk grey;серый;Велюр;92%PES + 8%Nylon;140;504 г/пм;89000;89 000 циклов;Китай;950;;Розничная цена за 1 п.м. (сайт);В наличии;https://artextkani.ru/product/kroun-18-dk-grey-crown-18-dk-grey/;photos/Артекс/CROWN/CROWN_18_dk_grey.jpg;https://artextkani.ru/wp-content/uploads/2026/02/crown–18-dk-grey.webp;artextkani.ru (официальный сайт);2026-09-30
Артекс;CROWN;CROWN 19 charcoal;коричневый, серый;Велюр;92%PES + 8%Nylon;140;504 г/пм;89000;89 000 циклов;Китай;950;;Розничная цена за 1 п.м. (сайт);В наличии;https://artextkani.ru/product/kroun-19-charcoal-crown-19-charcoal/;photos/Артекс/CROWN/CROWN_19_charcoal.jpg;https://artextkani.ru/wp-content/uploads/2026/02/crown–19-charcoal.webp;artextkani.ru (официальный сайт);2026-09-30
Артекс;CROWN;CROWN 20 black;черный;Велюр;92%PES + 8%Nylon;140;504 г/пм;89000;89 000 циклов;Китай;950;;Розничная цена за 1 п.м. (сайт);В наличии;https://artextkani.ru/product/kroun-20-black-crown-20-black/;photos/Артекс/CROWN/CROWN_20_black.jpg;https://artextkani.ru/wp-content/uploads/2026/02/crown–20-black.webp;artextkani.ru (официальный сайт);2026-09-30
Артекс;ELEGANT;Elegant 01 Pearl;белый, серый;Велюр;100% PES;140;518 г/пм;100000;> 100 000 циклов;Китай;800;;Розничная цена за 1 п.м. (сайт);В наличии;https://artextkani.ru/product/elegant-01-pearl-elegant-01-pearl/;photos/Артекс/ELEGANT/Elegant_01_Pearl.jpg;https://artextkani.ru/wp-content/uploads/2026/02/elegant-01-pearl.webp;artextkani.ru (официальный сайт);2026-09-30
Артекс;ELEGANT;Elegant 02 Beige;бежевый, серый;Велюр;100% PES;140;518 г/пм;100000;> 100 000 циклов;Китай;800;;Розничная цена за 1 п.м. (сайт);В наличии;https://artextkani.ru/product/elegant-02-beige-elegant-02-beige/;photos/Артекс/ELEGANT/Elegant_02_Beige.jpg;https://artextkani.ru/wp-content/uploads/2026/02/elegant-02-beige.webp;artextkani.ru (официальный сайт);2026-09-30
Артекс;ELEGANT;Elegant 03 Sand;бежевый;Велюр;100% PES;140;518 г/пм;100000;> 100 000 циклов;Китай;800;;Розничная цена за 1 п.м. (сайт);В наличии;https://artextkani.ru/product/elegant-03-sand-elegant-03-sand/;photos/Артекс/ELEGANT/Elegant_03_Sand.jpg;https://artextkani.ru/wp-content/uploads/2026/02/elegant-03-sand.webp;artextkani.ru (официальный сайт);2026-09-30
Артекс;ELEGANT;Elegant 04 Mink;коричневый;Велюр;100% PES;140;518 г/пм;100000;> 100 000 циклов;Китай;800;;Розничная цена за 1 п.м. (сайт);В наличии;https://artextkani.ru/product/elegant-04-mink-elegant-04-mink/;photos/Артекс/ELEGANT/Elegant_04_Mink.jpg;https://artextkani.ru/wp-content/uploads/2026/02/elegant-04-mink.webp;artextkani.ru (официальный сайт);2026-09-30
Артекс;ELEGANT;Elegant 05 Chocolate;коричневый;Велюр;100% PES;140;518 г/пм;100000;> 100 000 циклов;Китай;800;;Розничная цена за 1 п.м. (сайт);В наличии;https://artextkani.ru/product/elegant-05-chocolate-elegant-05-chocolate/;photos/Артекс/ELEGANT/Elegant_05_Chocolate.jpg;https://artextkani.ru/wp-content/uploads/2026/02/elegant-05-chocolate.webp;artextkani.ru (официальный сайт);2026-09-30
Артекс;ELEGANT;Elegant 06 Dusty Rose;розовый;Велюр;100% PES;140;518 г/пм;100000;> 100 000 циклов;Китай;800;;Розничная цена за 1 п.м. (сайт);В наличии;https://artextkani.ru/product/elegant-06-dusty-rose-elegant-06-dusty-rose/;photos/Артекс/ELEGANT/Elegant_06_Dusty_Rose.jpg;https://artextkani.ru/wp-content/uploads/2026/02/elegant-06-dusty-rose.webp;artextkani.ru (официальный сайт);2026-09-30
Артекс;ELEGANT;Elegant 08 Red;красный;Велюр;100% PES;140;518 г/пм;100000;> 100 000 циклов;Китай;800;;Розничная цена за 1 п.м. (сайт);В наличии;https://artextkani.ru/product/elegant-08-red-elegant-08-red/;photos/Артекс/ELEGANT/Elegant_08_Red.jpg;https://artextkani.ru/wp-content/uploads/2026/02/elegant-08-red.webp;artextkani.ru (официальный сайт);2026-09-30
Артекс;ELEGANT;Elegant 09 Rust;терракотовый;Велюр;100% PES;140;518 г/пм;100000;> 100 000 циклов;Китай;800;;Розничная цена за 1 п.м. (сайт);В наличии;https://artextkani.ru/product/elegant-09-rust-elegant-09-rust/;photos/Артекс/ELEGANT/Elegant_09_Rust.jpg;https://artextkani.ru/wp-content/uploads/2026/02/elegant-09-rust.webp;artextkani.ru (официальный сайт);2026-09-30
Артекс;ELEGANT;Elegant 10 Mustard;желтый;Велюр;100% PES;140;518 г/пм;100000;> 100 000 циклов;Китай;800;;Розничная цена за 1 п.м. (сайт);Нет в наличии;https://artextkani.ru/product/elegant-10-mustard-elegant-10-mustard/;photos/Артекс/ELEGANT/Elegant_10_Mustard.jpg;https://artextkani.ru/wp-content/uploads/2026/02/elegant-10-mustard.webp;artextkani.ru (официальный сайт);2026-09-30
Артекс;ELEGANT;Elegant 11 Olive;оливковый;Велюр;100% PES;140;518 г/пм;100000;> 100 000 циклов;Китай;800;;Розничная цена за 1 п.м. (сайт);Наличие по запросу;https://artextkani.ru/product/elegant-11-olive-elegant-11-olive/;photos/Артекс/ELEGANT/Elegant_11_Olive.jpg;https://artextkani.ru/wp-content/uploads/2026/02/elegant-11-olive.webp;artextkani.ru (официальный сайт);2026-09-30
Артекс;ELEGANT;Elegant 12 Rain Forest;зеленый;Велюр;100% PES;140;518 г/пм;100000;> 100 000 циклов;Китай;800;;Розничная цена за 1 п.м. (сайт);В наличии;https://artextkani.ru/product/elegant-12-rain-forest-elegant-12-rain-forest/;photos/Артекс/ELEGANT/Elegant_12_Rain_Forest.jpg;https://artextkani.ru/wp-content/uploads/2026/02/elegant-12-rain-forest.webp;artextkani.ru (официальный сайт);2026-09-30
Артекс;ELEGANT;Elegant 13 Petrol;синий;Велюр;100% PES;140;518 г/пм;100000;> 100 000 циклов;Китай;800;;Розничная цена за 1 п.м. (сайт);Наличие по запросу;https://artextkani.ru/product/elegant-13-petrol-elegant-13-petrol/;photos/Артекс/ELEGANT/Elegant_13_Petrol.jpg;https://artextkani.ru/wp-content/uploads/2026/02/elegant-13-petrol.webp;artextkani.ru (официальный сайт);2026-09-30
Артекс;ELEGANT;Elegant 14 Navy Blue;синий;Велюр;100% PES;140;518 г/пм;100000;> 100 000 циклов;Китай;800;;Розничная цена за 1 п.м. (сайт);В наличии;https://artextkani.ru/product/elegant-14-navy-blue-elegant-14-navy-blue/;photos/Артекс/ELEGANT/Elegant_14_Navy_Blue.jpg;https://artextkani.ru/wp-content/uploads/2026/02/elegant-14-navy-blue.webp;artextkani.ru (официальный сайт);2026-09-30
Артекс;ELEGANT;Elegant 15 Denim;синий;Велюр;100% PES;140;518 г/пм;100000;> 100 000 циклов;Китай;800;;Розничная цена за 1 п.м. (сайт);В наличии;https://artextkani.ru/product/elegant-15-denim-elegant-15-denim/;photos/Артекс/ELEGANT/Elegant_15_Denim.jpg;https://artextkani.ru/wp-content/uploads/2026/02/elegant-15-denim.webp;artextkani.ru (официальный сайт);2026-09-30
Артекс;ELEGANT;Elegant 16 Powder Pink;розовый;Велюр;100% PES;140;518 г/пм;100000;> 100 000 циклов;Китай;800;;Розничная цена за 1 п.м. (сайт);В наличии;https://artextkani.ru/product/elegant-16-powder-pink-elegant-16-powder-pink/;photos/Артекс/ELEGANT/Elegant_16_Powder_Pink.jpg;https://artextkani.ru/wp-content/uploads/2026/02/elegant-16-powder-pink.webp;artextkani.ru (официальный сайт);2026-09-30
Артекс;ELEGANT;Elegant 17 Silver;серый;Велюр;100% PES;140;518 г/пм;100000;> 100 000 циклов;Китай;800;;Розничная цена за 1 п.м. (сайт);В наличии;https://artextkani.ru/product/elegant-17-silver-elegant-17-silver/;photos/Артекс/ELEGANT/Elegant_17_Silver.jpg;https://artextkani.ru/wp-content/uploads/2026/02/elegant-17-silver.webp;artextkani.ru (официальный сайт);2026-09-30
Артекс;ELEGANT;Elegant 19 Grey;серый;Велюр;100% PES;140;518 г/пм;100000;> 100 000 циклов;Китай;800;;Розничная цена за 1 п.м. (сайт);В наличии;https://artextkani.ru/product/elegant-19-grey-elegant-19-grey/;photos/Артекс/ELEGANT/Elegant_19_Grey.jpg;https://artextkani.ru/wp-content/uploads/2026/02/elegant-19-grey.webp;artextkani.ru (официальный сайт);2026-09-30
Артекс;ELEGANT;Elegant 20 Anthracite;серый;Велюр;100% PES;140;518 г/пм;100000;> 100 000 циклов;Китай;800;;Розничная цена за 1 п.м. (сайт);В наличии;https://artextkani.ru/product/elegant-20-anthracite-elegant-20-anthracite/;photos/Артекс/ELEGANT/Elegant_20_Anthracite.jpg;https://artextkani.ru/wp-content/uploads/2026/02/royal-velvet-20-anthracite.webp;artextkani.ru (официальный сайт);2026-09-30
Артекс;ELEGANT;Elegant 21 Graphite;серый;Велюр;100% PES;140;518 г/пм;100000;> 100 000 циклов;Китай;800;;Розничная цена за 1 п.м. (сайт);В наличии;https://artextkani.ru/product/elegant-21-graphite-elegant-21-graphite/;photos/Артекс/ELEGANT/Elegant_21_Graphite.jpg;https://artextkani.ru/wp-content/uploads/2026/02/elegant-21-graphite.webp;artextkani.ru (официальный сайт);2026-09-30
Артекс;ELEGANT;Elegant 22 Black;черный;Велюр;100% PES;140;518 г/пм;100000;> 100 000 циклов;Китай;800;;Розничная цена за 1 п.м. (сайт);В наличии;https://artextkani.ru/product/elegant-22-black-elegant-22-black/;photos/Артекс/ELEGANT/Elegant_22_Black.jpg;https://artextkani.ru/wp-content/uploads/2026/02/elegant-22-black.webp;artextkani.ru (официальный сайт);2026-09-30
Артекс;ENJOY LUX;Enjoy Lux 01;белый, серый;Велюр;92%PES + 8%Nylon;140;467 г/пм;65000;> 65 000 циклов;Китай;850;;Розничная цена за 1 п.м. (сайт);В наличии;https://artextkani.ru/product/enzhoj-lyuks-01-enjoy-lux-01/;photos/Артекс/ENJOY_LUX/Enjoy_Lux_01.jpg;https://artextkani.ru/wp-content/uploads/2026/02/enjoy-new-lux-1.webp;artextkani.ru (официальный сайт);2026-09-30
Артекс;ENJOY LUX;Enjoy Lux 02;бежевый;Велюр;92%PES + 8%Nylon;140;467 г/пм;65000;> 65 000 циклов;Китай;850;;Розничная цена за 1 п.м. (сайт);В наличии;https://artextkani.ru/product/enzhoj-lyuks-02-enjoy-lux-02/;photos/Артекс/ENJOY_LUX/Enjoy_Lux_02.jpg;https://artextkani.ru/wp-content/uploads/2026/02/enjoy-new-lux-2.webp;artextkani.ru (официальный сайт);2026-09-30
Артекс;ENJOY LUX;Enjoy Lux 03;бежевый;Велюр;92%PES + 8%Nylon;140;467 г/пм;65000;> 65 000 циклов;Китай;850;;Розничная цена за 1 п.м. (сайт);В наличии;https://artextkani.ru/product/enzhoj-lyuks-03-enjoy-lux-03/;photos/Артекс/ENJOY_LUX/Enjoy_Lux_03.jpg;https://artextkani.ru/wp-content/uploads/2026/02/enjoy-new-lux-3.webp;artextkani.ru (официальный сайт);2026-09-30
Артекс;ENJOY LUX;Enjoy Lux 04;коричневый;Велюр;92%PES + 8%Nylon;140;467 г/пм;65000;> 65 000 циклов;Китай;850;;Розничная цена за 1 п.м. (сайт);В наличии;https://artextkani.ru/product/enzhoj-lyuks-04-enjoy-lux-04/;photos/Артекс/ENJOY_LUX/Enjoy_Lux_04.jpg;https://artextkani.ru/wp-content/uploads/2026/02/enjoy-new-lux-4.webp;artextkani.ru (официальный сайт);2026-09-30
Артекс;ENJOY LUX;Enjoy Lux 05;коричневый;Велюр;92%PES + 8%Nylon;140;467 г/пм;65000;> 65 000 циклов;Китай;850;;Розничная цена за 1 п.м. (сайт);В наличии;https://artextkani.ru/product/enzhoj-lyuks-05-enjoy-lux-05/;photos/Артекс/ENJOY_LUX/Enjoy_Lux_05.jpg;https://artextkani.ru/wp-content/uploads/2026/02/enjoy-new-lux-5.webp;artextkani.ru (официальный сайт);2026-09-30
Артекс;ENJOY LUX;Enjoy Lux 09;коричневый;Велюр;92%PES + 8%Nylon;140;467 г/пм;65000;> 65 000 циклов;Китай;850;;Розничная цена за 1 п.м. (сайт);В наличии;https://artextkani.ru/product/enzhoj-lyuks-09-enjoy-lux-09/;photos/Артекс/ENJOY_LUX/Enjoy_Lux_09.jpg;https://artextkani.ru/wp-content/uploads/2026/02/enjoy-new-lux-9.webp;artextkani.ru (официальный сайт);2026-09-30
Артекс;ENJOY LUX;Enjoy Lux 10;зеленый, оливковый;Велюр;92%PES + 8%Nylon;140;467 г/пм;65000;> 65 000 циклов;Китай;850;;Розничная цена за 1 п.м. (сайт);В наличии;https://artextkani.ru/product/enzhoj-lyuks-10-enjoy-lux-10/;photos/Артекс/ENJOY_LUX/Enjoy_Lux_10.jpg;https://artextkani.ru/wp-content/uploads/2026/02/enjoy-new-lux-10.webp;artextkani.ru (официальный сайт);2026-09-30
Артекс;ENJOY LUX;Enjoy Lux 11;желтый;Велюр;92%PES + 8%Nylon;140;467 г/пм;65000;> 65 000 циклов;Китай;850;;Розничная цена за 1 п.м. (сайт);В наличии;https://artextkani.ru/product/enzhoj-lyuks-11-enjoy-lux-11/;photos/Артекс/ENJOY_LUX/Enjoy_Lux_11.jpg;https://artextkani.ru/wp-content/uploads/2026/02/enjoy-new-lux-11.webp;artextkani.ru (официальный сайт);2026-09-30
Артекс;ENJOY LUX;Enjoy Lux 12;желтый, оранжевый;Велюр;92%PES + 8%Nylon;140;467 г/пм;65000;> 65 000 циклов;Китай;850;;Розничная цена за 1 п.м. (сайт);В наличии;https://artextkani.ru/product/enzhoj-lyuks-12-enjoy-lux-12/;photos/Артекс/ENJOY_LUX/Enjoy_Lux_12.jpg;https://artextkani.ru/wp-content/uploads/2026/02/enjoy-new-lux-12.webp;artextkani.ru (официальный сайт);2026-09-30
Артекс;ENJOY LUX;Enjoy Lux 13;оранжевый;Велюр;92%PES + 8%Nylon;140;467 г/пм;65000;> 65 000 циклов;Китай;850;;Розничная цена за 1 п.м. (сайт);В наличии;https://artextkani.ru/product/enzhoj-lyuks-13-enjoy-lux-13/;photos/Артекс/ENJOY_LUX/Enjoy_Lux_13.jpg;https://artextkani.ru/wp-content/uploads/2026/02/enjoy-new-lux-13.webp;artextkani.ru (официальный сайт);2026-09-30
Артекс;ENJOY LUX;Enjoy Lux 14;красный;Велюр;92%PES + 8%Nylon;140;467 г/пм;65000;> 65 000 циклов;Китай;850;;Розничная цена за 1 п.м. (сайт);В наличии;https://artextkani.ru/product/enzhoj-lyuks-14-enjoy-lux-14/;photos/Артекс/ENJOY_LUX/Enjoy_Lux_14.jpg;https://artextkani.ru/wp-content/uploads/2026/02/enjoy-new-lux-14.webp;artextkani.ru (официальный сайт);2026-09-30
Артекс;ENJOY LUX;Enjoy Lux 15;фиолетовый;Велюр;92%PES + 8%Nylon;140;467 г/пм;65000;> 65 000 циклов;Китай;850;;Розничная цена за 1 п.м. (сайт);В наличии;https://artextkani.ru/product/enzhoj-lyuks-15-enjoy-lux-15/;photos/Артекс/ENJOY_LUX/Enjoy_Lux_15.jpg;https://artextkani.ru/wp-content/uploads/2026/02/enjoy-new-lux-15.webp;artextkani.ru (официальный сайт);2026-09-30
Артекс;ENJOY LUX;Enjoy Lux 17;бирюзовый;Велюр;92%PES + 8%Nylon;140;467 г/пм;65000;> 65 000 циклов;Китай;850;;Розничная цена за 1 п.м. (сайт);В наличии;https://artextkani.ru/product/enzhoj-lyuks-17-enjoy-lux-17/;photos/Артекс/ENJOY_LUX/Enjoy_Lux_17.jpg;https://artextkani.ru/wp-content/uploads/2026/02/enjoy-new-lux-17.webp;artextkani.ru (официальный сайт);2026-09-30
Артекс;ENJOY LUX;Enjoy Lux 18;ментоловый;Велюр;92%PES + 8%Nylon;140;467 г/пм;65000;> 65 000 циклов;Китай;850;;Розничная цена за 1 п.м. (сайт);В наличии;https://artextkani.ru/product/enzhoj-lyuks-18-enjoy-lux-18/;photos/Артекс/ENJOY_LUX/Enjoy_Lux_18.jpg;https://artextkani.ru/wp-content/uploads/2026/02/enjoy-new-lux-18.webp;artextkani.ru (официальный сайт);2026-09-30
Артекс;ENJOY LUX;Enjoy Lux 19;розовый;Велюр;92%PES + 8%Nylon;140;467 г/пм;65000;> 65 000 циклов;Китай;850;;Розничная цена за 1 п.м. (сайт);В наличии;https://artextkani.ru/product/enzhoj-lyuks-19-enjoy-lux-19/;photos/Артекс/ENJOY_LUX/Enjoy_Lux_19.jpg;https://artextkani.ru/wp-content/uploads/2026/02/enjoy-new-lux-19.webp;artextkani.ru (официальный сайт);2026-09-30
Артекс;ENJOY LUX;Enjoy Lux 20;серый;Велюр;92%PES + 8%Nylon;140;467 г/пм;65000;> 65 000 циклов;Китай;850;;Розничная цена за 1 п.м. (сайт);В наличии;https://artextkani.ru/product/enzhoj-lyuks-20-enjoy-lux-20/;photos/Артекс/ENJOY_LUX/Enjoy_Lux_20.jpg;https://artextkani.ru/wp-content/uploads/2026/02/enjoy-new-lux-20.webp;artextkani.ru (официальный сайт);2026-09-30
Артекс;ENJOY LUX;Enjoy Lux 21;серый;Велюр;92%PES + 8%Nylon;140;467 г/пм;65000;> 65 000 циклов;Китай;850;;Розничная цена за 1 п.м. (сайт);В наличии;https://artextkani.ru/product/enzhoj-lyuks-21-enjoy-lux-21/;photos/Артекс/ENJOY_LUX/Enjoy_Lux_21.jpg;https://artextkani.ru/wp-content/uploads/2026/02/enjoy-new-lux-21.webp;artextkani.ru (официальный сайт);2026-09-30
Артекс;ENJOY LUX;Enjoy Lux 22;серый;Велюр;92%PES + 8%Nylon;140;467 г/пм;65000;> 65 000 циклов;Китай;850;;Розничная цена за 1 п.м. (сайт);В наличии;https://artextkani.ru/product/enzhoj-lyuks-22-enjoy-lux-22/;photos/Артекс/ENJOY_LUX/Enjoy_Lux_22.jpg;https://artextkani.ru/wp-content/uploads/2026/02/enjoy-new-lux-22.webp;artextkani.ru (официальный сайт);2026-09-30
Артекс;ENJOY LUX;Enjoy Lux 23;серый;Велюр;92%PES + 8%Nylon;140;467 г/пм;65000;> 65 000 циклов;Китай;850;;Розничная цена за 1 п.м. (сайт);В наличии;https://artextkani.ru/product/enzhoj-lyuks-23-enjoy-lux-23/;photos/Артекс/ENJOY_LUX/Enjoy_Lux_23.jpg;https://artextkani.ru/wp-content/uploads/2026/02/enjoy-new-lux-23.webp;artextkani.ru (официальный сайт);2026-09-30
Артекс;ENJOY LUX;Enjoy Lux 24;коричневый, серый;Велюр;92%PES + 8%Nylon;140;467 г/пм;65000;> 65 000 циклов;Китай;850;;Розничная цена за 1 п.м. (сайт);В наличии;https://artextkani.ru/product/enzhoj-lyuks-24-enjoy-lux-24/;photos/Артекс/ENJOY_LUX/Enjoy_Lux_24.jpg;https://artextkani.ru/wp-content/uploads/2026/02/enjoy-new-lux-24.webp;artextkani.ru (официальный сайт);2026-09-30
Артекс;ENJOY LUX;Enjoy Lux 28;коричневый, синий;Велюр;92%PES + 8%Nylon;140;467 г/пм;65000;> 65 000 циклов;Китай;850;;Розничная цена за 1 п.м. (сайт);В наличии;https://artextkani.ru/product/enzhoj-lyuks-28-enjoy-lux-28/;photos/Артекс/ENJOY_LUX/Enjoy_Lux_28.jpg;https://artextkani.ru/wp-content/uploads/2026/03/enjoy-lux-28.webp;artextkani.ru (официальный сайт);2026-09-30
Артекс;ENJOY LUX;Enjoy Lux 49;красный;Велюр;92%PES + 8%Nylon;140;467 г/пм;65000;> 65 000 циклов;Китай;850;;Розничная цена за 1 п.м. (сайт);В наличии;https://artextkani.ru/product/enzhoj-lyuks-49-enjoy-lux-49/;photos/Артекс/ENJOY_LUX/Enjoy_Lux_49.jpg;https://artextkani.ru/wp-content/uploads/2026/02/enjoy-new-lux-49-winery-scaled.webp;artextkani.ru (официальный сайт);2026-09-30
Артекс;ENJOY LUX;Enjoy Lux 51;зеленый, синий;Велюр;92%PES + 8%Nylon;140;467 г/пм;65000;> 65 000 циклов;Китай;850;;Розничная цена за 1 п.м. (сайт);В наличии;https://artextkani.ru/product/enzhoj-lyuks-51-enjoy-lux-51/;photos/Артекс/ENJOY_LUX/Enjoy_Lux_51.jpg;https://artextkani.ru/wp-content/uploads/2026/02/enjoy-new-lux-51-hydro_small.webp;artextkani.ru (официальный сайт);2026-09-30
Артекс;ENJOY LUX;Enjoy Lux 53;бежевый;Велюр;92%PES + 8%Nylon;140;467 г/пм;65000;> 65 000 циклов;Китай;850;;Розничная цена за 1 п.м. (сайт);В наличии;https://artextkani.ru/product/enzhoj-lyuks-53-enjoy-lux-53/;photos/Артекс/ENJOY_LUX/Enjoy_Lux_53.jpg;https://artextkani.ru/wp-content/uploads/2026/02/enjoy-new-lux-53-satellite-scaled.webp;artextkani.ru (официальный сайт);2026-09-30
Артекс;ENJOY LUX;Enjoy Lux 54;бежевый;Велюр;92%PES + 8%Nylon;140;467 г/пм;65000;> 65 000 циклов;Китай;850;;Розничная цена за 1 п.м. (сайт);В наличии;https://artextkani.ru/product/enzhoj-lyuks-54-enjoy-lux-54/;photos/Артекс/ENJOY_LUX/Enjoy_Lux_54.jpg;https://artextkani.ru/wp-content/uploads/2026/02/enjoy-new-lux-54-elephant-scaled.webp;artextkani.ru (официальный сайт);2026-09-30
Артекс;ENJOY LUX;Enjoy Lux 57;синий;Велюр;92%PES + 8%Nylon;140;467 г/пм;65000;> 65 000 циклов;Китай;850;;Розничная цена за 1 п.м. (сайт);В наличии;https://artextkani.ru/product/enzhoj-lyuks-57-enjoy-lux-57/;photos/Артекс/ENJOY_LUX/Enjoy_Lux_57.jpg;https://artextkani.ru/wp-content/uploads/2026/02/enjoy-new-lux-57-pacific.webp;artextkani.ru (официальный сайт);2026-09-30
Артекс;ENJOY LUX;Enjoy Lux 58;зеленый, оливковый;Велюр;92%PES + 8%Nylon;140;467 г/пм;65000;> 65 000 циклов;Китай;850;;Розничная цена за 1 п.м. (сайт);В наличии;https://artextkani.ru/product/enzhoj-lyuks-58-enjoy-lux-58/;photos/Артекс/ENJOY_LUX/Enjoy_Lux_58.jpg;https://artextkani.ru/wp-content/uploads/2026/02/enjoy-new-lux-58-forest.webp;artextkani.ru (официальный сайт);2026-09-30
Артекс;ENJOY LUX;Enjoy Lux 59;зеленый, синий;Велюр;92%PES + 8%Nylon;140;467 г/пм;65000;> 65 000 циклов;Китай;850;;Розничная цена за 1 п.м. (сайт);В наличии;https://artextkani.ru/product/enzhoj-lyuks-59-enjoy-lux-59/;photos/Артекс/ENJOY_LUX/Enjoy_Lux_59.jpg;https://artextkani.ru/wp-content/uploads/2026/02/enjoy-new-lux-59-petrol.webp;artextkani.ru (официальный сайт);2026-09-30
Артекс;ENJOY LUX;Enjoy Lux 60;оливковый;Велюр;92%PES + 8%Nylon;140;467 г/пм;65000;> 65 000 циклов;Китай;850;;Розничная цена за 1 п.м. (сайт);В наличии;https://artextkani.ru/product/enzhoj-lyuks-60-enjoy-lux-60/;photos/Артекс/ENJOY_LUX/Enjoy_Lux_60.jpg;https://artextkani.ru/wp-content/uploads/2026/02/enjoy-new-lux-60-moss.webp;artextkani.ru (официальный сайт);2026-09-30
Артекс;FILODORO;Filodoro 01;белый;Велюр;100% PES;140;483 г/пм;80000;80 000 циклов;Китай;900;2000;Розничная цена за 1 п.м. (сайт);В наличии;https://artextkani.ru/product/filodoro-01-filodoro-01/;photos/Артекс/FILODORO/Filodoro_01.jpg;https://artextkani.ru/wp-content/uploads/2026/04/filodoro-1-7.webp;artextkani.ru (официальный сайт);2026-09-30
Артекс;FILODORO;Filodoro 02;бежевый;Велюр;100% PES;140;483 г/пм;80000;80 000 циклов;Китай;900;2000;Розничная цена за 1 п.м. (сайт);В наличии;https://artextkani.ru/product/filodoro-02-filodoro-02/;photos/Артекс/FILODORO/Filodoro_02.jpg;https://artextkani.ru/wp-content/uploads/2026/04/filodoro-2-7.webp;artextkani.ru (официальный сайт);2026-09-30
Артекс;FILODORO;Filodoro 03;бежевый;Велюр;100% PES;140;483 г/пм;80000;80 000 циклов;Китай;900;2000;Розничная цена за 1 п.м. (сайт);Наличие по запросу;https://artextkani.ru/product/filodoro-03-filodoro-03/;photos/Артекс/FILODORO/Filodoro_03.jpg;https://artextkani.ru/wp-content/uploads/2026/04/filodoro-3-5.webp;artextkani.ru (официальный сайт);2026-09-30
Артекс;FILODORO;Filodoro 05;коричневый;Велюр;100% PES;140;483 г/пм;80000;80 000 циклов;Китай;900;2000;Розничная цена за 1 п.м. (сайт);В наличии;https://artextkani.ru/product/filodoro-05-filodoro-05/;photos/Артекс/FILODORO/Filodoro_05.jpg;https://artextkani.ru/wp-content/uploads/2026/04/filodoro-5-6.webp;artextkani.ru (официальный сайт);2026-09-30
Артекс;FILODORO;Filodoro 06;коричневый;Велюр;100% PES;140;483 г/пм;80000;80 000 циклов;Китай;900;2000;Розничная цена за 1 п.м. (сайт);Наличие по запросу;https://artextkani.ru/product/filodoro-06-filodoro-06/;photos/Артекс/FILODORO/Filodoro_06.jpg;https://artextkani.ru/wp-content/uploads/2026/04/filodoro-6-7.webp;artextkani.ru (официальный сайт);2026-09-30
Артекс;FILODORO;Filodoro 08;коричневый;Велюр;100% PES;140;483 г/пм;80000;80 000 циклов;Китай;900;2000;Розничная цена за 1 п.м. (сайт);Наличие по запросу;https://artextkani.ru/product/filodoro-08-filodoro-08/;photos/Артекс/FILODORO/Filodoro_08.jpg;https://artextkani.ru/wp-content/uploads/2026/04/filodoro-8-6.webp;artextkani.ru (официальный сайт);2026-09-30
Артекс;FILODORO;Filodoro 09;коричневый;Велюр;100% PES;140;483 г/пм;80000;80 000 циклов;Китай;900;2000;Розничная цена за 1 п.м. (сайт);Наличие по запросу;https://artextkani.ru/product/filodoro-09-filodoro-09/;photos/Артекс/FILODORO/Filodoro_09.jpg;https://artextkani.ru/wp-content/uploads/2026/04/filodoro-9-6.webp;artextkani.ru (официальный сайт);2026-09-30
Артекс;FILODORO;Filodoro 10;коричневый;Велюр;100% PES;140;483 г/пм;80000;80 000 циклов;Китай;900;2000;Розничная цена за 1 п.м. (сайт);Наличие по запросу;https://artextkani.ru/product/filodoro-10-filodoro-10/;photos/Артекс/FILODORO/Filodoro_10.jpg;https://artextkani.ru/wp-content/uploads/2026/04/filodoro-10-olive.webp;artextkani.ru (официальный сайт);2026-09-30
Артекс;FILODORO;Filodoro 11;коричневый;Велюр;100% PES;140;483 г/пм;80000;80 000 циклов;Китай;900;2000;Розничная цена за 1 п.м. (сайт);Наличие по запросу;https://artextkani.ru/product/filodoro-11-filodoro-11/;photos/Артекс/FILODORO/Filodoro_11.jpg;https://artextkani.ru/wp-content/uploads/2026/04/filodoro-11-winter-moss.webp;artextkani.ru (официальный сайт);2026-09-30
Артекс;FILODORO;Filodoro 12;синий;Велюр;100% PES;140;483 г/пм;80000;80 000 циклов;Китай;900;2000;Розничная цена за 1 п.м. (сайт);Наличие по запросу;https://artextkani.ru/product/filodoro-12-filodoro-12/;photos/Артекс/FILODORO/Filodoro_12.jpg;https://artextkani.ru/wp-content/uploads/2026/04/filodoro-12-11.webp;artextkani.ru (официальный сайт);2026-09-30
Артекс;FILODORO;Filodoro 13;коричневый;Велюр;100% PES;140;483 г/пм;80000;80 000 циклов;Китай;900;2000;Розничная цена за 1 п.м. (сайт);Наличие по запросу;https://artextkani.ru/product/filodoro-13-filodoro-13/;photos/Артекс/FILODORO/Filodoro_13.jpg;https://artextkani.ru/wp-content/uploads/2026/04/filodoro-13-azur.webp;artextkani.ru (официальный сайт);2026-09-30
Артекс;FILODORO;Filodoro 14;синий;Велюр;100% PES;140;483 г/пм;80000;80 000 циклов;Китай;900;2000;Розничная цена за 1 п.м. (сайт);Наличие по запросу;https://artextkani.ru/product/filodoro-14-filodoro-14/;photos/Артекс/FILODORO/Filodoro_14.jpg;https://artextkani.ru/wp-content/uploads/2026/04/filodoro-14-10.webp;artextkani.ru (официальный сайт);2026-09-30
Артекс;FILODORO;Filodoro 15;коричневый;Велюр;100% PES;140;483 г/пм;80000;80 000 циклов;Китай;900;2000;Розничная цена за 1 п.м. (сайт);В наличии;https://artextkani.ru/product/filodoro-15-filodoro-15/;photos/Артекс/FILODORO/Filodoro_15.jpg;https://artextkani.ru/wp-content/uploads/2026/04/filodoro-15-moon-mist.webp;artextkani.ru (официальный сайт);2026-09-30
Артекс;FILODORO;Filodoro 16;коричневый;Велюр;100% PES;140;483 г/пм;80000;80 000 циклов;Китай;900;2000;Розничная цена за 1 п.м. (сайт);В наличии;https://artextkani.ru/product/filodoro-16-filodoro-16/;photos/Артекс/FILODORO/Filodoro_16.jpg;https://artextkani.ru/wp-content/uploads/2026/04/filodoro-16-grey.webp;artextkani.ru (официальный сайт);2026-09-30
Артекс;FILODORO;Filodoro 17;коричневый;Велюр;100% PES;140;483 г/пм;80000;80 000 циклов;Китай;900;2000;Розничная цена за 1 п.м. (сайт);В наличии;https://artextkani.ru/product/filodoro-17-filodoro-17/;photos/Артекс/FILODORO/Filodoro_17.jpg;https://artextkani.ru/wp-content/uploads/2026/04/filodoro-17-anthracide.webp;artextkani.ru (официальный сайт);2026-09-30
Артекс;FILODORO;Filodoro 18;коричневый;Велюр;100% PES;140;483 г/пм;80000;80 000 циклов;Китай;900;2000;Розничная цена за 1 п.м. (сайт);В наличии;https://artextkani.ru/product/filodoro-18-filodoro-18/;photos/Артекс/FILODORO/Filodoro_18.jpg;https://artextkani.ru/wp-content/uploads/2026/04/filodoro-18-elephant.webp;artextkani.ru (официальный сайт);2026-09-30
Артекс;FILODORO;Filodoro 19;черный;Велюр;100% PES;140;483 г/пм;80000;80 000 циклов;Китай;900;2000;Розничная цена за 1 п.м. (сайт);Наличие по запросу;https://artextkani.ru/product/filodoro-19-filodoro-19/;photos/Артекс/FILODORO/Filodoro_19.jpg;https://artextkani.ru/wp-content/uploads/2026/04/filodoro-19-10.webp;artextkani.ru (официальный сайт);2026-09-30
Артекс;GALAXY;GALAXY 01;белый;Велюр;100% PES;140;504 г/пм;100000;> 100 000 циклов;Китай;900;;Розничная цена за 1 п.м. (сайт);В наличии;https://artextkani.ru/product/gelaksi-01-galaxy-01/;photos/Артекс/GALAXY/GALAXY_01.jpg;https://artextkani.ru/wp-content/uploads/2026/03/galaxy-01.webp;artextkani.ru (официальный сайт);2026-09-30
Артекс;GALAXY;GALAXY 02;бежевый;Велюр;100% PES;140;504 г/пм;100000;> 100 000 циклов;Китай;900;;Розничная цена за 1 п.м. (сайт);В наличии;https://artextkani.ru/product/gelaksi-02-galaxy-02/;photos/Артекс/GALAXY/GALAXY_02.jpg;https://artextkani.ru/wp-content/uploads/2026/03/galaxy-02.webp;artextkani.ru (официальный сайт);2026-09-30
Артекс;GALAXY;GALAXY 03;бежевый;Велюр;100% PES;140;504 г/пм;100000;> 100 000 циклов;Китай;900;;Розничная цена за 1 п.м. (сайт);В наличии;https://artextkani.ru/product/gelaksi-03-galaxy-03/;photos/Артекс/GALAXY/GALAXY_03.jpg;https://artextkani.ru/wp-content/uploads/2026/03/galaxy-03.webp;artextkani.ru (официальный сайт);2026-09-30
Артекс;GALAXY;GALAXY 04;коричневый;Велюр;100% PES;140;504 г/пм;100000;> 100 000 циклов;Китай;900;;Розничная цена за 1 п.м. (сайт);В наличии;https://artextkani.ru/product/gelaksi-04-galaxy-04/;photos/Артекс/GALAXY/GALAXY_04.jpg;https://artextkani.ru/wp-content/uploads/2026/03/galaxy-04.webp;artextkani.ru (официальный сайт);2026-09-30
Артекс;GALAXY;GALAXY 05;коричневый, серый;Велюр;100% PES;140;504 г/пм;100000;> 100 000 циклов;Китай;900;;Розничная цена за 1 п.м. (сайт);В наличии;https://artextkani.ru/product/gelaksi-05-galaxy-05/;photos/Артекс/GALAXY/GALAXY_05.jpg;https://artextkani.ru/wp-content/uploads/2026/03/galaxy-05.webp;artextkani.ru (официальный сайт);2026-09-30
Артекс;GALAXY;GALAXY 06;серый;Велюр;100% PES;140;504 г/пм;100000;> 100 000 циклов;Китай;900;;Розничная цена за 1 п.м. (сайт);В наличии;https://artextkani.ru/product/gelaksi-06-galaxy-06/;photos/Артекс/GALAXY/GALAXY_06.jpg;https://artextkani.ru/wp-content/uploads/2026/03/galaxy-06.webp;artextkani.ru (официальный сайт);2026-09-30
Артекс;GALAXY;GALAXY 07;желтый;Велюр;100% PES;140;504 г/пм;100000;> 100 000 циклов;Китай;900;;Розничная цена за 1 п.м. (сайт);В наличии;https://artextkani.ru/product/gelaksi-07-galaxy-07/;photos/Артекс/GALAXY/GALAXY_07.jpg;https://artextkani.ru/wp-content/uploads/2026/03/galaxy-07.webp;artextkani.ru (официальный сайт);2026-09-30
Артекс;GALAXY;GALAXY 08;оранжевый;Велюр;100% PES;140;504 г/пм;100000;> 100 000 циклов;Китай;900;;Розничная цена за 1 п.м. (сайт);В наличии;https://artextkani.ru/product/gelaksi-08-galaxy-08/;photos/Артекс/GALAXY/GALAXY_08.jpg;https://artextkani.ru/wp-content/uploads/2026/03/galaxy-08.webp;artextkani.ru (официальный сайт);2026-09-30
Артекс;GALAXY;GALAXY 09;зеленый;Велюр;100% PES;140;504 г/пм;100000;> 100 000 циклов;Китай;900;;Розничная цена за 1 п.м. (сайт);В наличии;https://artextkani.ru/product/gelaksi-09-galaxy-09/;photos/Артекс/GALAXY/GALAXY_09.jpg;https://artextkani.ru/wp-content/uploads/2026/03/galaxy-09.webp;artextkani.ru (официальный сайт);2026-09-30
Артекс;GALAXY;GALAXY 10;зеленый;Велюр;100% PES;140;504 г/пм;100000;> 100 000 циклов;Китай;900;;Розничная цена за 1 п.м. (сайт);В наличии;https://artextkani.ru/product/gelaksi-10-galaxy-10/;photos/Артекс/GALAXY/GALAXY_10.jpg;https://artextkani.ru/wp-content/uploads/2026/03/galaxy-10.webp;artextkani.ru (официальный сайт);2026-09-30
Артекс;GALAXY;GALAXY 11;бордовый;Велюр;100% PES;140;504 г/пм;100000;> 100 000 циклов;Китай;900;;Розничная цена за 1 п.м. (сайт);В наличии;https://artextkani.ru/product/gelaksi-11-galaxy-11/;photos/Артекс/GALAXY/GALAXY_11.jpg;https://artextkani.ru/wp-content/uploads/2026/03/galaxy-11.webp;artextkani.ru (официальный сайт);2026-09-30
Артекс;GALAXY;GALAXY 12;фиолетовый;Велюр;100% PES;140;504 г/пм;100000;> 100 000 циклов;Китай;900;;Розничная цена за 1 п.м. (сайт);В наличии;https://artextkani.ru/product/gelaksi-12-galaxy-12/;photos/Артекс/GALAXY/GALAXY_12.jpg;https://artextkani.ru/wp-content/uploads/2026/03/galaxy-12.webp;artextkani.ru (официальный сайт);2026-09-30
Артекс;GALAXY;GALAXY 13;ментоловый;Велюр;100% PES;140;504 г/пм;100000;> 100 000 циклов;Китай;900;;Розничная цена за 1 п.м. (сайт);В наличии;https://artextkani.ru/product/gelaksi-13-galaxy-13/;photos/Артекс/GALAXY/GALAXY_13.jpg;https://artextkani.ru/wp-content/uploads/2026/03/galaxy-13.webp;artextkani.ru (официальный сайт);2026-09-30
Артекс;GALAXY;GALAXY 14;синий;Велюр;100% PES;140;504 г/пм;100000;> 100 000 циклов;Китай;900;;Розничная цена за 1 п.м. (сайт);В наличии;https://artextkani.ru/product/gelaksi-14-galaxy-14/;photos/Артекс/GALAXY/GALAXY_14.jpg;https://artextkani.ru/wp-content/uploads/2026/03/galaxy-14.webp;artextkani.ru (официальный сайт);2026-09-30
Артекс;GALAXY;GALAXY 15;черный;Велюр;100% PES;140;504 г/пм;100000;> 100 000 циклов;Китай;900;;Розничная цена за 1 п.м. (сайт);В наличии;https://artextkani.ru/product/gelaksi-15-galaxy-15/;photos/Артекс/GALAXY/GALAXY_15.jpg;https://artextkani.ru/wp-content/uploads/2026/03/galaxy-15.webp;artextkani.ru (официальный сайт);2026-09-30
Артекс;GALAXY;GALAXY 16;серый;Велюр;100% PES;140;504 г/пм;100000;> 100 000 циклов;Китай;900;;Розничная цена за 1 п.м. (сайт);В наличии;https://artextkani.ru/product/gelaksi-16-galaxy-16/;photos/Артекс/GALAXY/GALAXY_16.jpg;https://artextkani.ru/wp-content/uploads/2026/03/galaxy-16.webp;artextkani.ru (официальный сайт);2026-09-30
Артекс;GALAXY;GALAXY 17;бежевый, коричневый;Велюр;100% PES;140;504 г/пм;100000;> 100 000 циклов;Китай;900;;Розничная цена за 1 п.м. (сайт);В наличии;https://artextkani.ru/product/gelaksi-17-galaxy-17/;photos/Артекс/GALAXY/GALAXY_17.jpg;https://artextkani.ru/wp-content/uploads/2026/03/galaxy-17.webp;artextkani.ru (официальный сайт);2026-09-30
Артекс;GALAXY;GALAXY 18;коричневый;Велюр;100% PES;140;504 г/пм;100000;> 100 000 циклов;Китай;900;;Розничная цена за 1 п.м. (сайт);В наличии;https://artextkani.ru/product/gelaksi-18-galaxy-18/;photos/Артекс/GALAXY/GALAXY_18.jpg;https://artextkani.ru/wp-content/uploads/2026/03/galaxy-18.webp;artextkani.ru (официальный сайт);2026-09-30
Артекс;GALAXY;GALAXY 19;розовый;Велюр;100% PES;140;504 г/пм;100000;> 100 000 циклов;Китай;900;;Розничная цена за 1 п.м. (сайт);В наличии;https://artextkani.ru/product/gelaksi-19-galaxy-19/;photos/Артекс/GALAXY/GALAXY_19.jpg;https://artextkani.ru/wp-content/uploads/2026/03/galaxy-19.webp;artextkani.ru (официальный сайт);2026-09-30
Артекс;GALAXY;GALAXY 20;зеленый, ментоловый;Велюр;100% PES;140;504 г/пм;100000;> 100 000 циклов;Китай;900;;Розничная цена за 1 п.м. (сайт);В наличии;https://artextkani.ru/product/gelaksi-20-galaxy-20/;photos/Артекс/GALAXY/GALAXY_20.jpg;https://artextkani.ru/wp-content/uploads/2026/03/galaxy-20.webp;artextkani.ru (официальный сайт);2026-09-30
Артекс;GALAXY;GALAXY 21;серый;Велюр;100% PES;140;504 г/пм;100000;> 100 000 циклов;Китай;900;;Розничная цена за 1 п.м. (сайт);В наличии;https://artextkani.ru/product/gelaksi-21-galaxy-21/;photos/Артекс/GALAXY/GALAXY_21.jpg;https://artextkani.ru/wp-content/uploads/2026/03/galaxy-21.webp;artextkani.ru (официальный сайт);2026-09-30
Артекс;GALAXY;GALAXY 22;голубой, серый;Велюр;100% PES;140;504 г/пм;100000;> 100 000 циклов;Китай;900;;Розничная цена за 1 п.м. (сайт);В наличии;https://artextkani.ru/product/gelaksi-22-galaxy-22/;photos/Артекс/GALAXY/GALAXY_22.jpg;https://artextkani.ru/wp-content/uploads/2026/03/galaxy-22.webp;artextkani.ru (официальный сайт);2026-09-30
Артекс;GREYS;Greys 01 Ivory;белый, серый;Велюр;90% PES, 10% Nylon;140;476 г/пм;100000;> 100 000 циклов;Китай;950;;Розничная цена за 1 п.м. (сайт);В наличии;https://artextkani.ru/product/grejs-01-ivory-greys-01-ivory/;photos/Артекс/GREYS/Greys_01_Ivory.jpg;https://artextkani.ru/wp-content/uploads/2025/06/greys-01-ivory.webp;artextkani.ru (официальный сайт);2026-09-30
Артекс;GREYS;Greys 02 Cream;бежевый, серый;Велюр;90% PES, 10% Nylon;140;476 г/пм;100000;> 100 000 циклов;Китай;950;;Розничная цена за 1 п.м. (сайт);В наличии;https://artextkani.ru/product/grejs-02-cream-greys-02-cream/;photos/Артекс/GREYS/Greys_02_Cream.jpg;https://artextkani.ru/wp-content/uploads/2025/06/greys-02-cream.webp;artextkani.ru (официальный сайт);2026-09-30
Артекс;GREYS;Greys 03 Camel;бежевый;Велюр;90% PES, 10% Nylon;140;476 г/пм;100000;> 100 000 циклов;Китай;950;;Розничная цена за 1 п.м. (сайт);В наличии;https://artextkani.ru/product/grejs-03-camel-greys-03-camel/;photos/Артекс/GREYS/Greys_03_Camel.jpg;https://artextkani.ru/wp-content/uploads/2025/06/greys-03-camel.webp;artextkani.ru (официальный сайт);2026-09-30
Артекс;GREYS;Greys 04 Beige;бежевый, серый;Велюр;90% PES, 10% Nylon;140;476 г/пм;100000;> 100 000 циклов;Китай;950;;Розничная цена за 1 п.м. (сайт);В наличии;https://artextkani.ru/product/grejs-04-beige-greys-04-beige/;photos/Артекс/GREYS/Greys_04_Beige.jpg;https://artextkani.ru/wp-content/uploads/2025/06/greys-04-beige.webp;artextkani.ru (официальный сайт);2026-09-30
Артекс;GREYS;Greys 05 Truffle;бежевый;Велюр;90% PES, 10% Nylon;140;476 г/пм;100000;> 100 000 циклов;Китай;950;;Розничная цена за 1 п.м. (сайт);В наличии;https://artextkani.ru/product/grejs-05-truffle-greys-05-truffle/;photos/Артекс/GREYS/Greys_05_Truffle.jpg;https://artextkani.ru/wp-content/uploads/2025/06/greys-05-truffle.webp;artextkani.ru (официальный сайт);2026-09-30
Артекс;GREYS;Greys 06 Stone;коричневый, серый;Велюр;90% PES, 10% Nylon;140;476 г/пм;100000;> 100 000 циклов;Китай;950;;Розничная цена за 1 п.м. (сайт);В наличии;https://artextkani.ru/product/grejs-06-stone-greys-06-stone/;photos/Артекс/GREYS/Greys_06_Stone.jpg;https://artextkani.ru/wp-content/uploads/2025/06/greys-06-stone.webp;artextkani.ru (официальный сайт);2026-09-30
Артекс;GREYS;Greys 07 Espresso;коричневый;Велюр;90% PES, 10% Nylon;140;476 г/пм;100000;> 100 000 циклов;Китай;950;;Розничная цена за 1 п.м. (сайт);В наличии;https://artextkani.ru/product/grejs-07-espresso-greys-07-espresso/;photos/Артекс/GREYS/Greys_07_Espresso.jpg;https://artextkani.ru/wp-content/uploads/2025/06/greys-07-espresso.webp;artextkani.ru (официальный сайт);2026-09-30
Артекс;GREYS;Greys 08 Red;красный;Велюр;90% PES, 10% Nylon;140;476 г/пм;100000;> 100 000 циклов;Китай;950;;Розничная цена за 1 п.м. (сайт);В наличии;https://artextkani.ru/product/grejs-08-red-greys-08-red/;photos/Артекс/GREYS/Greys_08_Red.jpg;https://artextkani.ru/wp-content/uploads/2025/06/greys-08-red.webp;artextkani.ru (официальный сайт);2026-09-30
Артекс;GREYS;Greys 09 Terra;терракотовый;Велюр;90% PES, 10% Nylon;140;476 г/пм;100000;> 100 000 циклов;Китай;950;;Розничная цена за 1 п.м. (сайт);В наличии;https://artextkani.ru/product/grejs-09-terra-greys-09-terra/;photos/Артекс/GREYS/Greys_09_Terra.jpg;https://artextkani.ru/wp-content/uploads/2025/06/greys-09-terra.webp;artextkani.ru (официальный сайт);2026-09-30
Артекс;GREYS;Greys 10 Mustard;желтый;Велюр;90% PES, 10% Nylon;140;476 г/пм;100000;> 100 000 циклов;Китай;950;;Розничная цена за 1 п.м. (сайт);В наличии;https://artextkani.ru/product/grejs-10-mustard-greys-10-mustard/;photos/Артекс/GREYS/Greys_10_Mustard.jpg;https://artextkani.ru/wp-content/uploads/2025/06/greys-10-mustard.webp;artextkani.ru (официальный сайт);2026-09-30
Артекс;GREYS;Greys 11 Olive;зеленый, оливковый;Велюр;90% PES, 10% Nylon;140;476 г/пм;100000;> 100 000 циклов;Китай;950;;Розничная цена за 1 п.м. (сайт);В наличии;https://artextkani.ru/product/grejs-11-olive-greys-11-olive/;photos/Артекс/GREYS/Greys_11_Olive.jpg;https://artextkani.ru/wp-content/uploads/2025/06/greys-11-olive.webp;artextkani.ru (официальный сайт);2026-09-30
Артекс;GREYS;Greys 12 Winter Moss;зеленый;Велюр;90% PES, 10% Nylon;140;476 г/пм;100000;> 100 000 циклов;Китай;950;;Розничная цена за 1 п.м. (сайт);В наличии;https://artextkani.ru/product/grejs-12-winter-moss-greys-12-winter-moss/;photos/Артекс/GREYS/Greys_12_Winter_Moss.jpg;https://artextkani.ru/wp-content/uploads/2025/06/greys-12-winter-moss.webp;artextkani.ru (официальный сайт);2026-09-30
Артекс;GREYS;Greys 13 Rain Forest;зеленый;Велюр;90% PES, 10% Nylon;140;476 г/пм;100000;> 100 000 циклов;Китай;950;;Розничная цена за 1 п.м. (сайт);В наличии;https://artextkani.ru/product/grejs-13-rain-forest-greys-13-rain-forest/;photos/Артекс/GREYS/Greys_13_Rain_Forest.jpg;https://artextkani.ru/wp-content/uploads/2025/06/greys-13-rain-forest.webp;artextkani.ru (официальный сайт);2026-09-30
Артекс;GREYS;Greys 14 Teal;зеленый, синий;Велюр;90% PES, 10% Nylon;140;476 г/пм;100000;> 100 000 циклов;Китай;950;;Розничная цена за 1 п.м. (сайт);В наличии;https://artextkani.ru/product/grejs-14-teal-greys-14-teal/;photos/Артекс/GREYS/Greys_14_Teal.jpg;https://artextkani.ru/wp-content/uploads/2025/06/greys-14-teal.webp;artextkani.ru (официальный сайт);2026-09-30
Артекс;GREYS;Greys 15 Deep Blue;синий;Велюр;90% PES, 10% Nylon;140;476 г/пм;100000;> 100 000 циклов;Китай;950;;Розничная цена за 1 п.м. (сайт);В наличии;https://artextkani.ru/product/grejs-15-deep-blue-greys-15-deep-blue/;photos/Артекс/GREYS/Greys_15_Deep_Blue.jpg;https://artextkani.ru/wp-content/uploads/2025/06/greys-15-deep-blue.webp;artextkani.ru (официальный сайт);2026-09-30
Артекс;GREYS;Greys 16 Silver;серый;Велюр;90% PES, 10% Nylon;140;476 г/пм;100000;> 100 000 циклов;Китай;950;;Розничная цена за 1 п.м. (сайт);В наличии;https://artextkani.ru/product/grejs-16-silver-greys-16-silver/;photos/Артекс/GREYS/Greys_16_Silver.jpg;https://artextkani.ru/wp-content/uploads/2025/06/greys-16-silver.webp;artextkani.ru (официальный сайт);2026-09-30
Артекс;GREYS;Greys 17 Grey;серый;Велюр;90% PES, 10% Nylon;140;476 г/пм;100000;> 100 000 циклов;Китай;950;;Розничная цена за 1 п.м. (сайт);В наличии;https://artextkani.ru/product/grejs-17-grey-greys-17-grey/;photos/Артекс/GREYS/Greys_17_Grey.jpg;https://artextkani.ru/wp-content/uploads/2025/06/greys-17-grey.webp;artextkani.ru (официальный сайт);2026-09-30
Артекс;GREYS;Greys 18 Ash;серый;Велюр;90% PES, 10% Nylon;140;476 г/пм;100000;> 100 000 циклов;Китай;950;;Розничная цена за 1 п.м. (сайт);В наличии;https://artextkani.ru/product/grejs-18-ash-greys-18-ash/;photos/Артекс/GREYS/Greys_18_Ash.jpg;https://artextkani.ru/wp-content/uploads/2025/06/greys-18-ash.webp;artextkani.ru (официальный сайт);2026-09-30
Артекс;GREYS;Greys 19 Graphite;серый;Велюр;90% PES, 10% Nylon;140;476 г/пм;100000;> 100 000 циклов;Китай;950;;Розничная цена за 1 п.м. (сайт);В наличии;https://artextkani.ru/product/grejs-19-graphite-greys-19-graphite/;photos/Артекс/GREYS/Greys_19_Graphite.jpg;https://artextkani.ru/wp-content/uploads/2025/06/greys-19-graphite.webp;artextkani.ru (официальный сайт);2026-09-30
Артекс;GREYS;Greys 20 Black;черный;Велюр;90% PES, 10% Nylon;140;476 г/пм;100000;> 100 000 циклов;Китай;950;;Розничная цена за 1 п.м. (сайт);В наличии;https://artextkani.ru/product/grejs-20-black-greys-20-black/;photos/Артекс/GREYS/Greys_20_Black.jpg;https://artextkani.ru/wp-content/uploads/2025/06/greys-20-black.webp;artextkani.ru (официальный сайт);2026-09-30
Артекс;IDEAL;Ideal 01;бежевый, серый;Велюр;100% PES;140;580 г/пм;100000;> 100 000 циклов;Китай;800;;Розничная цена за 1 п.м. (сайт);В наличии;https://artextkani.ru/product/ideal-01-ideal-01/;photos/Артекс/IDEAL/Ideal_01.jpg;https://artextkani.ru/wp-content/uploads/2026/03/ideal-01_volume-27.webp;artextkani.ru (официальный сайт);2026-09-30
Артекс;IDEAL;Ideal 02;бежевый, белый;Велюр;100% PES;140;580 г/пм;100000;> 100 000 циклов;Китай;800;;Розничная цена за 1 п.м. (сайт);В наличии;https://artextkani.ru/product/ideal-02-ideal-02/;photos/Артекс/IDEAL/Ideal_02.jpg;https://artextkani.ru/wp-content/uploads/2026/03/ideal-02_volume-23.webp;artextkani.ru (официальный сайт);2026-09-30
Артекс;IDEAL;Ideal 03;бежевый;Велюр;100% PES;140;580 г/пм;100000;> 100 000 циклов;Китай;800;;Розничная цена за 1 п.м. (сайт);В наличии;https://artextkani.ru/product/ideal-03-ideal-03/;photos/Артекс/IDEAL/Ideal_03.jpg;https://artextkani.ru/wp-content/uploads/2026/03/ideal-03_volume-17.webp;artextkani.ru (официальный сайт);2026-09-30
Артекс;IDEAL;Ideal 04;бежевый;Велюр;100% PES;140;580 г/пм;100000;> 100 000 циклов;Китай;800;;Розничная цена за 1 п.м. (сайт);В наличии;https://artextkani.ru/product/ideal-04-ideal-04/;photos/Артекс/IDEAL/Ideal_04.jpg;https://artextkani.ru/wp-content/uploads/2026/03/ideal-04_volume-30.webp;artextkani.ru (официальный сайт);2026-09-30
Артекс;IDEAL;Ideal 05;желтый;Велюр;100% PES;140;580 г/пм;100000;> 100 000 циклов;Китай;800;;Розничная цена за 1 п.м. (сайт);В наличии;https://artextkani.ru/product/ideal-05-ideal-05/;photos/Артекс/IDEAL/Ideal_05.jpg;https://artextkani.ru/wp-content/uploads/2026/03/ideal-05_volume-14.webp;artextkani.ru (официальный сайт);2026-09-30
Артекс;IDEAL;Ideal 06;терракотовый;Велюр;100% PES;140;580 г/пм;100000;> 100 000 циклов;Китай;800;;Розничная цена за 1 п.м. (сайт);В наличии;https://artextkani.ru/product/ideal-06-ideal-06/;photos/Артекс/IDEAL/Ideal_06.jpg;https://artextkani.ru/wp-content/uploads/2026/03/ideal-06_volume-19.webp;artextkani.ru (официальный сайт);2026-09-30
Артекс;IDEAL;Ideal 07;зеленый;Велюр;100% PES;140;580 г/пм;100000;> 100 000 циклов;Китай;800;;Розничная цена за 1 п.м. (сайт);В наличии;https://artextkani.ru/product/ideal-07-ideal-07/;photos/Артекс/IDEAL/Ideal_07.jpg;https://artextkani.ru/wp-content/uploads/2026/03/ideal-07_volume-17.webp;artextkani.ru (официальный сайт);2026-09-30
Артекс;IDEAL;Ideal 10;синий;Велюр;100% PES;140;580 г/пм;100000;> 100 000 циклов;Китай;800;;Розничная цена за 1 п.м. (сайт);В наличии;https://artextkani.ru/product/ideal-10-ideal-10/;photos/Артекс/IDEAL/Ideal_10.jpg;https://artextkani.ru/wp-content/uploads/2026/03/ideal-10_volume-40.webp;artextkani.ru (официальный сайт);2026-09-30
Артекс;IDEAL;Ideal 11;серый;Велюр;100% PES;140;580 г/пм;100000;> 100 000 циклов;Китай;800;;Розничная цена за 1 п.м. (сайт);В наличии;https://artextkani.ru/product/ideal-11-ideal-11/;photos/Артекс/IDEAL/Ideal_11.jpg;https://artextkani.ru/wp-content/uploads/2026/03/ideal-11_volume-18.webp;artextkani.ru (официальный сайт);2026-09-30
Артекс;IDEAL;Ideal 12;голубой;Велюр;100% PES;140;580 г/пм;100000;> 100 000 циклов;Китай;800;;Розничная цена за 1 п.м. (сайт);В наличии;https://artextkani.ru/product/ideal-12-ideal-12/;photos/Артекс/IDEAL/Ideal_12.jpg;https://artextkani.ru/wp-content/uploads/2026/03/ideal-12_volume-18.webp;artextkani.ru (официальный сайт);2026-09-30
Артекс;IDEAL;Ideal 15;розовый;Велюр;100% PES;140;580 г/пм;100000;> 100 000 циклов;Китай;800;;Розничная цена за 1 п.м. (сайт);В наличии;https://artextkani.ru/product/ideal-15-ideal-15/;photos/Артекс/IDEAL/Ideal_15.jpg;https://artextkani.ru/wp-content/uploads/2026/03/ideal-15_volume-29.webp;artextkani.ru (официальный сайт);2026-09-30
Артекс;IDEAL;Ideal 17;бежевый, фиолетовый;Велюр;100% PES;140;580 г/пм;100000;> 100 000 циклов;Китай;800;;Розничная цена за 1 п.м. (сайт);В наличии;https://artextkani.ru/product/ideal-17-ideal-17/;photos/Артекс/IDEAL/Ideal_17.jpg;https://artextkani.ru/wp-content/uploads/2026/03/ideal-17_volume-17.webp;artextkani.ru (официальный сайт);2026-09-30
Артекс;IDEAL;Ideal 18;бежевый, серый;Велюр;100% PES;140;580 г/пм;100000;> 100 000 циклов;Китай;800;;Розничная цена за 1 п.м. (сайт);В наличии;https://artextkani.ru/product/ideal-18-ideal-18/;photos/Артекс/IDEAL/Ideal_18.jpg;https://artextkani.ru/wp-content/uploads/2026/03/ideal-18_volume-19.webp;artextkani.ru (официальный сайт);2026-09-30
Артекс;IDEAL;Ideal 19;бежевый, серый;Велюр;100% PES;140;580 г/пм;100000;> 100 000 циклов;Китай;800;;Розничная цена за 1 п.м. (сайт);В наличии;https://artextkani.ru/product/ideal-19-ideal-19/;photos/Артекс/IDEAL/Ideal_19.jpg;https://artextkani.ru/wp-content/uploads/2026/03/ideal-19_volume-22.webp;artextkani.ru (официальный сайт);2026-09-30
Артекс;IDEAL;Ideal 20;серый;Велюр;100% PES;140;580 г/пм;100000;> 100 000 циклов;Китай;800;;Розничная цена за 1 п.м. (сайт);В наличии;https://artextkani.ru/product/ideal-20-ideal-20/;photos/Артекс/IDEAL/Ideal_20.jpg;https://artextkani.ru/wp-content/uploads/2026/03/ideal-20_volume-32.webp;artextkani.ru (официальный сайт);2026-09-30
Артекс;IDEAL;Ideal 21;серый;Велюр;100% PES;140;580 г/пм;100000;> 100 000 циклов;Китай;800;;Розничная цена за 1 п.м. (сайт);В наличии;https://artextkani.ru/product/ideal-21-ideal-21/;photos/Артекс/IDEAL/Ideal_21.jpg;https://artextkani.ru/wp-content/uploads/2026/03/ideal-21_volume-31.webp;artextkani.ru (официальный сайт);2026-09-30
Артекс;IDEAL;Ideal 22;графитовый;Велюр;100% PES;140;580 г/пм;100000;> 100 000 циклов;Китай;800;;Розничная цена за 1 п.м. (сайт);В наличии;https://artextkani.ru/product/ideal-22-ideal-22/;photos/Артекс/IDEAL/Ideal_22.jpg;https://artextkani.ru/wp-content/uploads/2026/03/ideal-22_volume-17.webp;artextkani.ru (официальный сайт);2026-09-30
Артекс;LAKI;Laki 01;бежевый;Велюр;100% PES;140;532 г/пм;50000;>50 000 циклов;Китай;950;;Розничная цена за 1 п.м. (сайт);В наличии;https://artextkani.ru/product/laki-01-laki-01/;photos/Артекс/LAKI/Laki_01.jpg;https://artextkani.ru/wp-content/uploads/2026/03/laki-01.webp;artextkani.ru (официальный сайт);2026-09-30
Артекс;LAKI;Laki 02;бежевый, серый;Велюр;100% PES;140;532 г/пм;50000;>50 000 циклов;Китай;950;;Розничная цена за 1 п.м. (сайт);В наличии;https://artextkani.ru/product/laki-02-laki-02/;photos/Артекс/LAKI/Laki_02.jpg;https://artextkani.ru/wp-content/uploads/2026/03/laki-02.webp;artextkani.ru (официальный сайт);2026-09-30
Артекс;LAKI;Laki 04;коричневый;Велюр;100% PES;140;532 г/пм;50000;>50 000 циклов;Китай;950;;Розничная цена за 1 п.м. (сайт);В наличии;https://artextkani.ru/product/laki-04-laki-04/;photos/Артекс/LAKI/Laki_04.jpg;https://artextkani.ru/wp-content/uploads/2026/03/laki-04.webp;artextkani.ru (официальный сайт);2026-09-30
Артекс;LAKI;Laki 06;коричневый;Велюр;100% PES;140;532 г/пм;50000;>50 000 циклов;Китай;950;;Розничная цена за 1 п.м. (сайт);Наличие по запросу;https://artextkani.ru/product/laki-06-laki-06/;photos/Артекс/LAKI/Laki_06.jpg;https://artextkani.ru/wp-content/uploads/2026/03/laki-06.webp;artextkani.ru (официальный сайт);2026-09-30
Артекс;LAKI;Laki 07;коричневый;Велюр;100% PES;140;532 г/пм;50000;>50 000 циклов;Китай;950;;Розничная цена за 1 п.м. (сайт);В наличии;https://artextkani.ru/product/laki-07-laki-07/;photos/Артекс/LAKI/Laki_07.jpg;https://artextkani.ru/wp-content/uploads/2026/03/laki-07.webp;artextkani.ru (официальный сайт);2026-09-30
Артекс;LAKI;Laki 09;ментоловый;Велюр;100% PES;140;532 г/пм;50000;>50 000 циклов;Китай;950;;Розничная цена за 1 п.м. (сайт);В наличии;https://artextkani.ru/product/laki-09-laki-09/;photos/Артекс/LAKI/Laki_09.jpg;https://artextkani.ru/wp-content/uploads/2026/03/laki-09.webp;artextkani.ru (официальный сайт);2026-09-30
Артекс;LAKI;Laki 10;ментоловый;Велюр;100% PES;140;532 г/пм;50000;>50 000 циклов;Китай;950;;Розничная цена за 1 п.м. (сайт);В наличии;https://artextkani.ru/product/laki-10-laki-10/;photos/Артекс/LAKI/Laki_10.jpg;https://artextkani.ru/wp-content/uploads/2026/03/laki-10.webp;artextkani.ru (официальный сайт);2026-09-30
Артекс;LAKI;Laki 11;зеленый, синий;Велюр;100% PES;140;532 г/пм;50000;>50 000 циклов;Китай;950;;Розничная цена за 1 п.м. (сайт);В наличии;https://artextkani.ru/product/laki-11-laki-11/;photos/Артекс/LAKI/Laki_11.jpg;https://artextkani.ru/wp-content/uploads/2026/03/laki-11.webp;artextkani.ru (официальный сайт);2026-09-30
Артекс;LAKI;Laki 13;голубой;Велюр;100% PES;140;532 г/пм;50000;>50 000 циклов;Китай;950;;Розничная цена за 1 п.м. (сайт);Наличие по запросу;https://artextkani.ru/product/laki-13-laki-13/;photos/Артекс/LAKI/Laki_13.jpg;https://artextkani.ru/wp-content/uploads/2026/03/laki-13.webp;artextkani.ru (официальный сайт);2026-09-30
Артекс;LAKI;Laki 14;белый;Велюр;100% PES;140;532 г/пм;50000;>50 000 циклов;Китай;950;;Розничная цена за 1 п.м. (сайт);В наличии;https://artextkani.ru/product/laki-14-laki-14/;photos/Артекс/LAKI/Laki_14.jpg;https://artextkani.ru/wp-content/uploads/2026/03/laki-14.webp;artextkani.ru (официальный сайт);2026-09-30
Артекс;LAKI;Laki 16;розовый;Велюр;100% PES;140;532 г/пм;50000;>50 000 циклов;Китай;950;;Розничная цена за 1 п.м. (сайт);Нет в наличии;https://artextkani.ru/product/laki-16-laki-16/;photos/Артекс/LAKI/Laki_16.jpg;https://artextkani.ru/wp-content/uploads/2026/03/laki-16.webp;artextkani.ru (официальный сайт);2026-09-30
Артекс;LAKI;Laki 17;розовый;Велюр;100% PES;140;532 г/пм;50000;>50 000 циклов;Китай;950;;Розничная цена за 1 п.м. (сайт);В наличии;https://artextkani.ru/product/laki-17-laki-17/;photos/Артекс/LAKI/Laki_17.jpg;https://artextkani.ru/wp-content/uploads/2026/03/laki-17.webp;artextkani.ru (официальный сайт);2026-09-30
Артекс;LAKI;Laki 18;фиолетовый;Велюр;100% PES;140;532 г/пм;50000;>50 000 циклов;Китай;950;;Розничная цена за 1 п.м. (сайт);Наличие по запросу;https://artextkani.ru/product/laki-18-laki-18/;photos/Артекс/LAKI/Laki_18.jpg;https://artextkani.ru/wp-content/uploads/2026/03/laki-18.webp;artextkani.ru (официальный сайт);2026-09-30
Артекс;LAKI;Laki 20;зеленый;Велюр;100% PES;140;532 г/пм;50000;>50 000 циклов;Китай;950;;Розничная цена за 1 п.м. (сайт);В наличии;https://artextkani.ru/product/laki-20-laki-20/;photos/Артекс/LAKI/Laki_20.jpg;https://artextkani.ru/wp-content/uploads/2026/03/laki-20.webp;artextkani.ru (официальный сайт);2026-09-30
Артекс;LAKI;Laki 21;зеленый;Велюр;100% PES;140;532 г/пм;50000;>50 000 циклов;Китай;950;;Розничная цена за 1 п.м. (сайт);Нет в наличии;https://artextkani.ru/product/laki-21-laki-21/;photos/Артекс/LAKI/Laki_21.jpg;https://artextkani.ru/wp-content/uploads/2026/03/laki-21.webp;artextkani.ru (официальный сайт);2026-09-30
Артекс;LAKI;Laki 23;серый;Велюр;100% PES;140;532 г/пм;50000;>50 000 циклов;Китай;950;;Розничная цена за 1 п.м. (сайт);В наличии;https://artextkani.ru/product/laki-23-laki-23/;photos/Артекс/LAKI/Laki_23.jpg;https://artextkani.ru/wp-content/uploads/2026/03/laki-23.webp;artextkani.ru (официальный сайт);2026-09-30
Артекс;LAKI;Laki 24;розовый;Велюр;100% PES;140;532 г/пм;50000;>50 000 циклов;Китай;950;;Розничная цена за 1 п.м. (сайт);Наличие по запросу;https://artextkani.ru/product/laki-24-laki-24/;photos/Артекс/LAKI/Laki_24.jpg;https://artextkani.ru/wp-content/uploads/2026/03/laki-24.webp;artextkani.ru (официальный сайт);2026-09-30
Артекс;LAKI;Laki 26;голубой, синий;Велюр;100% PES;140;532 г/пм;50000;>50 000 циклов;Китай;950;;Розничная цена за 1 п.м. (сайт);В наличии;https://artextkani.ru/product/laki-26-laki-26/;photos/Артекс/LAKI/Laki_26.jpg;https://artextkani.ru/wp-content/uploads/2026/03/laki-26.webp;artextkani.ru (официальный сайт);2026-09-30
Артекс;LAKI;Laki 27;черный;Велюр;100% PES;140;532 г/пм;50000;>50 000 циклов;Китай;950;;Розничная цена за 1 п.м. (сайт);В наличии;https://artextkani.ru/product/laki-27-laki-27/;photos/Артекс/LAKI/Laki_27.jpg;https://artextkani.ru/wp-content/uploads/2026/03/laki-27.webp;artextkani.ru (официальный сайт);2026-09-30
Артекс;LAKI;Laki 28;синий;Велюр;100% PES;140;532 г/пм;50000;>50 000 циклов;Китай;950;;Розничная цена за 1 п.м. (сайт);В наличии;https://artextkani.ru/product/laki-28-laki-28/;photos/Артекс/LAKI/Laki_28.jpg;https://artextkani.ru/wp-content/uploads/2026/03/laki-28.webp;artextkani.ru (официальный сайт);2026-09-30
Артекс;LAKI;Laki 51;коричневый;Велюр;100% PES;140;532 г/пм;50000;>50 000 циклов;Китай;950;;Розничная цена за 1 п.м. (сайт);В наличии;https://artextkani.ru/product/laki-51-laki-51/;photos/Артекс/LAKI/Laki_51.jpg;https://artextkani.ru/wp-content/uploads/2026/03/laki-51.webp;artextkani.ru (официальный сайт);2026-09-30
Артекс;MARIN;Marin 01;бежевый;Велюр;100% PES;140;420 г/пм;45000;45 000 циклов;Китай;900;;Розничная цена за 1 п.м. (сайт);В наличии;https://artextkani.ru/product/marin-01-marin-01/;photos/Артекс/MARIN/Marin_01.jpg;https://artextkani.ru/wp-content/uploads/2026/04/marin-01-6.webp;artextkani.ru (официальный сайт);2026-09-30
Артекс;MARIN;Marin 02;бежевый;Велюр;100% PES;140;420 г/пм;45000;45 000 циклов;Китай;900;;Розничная цена за 1 п.м. (сайт);В наличии;https://artextkani.ru/product/marin-02-marin-02/;photos/Артекс/MARIN/Marin_02.jpg;https://artextkani.ru/wp-content/uploads/2026/04/marin-02-3.webp;artextkani.ru (официальный сайт);2026-09-30
Артекс;MARIN;Marin 03;коричневый;Велюр;100% PES;140;420 г/пм;45000;45 000 циклов;Китай;900;;Розничная цена за 1 п.м. (сайт);В наличии;https://artextkani.ru/product/marin-03-marin-03/;photos/Артекс/MARIN/Marin_03.jpg;https://artextkani.ru/wp-content/uploads/2026/04/marin-03-6.webp;artextkani.ru (официальный сайт);2026-09-30
Артекс;MARIN;Marin 04;коричневый;Велюр;100% PES;140;420 г/пм;45000;45 000 циклов;Китай;900;;Розничная цена за 1 п.м. (сайт);В наличии;https://artextkani.ru/product/marin-04-marin-04/;photos/Артекс/MARIN/Marin_04.jpg;https://artextkani.ru/wp-content/uploads/2026/04/marin-04-6.webp;artextkani.ru (официальный сайт);2026-09-30
Артекс;MARIN;Marin 05;коричневый;Велюр;100% PES;140;420 г/пм;45000;45 000 циклов;Китай;900;;Розничная цена за 1 п.м. (сайт);В наличии;https://artextkani.ru/product/marin-05-marin-05/;photos/Артекс/MARIN/Marin_05.jpg;https://artextkani.ru/wp-content/uploads/2026/04/marin-05-5.webp;artextkani.ru (официальный сайт);2026-09-30
Артекс;MARIN;Marin 06;коричневый;Велюр;100% PES;140;420 г/пм;45000;45 000 циклов;Китай;900;;Розничная цена за 1 п.м. (сайт);В наличии;https://artextkani.ru/product/marin-06-marin-06/;photos/Артекс/MARIN/Marin_06.jpg;https://artextkani.ru/wp-content/uploads/2026/04/marin-06-3.webp;artextkani.ru (официальный сайт);2026-09-30
Артекс;MARIN;Marin 07;коричневый;Велюр;100% PES;140;420 г/пм;45000;45 000 циклов;Китай;900;;Розничная цена за 1 п.м. (сайт);В наличии;https://artextkani.ru/product/marin-07-marin-07/;photos/Артекс/MARIN/Marin_07.jpg;https://artextkani.ru/wp-content/uploads/2026/04/marin-07-3.webp;artextkani.ru (официальный сайт);2026-09-30
Артекс;MARIN;Marin 08;коричневый;Велюр;100% PES;140;420 г/пм;45000;45 000 циклов;Китай;900;;Розничная цена за 1 п.м. (сайт);В наличии;https://artextkani.ru/product/marin-08-marin-08/;photos/Артекс/MARIN/Marin_08.jpg;https://artextkani.ru/wp-content/uploads/2026/04/marin-08.webp;artextkani.ru (официальный сайт);2026-09-30
Артекс;MARIN;Marin 09;серый;Велюр;100% PES;140;420 г/пм;45000;45 000 циклов;Китай;900;;Розничная цена за 1 п.м. (сайт);В наличии;https://artextkani.ru/product/marin-09-marin-09/;photos/Артекс/MARIN/Marin_09.jpg;https://artextkani.ru/wp-content/uploads/2026/04/marin-09-2.webp;artextkani.ru (официальный сайт);2026-09-30
Артекс;MARIN;Marin 10;серый;Велюр;100% PES;140;420 г/пм;45000;45 000 циклов;Китай;900;;Розничная цена за 1 п.м. (сайт);В наличии;https://artextkani.ru/product/marin-10-marin-10/;photos/Артекс/MARIN/Marin_10.jpg;https://artextkani.ru/wp-content/uploads/2026/04/marin-10-4.webp;artextkani.ru (официальный сайт);2026-09-30
Артекс;MARIN;Marin 11;желтый;Велюр;100% PES;140;420 г/пм;45000;45 000 циклов;Китай;900;;Розничная цена за 1 п.м. (сайт);В наличии;https://artextkani.ru/product/marin-11-marin-11/;photos/Артекс/MARIN/Marin_11.jpg;https://artextkani.ru/wp-content/uploads/2026/04/marin-11-4.webp;artextkani.ru (официальный сайт);2026-09-30
Артекс;MARIN;Marin 12;розовый;Велюр;100% PES;140;420 г/пм;45000;45 000 циклов;Китай;900;;Розничная цена за 1 п.м. (сайт);В наличии;https://artextkani.ru/product/marin-12-marin-12/;photos/Артекс/MARIN/Marin_12.jpg;https://artextkani.ru/wp-content/uploads/2026/04/marin-12.webp;artextkani.ru (официальный сайт);2026-09-30
Артекс;MARIN;Marin 13;бордовый;Велюр;100% PES;140;420 г/пм;45000;45 000 циклов;Китай;900;;Розничная цена за 1 п.м. (сайт);В наличии;https://artextkani.ru/product/marin-13-marin-13/;photos/Артекс/MARIN/Marin_13.jpg;https://artextkani.ru/wp-content/uploads/2026/04/marin-13-4.webp;artextkani.ru (официальный сайт);2026-09-30
Артекс;MARIN;Marin 14;голубой;Велюр;100% PES;140;420 г/пм;45000;45 000 циклов;Китай;900;;Розничная цена за 1 п.м. (сайт);В наличии;https://artextkani.ru/product/marin-14-marin-14/;photos/Артекс/MARIN/Marin_14.jpg;https://artextkani.ru/wp-content/uploads/2026/04/marin-14-4.webp;artextkani.ru (официальный сайт);2026-09-30
Артекс;MARIN;Marin 15;зеленый;Велюр;100% PES;140;420 г/пм;45000;45 000 циклов;Китай;900;;Розничная цена за 1 п.м. (сайт);В наличии;https://artextkani.ru/product/marin-15-marin-15/;photos/Артекс/MARIN/Marin_15.jpg;https://artextkani.ru/wp-content/uploads/2026/04/marin-15-4.webp;artextkani.ru (официальный сайт);2026-09-30
Артекс;MARIN;Marin 16;зеленый;Велюр;100% PES;140;420 г/пм;45000;45 000 циклов;Китай;900;;Розничная цена за 1 п.м. (сайт);В наличии;https://artextkani.ru/product/marin-16-marin-16/;photos/Артекс/MARIN/Marin_16.jpg;https://artextkani.ru/wp-content/uploads/2026/04/marin-16-4.webp;artextkani.ru (официальный сайт);2026-09-30
Артекс;MARIN;Marin 17;синий;Велюр;100% PES;140;420 г/пм;45000;45 000 циклов;Китай;900;;Розничная цена за 1 п.м. (сайт);В наличии;https://artextkani.ru/product/marin-17-marin-17/;photos/Артекс/MARIN/Marin_17.jpg;https://artextkani.ru/wp-content/uploads/2026/04/marin-17-6.webp;artextkani.ru (официальный сайт);2026-09-30
Артекс;MARIN;Marin 18;коричневый;Велюр;100% PES;140;420 г/пм;45000;45 000 циклов;Китай;900;;Розничная цена за 1 п.м. (сайт);В наличии;https://artextkani.ru/product/marin-18-marin-18/;photos/Артекс/MARIN/Marin_18.jpg;https://artextkani.ru/wp-content/uploads/2026/04/marin-18-2.webp;artextkani.ru (официальный сайт);2026-09-30
Артекс;MARIN;Marin 19;коричневый;Велюр;100% PES;140;420 г/пм;45000;45 000 циклов;Китай;900;;Розничная цена за 1 п.м. (сайт);В наличии;https://artextkani.ru/product/marin-19-marin-19/;photos/Артекс/MARIN/Marin_19.jpg;https://artextkani.ru/wp-content/uploads/2026/04/marin-19-2.webp;artextkani.ru (официальный сайт);2026-09-30
Артекс;MARIN;Marin 20;графитовый;Велюр;100% PES;140;420 г/пм;45000;45 000 циклов;Китай;900;;Розничная цена за 1 п.м. (сайт);В наличии;https://artextkani.ru/product/marin-20-marin-20/;photos/Артекс/MARIN/Marin_20.jpg;https://artextkani.ru/wp-content/uploads/2026/04/marin-20-4.webp;artextkani.ru (официальный сайт);2026-09-30
Артекс;MARIN;Marin 21;черный;Велюр;100% PES;140;420 г/пм;45000;45 000 циклов;Китай;900;;Розничная цена за 1 п.м. (сайт);В наличии;https://artextkani.ru/product/marin-21-marin-21/;photos/Артекс/MARIN/Marin_21.jpg;https://artextkani.ru/wp-content/uploads/2026/04/marin-21-3.webp;artextkani.ru (официальный сайт);2026-09-30
Артекс;MASERATTI;Maseratti 01;серый;Велюр;100% PES;140;448 г/пм;30000;30 000 циклов;Китай;950;;Розничная цена за 1 п.м. (сайт);В наличии;https://artextkani.ru/product/mazeratti-01-maseratti-01/;photos/Артекс/MASERATTI/Maseratti_01.jpg;https://artextkani.ru/wp-content/uploads/2026/03/maseratti-01.webp;artextkani.ru (официальный сайт);2026-09-30
Артекс;MASERATTI;Maseratti 02;бежевый;Велюр;100% PES;140;448 г/пм;30000;30 000 циклов;Китай;950;;Розничная цена за 1 п.м. (сайт);В наличии;https://artextkani.ru/product/mazeratti-02-maseratti-02/;photos/Артекс/MASERATTI/Maseratti_02.jpg;https://artextkani.ru/wp-content/uploads/2026/03/maseratti-02.webp;artextkani.ru (официальный сайт);2026-09-30
Артекс;MASERATTI;Maseratti 03;бежевый;Велюр;100% PES;140;448 г/пм;30000;30 000 циклов;Китай;950;;Розничная цена за 1 п.м. (сайт);В наличии;https://artextkani.ru/product/mazeratti-03-maseratti-03/;photos/Артекс/MASERATTI/Maseratti_03.jpg;https://artextkani.ru/wp-content/uploads/2026/03/maseratti-03.webp;artextkani.ru (официальный сайт);2026-09-30
Артекс;MASERATTI;Maseratti 04;бежевый;Велюр;100% PES;140;448 г/пм;30000;30 000 циклов;Китай;950;;Розничная цена за 1 п.м. (сайт);В наличии;https://artextkani.ru/product/mazeratti-04-maseratti-04/;photos/Артекс/MASERATTI/Maseratti_04.jpg;https://artextkani.ru/wp-content/uploads/2026/03/maseratti-04.webp;artextkani.ru (официальный сайт);2026-09-30
Артекс;MASERATTI;Maseratti 05;бежевый;Велюр;100% PES;140;448 г/пм;30000;30 000 циклов;Китай;950;;Розничная цена за 1 п.м. (сайт);В наличии;https://artextkani.ru/product/mazeratti-05-maseratti-05/;photos/Артекс/MASERATTI/Maseratti_05.jpg;https://artextkani.ru/wp-content/uploads/2026/03/maseratti-05.webp;artextkani.ru (официальный сайт);2026-09-30
Артекс;MASERATTI;Maseratti 06;бежевый;Велюр;100% PES;140;448 г/пм;30000;30 000 циклов;Китай;950;;Розничная цена за 1 п.м. (сайт);В наличии;https://artextkani.ru/product/mazeratti-06-maseratti-06/;photos/Артекс/MASERATTI/Maseratti_06.jpg;https://artextkani.ru/wp-content/uploads/2026/03/maseratti-06.webp;artextkani.ru (официальный сайт);2026-09-30
Артекс;MASERATTI;Maseratti 07;коричневый;Велюр;100% PES;140;448 г/пм;30000;30 000 циклов;Китай;950;;Розничная цена за 1 п.м. (сайт);В наличии;https://artextkani.ru/product/mazeratti-07-maseratti-07/;photos/Артекс/MASERATTI/Maseratti_07.jpg;https://artextkani.ru/wp-content/uploads/2026/03/maseratti-07.webp;artextkani.ru (официальный сайт);2026-09-30
Артекс;MASERATTI;Maseratti 08;коричневый;Велюр;100% PES;140;448 г/пм;30000;30 000 циклов;Китай;950;;Розничная цена за 1 п.м. (сайт);В наличии;https://artextkani.ru/product/mazeratti-08-maseratti-08/;photos/Артекс/MASERATTI/Maseratti_08.jpg;https://artextkani.ru/wp-content/uploads/2026/03/maseratti-08.webp;artextkani.ru (официальный сайт);2026-09-30
Артекс;MASERATTI;Maseratti 09;коричневый;Велюр;100% PES;140;448 г/пм;30000;30 000 циклов;Китай;950;;Розничная цена за 1 п.м. (сайт);В наличии;https://artextkani.ru/product/mazeratti-09-maseratti-09/;photos/Артекс/MASERATTI/Maseratti_09.jpg;https://artextkani.ru/wp-content/uploads/2026/03/maseratti-09.webp;artextkani.ru (официальный сайт);2026-09-30
Артекс;MASERATTI;Maseratti 10;коричневый;Велюр;100% PES;140;448 г/пм;30000;30 000 циклов;Китай;950;;Розничная цена за 1 п.м. (сайт);В наличии;https://artextkani.ru/product/mazeratti-10-maseratti-10/;photos/Артекс/MASERATTI/Maseratti_10.jpg;https://artextkani.ru/wp-content/uploads/2026/03/maseratti-10.webp;artextkani.ru (официальный сайт);2026-09-30
Артекс;MASERATTI;Maseratti 11;желтый;Велюр;100% PES;140;448 г/пм;30000;30 000 циклов;Китай;950;;Розничная цена за 1 п.м. (сайт);В наличии;https://artextkani.ru/product/mazeratti-11-maseratti-11/;photos/Артекс/MASERATTI/Maseratti_11.jpg;https://artextkani.ru/wp-content/uploads/2026/03/maseratti-11.webp;artextkani.ru (официальный сайт);2026-09-30
Артекс;MASERATTI;Maseratti 12;оранжевый;Велюр;100% PES;140;448 г/пм;30000;30 000 циклов;Китай;950;;Розничная цена за 1 п.м. (сайт);В наличии;https://artextkani.ru/product/mazeratti-12-maseratti-12/;photos/Артекс/MASERATTI/Maseratti_12.jpg;https://artextkani.ru/wp-content/uploads/2026/03/maseratti-12.webp;artextkani.ru (официальный сайт);2026-09-30
Артекс;MASERATTI;Maseratti 13;зеленый;Велюр;100% PES;140;448 г/пм;30000;30 000 циклов;Китай;950;;Розничная цена за 1 п.м. (сайт);В наличии;https://artextkani.ru/product/mazeratti-13-maseratti-13/;photos/Артекс/MASERATTI/Maseratti_13.jpg;https://artextkani.ru/wp-content/uploads/2026/03/maseratti-13.webp;artextkani.ru (официальный сайт);2026-09-30
Артекс;MASERATTI;Maseratti 14;бордовый;Велюр;100% PES;140;448 г/пм;30000;30 000 циклов;Китай;950;;Розничная цена за 1 п.м. (сайт);В наличии;https://artextkani.ru/product/mazeratti-14-maseratti-14/;photos/Артекс/MASERATTI/Maseratti_14.jpg;https://artextkani.ru/wp-content/uploads/2026/03/maseratti-14.webp;artextkani.ru (официальный сайт);2026-09-30
Артекс;MASERATTI;Maseratti 15;коричневый;Велюр;100% PES;140;448 г/пм;30000;30 000 циклов;Китай;950;;Розничная цена за 1 п.м. (сайт);В наличии;https://artextkani.ru/product/mazeratti-15-maseratti-15/;photos/Артекс/MASERATTI/Maseratti_15.jpg;https://artextkani.ru/wp-content/uploads/2026/03/maseratti-15.webp;artextkani.ru (официальный сайт);2026-09-30
Артекс;MASERATTI;Maseratti 16;бежевый;Велюр;100% PES;140;448 г/пм;30000;30 000 циклов;Китай;950;;Розничная цена за 1 п.м. (сайт);В наличии;https://artextkani.ru/product/mazeratti-16-maseratti-16/;photos/Артекс/MASERATTI/Maseratti_16.jpg;https://artextkani.ru/wp-content/uploads/2026/03/maseratti-16.webp;artextkani.ru (официальный сайт);2026-09-30
Артекс;MASERATTI;Maseratti 17;зеленый, синий;Велюр;100% PES;140;448 г/пм;30000;30 000 циклов;Китай;950;;Розничная цена за 1 п.м. (сайт);В наличии;https://artextkani.ru/product/mazeratti-17-maseratti-17/;photos/Артекс/MASERATTI/Maseratti_17.jpg;https://artextkani.ru/wp-content/uploads/2026/03/maseratti-17.webp;artextkani.ru (официальный сайт);2026-09-30
Артекс;MASERATTI;Maseratti 18;фиолетовый;Велюр;100% PES;140;448 г/пм;30000;30 000 циклов;Китай;950;;Розничная цена за 1 п.м. (сайт);В наличии;https://artextkani.ru/product/mazeratti-18-maseratti-18/;photos/Артекс/MASERATTI/Maseratti_18.jpg;https://artextkani.ru/wp-content/uploads/2026/03/maseratti-18.webp;artextkani.ru (официальный сайт);2026-09-30
Артекс;MASERATTI;Maseratti 19;бежевый;Велюр;100% PES;140;448 г/пм;30000;30 000 циклов;Китай;950;;Розничная цена за 1 п.м. (сайт);В наличии;https://artextkani.ru/product/mazeratti-19-maseratti-19/;photos/Артекс/MASERATTI/Maseratti_19.jpg;https://artextkani.ru/wp-content/uploads/2026/03/maseratti-19.webp;artextkani.ru (официальный сайт);2026-09-30
Артекс;MASERATTI;Maseratti 20;черный;Велюр;100% PES;140;448 г/пм;30000;30 000 циклов;Китай;950;;Розничная цена за 1 п.м. (сайт);В наличии;https://artextkani.ru/product/mazeratti-20-maseratti-20/;photos/Артекс/MASERATTI/Maseratti_20.jpg;https://artextkani.ru/wp-content/uploads/2026/03/maseratti-20.webp;artextkani.ru (официальный сайт);2026-09-30
Артекс;MASERATTI;Maseratti 21;графитовый;Велюр;100% PES;140;448 г/пм;30000;30 000 циклов;Китай;950;;Розничная цена за 1 п.м. (сайт);В наличии;https://artextkani.ru/product/mazeratti-21-maseratti-21/;photos/Артекс/MASERATTI/Maseratti_21.jpg;https://artextkani.ru/wp-content/uploads/2026/03/maseratti-21.webp;artextkani.ru (официальный сайт);2026-09-30
Артекс;SHARMELLE;Sharmelle 01;серый;Велюр;100% PES;140;672 г/пм;35000;35 000 циклов;Китай;1500;;Розничная цена за 1 п.м. (сайт);В наличии;https://artextkani.ru/product/sharmel-01-sharmelle-01/;photos/Артекс/SHARMELLE/Sharmelle_01.jpg;https://artextkani.ru/wp-content/uploads/2026/04/sharmelle-01-5.webp;artextkani.ru (официальный сайт);2026-09-30
Артекс;SHARMELLE;Sharmelle 02;серый;Велюр;100% PES;140;672 г/пм;35000;35 000 циклов;Китай;1500;;Розничная цена за 1 п.м. (сайт);В наличии;https://artextkani.ru/product/sharmel-02-sharmelle-02/;photos/Артекс/SHARMELLE/Sharmelle_02.jpg;https://artextkani.ru/wp-content/uploads/2026/04/sharmelle-02-2.webp;artextkani.ru (официальный сайт);2026-09-30
Артекс;SHARMELLE;Sharmelle 03;бежевый;Велюр;100% PES;140;672 г/пм;35000;35 000 циклов;Китай;1500;;Розничная цена за 1 п.м. (сайт);В наличии;https://artextkani.ru/product/sharmel-03-sharmelle-03/;photos/Артекс/SHARMELLE/Sharmelle_03.jpg;https://artextkani.ru/wp-content/uploads/2026/04/sharmelle-03.webp;artextkani.ru (официальный сайт);2026-09-30
Артекс;SHARMELLE;Sharmelle 04;бежевый, серый;Велюр;100% PES;140;672 г/пм;35000;35 000 циклов;Китай;1500;;Розничная цена за 1 п.м. (сайт);В наличии;https://artextkani.ru/product/sharmel-04-sharmelle-04/;photos/Артекс/SHARMELLE/Sharmelle_04.jpg;https://artextkani.ru/wp-content/uploads/2026/04/sharmelle-04-5.webp;artextkani.ru (официальный сайт);2026-09-30
Артекс;SHARMELLE;Sharmelle 05;бежевый;Велюр;100% PES;140;672 г/пм;35000;35 000 циклов;Китай;1500;;Розничная цена за 1 п.м. (сайт);В наличии;https://artextkani.ru/product/sharmel-05-sharmelle-05/;photos/Артекс/SHARMELLE/Sharmelle_05.jpg;https://artextkani.ru/wp-content/uploads/2026/04/sharmelle-05-3.webp;artextkani.ru (официальный сайт);2026-09-30
Артекс;SHARMELLE;Sharmelle 06;бежевый;Велюр;100% PES;140;672 г/пм;35000;35 000 циклов;Китай;1500;;Розничная цена за 1 п.м. (сайт);В наличии;https://artextkani.ru/product/sharmel-06-sharmelle-06/;photos/Артекс/SHARMELLE/Sharmelle_06.jpg;https://artextkani.ru/wp-content/uploads/2026/04/sharmelle-06-2.webp;artextkani.ru (официальный сайт);2026-09-30
Артекс;SHARMELLE;Sharmelle 07;коричневый;Велюр;100% PES;140;672 г/пм;35000;35 000 циклов;Китай;1500;;Розничная цена за 1 п.м. (сайт);В наличии;https://artextkani.ru/product/sharmel-07-sharmelle-07/;photos/Артекс/SHARMELLE/Sharmelle_07.jpg;https://artextkani.ru/wp-content/uploads/2026/04/sharmelle-07-2.webp;artextkani.ru (официальный сайт);2026-09-30
Артекс;SHARMELLE;Sharmelle 08;коричневый;Велюр;100% PES;140;672 г/пм;35000;35 000 циклов;Китай;1500;;Розничная цена за 1 п.м. (сайт);В наличии;https://artextkani.ru/product/sharmel-08-sharmelle-08/;photos/Артекс/SHARMELLE/Sharmelle_08.jpg;https://artextkani.ru/wp-content/uploads/2026/04/sharmelle-08-1.webp;artextkani.ru (официальный сайт);2026-09-30
Артекс;SHARMELLE;Sharmelle 09;терракотовый;Велюр;100% PES;140;672 г/пм;35000;35 000 циклов;Китай;1500;;Розничная цена за 1 п.м. (сайт);В наличии;https://artextkani.ru/product/sharmel-09-sharmelle-09/;photos/Артекс/SHARMELLE/Sharmelle_09.jpg;https://artextkani.ru/wp-content/uploads/2026/04/sharmelle-09.webp;artextkani.ru (официальный сайт);2026-09-30
Артекс;SHARMELLE;Sharmelle 10;бордовый;Велюр;100% PES;140;672 г/пм;35000;35 000 циклов;Китай;1500;;Розничная цена за 1 п.м. (сайт);В наличии;https://artextkani.ru/product/sharmel-10-sharmelle-10/;photos/Артекс/SHARMELLE/Sharmelle_10.jpg;https://artextkani.ru/wp-content/uploads/2026/04/sharmelle-10-3.webp;artextkani.ru (официальный сайт);2026-09-30
Артекс;SHARMELLE;Sharmelle 11;бежевый;Велюр;100% PES;140;672 г/пм;35000;35 000 циклов;Китай;1500;;Розничная цена за 1 п.м. (сайт);В наличии;https://artextkani.ru/product/sharmel-11-sharmelle-11/;photos/Артекс/SHARMELLE/Sharmelle_11.jpg;https://artextkani.ru/wp-content/uploads/2026/04/sharmelle-11-3.webp;artextkani.ru (официальный сайт);2026-09-30
Артекс;SHARMELLE;Sharmelle 12;зеленый;Велюр;100% PES;140;672 г/пм;35000;35 000 циклов;Китай;1500;;Розничная цена за 1 п.м. (сайт);В наличии;https://artextkani.ru/product/sharmel-12-sharmelle-12/;photos/Артекс/SHARMELLE/Sharmelle_12.jpg;https://artextkani.ru/wp-content/uploads/2026/04/sharmelle-12-2.webp;artextkani.ru (официальный сайт);2026-09-30
Артекс;SHARMELLE;Sharmelle 13;голубой;Велюр;100% PES;140;672 г/пм;35000;35 000 циклов;Китай;1500;;Розничная цена за 1 п.м. (сайт);В наличии;https://artextkani.ru/product/sharmel-13-sharmelle-13/;photos/Артекс/SHARMELLE/Sharmelle_13.jpg;https://artextkani.ru/wp-content/uploads/2026/04/sharmelle-13-3.webp;artextkani.ru (официальный сайт);2026-09-30
Артекс;SHARMELLE;Sharmelle 14;синий;Велюр;100% PES;140;672 г/пм;35000;35 000 циклов;Китай;1500;;Розничная цена за 1 п.м. (сайт);В наличии;https://artextkani.ru/product/sharmel-14-sharmelle-14/;photos/Артекс/SHARMELLE/Sharmelle_14.jpg;https://artextkani.ru/wp-content/uploads/2026/04/sharmelle-14-3.webp;artextkani.ru (официальный сайт);2026-09-30
Артекс;SHARMELLE;Sharmelle 15;серый;Велюр;100% PES;140;672 г/пм;35000;35 000 циклов;Китай;1500;;Розничная цена за 1 п.м. (сайт);В наличии;https://artextkani.ru/product/sharmel-15-sharmelle-15/;photos/Артекс/SHARMELLE/Sharmelle_15.jpg;https://artextkani.ru/wp-content/uploads/2026/04/sharmelle-15.webp;artextkani.ru (официальный сайт);2026-09-30
Артекс;SHARMELLE;Sharmelle 16;серый;Велюр;100% PES;140;672 г/пм;35000;35 000 циклов;Китай;1500;;Розничная цена за 1 п.м. (сайт);В наличии;https://artextkani.ru/product/sharmel-16-sharmelle-16/;photos/Артекс/SHARMELLE/Sharmelle_16.jpg;https://artextkani.ru/wp-content/uploads/2026/04/sharmelle-16-3.webp;artextkani.ru (официальный сайт);2026-09-30
Артекс;SHARMELLE;Sharmelle 17;черный;Велюр;100% PES;140;672 г/пм;35000;35 000 циклов;Китай;1500;;Розничная цена за 1 п.м. (сайт);В наличии;https://artextkani.ru/product/sharmel-17-sharmelle-17/;photos/Артекс/SHARMELLE/Sharmelle_17.jpg;https://artextkani.ru/wp-content/uploads/2026/04/sharmelle-17-5.webp;artextkani.ru (официальный сайт);2026-09-30
Артекс;STEFANO;Stefano 02;бежевый, коричневый;Велюр;100% PES;140;490 г/пм;100000;> 100 000 циклов;Китай;850;;Розничная цена за 1 п.м. (сайт);В наличии;https://artextkani.ru/product/stefano-02-stefano-02/;photos/Артекс/STEFANO/Stefano_02.jpg;https://artextkani.ru/wp-content/uploads/2025/11/stefano-02_volume-scaled.webp;artextkani.ru (официальный сайт);2026-09-30
Артекс;STEFANO;Stefano 03;бежевый;Велюр;100% PES;140;490 г/пм;100000;> 100 000 циклов;Китай;850;;Розничная цена за 1 п.м. (сайт);В наличии;https://artextkani.ru/product/stefano-03-stefano-03/;photos/Артекс/STEFANO/Stefano_03.jpg;https://artextkani.ru/wp-content/uploads/2025/11/stefano-03_volume-scaled.webp;artextkani.ru (официальный сайт);2026-09-30
Артекс;STEFANO;Stefano 06;бежевый, белый;Велюр;100% PES;140;490 г/пм;100000;> 100 000 циклов;Китай;850;;Розничная цена за 1 п.м. (сайт);В наличии;https://artextkani.ru/product/stefano-06-stefano-06/;photos/Артекс/STEFANO/Stefano_06.jpg;https://artextkani.ru/wp-content/uploads/2025/11/06-14-scaled.webp;artextkani.ru (официальный сайт);2026-09-30
Артекс;STEFANO;Stefano 07;бежевый;Велюр;100% PES;140;490 г/пм;100000;> 100 000 циклов;Китай;850;;Розничная цена за 1 п.м. (сайт);В наличии;https://artextkani.ru/product/stefano-07-stefano-07/;photos/Артекс/STEFANO/Stefano_07.jpg;https://artextkani.ru/wp-content/uploads/2025/11/stefano-7_volume-scaled.webp;artextkani.ru (официальный сайт);2026-09-30
Артекс;STEFANO;Stefano 08;серый;Велюр;100% PES;140;490 г/пм;100000;> 100 000 циклов;Китай;850;;Розничная цена за 1 п.м. (сайт);В наличии;https://artextkani.ru/product/stefano-08-stefano-08/;photos/Артекс/STEFANO/Stefano_08.jpg;https://artextkani.ru/wp-content/uploads/2025/11/stefano-8_volume-scaled.webp;artextkani.ru (официальный сайт);2026-09-30
Артекс;STEFANO;Stefano 10;графитовый;Велюр;100% PES;140;490 г/пм;100000;> 100 000 циклов;Китай;850;;Розничная цена за 1 п.м. (сайт);В наличии;https://artextkani.ru/product/stefano-10-stefano-10/;photos/Артекс/STEFANO/Stefano_10.jpg;https://artextkani.ru/wp-content/uploads/2025/11/stefano-10_volume-scaled.webp;artextkani.ru (официальный сайт);2026-09-30
Артекс;STEFANO;Stefano 12;зеленый;Велюр;100% PES;140;490 г/пм;100000;> 100 000 циклов;Китай;850;;Розничная цена за 1 п.м. (сайт);В наличии;https://artextkani.ru/product/stefano-12-stefano-12/;photos/Артекс/STEFANO/Stefano_12.jpg;https://artextkani.ru/wp-content/uploads/2025/11/stefano-12_volume-scaled.webp;artextkani.ru (официальный сайт);2026-09-30
Артекс;STEFANO;Stefano 14;зеленый, оливковый;Велюр;100% PES;140;490 г/пм;100000;> 100 000 циклов;Китай;850;;Розничная цена за 1 п.м. (сайт);В наличии;https://artextkani.ru/product/stefano-14-stefano-14/;photos/Артекс/STEFANO/Stefano_14.jpg;https://artextkani.ru/wp-content/uploads/2025/11/stefano-14_volume-scaled.webp;artextkani.ru (официальный сайт);2026-09-30
Артекс;STEFANO;Stefano 17;бежевый;Велюр;100% PES;140;490 г/пм;100000;> 100 000 циклов;Китай;850;;Розничная цена за 1 п.м. (сайт);В наличии;https://artextkani.ru/product/stefano-17-stefano-17/;photos/Артекс/STEFANO/Stefano_17.jpg;https://artextkani.ru/wp-content/uploads/2025/11/stefano-17_volume-scaled.webp;artextkani.ru (официальный сайт);2026-09-30
Артекс;TRINITY;Trinity 01;бежевый, белый;Велюр;100% PES;140;355 г/пм;210000;210 000 циклов;Китай;500;900;Розничная цена за 1 п.м. (сайт);Наличие по запросу;https://artextkani.ru/product/triniti-01-trinity-01/;photos/Артекс/TRINITY/Trinity_01.jpg;https://artextkani.ru/wp-content/uploads/2021/12/01-9.webp;artextkani.ru (официальный сайт);2026-09-30
Артекс;TRINITY;Trinity 02;бежевый;Велюр;100% PES;140;355 г/пм;210000;210 000 циклов;Китай;500;900;Розничная цена за 1 п.м. (сайт);Наличие по запросу;https://artextkani.ru/product/triniti-02-trinity-02/;photos/Артекс/TRINITY/Trinity_02.jpg;https://artextkani.ru/wp-content/uploads/2026/04/trinity-02-11.webp;artextkani.ru (официальный сайт);2026-09-30
Артекс;TRINITY;Trinity 03;бежевый;Велюр;100% PES;140;355 г/пм;210000;210 000 циклов;Китай;500;900;Розничная цена за 1 п.м. (сайт);Наличие по запросу;https://artextkani.ru/product/triniti-03-trinity-03/;photos/Артекс/TRINITY/Trinity_03.jpg;https://artextkani.ru/wp-content/uploads/2021/12/03-5.webp;artextkani.ru (официальный сайт);2026-09-30
Артекс;TRINITY;Trinity 05;бежевый;Велюр;100% PES;140;355 г/пм;210000;210 000 циклов;Китай;500;900;Розничная цена за 1 п.м. (сайт);В наличии;https://artextkani.ru/product/triniti-05-trinity-05/;photos/Артекс/TRINITY/Trinity_05.jpg;https://artextkani.ru/wp-content/uploads/2026/04/trinity-05.webp;artextkani.ru (официальный сайт);2026-09-30
Артекс;TRINITY;Trinity 07;коричневый;Велюр;100% PES;140;355 г/пм;210000;210 000 циклов;Китай;500;900;Розничная цена за 1 п.м. (сайт);Наличие по запросу;https://artextkani.ru/product/triniti-07-trinity-07/;photos/Артекс/TRINITY/Trinity_07.jpg;https://artextkani.ru/wp-content/uploads/2021/12/07-7.webp;artextkani.ru (официальный сайт);2026-09-30
Артекс;TRINITY;Trinity 11;фиолетовый;Велюр;100% PES;140;355 г/пм;210000;210 000 циклов;Китай;500;900;Розничная цена за 1 п.м. (сайт);Наличие по запросу;https://artextkani.ru/product/triniti-11-trinity-11/;photos/Артекс/TRINITY/Trinity_11.jpg;https://artextkani.ru/wp-content/uploads/2021/12/11-13.webp;artextkani.ru (официальный сайт);2026-09-30
Артекс;TRINITY;Trinity 14;серый;Велюр;100% PES;140;355 г/пм;210000;210 000 циклов;Китай;500;900;Розничная цена за 1 п.м. (сайт);Наличие по запросу;https://artextkani.ru/product/triniti-14-trinity-14/;photos/Артекс/TRINITY/Trinity_14.jpg;https://artextkani.ru/wp-content/uploads/2026/04/trinity-14.webp;artextkani.ru (официальный сайт);2026-09-30
Артекс;TRINITY;Trinity 16;черный;Велюр;100% PES;140;355 г/пм;210000;210 000 циклов;Китай;500;900;Розничная цена за 1 п.м. (сайт);Наличие по запросу;https://artextkani.ru/product/triniti-16-trinity-16/;photos/Артекс/TRINITY/Trinity_16.jpg;https://artextkani.ru/wp-content/uploads/2026/04/trinity-16.webp;artextkani.ru (официальный сайт);2026-09-30
Артекс;TRINITY;Trinity 21;ментоловый;Велюр;100% PES;140;355 г/пм;210000;210 000 циклов;Китай;500;900;Розничная цена за 1 п.м. (сайт);Наличие по запросу;https://artextkani.ru/product/triniti-21-trinity-21/;photos/Артекс/TRINITY/Trinity_21.jpg;https://artextkani.ru/wp-content/uploads/2021/12/21-13.webp;artextkani.ru (официальный сайт);2026-09-30
Артекс;TRINITY;Trinity 22;серый;Велюр;100% PES;140;355 г/пм;210000;210 000 циклов;Китай;500;900;Розничная цена за 1 п.м. (сайт);Наличие по запросу;https://artextkani.ru/product/triniti-22-trinity-22/;photos/Артекс/TRINITY/Trinity_22.jpg;https://artextkani.ru/wp-content/uploads/2021/12/22-8.webp;artextkani.ru (официальный сайт);2026-09-30
Артекс;TRINITY;Trinity 25;терракотовый;Велюр;100% PES;140;355 г/пм;210000;210 000 циклов;Китай;500;900;Розничная цена за 1 п.м. (сайт);Наличие по запросу;https://artextkani.ru/product/triniti-25-trinity-25/;photos/Артекс/TRINITY/Trinity_25.jpg;https://artextkani.ru/wp-content/uploads/2026/04/trinity-25-rust.webp;artextkani.ru (официальный сайт);2026-09-30
Артекс;TRINITY;Trinity 26;оранжевый;Велюр;100% PES;140;355 г/пм;210000;210 000 циклов;Китай;500;900;Розничная цена за 1 п.м. (сайт);Наличие по запросу;https://artextkani.ru/product/triniti-26-trinity-26/;photos/Артекс/TRINITY/Trinity_26.jpg;https://artextkani.ru/wp-content/uploads/2026/04/trinity-26-amber.webp;artextkani.ru (официальный сайт);2026-09-30
Артекс;TRINITY;Trinity 27;зеленый, оливковый;Велюр;100% PES;140;355 г/пм;210000;210 000 циклов;Китай;500;900;Розничная цена за 1 п.м. (сайт);Наличие по запросу;https://artextkani.ru/product/triniti-27-trinity-27/;photos/Артекс/TRINITY/Trinity_27.jpg;https://artextkani.ru/wp-content/uploads/2026/04/trinity-27-olive.webp;artextkani.ru (официальный сайт);2026-09-30
Артекс;TRINITY;Trinity 28;зеленый;Велюр;100% PES;140;355 г/пм;210000;210 000 циклов;Китай;500;900;Розничная цена за 1 п.м. (сайт);В наличии;https://artextkani.ru/product/triniti-28-trinity-28/;photos/Артекс/TRINITY/Trinity_28.jpg;https://artextkani.ru/wp-content/uploads/2026/04/trinity-28-bottle-green.webp;artextkani.ru (официальный сайт);2026-09-30
Артекс;TRINITY;Trinity 29;голубой;Велюр;100% PES;140;355 г/пм;210000;210 000 циклов;Китай;500;900;Розничная цена за 1 п.м. (сайт);Наличие по запросу;https://artextkani.ru/product/triniti-29-trinity-29/;photos/Артекс/TRINITY/Trinity_29.jpg;https://artextkani.ru/wp-content/uploads/2026/04/trinity-29-peacock.webp;artextkani.ru (официальный сайт);2026-09-30
Артекс;TRINITY;Trinity 30;синий;Велюр;100% PES;140;355 г/пм;210000;210 000 циклов;Китай;500;900;Розничная цена за 1 п.м. (сайт);В наличии;https://artextkani.ru/product/triniti-30-trinity-30/;photos/Артекс/TRINITY/Trinity_30.jpg;https://artextkani.ru/wp-content/uploads/2026/04/trinity-30-deep-blue.webp;artextkani.ru (официальный сайт);2026-09-30
Артекс;TRINITY;Trinity 31;синий;Велюр;100% PES;140;355 г/пм;210000;210 000 циклов;Китай;500;900;Розничная цена за 1 п.м. (сайт);Наличие по запросу;https://artextkani.ru/product/triniti-31-trinity-31/;photos/Артекс/TRINITY/Trinity_31.jpg;https://artextkani.ru/wp-content/uploads/2026/04/trinity-31-marine.webp;artextkani.ru (официальный сайт);2026-09-30
Артекс;TRINITY;Trinity 32;серый;Велюр;100% PES;140;355 г/пм;210000;210 000 циклов;Китай;500;900;Розничная цена за 1 п.м. (сайт);Наличие по запросу;https://artextkani.ru/product/triniti-32-trinity-32/;photos/Артекс/TRINITY/Trinity_32.jpg;https://artextkani.ru/wp-content/uploads/2026/04/trinity-32-silver.webp;artextkani.ru (официальный сайт);2026-09-30
Артекс;TRIUMPH;Triumph 01 речной жемчуг;белый, серый;Велюр;100% PES;140;490 г/пм;125000;125 000 циклов;Китай;950;;Розничная цена за 1 п.м. (сайт);В наличии;https://artextkani.ru/product/triumf-01-rechnoj-zhemchug-triumph-01-rechnoj-zhemchug/;photos/Артекс/TRIUMPH/Triumph_01_речной_жемчуг.jpg;https://artextkani.ru/wp-content/uploads/2026/02/triumph-01-rechnoj-zhemchug.webp;artextkani.ru (официальный сайт);2026-09-30
Артекс;TRIUMPH;Triumph 02 сливочный пломбир;бежевый, белый;Велюр;100% PES;140;490 г/пм;125000;125 000 циклов;Китай;950;;Розничная цена за 1 п.м. (сайт);В наличии;https://artextkani.ru/product/triumf-02-slivochnyj-plombir-triumph-02-slivochnyj-plombir/;photos/Артекс/TRIUMPH/Triumph_02_сливочный_пломбир.jpg;https://artextkani.ru/wp-content/uploads/2026/02/triumph-02-slivochnyj-plombir-.webp;artextkani.ru (официальный сайт);2026-09-30
Артекс;TRIUMPH;Triumph 03 кофейная панакота;бежевый;Велюр;100% PES;140;490 г/пм;125000;125 000 циклов;Китай;950;;Розничная цена за 1 п.м. (сайт);В наличии;https://artextkani.ru/product/triumf-03-kofejnaya-panakota-triumph-03-kofejnaya-panakota/;photos/Артекс/TRIUMPH/Triumph_03_кофейная_панакота.jpg;https://artextkani.ru/wp-content/uploads/2026/02/triumph-03-kofejnaya-panakota.webp;artextkani.ru (официальный сайт);2026-09-30
Артекс;TRIUMPH;Triumph 07 брусничный конфитюр;красный;Велюр;100% PES;140;490 г/пм;125000;125 000 циклов;Китай;950;;Розничная цена за 1 п.м. (сайт);В наличии;https://artextkani.ru/product/triumf-07-brusnichnyj-konfityur-triumph-07-brusnichnyj-konfityur/;photos/Артекс/TRIUMPH/Triumph_07_брусничный_конфитюр.jpg;https://artextkani.ru/wp-content/uploads/2026/02/triumph-07-brusnichnyj-konfityur.webp;artextkani.ru (официальный сайт);2026-09-30
Артекс;TRIUMPH;Triumph 08 гречишный мед;желтый, золотой;Велюр;100% PES;140;490 г/пм;125000;125 000 циклов;Китай;950;;Розничная цена за 1 п.м. (сайт);В наличии;https://artextkani.ru/product/triumf-08-grechishnyj-med-triumph-08-grechishnyj-med/;photos/Артекс/TRIUMPH/Triumph_08_гречишный_мед.jpg;https://artextkani.ru/wp-content/uploads/2026/02/triumph-08-grechishnyj-med.webp;artextkani.ru (официальный сайт);2026-09-30
Артекс;TRIUMPH;Triumph 09 спелая оливка;зеленый, оливковый;Велюр;100% PES;140;490 г/пм;125000;125 000 циклов;Китай;950;;Розничная цена за 1 п.м. (сайт);В наличии;https://artextkani.ru/product/triumf-09-spelaya-olivka-triumph-09-spelaya-olivka/;photos/Артекс/TRIUMPH/Triumph_09_спелая_оливка.jpg;https://artextkani.ru/wp-content/uploads/2026/02/triumph-09-spelaya-olivka.webp;artextkani.ru (официальный сайт);2026-09-30
Артекс;TRIUMPH;Triumph 10 аромат хвои;зеленый;Велюр;100% PES;140;490 г/пм;125000;125 000 циклов;Китай;950;;Розничная цена за 1 п.м. (сайт);В наличии;https://artextkani.ru/product/triumf-10-aromat-hvoi-triumph-10-aromat-hvoi/;photos/Артекс/TRIUMPH/Triumph_10_аромат_хвои.jpg;https://artextkani.ru/wp-content/uploads/2026/02/triumph-10-aromat-hvoi.webp;artextkani.ru (официальный сайт);2026-09-30
Артекс;TRIUMPH;Triumph 11 арабская ночь;синий;Велюр;100% PES;140;490 г/пм;125000;125 000 циклов;Китай;950;;Розничная цена за 1 п.м. (сайт);В наличии;https://artextkani.ru/product/triumf-11-arabskaya-noch-triumph-11-arabskaya-noch/;photos/Артекс/TRIUMPH/Triumph_11_арабская_ночь.jpg;https://artextkani.ru/wp-content/uploads/2026/02/triumph-11-arabskaya-noch.webp;artextkani.ru (официальный сайт);2026-09-30
Артекс;TRIUMPH;Triumph 12 темный океан;зеленый, синий;Велюр;100% PES;140;490 г/пм;125000;125 000 циклов;Китай;950;;Розничная цена за 1 п.м. (сайт);В наличии;https://artextkani.ru/product/triumf-12-temnyj-okean-triumph-12-temnyj-okean/;photos/Артекс/TRIUMPH/Triumph_12_темный_океан.jpg;https://artextkani.ru/wp-content/uploads/2026/02/triumph-12-temnyj-okean.webp;artextkani.ru (официальный сайт);2026-09-30
Артекс;TRIUMPH;Triumph 14 розовый топаз;розовый;Велюр;100% PES;140;490 г/пм;125000;125 000 циклов;Китай;950;;Розничная цена за 1 п.м. (сайт);В наличии;https://artextkani.ru/product/triumf-14-rozovyj-topaz-triumph-14-rozovyj-topaz/;photos/Артекс/TRIUMPH/Triumph_14_розовый_топаз.jpg;https://artextkani.ru/wp-content/uploads/2026/02/triumph-14-rozovyj-topaz.webp;artextkani.ru (официальный сайт);2026-09-30
Артекс;TRIUMPH;Triumph 15 серебристый мох;серый;Велюр;100% PES;140;490 г/пм;125000;125 000 циклов;Китай;950;;Розничная цена за 1 п.м. (сайт);В наличии;https://artextkani.ru/product/triumf-15-serebristyj-moh-triumph-15-serebristyj-moh/;photos/Артекс/TRIUMPH/Triumph_15_серебристый_мох.jpg;https://artextkani.ru/wp-content/uploads/2026/02/triumph-15-serebristyj-moh.webp;artextkani.ru (официальный сайт);2026-09-30
Артекс;TRIUMPH;Triumph 16 стальной;серый;Велюр;100% PES;140;490 г/пм;125000;125 000 циклов;Китай;950;;Розничная цена за 1 п.м. (сайт);В наличии;https://artextkani.ru/product/triumf-16-stalnoj-triumph-16-stalnoj/;photos/Артекс/TRIUMPH/Triumph_16_стальной.jpg;https://artextkani.ru/wp-content/uploads/2026/02/triumph-16-stalnoj.webp;artextkani.ru (официальный сайт);2026-09-30
Артекс;TRIUMPH;Triumph 17 горячий капучино;коричневый;Велюр;100% PES;140;490 г/пм;125000;125 000 циклов;Китай;950;;Розничная цена за 1 п.м. (сайт);В наличии;https://artextkani.ru/product/triumf-17-goryachij-kapuchino-triumph-17-goryachij-kapuchino/;photos/Артекс/TRIUMPH/Triumph_17_горячий_капучино.jpg;https://artextkani.ru/wp-content/uploads/2026/02/triumph-17-goryachij-kapuchino.webp;artextkani.ru (официальный сайт);2026-09-30
Артекс;TRIUMPH;Triumph 18 мокрый асфальт;серый;Велюр;100% PES;140;490 г/пм;125000;125 000 циклов;Китай;950;;Розничная цена за 1 п.м. (сайт);В наличии;https://artextkani.ru/product/triumf-18-mokryj-asfalt-triumph-18-mokryj-asfalt/;photos/Артекс/TRIUMPH/Triumph_18_мокрый_асфальт.jpg;https://artextkani.ru/wp-content/uploads/2026/02/triumph-18-mokryj-asfalt.webp;artextkani.ru (официальный сайт);2026-09-30
Артекс;TRIUMPH;Triumph 19 вулканический песок;коричневый, серый;Велюр;100% PES;140;490 г/пм;125000;125 000 циклов;Китай;950;;Розничная цена за 1 п.м. (сайт);В наличии;https://artextkani.ru/product/triumf-19-vulkanicheskij-pesok-triumph-19-vulkanicheskij-pesok/;photos/Артекс/TRIUMPH/Triumph_19_вулканический_песок.jpg;https://artextkani.ru/wp-content/uploads/2026/02/triumph-19-vulkanicheskij-pesok.webp;artextkani.ru (официальный сайт);2026-09-30
Артекс;TRIUMPH;Triumph 20 черный бриллиант;черный;Велюр;100% PES;140;490 г/пм;125000;125 000 циклов;Китай;950;;Розничная цена за 1 п.м. (сайт);В наличии;https://artextkani.ru/product/triumf-20-chernyj-brilliant-triumph-20-chernyj-brilliant/;photos/Артекс/TRIUMPH/Triumph_20_черный_бриллиант.jpg;https://artextkani.ru/wp-content/uploads/2026/02/triumph-20-chernyj-brilliant.webp;artextkani.ru (официальный сайт);2026-09-30
Артекс;TRIUMPH;Triumph 29 кофе гляссе;бежевый, коричневый;Велюр;100% PES;140;490 г/пм;125000;125 000 циклов;Китай;950;;Розничная цена за 1 п.м. (сайт);В наличии;https://artextkani.ru/product/triumf-29-kofe-glyasse-triumph-29-kofe-glyasse/;photos/Артекс/TRIUMPH/Triumph_29_кофе_гляссе.jpg;https://artextkani.ru/wp-content/uploads/2026/02/triumph-29-kofe-glyasse.webp;artextkani.ru (официальный сайт);2026-09-30
Артекс;TRIUMPH;Triumph 30 лист табака;коричневый;Велюр;100% PES;140;490 г/пм;125000;125 000 циклов;Китай;950;;Розничная цена за 1 п.м. (сайт);В наличии;https://artextkani.ru/product/triumf-30-list-tabaka-triumph-30-list-tabaka/;photos/Артекс/TRIUMPH/Triumph_30_лист_табака.jpg;https://artextkani.ru/wp-content/uploads/2026/02/triumph-30-list-tabaka.webp;artextkani.ru (официальный сайт);2026-09-30
Артекс;TRIUMPH;Triumph 31 коричневая сепия;коричневый;Велюр;100% PES;140;490 г/пм;125000;125 000 циклов;Китай;950;;Розничная цена за 1 п.м. (сайт);В наличии;https://artextkani.ru/product/triumf-31-korichnevaya-sepiya-triumph-31-korichnevaya-sepiya/;photos/Артекс/TRIUMPH/Triumph_31_коричневая_сепия.jpg;https://artextkani.ru/wp-content/uploads/2026/02/triumph-31-korichnevaya-sepiya.webp;artextkani.ru (официальный сайт);2026-09-30
Артекс;TRIUMPH;Triumph 32 спелый гранат;бордовый;Велюр;100% PES;140;490 г/пм;125000;125 000 циклов;Китай;950;;Розничная цена за 1 п.м. (сайт);В наличии;https://artextkani.ru/product/triumf-32-spelyj-granat-triumph-32-spelyj-granat/;photos/Артекс/TRIUMPH/Triumph_32_спелый_гранат.jpg;https://artextkani.ru/wp-content/uploads/2026/02/triumph-32-spelyj-granat.webp;artextkani.ru (официальный сайт);2026-09-30
Артекс;TRIUMPH;Triumph 33 медный браслет;оранжевый;Велюр;100% PES;140;490 г/пм;125000;125 000 циклов;Китай;950;;Розничная цена за 1 п.м. (сайт);В наличии;https://artextkani.ru/product/triumf-33-mednyj-braslet-triumph-33-mednyj-braslet/;photos/Артекс/TRIUMPH/Triumph_33_медный_браслет.jpg;https://artextkani.ru/wp-content/uploads/2026/02/triumph-33-mednyj-braslet.webp;artextkani.ru (официальный сайт);2026-09-30
Артекс;TRIUMPH;Triumph 34 золотая горчица;оливковый;Велюр;100% PES;140;490 г/пм;125000;125 000 циклов;Китай;950;;Розничная цена за 1 п.м. (сайт);В наличии;https://artextkani.ru/product/triumf-34-zolotaya-gorchicza-triumph-34-zolotaya-gorchicza/;photos/Артекс/TRIUMPH/Triumph_34_золотая_горчица.jpg;https://artextkani.ru/wp-content/uploads/2026/02/triumph-34-zolotaya-gorchicza.webp;artextkani.ru (официальный сайт);2026-09-30
Артекс;TRIUMPH;Triumph 35 зеленая маслина;зеленый, оливковый;Велюр;100% PES;140;490 г/пм;125000;125 000 циклов;Китай;950;;Розничная цена за 1 п.м. (сайт);В наличии;https://artextkani.ru/product/triumf-35-zelenaya-maslina-triumph-35-zelenaya-maslina/;photos/Артекс/TRIUMPH/Triumph_35_зеленая_маслина.jpg;https://artextkani.ru/wp-content/uploads/2026/02/triumph-35-zelenaya-maslina.webp;artextkani.ru (официальный сайт);2026-09-30
Артекс;TRIUMPH;Triumph 36 глубокая бирюза;зеленый, синий;Велюр;100% PES;140;490 г/пм;125000;125 000 циклов;Китай;950;;Розничная цена за 1 п.м. (сайт);В наличии;https://artextkani.ru/product/triumf-36-glubokaya-biryuza-triumph-36-glubokaya-biryuza/;photos/Артекс/TRIUMPH/Triumph_36_глубокая_бирюза.jpg;https://artextkani.ru/wp-content/uploads/2026/02/triumph-36-glubokaya-biryuza.webp;artextkani.ru (официальный сайт);2026-09-30
Артекс;TRIUMPH;Triumph 37 темный сапфир;синий;Велюр;100% PES;140;490 г/пм;125000;125 000 циклов;Китай;950;;Розничная цена за 1 п.м. (сайт);В наличии;https://artextkani.ru/product/triumf-37-temnyj-sapfir-triumph-37-temnyj-sapfir/;photos/Артекс/TRIUMPH/Triumph_37_темный_сапфир.jpg;https://artextkani.ru/wp-content/uploads/2026/02/triumph-37-temnyj-sapfir.webp;artextkani.ru (официальный сайт);2026-09-30
Артекс;TRIUMPH Collection;TRIUMPH COLLECTION КВАДРО 01;серый;Велюр;100% PES;140;500 г/пм;100000;> 100 000 циклов;Китай;1200;2500;Розничная цена за 1 п.м. (сайт);Наличие по запросу;https://artextkani.ru/product/triumf-kollekcziya-kvadro-01-triumph-collection-kvadro-01/;photos/Артекс/TRIUMPH_Collection/TRIUMPH_COLLECTION_КВАДРО_01.jpg;https://artextkani.ru/wp-content/uploads/2021/12/kvadro-01.webp;artextkani.ru (официальный сайт);2026-09-30
Артекс;TRIUMPH Collection;TRIUMPH COLLECTION КВАДРО 08;желтый;Велюр;100% PES;140;500 г/пм;100000;> 100 000 циклов;Китай;1200;2500;Розничная цена за 1 п.м. (сайт);Нет в наличии;https://artextkani.ru/product/triumf-kollekcziya-kvadro-08-triumph-collection-kvadro-08/;photos/Артекс/TRIUMPH_Collection/TRIUMPH_COLLECTION_КВАДРО_08.jpg;https://artextkani.ru/wp-content/uploads/2021/12/kvadro-8.webp;artextkani.ru (официальный сайт);2026-09-30
Артекс;TRIUMPH Collection;TRIUMPH COLLECTION КВАДРО 11;синий;Велюр;100% PES;140;500 г/пм;100000;> 100 000 циклов;Китай;1200;2500;Розничная цена за 1 п.м. (сайт);В наличии;https://artextkani.ru/product/triumf-kollekcziya-kvadro-11-triumph-collection-kvadro-11/;photos/Артекс/TRIUMPH_Collection/TRIUMPH_COLLECTION_КВАДРО_11.jpg;https://artextkani.ru/wp-content/uploads/2021/12/kvadro-11.webp;artextkani.ru (официальный сайт);2026-09-30
Артекс;TRIUMPH Collection;TRIUMPH COLLECTION КВАДРО 12;зеленый, синий;Велюр;100% PES;140;500 г/пм;100000;> 100 000 циклов;Китай;1200;2500;Розничная цена за 1 п.м. (сайт);В наличии;https://artextkani.ru/product/triumf-kollekcziya-kvadro-12-triumph-collection-kvadro-12/;photos/Артекс/TRIUMPH_Collection/TRIUMPH_COLLECTION_КВАДРО_12.jpg;https://artextkani.ru/wp-content/uploads/2021/12/kvadro-12.webp;artextkani.ru (официальный сайт);2026-09-30
Артекс;TRIUMPH Collection;TRIUMPH COLLECTION КВАДРО 14;розовый;Велюр;100% PES;140;500 г/пм;100000;> 100 000 циклов;Китай;1200;2500;Розничная цена за 1 п.м. (сайт);Наличие по запросу;https://artextkani.ru/product/triumf-kollekcziya-kvadro-14-triumph-collection-kvadro-14/;photos/Артекс/TRIUMPH_Collection/TRIUMPH_COLLECTION_КВАДРО_14.jpg;https://artextkani.ru/wp-content/uploads/2021/12/kvadro-14.webp;artextkani.ru (официальный сайт);2026-09-30
Артекс;TRIUMPH Collection;TRIUMPH COLLECTION КВАДРО 16;серый;Велюр;100% PES;140;500 г/пм;100000;> 100 000 циклов;Китай;1200;2500;Розничная цена за 1 п.м. (сайт);Нет в наличии;https://artextkani.ru/product/triumf-kollekcziya-kvadro-16-triumph-collection-kvadro-16/;photos/Артекс/TRIUMPH_Collection/TRIUMPH_COLLECTION_КВАДРО_16.jpg;https://artextkani.ru/wp-content/uploads/2021/12/kvadro-16.webp;artextkani.ru (официальный сайт);2026-09-30
Артекс;TRIUMPH Collection;TRIUMPH COLLECTION КВАДРО 17;коричневый, серый;Велюр;100% PES;140;500 г/пм;100000;> 100 000 циклов;Китай;1200;2500;Розничная цена за 1 п.м. (сайт);Наличие по запросу;https://artextkani.ru/product/triumf-kollekcziya-kvadro-17-triumph-collection-kvadro-17/;photos/Артекс/TRIUMPH_Collection/TRIUMPH_COLLECTION_КВАДРО_17.jpg;https://artextkani.ru/wp-content/uploads/2021/12/kvadro-17.webp;artextkani.ru (официальный сайт);2026-09-30
Артекс;TRIUMPH Collection;TRIUMPH COLLECTION ЛАЙН 01;серый;Велюр;100% PES;140;500 г/пм;100000;> 100 000 циклов;Китай;1200;2500;Розничная цена за 1 п.м. (сайт);Наличие по запросу;https://artextkani.ru/product/triumf-kollekcziya-lajn-01-triumph-collection-lajn-01/;photos/Артекс/TRIUMPH_Collection/TRIUMPH_COLLECTION_ЛАЙН_01.jpg;https://artextkani.ru/wp-content/uploads/2021/12/lai-n-01.webp;artextkani.ru (официальный сайт);2026-09-30
Артекс;TRIUMPH Collection;TRIUMPH COLLECTION ЛАЙН 08;желтый;Велюр;100% PES;140;500 г/пм;100000;> 100 000 циклов;Китай;1200;2500;Розничная цена за 1 п.м. (сайт);Наличие по запросу;https://artextkani.ru/product/triumf-kollekcziya-lajn-08-triumph-collection-lajn-08/;photos/Артекс/TRIUMPH_Collection/TRIUMPH_COLLECTION_ЛАЙН_08.jpg;https://artextkani.ru/wp-content/uploads/2021/12/lai-n-08.webp;artextkani.ru (официальный сайт);2026-09-30
Артекс;TRIUMPH Collection;TRIUMPH COLLECTION ЛАЙН 11;синий;Велюр;100% PES;140;500 г/пм;100000;> 100 000 циклов;Китай;1200;2500;Розничная цена за 1 п.м. (сайт);Нет в наличии;https://artextkani.ru/product/triumf-kollekcziya-lajn-11-triumph-collection-lajn-11/;photos/Артекс/TRIUMPH_Collection/TRIUMPH_COLLECTION_ЛАЙН_11.jpg;https://artextkani.ru/wp-content/uploads/2021/12/lai-n-11.webp;artextkani.ru (официальный сайт);2026-09-30
Артекс;TRIUMPH Collection;TRIUMPH COLLECTION ЛАЙН 12;зеленый, синий;Велюр;100% PES;140;500 г/пм;100000;> 100 000 циклов;Китай;1200;2500;Розничная цена за 1 п.м. (сайт);В наличии;https://artextkani.ru/product/triumf-kollekcziya-lajn-12-triumph-collection-lajn-12/;photos/Артекс/TRIUMPH_Collection/TRIUMPH_COLLECTION_ЛАЙН_12.jpg;https://artextkani.ru/wp-content/uploads/2021/12/lai-n-12.webp;artextkani.ru (официальный сайт);2026-09-30
Артекс;TRIUMPH Collection;TRIUMPH COLLECTION ЛАЙН 14;розовый;Велюр;100% PES;140;500 г/пм;100000;> 100 000 циклов;Китай;1200;2500;Розничная цена за 1 п.м. (сайт);Наличие по запросу;https://artextkani.ru/product/triumf-kollekcziya-lajn-14-triumph-collection-lajn-14/;photos/Артекс/TRIUMPH_Collection/TRIUMPH_COLLECTION_ЛАЙН_14.jpg;https://artextkani.ru/wp-content/uploads/2021/12/lai-n-14.webp;artextkani.ru (официальный сайт);2026-09-30
Артекс;TRIUMPH Collection;TRIUMPH COLLECTION ЛАЙН 16;серый;Велюр;100% PES;140;500 г/пм;100000;> 100 000 циклов;Китай;1200;2500;Розничная цена за 1 п.м. (сайт);В наличии;https://artextkani.ru/product/triumf-kollekcziya-lajn-16-triumph-collection-lajn-16/;photos/Артекс/TRIUMPH_Collection/TRIUMPH_COLLECTION_ЛАЙН_16.jpg;https://artextkani.ru/wp-content/uploads/2021/12/lai-n-16.webp;artextkani.ru (официальный сайт);2026-09-30
Артекс;TRIUMPH Collection;TRIUMPH COLLECTION ЛАЙН 17;коричневый, серый;Велюр;100% PES;140;500 г/пм;100000;> 100 000 циклов;Китай;1200;2500;Розничная цена за 1 п.м. (сайт);В наличии;https://artextkani.ru/product/triumf-kollekcziya-lajn-17-triumph-collection-lajn-17/;photos/Артекс/TRIUMPH_Collection/TRIUMPH_COLLECTION_ЛАЙН_17.jpg;https://artextkani.ru/wp-content/uploads/2021/12/lai-n-17.webp;artextkani.ru (официальный сайт);2026-09-30
Артекс;TRIUMPH Collection;TRIUMPH COLLECTION ПИКСЕЛЬ 01;серый;Велюр;100% PES;140;500 г/пм;100000;> 100 000 циклов;Китай;1200;2500;Розничная цена за 1 п.м. (сайт);В наличии;https://artextkani.ru/product/triumf-kollekcziya-piksel-01-triumph-collection-piksel-01/;photos/Артекс/TRIUMPH_Collection/TRIUMPH_COLLECTION_ПИКСЕЛЬ_01.jpg;https://artextkani.ru/wp-content/uploads/2021/12/piksel-01.webp;artextkani.ru (официальный сайт);2026-09-30
Артекс;TRIUMPH Collection;TRIUMPH COLLECTION ПИКСЕЛЬ 08;желтый;Велюр;100% PES;140;500 г/пм;100000;> 100 000 циклов;Китай;1200;2500;Розничная цена за 1 п.м. (сайт);Наличие по запросу;https://artextkani.ru/product/triumf-kollekcziya-piksel-08-triumph-collection-piksel-08/;photos/Артекс/TRIUMPH_Collection/TRIUMPH_COLLECTION_ПИКСЕЛЬ_08.jpg;https://artextkani.ru/wp-content/uploads/2021/12/piksel-08.webp;artextkani.ru (официальный сайт);2026-09-30
Артекс;TRIUMPH Collection;TRIUMPH COLLECTION ПИКСЕЛЬ 11;синий;Велюр;100% PES;140;500 г/пм;100000;> 100 000 циклов;Китай;1200;2500;Розничная цена за 1 п.м. (сайт);В наличии;https://artextkani.ru/product/triumf-kollekcziya-piksel-11-triumph-collection-piksel-11/;photos/Артекс/TRIUMPH_Collection/TRIUMPH_COLLECTION_ПИКСЕЛЬ_11.jpg;https://artextkani.ru/wp-content/uploads/2021/12/piksel-11.webp;artextkani.ru (официальный сайт);2026-09-30
Артекс;TRIUMPH Collection;TRIUMPH COLLECTION ПИКСЕЛЬ 12;зеленый, синий;Велюр;100% PES;140;500 г/пм;100000;> 100 000 циклов;Китай;1200;2500;Розничная цена за 1 п.м. (сайт);В наличии;https://artextkani.ru/product/triumf-kollekcziya-piksel-12-triumph-collection-piksel-12/;photos/Артекс/TRIUMPH_Collection/TRIUMPH_COLLECTION_ПИКСЕЛЬ_12.jpg;https://artextkani.ru/wp-content/uploads/2021/12/piksel-12.webp;artextkani.ru (официальный сайт);2026-09-30
Артекс;TRIUMPH Collection;TRIUMPH COLLECTION ПИКСЕЛЬ 14;розовый;Велюр;100% PES;140;500 г/пм;100000;> 100 000 циклов;Китай;1200;2500;Розничная цена за 1 п.м. (сайт);Нет в наличии;https://artextkani.ru/product/triumf-kollekcziya-piksel-14-triumph-collection-piksel-14/;photos/Артекс/TRIUMPH_Collection/TRIUMPH_COLLECTION_ПИКСЕЛЬ_14.jpg;https://artextkani.ru/wp-content/uploads/2021/12/piksel-14.webp;artextkani.ru (официальный сайт);2026-09-30
Артекс;TRIUMPH Collection;TRIUMPH COLLECTION ПИКСЕЛЬ 16;серый;Велюр;100% PES;140;500 г/пм;100000;> 100 000 циклов;Китай;1200;2500;Розничная цена за 1 п.м. (сайт);Наличие по запросу;https://artextkani.ru/product/triumf-kollekcziya-piksel-16-triumph-collection-piksel-16/;photos/Артекс/TRIUMPH_Collection/TRIUMPH_COLLECTION_ПИКСЕЛЬ_16.jpg;https://artextkani.ru/wp-content/uploads/2021/12/piksel-16.webp;artextkani.ru (официальный сайт);2026-09-30
Артекс;TRIUMPH Collection;TRIUMPH COLLECTION ПИКСЕЛЬ 17;коричневый, серый;Велюр;100% PES;140;500 г/пм;100000;> 100 000 циклов;Китай;1200;2500;Розничная цена за 1 п.м. (сайт);В наличии;https://artextkani.ru/product/triumf-kollekcziya-piksel-17-triumph-collection-piksel-17/;photos/Артекс/TRIUMPH_Collection/TRIUMPH_COLLECTION_ПИКСЕЛЬ_17.jpg;https://artextkani.ru/wp-content/uploads/2021/12/piksel-17.webp;artextkani.ru (официальный сайт);2026-09-30
Аметист;Brugge;Brugge ambre;ambre;Велюр;Полиэстер - 85%, Хлопок - 15%;140;363 (г/кв.м);50000;50000 циклов;;;;192 BYN/п.м. у дилера в РБ;;https://xn--80ablbatmgfod1dzgm.xn--90ais/katalog/velyur/velyur-brugge.html;photos/Аметист/Brugge/Brugge_ambre.jpg;https://xn--80ablbatmgfod1dzgm.xn--90ais/assets/images/products/619/ambre.jpg;"мебельныеткани.бел (дилер в РБ; официальный ametist-store.ru закрыт капчей)";2026-09-30
Аметист;Brugge;Brugge chocolate;chocolate;Велюр;Полиэстер - 85%, Хлопок - 15%;140;363 (г/кв.м);50000;50000 циклов;;;;192 BYN/п.м. у дилера в РБ;;https://xn--80ablbatmgfod1dzgm.xn--90ais/katalog/velyur/velyur-brugge.html;photos/Аметист/Brugge/Brugge_chocolate.jpg;https://xn--80ablbatmgfod1dzgm.xn--90ais/assets/images/products/619/chocolate.jpg;"мебельныеткани.бел (дилер в РБ; официальный ametist-store.ru закрыт капчей)";2026-09-30
Аметист;Brugge;Brugge doiphin;doiphin;Велюр;Полиэстер - 85%, Хлопок - 15%;140;363 (г/кв.м);50000;50000 циклов;;;;192 BYN/п.м. у дилера в РБ;;https://xn--80ablbatmgfod1dzgm.xn--90ais/katalog/velyur/velyur-brugge.html;photos/Аметист/Brugge/Brugge_doiphin.jpg;https://xn--80ablbatmgfod1dzgm.xn--90ais/assets/images/products/619/doiphin.jpg;"мебельныеткани.бел (дилер в РБ; официальный ametist-store.ru закрыт капчей)";2026-09-30
Аметист;Brugge;Brugge emerald;emerald;Велюр;Полиэстер - 85%, Хлопок - 15%;140;363 (г/кв.м);50000;50000 циклов;;;;192 BYN/п.м. у дилера в РБ;;https://xn--80ablbatmgfod1dzgm.xn--90ais/katalog/velyur/velyur-brugge.html;photos/Аметист/Brugge/Brugge_emerald.jpg;https://xn--80ablbatmgfod1dzgm.xn--90ais/assets/images/products/619/emerald.jpg;"мебельныеткани.бел (дилер в РБ; официальный ametist-store.ru закрыт капчей)";2026-09-30
Аметист;Brugge;Brugge grafit;grafit;Велюр;Полиэстер - 85%, Хлопок - 15%;140;363 (г/кв.м);50000;50000 циклов;;;;192 BYN/п.м. у дилера в РБ;;https://xn--80ablbatmgfod1dzgm.xn--90ais/katalog/velyur/velyur-brugge.html;photos/Аметист/Brugge/Brugge_grafit.jpg;https://xn--80ablbatmgfod1dzgm.xn--90ais/assets/images/products/619/grafit.jpg;"мебельныеткани.бел (дилер в РБ; официальный ametist-store.ru закрыт капчей)";2026-09-30
Аметист;Brugge;Brugge green;green;Велюр;Полиэстер - 85%, Хлопок - 15%;140;363 (г/кв.м);50000;50000 циклов;;;;192 BYN/п.м. у дилера в РБ;;https://xn--80ablbatmgfod1dzgm.xn--90ais/katalog/velyur/velyur-brugge.html;photos/Аметист/Brugge/Brugge_green.jpg;https://xn--80ablbatmgfod1dzgm.xn--90ais/assets/images/products/619/green.jpg;"мебельныеткани.бел (дилер в РБ; официальный ametist-store.ru закрыт капчей)";2026-09-30
Аметист;Brugge;Brugge grey;grey;Велюр;Полиэстер - 85%, Хлопок - 15%;140;363 (г/кв.м);50000;50000 циклов;;;;192 BYN/п.м. у дилера в РБ;;https://xn--80ablbatmgfod1dzgm.xn--90ais/katalog/velyur/velyur-brugge.html;photos/Аметист/Brugge/Brugge_grey.jpg;https://xn--80ablbatmgfod1dzgm.xn--90ais/assets/images/products/619/grey.jpg;"мебельныеткани.бел (дилер в РБ; официальный ametist-store.ru закрыт капчей)";2026-09-30
Аметист;Brugge;Brugge jam;jam;Велюр;Полиэстер - 85%, Хлопок - 15%;140;363 (г/кв.м);50000;50000 циклов;;;;192 BYN/п.м. у дилера в РБ;;https://xn--80ablbatmgfod1dzgm.xn--90ais/katalog/velyur/velyur-brugge.html;photos/Аметист/Brugge/Brugge_jam.jpg;https://xn--80ablbatmgfod1dzgm.xn--90ais/assets/images/products/619/jam.jpg;"мебельныеткани.бел (дилер в РБ; официальный ametist-store.ru закрыт капчей)";2026-09-30
Аметист;Brugge;Brugge latte;latte;Велюр;Полиэстер - 85%, Хлопок - 15%;140;363 (г/кв.м);50000;50000 циклов;;;;192 BYN/п.м. у дилера в РБ;;https://xn--80ablbatmgfod1dzgm.xn--90ais/katalog/velyur/velyur-brugge.html;photos/Аметист/Brugge/Brugge_latte.jpg;https://xn--80ablbatmgfod1dzgm.xn--90ais/assets/images/products/619/latte.jpg;"мебельныеткани.бел (дилер в РБ; официальный ametist-store.ru закрыт капчей)";2026-09-30
Аметист;Brugge;Brugge marigold;marigold;Велюр;Полиэстер - 85%, Хлопок - 15%;140;363 (г/кв.м);50000;50000 циклов;;;;192 BYN/п.м. у дилера в РБ;;https://xn--80ablbatmgfod1dzgm.xn--90ais/katalog/velyur/velyur-brugge.html;photos/Аметист/Brugge/Brugge_marigold.jpg;https://xn--80ablbatmgfod1dzgm.xn--90ais/assets/images/products/619/marigold.jpg;"мебельныеткани.бел (дилер в РБ; официальный ametist-store.ru закрыт капчей)";2026-09-30
Аметист;Brugge;Brugge mocco;mocco;Велюр;Полиэстер - 85%, Хлопок - 15%;140;363 (г/кв.м);50000;50000 циклов;;;;192 BYN/п.м. у дилера в РБ;;https://xn--80ablbatmgfod1dzgm.xn--90ais/katalog/velyur/velyur-brugge.html;photos/Аметист/Brugge/Brugge_mocco.jpg;https://xn--80ablbatmgfod1dzgm.xn--90ais/assets/images/products/619/mocco.jpg;"мебельныеткани.бел (дилер в РБ; официальный ametist-store.ru закрыт капчей)";2026-09-30
Аметист;Brugge;Brugge moss;moss;Велюр;Полиэстер - 85%, Хлопок - 15%;140;363 (г/кв.м);50000;50000 циклов;;;;192 BYN/п.м. у дилера в РБ;;https://xn--80ablbatmgfod1dzgm.xn--90ais/katalog/velyur/velyur-brugge.html;photos/Аметист/Brugge/Brugge_moss.jpg;https://xn--80ablbatmgfod1dzgm.xn--90ais/assets/images/products/619/moss.jpg;"мебельныеткани.бел (дилер в РБ; официальный ametist-store.ru закрыт капчей)";2026-09-30
Аметист;Brugge;Brugge navy;navy;Велюр;Полиэстер - 85%, Хлопок - 15%;140;363 (г/кв.м);50000;50000 циклов;;;;192 BYN/п.м. у дилера в РБ;;https://xn--80ablbatmgfod1dzgm.xn--90ais/katalog/velyur/velyur-brugge.html;photos/Аметист/Brugge/Brugge_navy.jpg;https://xn--80ablbatmgfod1dzgm.xn--90ais/assets/images/products/619/navy.jpg;"мебельныеткани.бел (дилер в РБ; официальный ametist-store.ru закрыт капчей)";2026-09-30
Аметист;Brugge;Brugge ocean;ocean;Велюр;Полиэстер - 85%, Хлопок - 15%;140;363 (г/кв.м);50000;50000 циклов;;;;192 BYN/п.м. у дилера в РБ;;https://xn--80ablbatmgfod1dzgm.xn--90ais/katalog/velyur/velyur-brugge.html;photos/Аметист/Brugge/Brugge_ocean.jpg;https://xn--80ablbatmgfod1dzgm.xn--90ais/assets/images/products/619/ocean.jpg;"мебельныеткани.бел (дилер в РБ; официальный ametist-store.ru закрыт капчей)";2026-09-30
Аметист;Brugge;Brugge sky;sky;Велюр;Полиэстер - 85%, Хлопок - 15%;140;363 (г/кв.м);50000;50000 циклов;;;;192 BYN/п.м. у дилера в РБ;;https://xn--80ablbatmgfod1dzgm.xn--90ais/katalog/velyur/velyur-brugge.html;photos/Аметист/Brugge/Brugge_sky.jpg;https://xn--80ablbatmgfod1dzgm.xn--90ais/assets/images/products/619/sky.jpg;"мебельныеткани.бел (дилер в РБ; официальный ametist-store.ru закрыт капчей)";2026-09-30
Аметист;Brugge;Brugge terra;terra;Велюр;Полиэстер - 85%, Хлопок - 15%;140;363 (г/кв.м);50000;50000 циклов;;;;192 BYN/п.м. у дилера в РБ;;https://xn--80ablbatmgfod1dzgm.xn--90ais/katalog/velyur/velyur-brugge.html;photos/Аметист/Brugge/Brugge_terra.jpg;https://xn--80ablbatmgfod1dzgm.xn--90ais/assets/images/products/619/terra.jpg;"мебельныеткани.бел (дилер в РБ; официальный ametist-store.ru закрыт капчей)";2026-09-30
Аметист;Brugge;Brugge violet;violet;Велюр;Полиэстер - 85%, Хлопок - 15%;140;363 (г/кв.м);50000;50000 циклов;;;;192 BYN/п.м. у дилера в РБ;;https://xn--80ablbatmgfod1dzgm.xn--90ais/katalog/velyur/velyur-brugge.html;photos/Аметист/Brugge/Brugge_violet.jpg;https://xn--80ablbatmgfod1dzgm.xn--90ais/assets/images/products/619/violet.jpg;"мебельныеткани.бел (дилер в РБ; официальный ametist-store.ru закрыт капчей)";2026-09-30
Аметист;Brugge;Brugge white;white;Велюр;Полиэстер - 85%, Хлопок - 15%;140;363 (г/кв.м);50000;50000 циклов;;;;192 BYN/п.м. у дилера в РБ;;https://xn--80ablbatmgfod1dzgm.xn--90ais/katalog/velyur/velyur-brugge.html;photos/Аметист/Brugge/Brugge_white.jpg;https://xn--80ablbatmgfod1dzgm.xn--90ais/assets/images/products/619/white.jpg;"мебельныеткани.бел (дилер в РБ; официальный ametist-store.ru закрыт капчей)";2026-09-30
Аметист;Bugatti;Bugatti aquamarine;aquamarine;Велюр;Полиэстер - 100%;140;223 (г/кв.м);50000;50000 циклов;;;;38 BYN/п.м. у дилера в РБ;;https://xn--80ablbatmgfod1dzgm.xn--90ais/katalog/velyur/velyur-bugatti.html;photos/Аметист/Bugatti/Bugatti_aquamarine.jpg;https://xn--80ablbatmgfod1dzgm.xn--90ais/assets/images/products/821/aquamarine.jpg;"мебельныеткани.бел (дилер в РБ; официальный ametist-store.ru закрыт капчей)";2026-09-30
Аметист;Bugatti;Bugatti beige;beige;Велюр;Полиэстер - 100%;140;223 (г/кв.м);50000;50000 циклов;;;;38 BYN/п.м. у дилера в РБ;;https://xn--80ablbatmgfod1dzgm.xn--90ais/katalog/velyur/velyur-bugatti.html;photos/Аметист/Bugatti/Bugatti_beige.jpg;https://xn--80ablbatmgfod1dzgm.xn--90ais/assets/images/products/821/beige.jpg;"мебельныеткани.бел (дилер в РБ; официальный ametist-store.ru закрыт капчей)";2026-09-30
Аметист;Bugatti;Bugatti chocolate;chocolate;Велюр;Полиэстер - 100%;140;223 (г/кв.м);50000;50000 циклов;;;;38 BYN/п.м. у дилера в РБ;;https://xn--80ablbatmgfod1dzgm.xn--90ais/katalog/velyur/velyur-bugatti.html;photos/Аметист/Bugatti/Bugatti_chocolate.jpg;https://xn--80ablbatmgfod1dzgm.xn--90ais/assets/images/products/821/chocolate.jpg;"мебельныеткани.бел (дилер в РБ; официальный ametist-store.ru закрыт капчей)";2026-09-30
Аметист;Bugatti;Bugatti coffee;coffee;Велюр;Полиэстер - 100%;140;223 (г/кв.м);50000;50000 циклов;;;;38 BYN/п.м. у дилера в РБ;;https://xn--80ablbatmgfod1dzgm.xn--90ais/katalog/velyur/velyur-bugatti.html;photos/Аметист/Bugatti/Bugatti_coffee.jpg;https://xn--80ablbatmgfod1dzgm.xn--90ais/assets/images/products/821/coffee.jpg;"мебельныеткани.бел (дилер в РБ; официальный ametist-store.ru закрыт капчей)";2026-09-30
Аметист;Bugatti;Bugatti cream;cream;Велюр;Полиэстер - 100%;140;223 (г/кв.м);50000;50000 циклов;;;;38 BYN/п.м. у дилера в РБ;;https://xn--80ablbatmgfod1dzgm.xn--90ais/katalog/velyur/velyur-bugatti.html;photos/Аметист/Bugatti/Bugatti_cream.jpg;https://xn--80ablbatmgfod1dzgm.xn--90ais/assets/images/products/821/cream.jpg;"мебельныеткани.бел (дилер в РБ; официальный ametist-store.ru закрыт капчей)";2026-09-30
Аметист;Bugatti;Bugatti golden;golden;Велюр;Полиэстер - 100%;140;223 (г/кв.м);50000;50000 циклов;;;;38 BYN/п.м. у дилера в РБ;;https://xn--80ablbatmgfod1dzgm.xn--90ais/katalog/velyur/velyur-bugatti.html;photos/Аметист/Bugatti/Bugatti_golden.jpg;https://xn--80ablbatmgfod1dzgm.xn--90ais/assets/images/products/821/golden.jpg;"мебельныеткани.бел (дилер в РБ; официальный ametist-store.ru закрыт капчей)";2026-09-30
Аметист;Bugatti;Bugatti grey;grey;Велюр;Полиэстер - 100%;140;223 (г/кв.м);50000;50000 циклов;;;;38 BYN/п.м. у дилера в РБ;;https://xn--80ablbatmgfod1dzgm.xn--90ais/katalog/velyur/velyur-bugatti.html;photos/Аметист/Bugatti/Bugatti_grey.jpg;https://xn--80ablbatmgfod1dzgm.xn--90ais/assets/images/products/821/grey.jpg;"мебельныеткани.бел (дилер в РБ; официальный ametist-store.ru закрыт капчей)";2026-09-30
Аметист;Bugatti;Bugatti koriza;koriza;Велюр;Полиэстер - 100%;140;223 (г/кв.м);50000;50000 циклов;;;;38 BYN/п.м. у дилера в РБ;;https://xn--80ablbatmgfod1dzgm.xn--90ais/katalog/velyur/velyur-bugatti.html;photos/Аметист/Bugatti/Bugatti_koriza.jpg;https://xn--80ablbatmgfod1dzgm.xn--90ais/assets/images/products/821/koriza.jpg;"мебельныеткани.бел (дилер в РБ; официальный ametist-store.ru закрыт капчей)";2026-09-30
Аметист;Bugatti;Bugatti latte;latte;Велюр;Полиэстер - 100%;140;223 (г/кв.м);50000;50000 циклов;;;;38 BYN/п.м. у дилера в РБ;;https://xn--80ablbatmgfod1dzgm.xn--90ais/katalog/velyur/velyur-bugatti.html;photos/Аметист/Bugatti/Bugatti_latte.jpg;https://xn--80ablbatmgfod1dzgm.xn--90ais/assets/images/products/821/latte.jpg;"мебельныеткани.бел (дилер в РБ; официальный ametist-store.ru закрыт капчей)";2026-09-30
Аметист;Bugatti;Bugatti lilac;lilac;Велюр;Полиэстер - 100%;140;223 (г/кв.м);50000;50000 циклов;;;;38 BYN/п.м. у дилера в РБ;;https://xn--80ablbatmgfod1dzgm.xn--90ais/katalog/velyur/velyur-bugatti.html;photos/Аметист/Bugatti/Bugatti_lilac.jpg;https://xn--80ablbatmgfod1dzgm.xn--90ais/assets/images/products/821/lilac.jpg;"мебельныеткани.бел (дилер в РБ; официальный ametist-store.ru закрыт капчей)";2026-09-30
Аметист;Bugatti;Bugatti milk;milk;Велюр;Полиэстер - 100%;140;223 (г/кв.м);50000;50000 циклов;;;;38 BYN/п.м. у дилера в РБ;;https://xn--80ablbatmgfod1dzgm.xn--90ais/katalog/velyur/velyur-bugatti.html;photos/Аметист/Bugatti/Bugatti_milk.jpg;https://xn--80ablbatmgfod1dzgm.xn--90ais/assets/images/products/821/milk.jpg;"мебельныеткани.бел (дилер в РБ; официальный ametist-store.ru закрыт капчей)";2026-09-30
Аметист;Bugatti;Bugatti mocco;mocco;Велюр;Полиэстер - 100%;140;223 (г/кв.м);50000;50000 циклов;;;;38 BYN/п.м. у дилера в РБ;;https://xn--80ablbatmgfod1dzgm.xn--90ais/katalog/velyur/velyur-bugatti.html;photos/Аметист/Bugatti/Bugatti_mocco.jpg;https://xn--80ablbatmgfod1dzgm.xn--90ais/assets/images/products/821/mocco.jpg;"мебельныеткани.бел (дилер в РБ; официальный ametist-store.ru закрыт капчей)";2026-09-30
Аметист;Bugatti;Bugatti silver;silver;Велюр;Полиэстер - 100%;140;223 (г/кв.м);50000;50000 циклов;;;;38 BYN/п.м. у дилера в РБ;;https://xn--80ablbatmgfod1dzgm.xn--90ais/katalog/velyur/velyur-bugatti.html;photos/Аметист/Bugatti/Bugatti_silver.jpg;https://xn--80ablbatmgfod1dzgm.xn--90ais/assets/images/products/821/silver.jpg;"мебельныеткани.бел (дилер в РБ; официальный ametist-store.ru закрыт капчей)";2026-09-30
Аметист;Bugatti;Bugatti white;white;Велюр;Полиэстер - 100%;140;223 (г/кв.м);50000;50000 циклов;;;;38 BYN/п.м. у дилера в РБ;;https://xn--80ablbatmgfod1dzgm.xn--90ais/katalog/velyur/velyur-bugatti.html;photos/Аметист/Bugatti/Bugatti_white.jpg;https://xn--80ablbatmgfod1dzgm.xn--90ais/assets/images/products/821/white.jpg;"мебельныеткани.бел (дилер в РБ; официальный ametist-store.ru закрыт капчей)";2026-09-30
Аметист;Dazzle;Dazzle 01 Цветочный белый;01 Цветочный белый;Велюр;Полиэстер - 100%;142;450 (г/кв.м);80000;80000 циклов;;;;73 BYN/п.м. у дилера в РБ;;https://xn--80ablbatmgfod1dzgm.xn--90ais/katalog/velyur/velyur-dazzle.html;photos/Аметист/Dazzle/Dazzle_01_Цветочный_белый.jpg;https://xn--80ablbatmgfod1dzgm.xn--90ais/assets/images/products/732/01-tsvetochnyy-belyy.jpg;"мебельныеткани.бел (дилер в РБ; официальный ametist-store.ru закрыт капчей)";2026-09-30
Аметист;Dazzle;Dazzle 02 Дымчато-белый;02 Дымчато-белый;Велюр;Полиэстер - 100%;142;450 (г/кв.м);80000;80000 циклов;;;;73 BYN/п.м. у дилера в РБ;;https://xn--80ablbatmgfod1dzgm.xn--90ais/katalog/velyur/velyur-dazzle.html;photos/Аметист/Dazzle/Dazzle_02_Дымчато-белый.jpg;https://xn--80ablbatmgfod1dzgm.xn--90ais/assets/images/products/732/02-dymchato-belyy.jpg;"мебельныеткани.бел (дилер в РБ; официальный ametist-store.ru закрыт капчей)";2026-09-30
Аметист;Dazzle;Dazzle 03 Таул;03 Таул;Велюр;Полиэстер - 100%;142;450 (г/кв.м);80000;80000 циклов;;;;73 BYN/п.м. у дилера в РБ;;https://xn--80ablbatmgfod1dzgm.xn--90ais/katalog/velyur/velyur-dazzle.html;photos/Аметист/Dazzle/Dazzle_03_Таул.jpg;https://xn--80ablbatmgfod1dzgm.xn--90ais/assets/images/products/732/03-taul.jpg;"мебельныеткани.бел (дилер в РБ; официальный ametist-store.ru закрыт капчей)";2026-09-30
Аметист;Dazzle;Dazzle 04 Перламутрово-рубиновый;04 Перламутрово-рубиновый;Велюр;Полиэстер - 100%;142;450 (г/кв.м);80000;80000 циклов;;;;73 BYN/п.м. у дилера в РБ;;https://xn--80ablbatmgfod1dzgm.xn--90ais/katalog/velyur/velyur-dazzle.html;photos/Аметист/Dazzle/Dazzle_04_Перламутрово-рубиновый.jpg;https://xn--80ablbatmgfod1dzgm.xn--90ais/assets/images/products/732/04-perlamutrovo-rubinovyy.jpg;"мебельныеткани.бел (дилер в РБ; официальный ametist-store.ru закрыт капчей)";2026-09-30
Аметист;Dazzle;Dazzle 05 Голубая лазурь;05 Голубая лазурь;Велюр;Полиэстер - 100%;142;450 (г/кв.м);80000;80000 циклов;;;;73 BYN/п.м. у дилера в РБ;;https://xn--80ablbatmgfod1dzgm.xn--90ais/katalog/velyur/velyur-dazzle.html;photos/Аметист/Dazzle/Dazzle_05_Голубая_лазурь.jpg;https://xn--80ablbatmgfod1dzgm.xn--90ais/assets/images/products/732/05-golubaya-lazur.jpg;"мебельныеткани.бел (дилер в РБ; официальный ametist-store.ru закрыт капчей)";2026-09-30
Аметист;Dazzle;Dazzle 06 Ночная синева;06 Ночная синева;Велюр;Полиэстер - 100%;142;450 (г/кв.м);80000;80000 циклов;;;;73 BYN/п.м. у дилера в РБ;;https://xn--80ablbatmgfod1dzgm.xn--90ais/katalog/velyur/velyur-dazzle.html;photos/Аметист/Dazzle/Dazzle_06_Ночная_синева.jpg;https://xn--80ablbatmgfod1dzgm.xn--90ais/assets/images/products/732/06-nochnaya-sineva.jpg;"мебельныеткани.бел (дилер в РБ; официальный ametist-store.ru закрыт капчей)";2026-09-30
Аметист;Dazzle;Dazzle 07 Зеленый папоротник;07 Зеленый папоротник;Велюр;Полиэстер - 100%;142;450 (г/кв.м);80000;80000 циклов;;;;73 BYN/п.м. у дилера в РБ;;https://xn--80ablbatmgfod1dzgm.xn--90ais/katalog/velyur/velyur-dazzle.html;photos/Аметист/Dazzle/Dazzle_07_Зеленый_папоротник.jpg;https://xn--80ablbatmgfod1dzgm.xn--90ais/assets/images/products/732/07-zelenyy-paporotnik.jpg;"мебельныеткани.бел (дилер в РБ; официальный ametist-store.ru закрыт капчей)";2026-09-30
Аметист;Dazzle;Dazzle 08 Малиновый коралл;08 Малиновый коралл;Велюр;Полиэстер - 100%;142;450 (г/кв.м);80000;80000 циклов;;;;73 BYN/п.м. у дилера в РБ;;https://xn--80ablbatmgfod1dzgm.xn--90ais/katalog/velyur/velyur-dazzle.html;photos/Аметист/Dazzle/Dazzle_08_Малиновый_коралл.jpg;https://xn--80ablbatmgfod1dzgm.xn--90ais/assets/images/products/732/08-malinovyy-korall.jpg;"мебельныеткани.бел (дилер в РБ; официальный ametist-store.ru закрыт капчей)";2026-09-30
Аметист;Dazzle;Dazzle 09 Кардинал;09 Кардинал;Велюр;Полиэстер - 100%;142;450 (г/кв.м);80000;80000 циклов;;;;73 BYN/п.м. у дилера в РБ;;https://xn--80ablbatmgfod1dzgm.xn--90ais/katalog/velyur/velyur-dazzle.html;photos/Аметист/Dazzle/Dazzle_09_Кардинал.jpg;https://xn--80ablbatmgfod1dzgm.xn--90ais/assets/images/products/732/09-kardinal.jpg;"мебельныеткани.бел (дилер в РБ; официальный ametist-store.ru закрыт капчей)";2026-09-30
Аметист;Dazzle;Dazzle 10 Базальтово-серый;10 Базальтово-серый;Велюр;Полиэстер - 100%;142;450 (г/кв.м);80000;80000 циклов;;;;73 BYN/п.м. у дилера в РБ;;https://xn--80ablbatmgfod1dzgm.xn--90ais/katalog/velyur/velyur-dazzle.html;photos/Аметист/Dazzle/Dazzle_10_Базальтово-серый.jpg;https://xn--80ablbatmgfod1dzgm.xn--90ais/assets/images/products/732/10-bazaltovo-seryy.jpg;"мебельныеткани.бел (дилер в РБ; официальный ametist-store.ru закрыт капчей)";2026-09-30
Аметист;Dazzle;Dazzle 11 Серебристо-серый;11 Серебристо-серый;Велюр;Полиэстер - 100%;142;450 (г/кв.м);80000;80000 циклов;;;;73 BYN/п.м. у дилера в РБ;;https://xn--80ablbatmgfod1dzgm.xn--90ais/katalog/velyur/velyur-dazzle.html;photos/Аметист/Dazzle/Dazzle_11_Серебристо-серый.jpg;https://xn--80ablbatmgfod1dzgm.xn--90ais/assets/images/products/732/11-serebristo-seryy.jpg;"мебельныеткани.бел (дилер в РБ; официальный ametist-store.ru закрыт капчей)";2026-09-30
Аметист;Elefante;Elefante 01;01;Велюр;Полиэстер - 100%;142;;80000;80000 циклов;;;;69 BYN/п.м. у дилера в РБ;;https://xn--80ablbatmgfod1dzgm.xn--90ais/katalog/velyur/velyur-elefante.html;photos/Аметист/Elefante/Elefante_01.jpg;https://xn--80ablbatmgfod1dzgm.xn--90ais/assets/images/products/1021/01.jpg;"мебельныеткани.бел (дилер в РБ; официальный ametist-store.ru закрыт капчей)";2026-09-30
Аметист;Elefante;Elefante 02;02;Велюр;Полиэстер - 100%;142;;80000;80000 циклов;;;;69 BYN/п.м. у дилера в РБ;;https://xn--80ablbatmgfod1dzgm.xn--90ais/katalog/velyur/velyur-elefante.html;photos/Аметист/Elefante/Elefante_02.jpg;https://xn--80ablbatmgfod1dzgm.xn--90ais/assets/images/products/1021/02.jpg;"мебельныеткани.бел (дилер в РБ; официальный ametist-store.ru закрыт капчей)";2026-09-30
Аметист;Elefante;Elefante 03;03;Велюр;Полиэстер - 100%;142;;80000;80000 циклов;;;;69 BYN/п.м. у дилера в РБ;;https://xn--80ablbatmgfod1dzgm.xn--90ais/katalog/velyur/velyur-elefante.html;photos/Аметист/Elefante/Elefante_03.jpg;https://xn--80ablbatmgfod1dzgm.xn--90ais/assets/images/products/1021/03.jpg;"мебельныеткани.бел (дилер в РБ; официальный ametist-store.ru закрыт капчей)";2026-09-30
Аметист;Elefante;Elefante 04;04;Велюр;Полиэстер - 100%;142;;80000;80000 циклов;;;;69 BYN/п.м. у дилера в РБ;;https://xn--80ablbatmgfod1dzgm.xn--90ais/katalog/velyur/velyur-elefante.html;photos/Аметист/Elefante/Elefante_04.jpg;https://xn--80ablbatmgfod1dzgm.xn--90ais/assets/images/products/1021/04.jpg;"мебельныеткани.бел (дилер в РБ; официальный ametist-store.ru закрыт капчей)";2026-09-30
Аметист;Elefante;Elefante 05;05;Велюр;Полиэстер - 100%;142;;80000;80000 циклов;;;;69 BYN/п.м. у дилера в РБ;;https://xn--80ablbatmgfod1dzgm.xn--90ais/katalog/velyur/velyur-elefante.html;photos/Аметист/Elefante/Elefante_05.jpg;https://xn--80ablbatmgfod1dzgm.xn--90ais/assets/images/products/1021/05.jpg;"мебельныеткани.бел (дилер в РБ; официальный ametist-store.ru закрыт капчей)";2026-09-30
Аметист;Elefante;Elefante 06;06;Велюр;Полиэстер - 100%;142;;80000;80000 циклов;;;;69 BYN/п.м. у дилера в РБ;;https://xn--80ablbatmgfod1dzgm.xn--90ais/katalog/velyur/velyur-elefante.html;photos/Аметист/Elefante/Elefante_06.jpg;https://xn--80ablbatmgfod1dzgm.xn--90ais/assets/images/products/1021/06.jpg;"мебельныеткани.бел (дилер в РБ; официальный ametist-store.ru закрыт капчей)";2026-09-30
Аметист;Elefante;Elefante 07;07;Велюр;Полиэстер - 100%;142;;80000;80000 циклов;;;;69 BYN/п.м. у дилера в РБ;;https://xn--80ablbatmgfod1dzgm.xn--90ais/katalog/velyur/velyur-elefante.html;photos/Аметист/Elefante/Elefante_07.jpg;https://xn--80ablbatmgfod1dzgm.xn--90ais/assets/images/products/1021/07.jpg;"мебельныеткани.бел (дилер в РБ; официальный ametist-store.ru закрыт капчей)";2026-09-30
Аметист;Elefante;Elefante 08;08;Велюр;Полиэстер - 100%;142;;80000;80000 циклов;;;;69 BYN/п.м. у дилера в РБ;;https://xn--80ablbatmgfod1dzgm.xn--90ais/katalog/velyur/velyur-elefante.html;photos/Аметист/Elefante/Elefante_08.jpg;https://xn--80ablbatmgfod1dzgm.xn--90ais/assets/images/products/1021/08.jpg;"мебельныеткани.бел (дилер в РБ; официальный ametist-store.ru закрыт капчей)";2026-09-30
Аметист;Elefante;Elefante 09;09;Велюр;Полиэстер - 100%;142;;80000;80000 циклов;;;;69 BYN/п.м. у дилера в РБ;;https://xn--80ablbatmgfod1dzgm.xn--90ais/katalog/velyur/velyur-elefante.html;photos/Аметист/Elefante/Elefante_09.jpg;https://xn--80ablbatmgfod1dzgm.xn--90ais/assets/images/products/1021/09.jpg;"мебельныеткани.бел (дилер в РБ; официальный ametist-store.ru закрыт капчей)";2026-09-30
Аметист;Elefante;Elefante 10;10;Велюр;Полиэстер - 100%;142;;80000;80000 циклов;;;;69 BYN/п.м. у дилера в РБ;;https://xn--80ablbatmgfod1dzgm.xn--90ais/katalog/velyur/velyur-elefante.html;photos/Аметист/Elefante/Elefante_10.jpg;https://xn--80ablbatmgfod1dzgm.xn--90ais/assets/images/products/1021/10.jpg;"мебельныеткани.бел (дилер в РБ; официальный ametist-store.ru закрыт капчей)";2026-09-30
Аметист;Elefante;Elefante 11;11;Велюр;Полиэстер - 100%;142;;80000;80000 циклов;;;;69 BYN/п.м. у дилера в РБ;;https://xn--80ablbatmgfod1dzgm.xn--90ais/katalog/velyur/velyur-elefante.html;photos/Аметист/Elefante/Elefante_11.jpg;https://xn--80ablbatmgfod1dzgm.xn--90ais/assets/images/products/1021/11.jpg;"мебельныеткани.бел (дилер в РБ; официальный ametist-store.ru закрыт капчей)";2026-09-30
Аметист;Felicita;Felicita 01;01;Велюр;Полиэстер - 100%;146;345 (г/кв.м);70000;70000 циклов;;;;99 BYN/п.м. у дилера в РБ;;https://xn--80ablbatmgfod1dzgm.xn--90ais/katalog/velyur/velyur-felicita.html;photos/Аметист/Felicita/Felicita_01.jpg;https://xn--80ablbatmgfod1dzgm.xn--90ais/assets/images/products/952/01.jpg;"мебельныеткани.бел (дилер в РБ; официальный ametist-store.ru закрыт капчей)";2026-09-30
Аметист;Felicita;Felicita 02;02;Велюр;Полиэстер - 100%;146;345 (г/кв.м);70000;70000 циклов;;;;99 BYN/п.м. у дилера в РБ;;https://xn--80ablbatmgfod1dzgm.xn--90ais/katalog/velyur/velyur-felicita.html;photos/Аметист/Felicita/Felicita_02.jpg;https://xn--80ablbatmgfod1dzgm.xn--90ais/assets/images/products/952/02.jpg;"мебельныеткани.бел (дилер в РБ; официальный ametist-store.ru закрыт капчей)";2026-09-30
Аметист;Felicita;Felicita 03;03;Велюр;Полиэстер - 100%;146;345 (г/кв.м);70000;70000 циклов;;;;99 BYN/п.м. у дилера в РБ;;https://xn--80ablbatmgfod1dzgm.xn--90ais/katalog/velyur/velyur-felicita.html;photos/Аметист/Felicita/Felicita_03.jpg;https://xn--80ablbatmgfod1dzgm.xn--90ais/assets/images/products/952/03.jpg;"мебельныеткани.бел (дилер в РБ; официальный ametist-store.ru закрыт капчей)";2026-09-30
Аметист;Felicita;Felicita 04;04;Велюр;Полиэстер - 100%;146;345 (г/кв.м);70000;70000 циклов;;;;99 BYN/п.м. у дилера в РБ;;https://xn--80ablbatmgfod1dzgm.xn--90ais/katalog/velyur/velyur-felicita.html;photos/Аметист/Felicita/Felicita_04.jpg;https://xn--80ablbatmgfod1dzgm.xn--90ais/assets/images/products/952/04.jpg;"мебельныеткани.бел (дилер в РБ; официальный ametist-store.ru закрыт капчей)";2026-09-30
Аметист;Felicita;Felicita 05;05;Велюр;Полиэстер - 100%;146;345 (г/кв.м);70000;70000 циклов;;;;99 BYN/п.м. у дилера в РБ;;https://xn--80ablbatmgfod1dzgm.xn--90ais/katalog/velyur/velyur-felicita.html;photos/Аметист/Felicita/Felicita_05.jpg;https://xn--80ablbatmgfod1dzgm.xn--90ais/assets/images/products/952/05.jpg;"мебельныеткани.бел (дилер в РБ; официальный ametist-store.ru закрыт капчей)";2026-09-30
Аметист;Felicita;Felicita 06;06;Велюр;Полиэстер - 100%;146;345 (г/кв.м);70000;70000 циклов;;;;99 BYN/п.м. у дилера в РБ;;https://xn--80ablbatmgfod1dzgm.xn--90ais/katalog/velyur/velyur-felicita.html;photos/Аметист/Felicita/Felicita_06.jpg;https://xn--80ablbatmgfod1dzgm.xn--90ais/assets/images/products/952/06.jpg;"мебельныеткани.бел (дилер в РБ; официальный ametist-store.ru закрыт капчей)";2026-09-30
Аметист;Felicita;Felicita 07;07;Велюр;Полиэстер - 100%;146;345 (г/кв.м);70000;70000 циклов;;;;99 BYN/п.м. у дилера в РБ;;https://xn--80ablbatmgfod1dzgm.xn--90ais/katalog/velyur/velyur-felicita.html;photos/Аметист/Felicita/Felicita_07.jpg;https://xn--80ablbatmgfod1dzgm.xn--90ais/assets/images/products/952/07.jpg;"мебельныеткани.бел (дилер в РБ; официальный ametist-store.ru закрыт капчей)";2026-09-30
Аметист;Felicita;Felicita 08;08;Велюр;Полиэстер - 100%;146;345 (г/кв.м);70000;70000 циклов;;;;99 BYN/п.м. у дилера в РБ;;https://xn--80ablbatmgfod1dzgm.xn--90ais/katalog/velyur/velyur-felicita.html;photos/Аметист/Felicita/Felicita_08.jpg;https://xn--80ablbatmgfod1dzgm.xn--90ais/assets/images/products/952/08.jpg;"мебельныеткани.бел (дилер в РБ; официальный ametist-store.ru закрыт капчей)";2026-09-30
Аметист;Felicita;Felicita 09;09;Велюр;Полиэстер - 100%;146;345 (г/кв.м);70000;70000 циклов;;;;99 BYN/п.м. у дилера в РБ;;https://xn--80ablbatmgfod1dzgm.xn--90ais/katalog/velyur/velyur-felicita.html;photos/Аметист/Felicita/Felicita_09.jpg;https://xn--80ablbatmgfod1dzgm.xn--90ais/assets/images/products/952/09.jpg;"мебельныеткани.бел (дилер в РБ; официальный ametist-store.ru закрыт капчей)";2026-09-30
Аметист;Felicita;Felicita 10;10;Велюр;Полиэстер - 100%;146;345 (г/кв.м);70000;70000 циклов;;;;99 BYN/п.м. у дилера в РБ;;https://xn--80ablbatmgfod1dzgm.xn--90ais/katalog/velyur/velyur-felicita.html;photos/Аметист/Felicita/Felicita_10.jpg;https://xn--80ablbatmgfod1dzgm.xn--90ais/assets/images/products/952/10.jpg;"мебельныеткани.бел (дилер в РБ; официальный ametist-store.ru закрыт капчей)";2026-09-30
Аметист;Felicita;Felicita 11;11;Велюр;Полиэстер - 100%;146;345 (г/кв.м);70000;70000 циклов;;;;99 BYN/п.м. у дилера в РБ;;https://xn--80ablbatmgfod1dzgm.xn--90ais/katalog/velyur/velyur-felicita.html;photos/Аметист/Felicita/Felicita_11.jpg;https://xn--80ablbatmgfod1dzgm.xn--90ais/assets/images/products/952/11.jpg;"мебельныеткани.бел (дилер в РБ; официальный ametist-store.ru закрыт капчей)";2026-09-30
Аметист;Felicita;Felicita 12;12;Велюр;Полиэстер - 100%;146;345 (г/кв.м);70000;70000 циклов;;;;99 BYN/п.м. у дилера в РБ;;https://xn--80ablbatmgfod1dzgm.xn--90ais/katalog/velyur/velyur-felicita.html;photos/Аметист/Felicita/Felicita_12.jpg;https://xn--80ablbatmgfod1dzgm.xn--90ais/assets/images/products/952/12.jpg;"мебельныеткани.бел (дилер в РБ; официальный ametist-store.ru закрыт капчей)";2026-09-30
Аметист;Felicita;Felicita 13;13;Велюр;Полиэстер - 100%;146;345 (г/кв.м);70000;70000 циклов;;;;99 BYN/п.м. у дилера в РБ;;https://xn--80ablbatmgfod1dzgm.xn--90ais/katalog/velyur/velyur-felicita.html;photos/Аметист/Felicita/Felicita_13.jpg;https://xn--80ablbatmgfod1dzgm.xn--90ais/assets/images/products/952/13.jpg;"мебельныеткани.бел (дилер в РБ; официальный ametist-store.ru закрыт капчей)";2026-09-30
Аметист;Felicita;Felicita 14;14;Велюр;Полиэстер - 100%;146;345 (г/кв.м);70000;70000 циклов;;;;99 BYN/п.м. у дилера в РБ;;https://xn--80ablbatmgfod1dzgm.xn--90ais/katalog/velyur/velyur-felicita.html;photos/Аметист/Felicita/Felicita_14.jpg;https://xn--80ablbatmgfod1dzgm.xn--90ais/assets/images/products/952/14.jpg;"мебельныеткани.бел (дилер в РБ; официальный ametist-store.ru закрыт капчей)";2026-09-30
Аметист;Felicita;Felicita 15;15;Велюр;Полиэстер - 100%;146;345 (г/кв.м);70000;70000 циклов;;;;99 BYN/п.м. у дилера в РБ;;https://xn--80ablbatmgfod1dzgm.xn--90ais/katalog/velyur/velyur-felicita.html;photos/Аметист/Felicita/Felicita_15.jpg;https://xn--80ablbatmgfod1dzgm.xn--90ais/assets/images/products/952/15.jpg;"мебельныеткани.бел (дилер в РБ; официальный ametist-store.ru закрыт капчей)";2026-09-30
Аметист;Felicita;Felicita 16;16;Велюр;Полиэстер - 100%;146;345 (г/кв.м);70000;70000 циклов;;;;99 BYN/п.м. у дилера в РБ;;https://xn--80ablbatmgfod1dzgm.xn--90ais/katalog/velyur/velyur-felicita.html;photos/Аметист/Felicita/Felicita_16.jpg;https://xn--80ablbatmgfod1dzgm.xn--90ais/assets/images/products/952/16.jpg;"мебельныеткани.бел (дилер в РБ; официальный ametist-store.ru закрыт капчей)";2026-09-30
Аметист;Felicita;Felicita 17;17;Велюр;Полиэстер - 100%;146;345 (г/кв.м);70000;70000 циклов;;;;99 BYN/п.м. у дилера в РБ;;https://xn--80ablbatmgfod1dzgm.xn--90ais/katalog/velyur/velyur-felicita.html;photos/Аметист/Felicita/Felicita_17.jpg;https://xn--80ablbatmgfod1dzgm.xn--90ais/assets/images/products/952/17.jpg;"мебельныеткани.бел (дилер в РБ; официальный ametist-store.ru закрыт капчей)";2026-09-30
Аметист;Felicita Strada;Felicita Strada 01;01;Велюр;Полиэстер - 100%;148;340 (г/кв.м);70000;70000 циклов;;;;114 BYN/п.м. у дилера в РБ;;https://xn--80ablbatmgfod1dzgm.xn--90ais/katalog/velyur/velyur-felicita-strada.html;photos/Аметист/Felicita_Strada/Felicita_Strada_01.jpg;https://xn--80ablbatmgfod1dzgm.xn--90ais/assets/images/products/953/01.jpg;"мебельныеткани.бел (дилер в РБ; официальный ametist-store.ru закрыт капчей)";2026-09-30
Аметист;Felicita Strada;Felicita Strada 02;02;Велюр;Полиэстер - 100%;148;340 (г/кв.м);70000;70000 циклов;;;;114 BYN/п.м. у дилера в РБ;;https://xn--80ablbatmgfod1dzgm.xn--90ais/katalog/velyur/velyur-felicita-strada.html;photos/Аметист/Felicita_Strada/Felicita_Strada_02.jpg;https://xn--80ablbatmgfod1dzgm.xn--90ais/assets/images/products/953/02.jpg;"мебельныеткани.бел (дилер в РБ; официальный ametist-store.ru закрыт капчей)";2026-09-30
Аметист;Felicita Strada;Felicita Strada 03;03;Велюр;Полиэстер - 100%;148;340 (г/кв.м);70000;70000 циклов;;;;114 BYN/п.м. у дилера в РБ;;https://xn--80ablbatmgfod1dzgm.xn--90ais/katalog/velyur/velyur-felicita-strada.html;photos/Аметист/Felicita_Strada/Felicita_Strada_03.jpg;https://xn--80ablbatmgfod1dzgm.xn--90ais/assets/images/products/953/03.jpg;"мебельныеткани.бел (дилер в РБ; официальный ametist-store.ru закрыт капчей)";2026-09-30
Аметист;Felicita Strada;Felicita Strada 04;04;Велюр;Полиэстер - 100%;148;340 (г/кв.м);70000;70000 циклов;;;;114 BYN/п.м. у дилера в РБ;;https://xn--80ablbatmgfod1dzgm.xn--90ais/katalog/velyur/velyur-felicita-strada.html;photos/Аметист/Felicita_Strada/Felicita_Strada_04.jpg;https://xn--80ablbatmgfod1dzgm.xn--90ais/assets/images/products/953/04.jpg;"мебельныеткани.бел (дилер в РБ; официальный ametist-store.ru закрыт капчей)";2026-09-30
Аметист;Felicita Strada;Felicita Strada 05;05;Велюр;Полиэстер - 100%;148;340 (г/кв.м);70000;70000 циклов;;;;114 BYN/п.м. у дилера в РБ;;https://xn--80ablbatmgfod1dzgm.xn--90ais/katalog/velyur/velyur-felicita-strada.html;photos/Аметист/Felicita_Strada/Felicita_Strada_05.jpg;https://xn--80ablbatmgfod1dzgm.xn--90ais/assets/images/products/953/05.jpg;"мебельныеткани.бел (дилер в РБ; официальный ametist-store.ru закрыт капчей)";2026-09-30
Аметист;Felicita Strada;Felicita Strada 06;06;Велюр;Полиэстер - 100%;148;340 (г/кв.м);70000;70000 циклов;;;;114 BYN/п.м. у дилера в РБ;;https://xn--80ablbatmgfod1dzgm.xn--90ais/katalog/velyur/velyur-felicita-strada.html;photos/Аметист/Felicita_Strada/Felicita_Strada_06.jpg;https://xn--80ablbatmgfod1dzgm.xn--90ais/assets/images/products/953/06.jpg;"мебельныеткани.бел (дилер в РБ; официальный ametist-store.ru закрыт капчей)";2026-09-30
Аметист;Felicita Strada;Felicita Strada 07;07;Велюр;Полиэстер - 100%;148;340 (г/кв.м);70000;70000 циклов;;;;114 BYN/п.м. у дилера в РБ;;https://xn--80ablbatmgfod1dzgm.xn--90ais/katalog/velyur/velyur-felicita-strada.html;photos/Аметист/Felicita_Strada/Felicita_Strada_07.jpg;https://xn--80ablbatmgfod1dzgm.xn--90ais/assets/images/products/953/07.jpg;"мебельныеткани.бел (дилер в РБ; официальный ametist-store.ru закрыт капчей)";2026-09-30
Аметист;Felicita Strada;Felicita Strada 08;08;Велюр;Полиэстер - 100%;148;340 (г/кв.м);70000;70000 циклов;;;;114 BYN/п.м. у дилера в РБ;;https://xn--80ablbatmgfod1dzgm.xn--90ais/katalog/velyur/velyur-felicita-strada.html;photos/Аметист/Felicita_Strada/Felicita_Strada_08.jpg;https://xn--80ablbatmgfod1dzgm.xn--90ais/assets/images/products/953/08.jpg;"мебельныеткани.бел (дилер в РБ; официальный ametist-store.ru закрыт капчей)";2026-09-30
Аметист;Felicita Strada;Felicita Strada 09;09;Велюр;Полиэстер - 100%;148;340 (г/кв.м);70000;70000 циклов;;;;114 BYN/п.м. у дилера в РБ;;https://xn--80ablbatmgfod1dzgm.xn--90ais/katalog/velyur/velyur-felicita-strada.html;photos/Аметист/Felicita_Strada/Felicita_Strada_09.jpg;https://xn--80ablbatmgfod1dzgm.xn--90ais/assets/images/products/953/09.jpg;"мебельныеткани.бел (дилер в РБ; официальный ametist-store.ru закрыт капчей)";2026-09-30
Аметист;Felicita Strada;Felicita Strada 10;10;Велюр;Полиэстер - 100%;148;340 (г/кв.м);70000;70000 циклов;;;;114 BYN/п.м. у дилера в РБ;;https://xn--80ablbatmgfod1dzgm.xn--90ais/katalog/velyur/velyur-felicita-strada.html;photos/Аметист/Felicita_Strada/Felicita_Strada_10.jpg;https://xn--80ablbatmgfod1dzgm.xn--90ais/assets/images/products/953/10.jpg;"мебельныеткани.бел (дилер в РБ; официальный ametist-store.ru закрыт капчей)";2026-09-30
Аметист;Felicita Strada;Felicita Strada 11;11;Велюр;Полиэстер - 100%;148;340 (г/кв.м);70000;70000 циклов;;;;114 BYN/п.м. у дилера в РБ;;https://xn--80ablbatmgfod1dzgm.xn--90ais/katalog/velyur/velyur-felicita-strada.html;photos/Аметист/Felicita_Strada/Felicita_Strada_11.jpg;https://xn--80ablbatmgfod1dzgm.xn--90ais/assets/images/products/953/11.jpg;"мебельныеткани.бел (дилер в РБ; официальный ametist-store.ru закрыт капчей)";2026-09-30
Аметист;Felicita Strada;Felicita Strada 12;12;Велюр;Полиэстер - 100%;148;340 (г/кв.м);70000;70000 циклов;;;;114 BYN/п.м. у дилера в РБ;;https://xn--80ablbatmgfod1dzgm.xn--90ais/katalog/velyur/velyur-felicita-strada.html;photos/Аметист/Felicita_Strada/Felicita_Strada_12.jpg;https://xn--80ablbatmgfod1dzgm.xn--90ais/assets/images/products/953/12.jpg;"мебельныеткани.бел (дилер в РБ; официальный ametist-store.ru закрыт капчей)";2026-09-30
Аметист;Felicita Strada;Felicita Strada 13;13;Велюр;Полиэстер - 100%;148;340 (г/кв.м);70000;70000 циклов;;;;114 BYN/п.м. у дилера в РБ;;https://xn--80ablbatmgfod1dzgm.xn--90ais/katalog/velyur/velyur-felicita-strada.html;photos/Аметист/Felicita_Strada/Felicita_Strada_13.jpg;https://xn--80ablbatmgfod1dzgm.xn--90ais/assets/images/products/953/13.jpg;"мебельныеткани.бел (дилер в РБ; официальный ametist-store.ru закрыт капчей)";2026-09-30
Аметист;Felicita Strada;Felicita Strada 14;14;Велюр;Полиэстер - 100%;148;340 (г/кв.м);70000;70000 циклов;;;;114 BYN/п.м. у дилера в РБ;;https://xn--80ablbatmgfod1dzgm.xn--90ais/katalog/velyur/velyur-felicita-strada.html;photos/Аметист/Felicita_Strada/Felicita_Strada_14.jpg;https://xn--80ablbatmgfod1dzgm.xn--90ais/assets/images/products/953/14.jpg;"мебельныеткани.бел (дилер в РБ; официальный ametist-store.ru закрыт капчей)";2026-09-30
Аметист;Felicita Strada;Felicita Strada 15;15;Велюр;Полиэстер - 100%;148;340 (г/кв.м);70000;70000 циклов;;;;114 BYN/п.м. у дилера в РБ;;https://xn--80ablbatmgfod1dzgm.xn--90ais/katalog/velyur/velyur-felicita-strada.html;photos/Аметист/Felicita_Strada/Felicita_Strada_15.jpg;https://xn--80ablbatmgfod1dzgm.xn--90ais/assets/images/products/953/15.jpg;"мебельныеткани.бел (дилер в РБ; официальный ametist-store.ru закрыт капчей)";2026-09-30
Аметист;Felicita Strada;Felicita Strada 16;16;Велюр;Полиэстер - 100%;148;340 (г/кв.м);70000;70000 циклов;;;;114 BYN/п.м. у дилера в РБ;;https://xn--80ablbatmgfod1dzgm.xn--90ais/katalog/velyur/velyur-felicita-strada.html;photos/Аметист/Felicita_Strada/Felicita_Strada_16.jpg;https://xn--80ablbatmgfod1dzgm.xn--90ais/assets/images/products/953/16.jpg;"мебельныеткани.бел (дилер в РБ; официальный ametist-store.ru закрыт капчей)";2026-09-30
Аметист;Felicita Strada;Felicita Strada 17;17;Велюр;Полиэстер - 100%;148;340 (г/кв.м);70000;70000 циклов;;;;114 BYN/п.м. у дилера в РБ;;https://xn--80ablbatmgfod1dzgm.xn--90ais/katalog/velyur/velyur-felicita-strada.html;photos/Аметист/Felicita_Strada/Felicita_Strada_17.jpg;https://xn--80ablbatmgfod1dzgm.xn--90ais/assets/images/products/953/17.jpg;"мебельныеткани.бел (дилер в РБ; официальный ametist-store.ru закрыт капчей)";2026-09-30
Аметист;Generation;Generation 04;04;Велюр;Полиэстер - 100%;142;450 (г/кв.м);80000;80000 циклов;;;;77 BYN/п.м. у дилера в РБ;;https://xn--80ablbatmgfod1dzgm.xn--90ais/katalog/velyur/velyur-generation.html;photos/Аметист/Generation/Generation_04.jpg;https://xn--80ablbatmgfod1dzgm.xn--90ais/assets/images/products/829/04.jpg;"мебельныеткани.бел (дилер в РБ; официальный ametist-store.ru закрыт капчей)";2026-09-30
Аметист;Generation;Generation 06;06;Велюр;Полиэстер - 100%;142;450 (г/кв.м);80000;80000 циклов;;;;77 BYN/п.м. у дилера в РБ;;https://xn--80ablbatmgfod1dzgm.xn--90ais/katalog/velyur/velyur-generation.html;photos/Аметист/Generation/Generation_06.jpg;https://xn--80ablbatmgfod1dzgm.xn--90ais/assets/images/products/829/06.jpg;"мебельныеткани.бел (дилер в РБ; официальный ametist-store.ru закрыт капчей)";2026-09-30
Аметист;Generation;Generation 10;10;Велюр;Полиэстер - 100%;142;450 (г/кв.м);80000;80000 циклов;;;;77 BYN/п.м. у дилера в РБ;;https://xn--80ablbatmgfod1dzgm.xn--90ais/katalog/velyur/velyur-generation.html;photos/Аметист/Generation/Generation_10.jpg;https://xn--80ablbatmgfod1dzgm.xn--90ais/assets/images/products/829/10.jpg;"мебельныеткани.бел (дилер в РБ; официальный ametist-store.ru закрыт капчей)";2026-09-30
Аметист;Generation;Generation 11;11;Велюр;Полиэстер - 100%;142;450 (г/кв.м);80000;80000 циклов;;;;77 BYN/п.м. у дилера в РБ;;https://xn--80ablbatmgfod1dzgm.xn--90ais/katalog/velyur/velyur-generation.html;photos/Аметист/Generation/Generation_11.jpg;https://xn--80ablbatmgfod1dzgm.xn--90ais/assets/images/products/829/11.jpg;"мебельныеткани.бел (дилер в РБ; официальный ametist-store.ru закрыт капчей)";2026-09-30
Аметист;Generation;Generation 12;12;Велюр;Полиэстер - 100%;142;450 (г/кв.м);80000;80000 циклов;;;;77 BYN/п.м. у дилера в РБ;;https://xn--80ablbatmgfod1dzgm.xn--90ais/katalog/velyur/velyur-generation.html;photos/Аметист/Generation/Generation_12.jpg;https://xn--80ablbatmgfod1dzgm.xn--90ais/assets/images/products/829/12.jpg;"мебельныеткани.бел (дилер в РБ; официальный ametist-store.ru закрыт капчей)";2026-09-30
Аметист;Generation;Generation 13;13;Велюр;Полиэстер - 100%;142;450 (г/кв.м);80000;80000 циклов;;;;77 BYN/п.м. у дилера в РБ;;https://xn--80ablbatmgfod1dzgm.xn--90ais/katalog/velyur/velyur-generation.html;photos/Аметист/Generation/Generation_13.jpg;https://xn--80ablbatmgfod1dzgm.xn--90ais/assets/images/products/829/13.jpg;"мебельныеткани.бел (дилер в РБ; официальный ametist-store.ru закрыт капчей)";2026-09-30
Аметист;Generation;Generation 35;35;Велюр;Полиэстер - 100%;142;450 (г/кв.м);80000;80000 циклов;;;;77 BYN/п.м. у дилера в РБ;;https://xn--80ablbatmgfod1dzgm.xn--90ais/katalog/velyur/velyur-generation.html;photos/Аметист/Generation/Generation_35.jpg;https://xn--80ablbatmgfod1dzgm.xn--90ais/assets/images/products/829/35.jpg;"мебельныеткани.бел (дилер в РБ; официальный ametist-store.ru закрыт капчей)";2026-09-30
Аметист;Generation;Generation 101;101;Велюр;Полиэстер - 100%;142;450 (г/кв.м);80000;80000 циклов;;;;77 BYN/п.м. у дилера в РБ;;https://xn--80ablbatmgfod1dzgm.xn--90ais/katalog/velyur/velyur-generation.html;photos/Аметист/Generation/Generation_101.jpg;https://xn--80ablbatmgfod1dzgm.xn--90ais/assets/images/products/829/101.jpg;"мебельныеткани.бел (дилер в РБ; официальный ametist-store.ru закрыт капчей)";2026-09-30
Аметист;Generation;Generation 105;105;Велюр;Полиэстер - 100%;142;450 (г/кв.м);80000;80000 циклов;;;;77 BYN/п.м. у дилера в РБ;;https://xn--80ablbatmgfod1dzgm.xn--90ais/katalog/velyur/velyur-generation.html;photos/Аметист/Generation/Generation_105.jpg;https://xn--80ablbatmgfod1dzgm.xn--90ais/assets/images/products/829/105.jpg;"мебельныеткани.бел (дилер в РБ; официальный ametist-store.ru закрыт капчей)";2026-09-30
Аметист;Generation;Generation 106;106;Велюр;Полиэстер - 100%;142;450 (г/кв.м);80000;80000 циклов;;;;77 BYN/п.м. у дилера в РБ;;https://xn--80ablbatmgfod1dzgm.xn--90ais/katalog/velyur/velyur-generation.html;photos/Аметист/Generation/Generation_106.jpg;https://xn--80ablbatmgfod1dzgm.xn--90ais/assets/images/products/829/106.jpg;"мебельныеткани.бел (дилер в РБ; официальный ametist-store.ru закрыт капчей)";2026-09-30
Аметист;Generation;Generation 107;107;Велюр;Полиэстер - 100%;142;450 (г/кв.м);80000;80000 циклов;;;;77 BYN/п.м. у дилера в РБ;;https://xn--80ablbatmgfod1dzgm.xn--90ais/katalog/velyur/velyur-generation.html;photos/Аметист/Generation/Generation_107.jpg;https://xn--80ablbatmgfod1dzgm.xn--90ais/assets/images/products/829/107.jpg;"мебельныеткани.бел (дилер в РБ; официальный ametist-store.ru закрыт капчей)";2026-09-30
Аметист;Generation;Generation 108;108;Велюр;Полиэстер - 100%;142;450 (г/кв.м);80000;80000 циклов;;;;77 BYN/п.м. у дилера в РБ;;https://xn--80ablbatmgfod1dzgm.xn--90ais/katalog/velyur/velyur-generation.html;photos/Аметист/Generation/Generation_108.jpg;https://xn--80ablbatmgfod1dzgm.xn--90ais/assets/images/products/829/108.jpg;"мебельныеткани.бел (дилер в РБ; официальный ametist-store.ru закрыт капчей)";2026-09-30
Аметист;Generation;Generation 109;109;Велюр;Полиэстер - 100%;142;450 (г/кв.м);80000;80000 циклов;;;;77 BYN/п.м. у дилера в РБ;;https://xn--80ablbatmgfod1dzgm.xn--90ais/katalog/velyur/velyur-generation.html;photos/Аметист/Generation/Generation_109.jpg;https://xn--80ablbatmgfod1dzgm.xn--90ais/assets/images/products/829/109.jpg;"мебельныеткани.бел (дилер в РБ; официальный ametist-store.ru закрыт капчей)";2026-09-30
Аметист;Generation;Generation 110;110;Велюр;Полиэстер - 100%;142;450 (г/кв.м);80000;80000 циклов;;;;77 BYN/п.м. у дилера в РБ;;https://xn--80ablbatmgfod1dzgm.xn--90ais/katalog/velyur/velyur-generation.html;photos/Аметист/Generation/Generation_110.jpg;https://xn--80ablbatmgfod1dzgm.xn--90ais/assets/images/products/829/110.jpg;"мебельныеткани.бел (дилер в РБ; официальный ametist-store.ru закрыт капчей)";2026-09-30
Аметист;Generation;Generation 111;111;Велюр;Полиэстер - 100%;142;450 (г/кв.м);80000;80000 циклов;;;;77 BYN/п.м. у дилера в РБ;;https://xn--80ablbatmgfod1dzgm.xn--90ais/katalog/velyur/velyur-generation.html;photos/Аметист/Generation/Generation_111.jpg;https://xn--80ablbatmgfod1dzgm.xn--90ais/assets/images/products/829/111.jpg;"мебельныеткани.бел (дилер в РБ; официальный ametist-store.ru закрыт капчей)";2026-09-30
Аметист;Generation;Generation 115;115;Велюр;Полиэстер - 100%;142;450 (г/кв.м);80000;80000 циклов;;;;77 BYN/п.м. у дилера в РБ;;https://xn--80ablbatmgfod1dzgm.xn--90ais/katalog/velyur/velyur-generation.html;photos/Аметист/Generation/Generation_115.jpg;https://xn--80ablbatmgfod1dzgm.xn--90ais/assets/images/products/829/115.jpg;"мебельныеткани.бел (дилер в РБ; официальный ametist-store.ru закрыт капчей)";2026-09-30
Аметист;Generation;Generation 116;116;Велюр;Полиэстер - 100%;142;450 (г/кв.м);80000;80000 циклов;;;;77 BYN/п.м. у дилера в РБ;;https://xn--80ablbatmgfod1dzgm.xn--90ais/katalog/velyur/velyur-generation.html;photos/Аметист/Generation/Generation_116.jpg;https://xn--80ablbatmgfod1dzgm.xn--90ais/assets/images/products/829/116.jpg;"мебельныеткани.бел (дилер в РБ; официальный ametist-store.ru закрыт капчей)";2026-09-30
Аметист;Irida;Irida 1;1;Велюр;Полиэстер - 100%;140;460 (г/кв.м);50000;50000 циклов;;;;78 BYN/п.м. у дилера в РБ;;https://xn--80ablbatmgfod1dzgm.xn--90ais/katalog/velyur/velyur-irida.html;photos/Аметист/Irida/Irida_1.jpg;https://xn--80ablbatmgfod1dzgm.xn--90ais/assets/images/products/735/1.jpg;"мебельныеткани.бел (дилер в РБ; официальный ametist-store.ru закрыт капчей)";2026-09-30
Аметист;Irida;Irida 2;2;Велюр;Полиэстер - 100%;140;460 (г/кв.м);50000;50000 циклов;;;;78 BYN/п.м. у дилера в РБ;;https://xn--80ablbatmgfod1dzgm.xn--90ais/katalog/velyur/velyur-irida.html;photos/Аметист/Irida/Irida_2.jpg;https://xn--80ablbatmgfod1dzgm.xn--90ais/assets/images/products/735/2.jpg;"мебельныеткани.бел (дилер в РБ; официальный ametist-store.ru закрыт капчей)";2026-09-30
Аметист;Irida;Irida 3;3;Велюр;Полиэстер - 100%;140;460 (г/кв.м);50000;50000 циклов;;;;78 BYN/п.м. у дилера в РБ;;https://xn--80ablbatmgfod1dzgm.xn--90ais/katalog/velyur/velyur-irida.html;photos/Аметист/Irida/Irida_3.jpg;https://xn--80ablbatmgfod1dzgm.xn--90ais/assets/images/products/735/3.jpg;"мебельныеткани.бел (дилер в РБ; официальный ametist-store.ru закрыт капчей)";2026-09-30
Аметист;Irida;Irida 4;4;Велюр;Полиэстер - 100%;140;460 (г/кв.м);50000;50000 циклов;;;;78 BYN/п.м. у дилера в РБ;;https://xn--80ablbatmgfod1dzgm.xn--90ais/katalog/velyur/velyur-irida.html;photos/Аметист/Irida/Irida_4.jpg;https://xn--80ablbatmgfod1dzgm.xn--90ais/assets/images/products/735/4.jpg;"мебельныеткани.бел (дилер в РБ; официальный ametist-store.ru закрыт капчей)";2026-09-30
Аметист;Irida;Irida 5;5;Велюр;Полиэстер - 100%;140;460 (г/кв.м);50000;50000 циклов;;;;78 BYN/п.м. у дилера в РБ;;https://xn--80ablbatmgfod1dzgm.xn--90ais/katalog/velyur/velyur-irida.html;photos/Аметист/Irida/Irida_5.jpg;https://xn--80ablbatmgfod1dzgm.xn--90ais/assets/images/products/735/5.jpg;"мебельныеткани.бел (дилер в РБ; официальный ametist-store.ru закрыт капчей)";2026-09-30
Аметист;Irida;Irida 6;6;Велюр;Полиэстер - 100%;140;460 (г/кв.м);50000;50000 циклов;;;;78 BYN/п.м. у дилера в РБ;;https://xn--80ablbatmgfod1dzgm.xn--90ais/katalog/velyur/velyur-irida.html;photos/Аметист/Irida/Irida_6.jpg;https://xn--80ablbatmgfod1dzgm.xn--90ais/assets/images/products/735/6.jpg;"мебельныеткани.бел (дилер в РБ; официальный ametist-store.ru закрыт капчей)";2026-09-30
Аметист;Irida;Irida 7;7;Велюр;Полиэстер - 100%;140;460 (г/кв.м);50000;50000 циклов;;;;78 BYN/п.м. у дилера в РБ;;https://xn--80ablbatmgfod1dzgm.xn--90ais/katalog/velyur/velyur-irida.html;photos/Аметист/Irida/Irida_7.jpg;https://xn--80ablbatmgfod1dzgm.xn--90ais/assets/images/products/735/7.jpg;"мебельныеткани.бел (дилер в РБ; официальный ametist-store.ru закрыт капчей)";2026-09-30
Аметист;Irida;Irida 8;8;Велюр;Полиэстер - 100%;140;460 (г/кв.м);50000;50000 циклов;;;;78 BYN/п.м. у дилера в РБ;;https://xn--80ablbatmgfod1dzgm.xn--90ais/katalog/velyur/velyur-irida.html;photos/Аметист/Irida/Irida_8.jpg;https://xn--80ablbatmgfod1dzgm.xn--90ais/assets/images/products/735/8.jpg;"мебельныеткани.бел (дилер в РБ; официальный ametist-store.ru закрыт капчей)";2026-09-30
Аметист;Irida;Irida 9;9;Велюр;Полиэстер - 100%;140;460 (г/кв.м);50000;50000 циклов;;;;78 BYN/п.м. у дилера в РБ;;https://xn--80ablbatmgfod1dzgm.xn--90ais/katalog/velyur/velyur-irida.html;photos/Аметист/Irida/Irida_9.jpg;https://xn--80ablbatmgfod1dzgm.xn--90ais/assets/images/products/735/9.jpg;"мебельныеткани.бел (дилер в РБ; официальный ametist-store.ru закрыт капчей)";2026-09-30
Аметист;Irida;Irida 10;10;Велюр;Полиэстер - 100%;140;460 (г/кв.м);50000;50000 циклов;;;;78 BYN/п.м. у дилера в РБ;;https://xn--80ablbatmgfod1dzgm.xn--90ais/katalog/velyur/velyur-irida.html;photos/Аметист/Irida/Irida_10.jpg;https://xn--80ablbatmgfod1dzgm.xn--90ais/assets/images/products/735/10.jpg;"мебельныеткани.бел (дилер в РБ; официальный ametist-store.ru закрыт капчей)";2026-09-30
Аметист;Irida;Irida 11;11;Велюр;Полиэстер - 100%;140;460 (г/кв.м);50000;50000 циклов;;;;78 BYN/п.м. у дилера в РБ;;https://xn--80ablbatmgfod1dzgm.xn--90ais/katalog/velyur/velyur-irida.html;photos/Аметист/Irida/Irida_11.jpg;https://xn--80ablbatmgfod1dzgm.xn--90ais/assets/images/products/735/11.jpg;"мебельныеткани.бел (дилер в РБ; официальный ametist-store.ru закрыт капчей)";2026-09-30
Аметист;Irida;Irida 12;12;Велюр;Полиэстер - 100%;140;460 (г/кв.м);50000;50000 циклов;;;;78 BYN/п.м. у дилера в РБ;;https://xn--80ablbatmgfod1dzgm.xn--90ais/katalog/velyur/velyur-irida.html;photos/Аметист/Irida/Irida_12.jpg;https://xn--80ablbatmgfod1dzgm.xn--90ais/assets/images/products/735/12.jpg;"мебельныеткани.бел (дилер в РБ; официальный ametist-store.ru закрыт капчей)";2026-09-30
Аметист;Irida;Irida 13;13;Велюр;Полиэстер - 100%;140;460 (г/кв.м);50000;50000 циклов;;;;78 BYN/п.м. у дилера в РБ;;https://xn--80ablbatmgfod1dzgm.xn--90ais/katalog/velyur/velyur-irida.html;photos/Аметист/Irida/Irida_13.jpg;https://xn--80ablbatmgfod1dzgm.xn--90ais/assets/images/products/735/13.jpg;"мебельныеткани.бел (дилер в РБ; официальный ametist-store.ru закрыт капчей)";2026-09-30
Аметист;Irida;Irida 14;14;Велюр;Полиэстер - 100%;140;460 (г/кв.м);50000;50000 циклов;;;;78 BYN/п.м. у дилера в РБ;;https://xn--80ablbatmgfod1dzgm.xn--90ais/katalog/velyur/velyur-irida.html;photos/Аметист/Irida/Irida_14.jpg;https://xn--80ablbatmgfod1dzgm.xn--90ais/assets/images/products/735/14.jpg;"мебельныеткани.бел (дилер в РБ; официальный ametist-store.ru закрыт капчей)";2026-09-30
Аметист;Irida;Irida 15;15;Велюр;Полиэстер - 100%;140;460 (г/кв.м);50000;50000 циклов;;;;78 BYN/п.м. у дилера в РБ;;https://xn--80ablbatmgfod1dzgm.xn--90ais/katalog/velyur/velyur-irida.html;photos/Аметист/Irida/Irida_15.jpg;https://xn--80ablbatmgfod1dzgm.xn--90ais/assets/images/products/735/15.jpg;"мебельныеткани.бел (дилер в РБ; официальный ametist-store.ru закрыт капчей)";2026-09-30
Аметист;Irida;Irida 16;16;Велюр;Полиэстер - 100%;140;460 (г/кв.м);50000;50000 циклов;;;;78 BYN/п.м. у дилера в РБ;;https://xn--80ablbatmgfod1dzgm.xn--90ais/katalog/velyur/velyur-irida.html;photos/Аметист/Irida/Irida_16.jpg;https://xn--80ablbatmgfod1dzgm.xn--90ais/assets/images/products/735/16.jpg;"мебельныеткани.бел (дилер в РБ; официальный ametist-store.ru закрыт капчей)";2026-09-30
Аметист;Irida;Irida 17;17;Велюр;Полиэстер - 100%;140;460 (г/кв.м);50000;50000 циклов;;;;78 BYN/п.м. у дилера в РБ;;https://xn--80ablbatmgfod1dzgm.xn--90ais/katalog/velyur/velyur-irida.html;photos/Аметист/Irida/Irida_17.jpg;https://xn--80ablbatmgfod1dzgm.xn--90ais/assets/images/products/735/17.jpg;"мебельныеткани.бел (дилер в РБ; официальный ametist-store.ru закрыт капчей)";2026-09-30
Аметист;Irida;Irida 18;18;Велюр;Полиэстер - 100%;140;460 (г/кв.м);50000;50000 циклов;;;;78 BYN/п.м. у дилера в РБ;;https://xn--80ablbatmgfod1dzgm.xn--90ais/katalog/velyur/velyur-irida.html;photos/Аметист/Irida/Irida_18.jpg;https://xn--80ablbatmgfod1dzgm.xn--90ais/assets/images/products/735/18.jpg;"мебельныеткани.бел (дилер в РБ; официальный ametist-store.ru закрыт капчей)";2026-09-30
Аметист;Irida;Irida 19;19;Велюр;Полиэстер - 100%;140;460 (г/кв.м);50000;50000 циклов;;;;78 BYN/п.м. у дилера в РБ;;https://xn--80ablbatmgfod1dzgm.xn--90ais/katalog/velyur/velyur-irida.html;photos/Аметист/Irida/Irida_19.jpg;https://xn--80ablbatmgfod1dzgm.xn--90ais/assets/images/products/735/19.jpg;"мебельныеткани.бел (дилер в РБ; официальный ametist-store.ru закрыт капчей)";2026-09-30
Аметист;Irida;Irida 20;20;Велюр;Полиэстер - 100%;140;460 (г/кв.м);50000;50000 циклов;;;;78 BYN/п.м. у дилера в РБ;;https://xn--80ablbatmgfod1dzgm.xn--90ais/katalog/velyur/velyur-irida.html;photos/Аметист/Irida/Irida_20.jpg;https://xn--80ablbatmgfod1dzgm.xn--90ais/assets/images/products/735/20.jpg;"мебельныеткани.бел (дилер в РБ; официальный ametist-store.ru закрыт капчей)";2026-09-30
Аметист;Irida;Irida 21;21;Велюр;Полиэстер - 100%;140;460 (г/кв.м);50000;50000 циклов;;;;78 BYN/п.м. у дилера в РБ;;https://xn--80ablbatmgfod1dzgm.xn--90ais/katalog/velyur/velyur-irida.html;photos/Аметист/Irida/Irida_21.jpg;https://xn--80ablbatmgfod1dzgm.xn--90ais/assets/images/products/735/21.jpg;"мебельныеткани.бел (дилер в РБ; официальный ametist-store.ru закрыт капчей)";2026-09-30
Аметист;Irida;Irida 22;22;Велюр;Полиэстер - 100%;140;460 (г/кв.м);50000;50000 циклов;;;;78 BYN/п.м. у дилера в РБ;;https://xn--80ablbatmgfod1dzgm.xn--90ais/katalog/velyur/velyur-irida.html;photos/Аметист/Irida/Irida_22.jpg;https://xn--80ablbatmgfod1dzgm.xn--90ais/assets/images/products/735/22.jpg;"мебельныеткани.бел (дилер в РБ; официальный ametist-store.ru закрыт капчей)";2026-09-30
Аметист;Jaguar;Jaguar 01;01;Велюр;Полиэстер - 100%;140;420 (г/кв.м);50000;50000 циклов;;;;64 BYN/п.м. у дилера в РБ;;https://xn--80ablbatmgfod1dzgm.xn--90ais/katalog/velyur/velyur-jaguar.html;photos/Аметист/Jaguar/Jaguar_01.jpg;https://xn--80ablbatmgfod1dzgm.xn--90ais/assets/images/products/755/01.jpg;"мебельныеткани.бел (дилер в РБ; официальный ametist-store.ru закрыт капчей)";2026-09-30
Аметист;Jaguar;Jaguar 02;02;Велюр;Полиэстер - 100%;140;420 (г/кв.м);50000;50000 циклов;;;;64 BYN/п.м. у дилера в РБ;;https://xn--80ablbatmgfod1dzgm.xn--90ais/katalog/velyur/velyur-jaguar.html;photos/Аметист/Jaguar/Jaguar_02.jpg;https://xn--80ablbatmgfod1dzgm.xn--90ais/assets/images/products/755/02.jpg;"мебельныеткани.бел (дилер в РБ; официальный ametist-store.ru закрыт капчей)";2026-09-30
Аметист;Jaguar;Jaguar 03;03;Велюр;Полиэстер - 100%;140;420 (г/кв.м);50000;50000 циклов;;;;64 BYN/п.м. у дилера в РБ;;https://xn--80ablbatmgfod1dzgm.xn--90ais/katalog/velyur/velyur-jaguar.html;photos/Аметист/Jaguar/Jaguar_03.jpg;https://xn--80ablbatmgfod1dzgm.xn--90ais/assets/images/products/755/03.jpg;"мебельныеткани.бел (дилер в РБ; официальный ametist-store.ru закрыт капчей)";2026-09-30
Аметист;Jaguar;Jaguar 04;04;Велюр;Полиэстер - 100%;140;420 (г/кв.м);50000;50000 циклов;;;;64 BYN/п.м. у дилера в РБ;;https://xn--80ablbatmgfod1dzgm.xn--90ais/katalog/velyur/velyur-jaguar.html;photos/Аметист/Jaguar/Jaguar_04.jpg;https://xn--80ablbatmgfod1dzgm.xn--90ais/assets/images/products/755/04.jpg;"мебельныеткани.бел (дилер в РБ; официальный ametist-store.ru закрыт капчей)";2026-09-30
Аметист;Jaguar;Jaguar 05;05;Велюр;Полиэстер - 100%;140;420 (г/кв.м);50000;50000 циклов;;;;64 BYN/п.м. у дилера в РБ;;https://xn--80ablbatmgfod1dzgm.xn--90ais/katalog/velyur/velyur-jaguar.html;photos/Аметист/Jaguar/Jaguar_05.jpg;https://xn--80ablbatmgfod1dzgm.xn--90ais/assets/images/products/755/05.jpg;"мебельныеткани.бел (дилер в РБ; официальный ametist-store.ru закрыт капчей)";2026-09-30
Аметист;Jaguar;Jaguar 06;06;Велюр;Полиэстер - 100%;140;420 (г/кв.м);50000;50000 циклов;;;;64 BYN/п.м. у дилера в РБ;;https://xn--80ablbatmgfod1dzgm.xn--90ais/katalog/velyur/velyur-jaguar.html;photos/Аметист/Jaguar/Jaguar_06.jpg;https://xn--80ablbatmgfod1dzgm.xn--90ais/assets/images/products/755/06.jpg;"мебельныеткани.бел (дилер в РБ; официальный ametist-store.ru закрыт капчей)";2026-09-30
Аметист;Jaguar;Jaguar 07;07;Велюр;Полиэстер - 100%;140;420 (г/кв.м);50000;50000 циклов;;;;64 BYN/п.м. у дилера в РБ;;https://xn--80ablbatmgfod1dzgm.xn--90ais/katalog/velyur/velyur-jaguar.html;photos/Аметист/Jaguar/Jaguar_07.jpg;https://xn--80ablbatmgfod1dzgm.xn--90ais/assets/images/products/755/07.jpg;"мебельныеткани.бел (дилер в РБ; официальный ametist-store.ru закрыт капчей)";2026-09-30
Аметист;Jaguar;Jaguar 08;08;Велюр;Полиэстер - 100%;140;420 (г/кв.м);50000;50000 циклов;;;;64 BYN/п.м. у дилера в РБ;;https://xn--80ablbatmgfod1dzgm.xn--90ais/katalog/velyur/velyur-jaguar.html;photos/Аметист/Jaguar/Jaguar_08.jpg;https://xn--80ablbatmgfod1dzgm.xn--90ais/assets/images/products/755/08.jpg;"мебельныеткани.бел (дилер в РБ; официальный ametist-store.ru закрыт капчей)";2026-09-30
Аметист;Jaguar;Jaguar 09;09;Велюр;Полиэстер - 100%;140;420 (г/кв.м);50000;50000 циклов;;;;64 BYN/п.м. у дилера в РБ;;https://xn--80ablbatmgfod1dzgm.xn--90ais/katalog/velyur/velyur-jaguar.html;photos/Аметист/Jaguar/Jaguar_09.jpg;https://xn--80ablbatmgfod1dzgm.xn--90ais/assets/images/products/755/09.jpg;"мебельныеткани.бел (дилер в РБ; официальный ametist-store.ru закрыт капчей)";2026-09-30
Аметист;Jaguar;Jaguar 10;10;Велюр;Полиэстер - 100%;140;420 (г/кв.м);50000;50000 циклов;;;;64 BYN/п.м. у дилера в РБ;;https://xn--80ablbatmgfod1dzgm.xn--90ais/katalog/velyur/velyur-jaguar.html;photos/Аметист/Jaguar/Jaguar_10.jpg;https://xn--80ablbatmgfod1dzgm.xn--90ais/assets/images/products/755/10.jpg;"мебельныеткани.бел (дилер в РБ; официальный ametist-store.ru закрыт капчей)";2026-09-30
Аметист;Jaguar;Jaguar 11;11;Велюр;Полиэстер - 100%;140;420 (г/кв.м);50000;50000 циклов;;;;64 BYN/п.м. у дилера в РБ;;https://xn--80ablbatmgfod1dzgm.xn--90ais/katalog/velyur/velyur-jaguar.html;photos/Аметист/Jaguar/Jaguar_11.jpg;https://xn--80ablbatmgfod1dzgm.xn--90ais/assets/images/products/755/11.jpg;"мебельныеткани.бел (дилер в РБ; официальный ametist-store.ru закрыт капчей)";2026-09-30
Аметист;Jaguar;Jaguar 12;12;Велюр;Полиэстер - 100%;140;420 (г/кв.м);50000;50000 циклов;;;;64 BYN/п.м. у дилера в РБ;;https://xn--80ablbatmgfod1dzgm.xn--90ais/katalog/velyur/velyur-jaguar.html;photos/Аметист/Jaguar/Jaguar_12.jpg;https://xn--80ablbatmgfod1dzgm.xn--90ais/assets/images/products/755/12.jpg;"мебельныеткани.бел (дилер в РБ; официальный ametist-store.ru закрыт капчей)";2026-09-30
Аметист;Jaguar;Jaguar 13;13;Велюр;Полиэстер - 100%;140;420 (г/кв.м);50000;50000 циклов;;;;64 BYN/п.м. у дилера в РБ;;https://xn--80ablbatmgfod1dzgm.xn--90ais/katalog/velyur/velyur-jaguar.html;photos/Аметист/Jaguar/Jaguar_13.jpg;https://xn--80ablbatmgfod1dzgm.xn--90ais/assets/images/products/755/13.jpg;"мебельныеткани.бел (дилер в РБ; официальный ametist-store.ru закрыт капчей)";2026-09-30
Аметист;Jaguar;Jaguar 14;14;Велюр;Полиэстер - 100%;140;420 (г/кв.м);50000;50000 циклов;;;;64 BYN/п.м. у дилера в РБ;;https://xn--80ablbatmgfod1dzgm.xn--90ais/katalog/velyur/velyur-jaguar.html;photos/Аметист/Jaguar/Jaguar_14.jpg;https://xn--80ablbatmgfod1dzgm.xn--90ais/assets/images/products/755/14.jpg;"мебельныеткани.бел (дилер в РБ; официальный ametist-store.ru закрыт капчей)";2026-09-30
Аметист;Jaguar;Jaguar 15;15;Велюр;Полиэстер - 100%;140;420 (г/кв.м);50000;50000 циклов;;;;64 BYN/п.м. у дилера в РБ;;https://xn--80ablbatmgfod1dzgm.xn--90ais/katalog/velyur/velyur-jaguar.html;photos/Аметист/Jaguar/Jaguar_15.jpg;https://xn--80ablbatmgfod1dzgm.xn--90ais/assets/images/products/755/15.jpg;"мебельныеткани.бел (дилер в РБ; официальный ametist-store.ru закрыт капчей)";2026-09-30
Аметист;Jaguar;Jaguar 16;16;Велюр;Полиэстер - 100%;140;420 (г/кв.м);50000;50000 циклов;;;;64 BYN/п.м. у дилера в РБ;;https://xn--80ablbatmgfod1dzgm.xn--90ais/katalog/velyur/velyur-jaguar.html;photos/Аметист/Jaguar/Jaguar_16.jpg;https://xn--80ablbatmgfod1dzgm.xn--90ais/assets/images/products/755/16.jpg;"мебельныеткани.бел (дилер в РБ; официальный ametist-store.ru закрыт капчей)";2026-09-30
Аметист;Jaguar;Jaguar 17;17;Велюр;Полиэстер - 100%;140;420 (г/кв.м);50000;50000 циклов;;;;64 BYN/п.м. у дилера в РБ;;https://xn--80ablbatmgfod1dzgm.xn--90ais/katalog/velyur/velyur-jaguar.html;photos/Аметист/Jaguar/Jaguar_17.jpg;https://xn--80ablbatmgfod1dzgm.xn--90ais/assets/images/products/755/17.jpg;"мебельныеткани.бел (дилер в РБ; официальный ametist-store.ru закрыт капчей)";2026-09-30
Аметист;Jaguar;Jaguar 18;18;Велюр;Полиэстер - 100%;140;420 (г/кв.м);50000;50000 циклов;;;;64 BYN/п.м. у дилера в РБ;;https://xn--80ablbatmgfod1dzgm.xn--90ais/katalog/velyur/velyur-jaguar.html;photos/Аметист/Jaguar/Jaguar_18.jpg;https://xn--80ablbatmgfod1dzgm.xn--90ais/assets/images/products/755/18.jpg;"мебельныеткани.бел (дилер в РБ; официальный ametist-store.ru закрыт капчей)";2026-09-30
Аметист;Lambi;Lambi 01;01;Велюр;Полиэстер - 100%;140;420 (г/кв.м);100000;100000 циклов;;;;80 BYN/п.м. у дилера в РБ;;https://xn--80ablbatmgfod1dzgm.xn--90ais/katalog/velyur/velyur-lambi.html;photos/Аметист/Lambi/Lambi_01.jpg;https://xn--80ablbatmgfod1dzgm.xn--90ais/assets/images/products/738/01.jpg;"мебельныеткани.бел (дилер в РБ; официальный ametist-store.ru закрыт капчей)";2026-09-30
Аметист;Lambi;Lambi 02;02;Велюр;Полиэстер - 100%;140;420 (г/кв.м);100000;100000 циклов;;;;80 BYN/п.м. у дилера в РБ;;https://xn--80ablbatmgfod1dzgm.xn--90ais/katalog/velyur/velyur-lambi.html;photos/Аметист/Lambi/Lambi_02.jpg;https://xn--80ablbatmgfod1dzgm.xn--90ais/assets/images/products/738/02.jpg;"мебельныеткани.бел (дилер в РБ; официальный ametist-store.ru закрыт капчей)";2026-09-30
Аметист;Lambi;Lambi 03;03;Велюр;Полиэстер - 100%;140;420 (г/кв.м);100000;100000 циклов;;;;80 BYN/п.м. у дилера в РБ;;https://xn--80ablbatmgfod1dzgm.xn--90ais/katalog/velyur/velyur-lambi.html;photos/Аметист/Lambi/Lambi_03.jpg;https://xn--80ablbatmgfod1dzgm.xn--90ais/assets/images/products/738/03.jpg;"мебельныеткани.бел (дилер в РБ; официальный ametist-store.ru закрыт капчей)";2026-09-30
Аметист;Lambi;Lambi 04;04;Велюр;Полиэстер - 100%;140;420 (г/кв.м);100000;100000 циклов;;;;80 BYN/п.м. у дилера в РБ;;https://xn--80ablbatmgfod1dzgm.xn--90ais/katalog/velyur/velyur-lambi.html;photos/Аметист/Lambi/Lambi_04.jpg;https://xn--80ablbatmgfod1dzgm.xn--90ais/assets/images/products/738/04.jpg;"мебельныеткани.бел (дилер в РБ; официальный ametist-store.ru закрыт капчей)";2026-09-30
Аметист;Lambi;Lambi 05;05;Велюр;Полиэстер - 100%;140;420 (г/кв.м);100000;100000 циклов;;;;80 BYN/п.м. у дилера в РБ;;https://xn--80ablbatmgfod1dzgm.xn--90ais/katalog/velyur/velyur-lambi.html;photos/Аметист/Lambi/Lambi_05.jpg;https://xn--80ablbatmgfod1dzgm.xn--90ais/assets/images/products/738/05.jpg;"мебельныеткани.бел (дилер в РБ; официальный ametist-store.ru закрыт капчей)";2026-09-30
Аметист;Lambi;Lambi 06;06;Велюр;Полиэстер - 100%;140;420 (г/кв.м);100000;100000 циклов;;;;80 BYN/п.м. у дилера в РБ;;https://xn--80ablbatmgfod1dzgm.xn--90ais/katalog/velyur/velyur-lambi.html;photos/Аметист/Lambi/Lambi_06.jpg;https://xn--80ablbatmgfod1dzgm.xn--90ais/assets/images/products/738/06.jpg;"мебельныеткани.бел (дилер в РБ; официальный ametist-store.ru закрыт капчей)";2026-09-30
Аметист;Lambi;Lambi 07;07;Велюр;Полиэстер - 100%;140;420 (г/кв.м);100000;100000 циклов;;;;80 BYN/п.м. у дилера в РБ;;https://xn--80ablbatmgfod1dzgm.xn--90ais/katalog/velyur/velyur-lambi.html;photos/Аметист/Lambi/Lambi_07.jpg;https://xn--80ablbatmgfod1dzgm.xn--90ais/assets/images/products/738/07.jpg;"мебельныеткани.бел (дилер в РБ; официальный ametist-store.ru закрыт капчей)";2026-09-30
Аметист;Lambi;Lambi 08;08;Велюр;Полиэстер - 100%;140;420 (г/кв.м);100000;100000 циклов;;;;80 BYN/п.м. у дилера в РБ;;https://xn--80ablbatmgfod1dzgm.xn--90ais/katalog/velyur/velyur-lambi.html;photos/Аметист/Lambi/Lambi_08.jpg;https://xn--80ablbatmgfod1dzgm.xn--90ais/assets/images/products/738/08.jpg;"мебельныеткани.бел (дилер в РБ; официальный ametist-store.ru закрыт капчей)";2026-09-30
Аметист;Lambi;Lambi 09;09;Велюр;Полиэстер - 100%;140;420 (г/кв.м);100000;100000 циклов;;;;80 BYN/п.м. у дилера в РБ;;https://xn--80ablbatmgfod1dzgm.xn--90ais/katalog/velyur/velyur-lambi.html;photos/Аметист/Lambi/Lambi_09.jpg;https://xn--80ablbatmgfod1dzgm.xn--90ais/assets/images/products/738/09.jpg;"мебельныеткани.бел (дилер в РБ; официальный ametist-store.ru закрыт капчей)";2026-09-30
Аметист;Lambi;Lambi 10;10;Велюр;Полиэстер - 100%;140;420 (г/кв.м);100000;100000 циклов;;;;80 BYN/п.м. у дилера в РБ;;https://xn--80ablbatmgfod1dzgm.xn--90ais/katalog/velyur/velyur-lambi.html;photos/Аметист/Lambi/Lambi_10.jpg;https://xn--80ablbatmgfod1dzgm.xn--90ais/assets/images/products/738/10.jpg;"мебельныеткани.бел (дилер в РБ; официальный ametist-store.ru закрыт капчей)";2026-09-30
Аметист;Lambi;Lambi 11;11;Велюр;Полиэстер - 100%;140;420 (г/кв.м);100000;100000 циклов;;;;80 BYN/п.м. у дилера в РБ;;https://xn--80ablbatmgfod1dzgm.xn--90ais/katalog/velyur/velyur-lambi.html;photos/Аметист/Lambi/Lambi_11.jpg;https://xn--80ablbatmgfod1dzgm.xn--90ais/assets/images/products/738/11.jpg;"мебельныеткани.бел (дилер в РБ; официальный ametist-store.ru закрыт капчей)";2026-09-30
Аметист;Lambi;Lambi 12;12;Велюр;Полиэстер - 100%;140;420 (г/кв.м);100000;100000 циклов;;;;80 BYN/п.м. у дилера в РБ;;https://xn--80ablbatmgfod1dzgm.xn--90ais/katalog/velyur/velyur-lambi.html;photos/Аметист/Lambi/Lambi_12.jpg;https://xn--80ablbatmgfod1dzgm.xn--90ais/assets/images/products/738/12.jpg;"мебельныеткани.бел (дилер в РБ; официальный ametist-store.ru закрыт капчей)";2026-09-30
Аметист;Lambi;Lambi 13;13;Велюр;Полиэстер - 100%;140;420 (г/кв.м);100000;100000 циклов;;;;80 BYN/п.м. у дилера в РБ;;https://xn--80ablbatmgfod1dzgm.xn--90ais/katalog/velyur/velyur-lambi.html;photos/Аметист/Lambi/Lambi_13.jpg;https://xn--80ablbatmgfod1dzgm.xn--90ais/assets/images/products/738/13.jpg;"мебельныеткани.бел (дилер в РБ; официальный ametist-store.ru закрыт капчей)";2026-09-30
Аметист;Lambi;Lambi 14;14;Велюр;Полиэстер - 100%;140;420 (г/кв.м);100000;100000 циклов;;;;80 BYN/п.м. у дилера в РБ;;https://xn--80ablbatmgfod1dzgm.xn--90ais/katalog/velyur/velyur-lambi.html;photos/Аметист/Lambi/Lambi_14.jpg;https://xn--80ablbatmgfod1dzgm.xn--90ais/assets/images/products/738/14.jpg;"мебельныеткани.бел (дилер в РБ; официальный ametist-store.ru закрыт капчей)";2026-09-30
Аметист;Lambi;Lambi 15;15;Велюр;Полиэстер - 100%;140;420 (г/кв.м);100000;100000 циклов;;;;80 BYN/п.м. у дилера в РБ;;https://xn--80ablbatmgfod1dzgm.xn--90ais/katalog/velyur/velyur-lambi.html;photos/Аметист/Lambi/Lambi_15.jpg;https://xn--80ablbatmgfod1dzgm.xn--90ais/assets/images/products/738/15.jpg;"мебельныеткани.бел (дилер в РБ; официальный ametist-store.ru закрыт капчей)";2026-09-30
Аметист;Lambi;Lambi 16;16;Велюр;Полиэстер - 100%;140;420 (г/кв.м);100000;100000 циклов;;;;80 BYN/п.м. у дилера в РБ;;https://xn--80ablbatmgfod1dzgm.xn--90ais/katalog/velyur/velyur-lambi.html;photos/Аметист/Lambi/Lambi_16.jpg;https://xn--80ablbatmgfod1dzgm.xn--90ais/assets/images/products/738/16.jpg;"мебельныеткани.бел (дилер в РБ; официальный ametist-store.ru закрыт капчей)";2026-09-30
Аметист;Lambi;Lambi 17;17;Велюр;Полиэстер - 100%;140;420 (г/кв.м);100000;100000 циклов;;;;80 BYN/п.м. у дилера в РБ;;https://xn--80ablbatmgfod1dzgm.xn--90ais/katalog/velyur/velyur-lambi.html;photos/Аметист/Lambi/Lambi_17.jpg;https://xn--80ablbatmgfod1dzgm.xn--90ais/assets/images/products/738/17.jpg;"мебельныеткани.бел (дилер в РБ; официальный ametist-store.ru закрыт капчей)";2026-09-30
Аметист;Lambi;Lambi 18;18;Велюр;Полиэстер - 100%;140;420 (г/кв.м);100000;100000 циклов;;;;80 BYN/п.м. у дилера в РБ;;https://xn--80ablbatmgfod1dzgm.xn--90ais/katalog/velyur/velyur-lambi.html;photos/Аметист/Lambi/Lambi_18.jpg;https://xn--80ablbatmgfod1dzgm.xn--90ais/assets/images/products/738/18.jpg;"мебельныеткани.бел (дилер в РБ; официальный ametist-store.ru закрыт капчей)";2026-09-30
Аметист;Lambi;Lambi 19;19;Велюр;Полиэстер - 100%;140;420 (г/кв.м);100000;100000 циклов;;;;80 BYN/п.м. у дилера в РБ;;https://xn--80ablbatmgfod1dzgm.xn--90ais/katalog/velyur/velyur-lambi.html;photos/Аметист/Lambi/Lambi_19.jpg;https://xn--80ablbatmgfod1dzgm.xn--90ais/assets/images/products/738/19.jpg;"мебельныеткани.бел (дилер в РБ; официальный ametist-store.ru закрыт капчей)";2026-09-30
Аметист;Lambi;Lambi 20;20;Велюр;Полиэстер - 100%;140;420 (г/кв.м);100000;100000 циклов;;;;80 BYN/п.м. у дилера в РБ;;https://xn--80ablbatmgfod1dzgm.xn--90ais/katalog/velyur/velyur-lambi.html;photos/Аметист/Lambi/Lambi_20.jpg;https://xn--80ablbatmgfod1dzgm.xn--90ais/assets/images/products/738/20.jpg;"мебельныеткани.бел (дилер в РБ; официальный ametist-store.ru закрыт капчей)";2026-09-30
Аметист;Lambi;Lambi 21;21;Велюр;Полиэстер - 100%;140;420 (г/кв.м);100000;100000 циклов;;;;80 BYN/п.м. у дилера в РБ;;https://xn--80ablbatmgfod1dzgm.xn--90ais/katalog/velyur/velyur-lambi.html;photos/Аметист/Lambi/Lambi_21.jpg;https://xn--80ablbatmgfod1dzgm.xn--90ais/assets/images/products/738/21.jpg;"мебельныеткани.бел (дилер в РБ; официальный ametist-store.ru закрыт капчей)";2026-09-30
Аметист;Lambi;Lambi 22;22;Велюр;Полиэстер - 100%;140;420 (г/кв.м);100000;100000 циклов;;;;80 BYN/п.м. у дилера в РБ;;https://xn--80ablbatmgfod1dzgm.xn--90ais/katalog/velyur/velyur-lambi.html;photos/Аметист/Lambi/Lambi_22.jpg;https://xn--80ablbatmgfod1dzgm.xn--90ais/assets/images/products/738/22.jpg;"мебельныеткани.бел (дилер в РБ; официальный ametist-store.ru закрыт капчей)";2026-09-30
Аметист;Lambi;Lambi 23;23;Велюр;Полиэстер - 100%;140;420 (г/кв.м);100000;100000 циклов;;;;80 BYN/п.м. у дилера в РБ;;https://xn--80ablbatmgfod1dzgm.xn--90ais/katalog/velyur/velyur-lambi.html;photos/Аметист/Lambi/Lambi_23.jpg;https://xn--80ablbatmgfod1dzgm.xn--90ais/assets/images/products/738/23.jpg;"мебельныеткани.бел (дилер в РБ; официальный ametist-store.ru закрыт капчей)";2026-09-30
Аметист;Lambi;Lambi 24;24;Велюр;Полиэстер - 100%;140;420 (г/кв.м);100000;100000 циклов;;;;80 BYN/п.м. у дилера в РБ;;https://xn--80ablbatmgfod1dzgm.xn--90ais/katalog/velyur/velyur-lambi.html;photos/Аметист/Lambi/Lambi_24.jpg;https://xn--80ablbatmgfod1dzgm.xn--90ais/assets/images/products/738/24.jpg;"мебельныеткани.бел (дилер в РБ; официальный ametist-store.ru закрыт капчей)";2026-09-30
Аметист;Lambi;Lambi 25;25;Велюр;Полиэстер - 100%;140;420 (г/кв.м);100000;100000 циклов;;;;80 BYN/п.м. у дилера в РБ;;https://xn--80ablbatmgfod1dzgm.xn--90ais/katalog/velyur/velyur-lambi.html;photos/Аметист/Lambi/Lambi_25.jpg;https://xn--80ablbatmgfod1dzgm.xn--90ais/assets/images/products/738/25.jpg;"мебельныеткани.бел (дилер в РБ; официальный ametist-store.ru закрыт капчей)";2026-09-30
Аметист;Leonardo;Leonardo 1;1;Велюр;Полиэстер - 100%;140;350 (г/кв.м);50000;50000 циклов;;;;78 BYN/п.м. у дилера в РБ;;https://xn--80ablbatmgfod1dzgm.xn--90ais/katalog/velyur/velyur-leonardo.html;photos/Аметист/Leonardo/Leonardo_1.jpg;https://xn--80ablbatmgfod1dzgm.xn--90ais/assets/images/products/938/1.jpg;"мебельныеткани.бел (дилер в РБ; официальный ametist-store.ru закрыт капчей)";2026-09-30
Аметист;Leonardo;Leonardo 2;2;Велюр;Полиэстер - 100%;140;350 (г/кв.м);50000;50000 циклов;;;;78 BYN/п.м. у дилера в РБ;;https://xn--80ablbatmgfod1dzgm.xn--90ais/katalog/velyur/velyur-leonardo.html;photos/Аметист/Leonardo/Leonardo_2.jpg;https://xn--80ablbatmgfod1dzgm.xn--90ais/assets/images/products/938/2.jpg;"мебельныеткани.бел (дилер в РБ; официальный ametist-store.ru закрыт капчей)";2026-09-30
Аметист;Leonardo;Leonardo 3;3;Велюр;Полиэстер - 100%;140;350 (г/кв.м);50000;50000 циклов;;;;78 BYN/п.м. у дилера в РБ;;https://xn--80ablbatmgfod1dzgm.xn--90ais/katalog/velyur/velyur-leonardo.html;photos/Аметист/Leonardo/Leonardo_3.jpg;https://xn--80ablbatmgfod1dzgm.xn--90ais/assets/images/products/938/3.jpg;"мебельныеткани.бел (дилер в РБ; официальный ametist-store.ru закрыт капчей)";2026-09-30
Аметист;Leonardo;Leonardo 4;4;Велюр;Полиэстер - 100%;140;350 (г/кв.м);50000;50000 циклов;;;;78 BYN/п.м. у дилера в РБ;;https://xn--80ablbatmgfod1dzgm.xn--90ais/katalog/velyur/velyur-leonardo.html;photos/Аметист/Leonardo/Leonardo_4.jpg;https://xn--80ablbatmgfod1dzgm.xn--90ais/assets/images/products/938/4.jpg;"мебельныеткани.бел (дилер в РБ; официальный ametist-store.ru закрыт капчей)";2026-09-30
Аметист;Leonardo;Leonardo 5;5;Велюр;Полиэстер - 100%;140;350 (г/кв.м);50000;50000 циклов;;;;78 BYN/п.м. у дилера в РБ;;https://xn--80ablbatmgfod1dzgm.xn--90ais/katalog/velyur/velyur-leonardo.html;photos/Аметист/Leonardo/Leonardo_5.jpg;https://xn--80ablbatmgfod1dzgm.xn--90ais/assets/images/products/938/5.jpg;"мебельныеткани.бел (дилер в РБ; официальный ametist-store.ru закрыт капчей)";2026-09-30
Аметист;Leonardo;Leonardo 6;6;Велюр;Полиэстер - 100%;140;350 (г/кв.м);50000;50000 циклов;;;;78 BYN/п.м. у дилера в РБ;;https://xn--80ablbatmgfod1dzgm.xn--90ais/katalog/velyur/velyur-leonardo.html;photos/Аметист/Leonardo/Leonardo_6.jpg;https://xn--80ablbatmgfod1dzgm.xn--90ais/assets/images/products/938/6.jpg;"мебельныеткани.бел (дилер в РБ; официальный ametist-store.ru закрыт капчей)";2026-09-30
Аметист;Leonardo;Leonardo 7;7;Велюр;Полиэстер - 100%;140;350 (г/кв.м);50000;50000 циклов;;;;78 BYN/п.м. у дилера в РБ;;https://xn--80ablbatmgfod1dzgm.xn--90ais/katalog/velyur/velyur-leonardo.html;photos/Аметист/Leonardo/Leonardo_7.jpg;https://xn--80ablbatmgfod1dzgm.xn--90ais/assets/images/products/938/7.jpg;"мебельныеткани.бел (дилер в РБ; официальный ametist-store.ru закрыт капчей)";2026-09-30
Аметист;Leonardo;Leonardo 8;8;Велюр;Полиэстер - 100%;140;350 (г/кв.м);50000;50000 циклов;;;;78 BYN/п.м. у дилера в РБ;;https://xn--80ablbatmgfod1dzgm.xn--90ais/katalog/velyur/velyur-leonardo.html;photos/Аметист/Leonardo/Leonardo_8.jpg;https://xn--80ablbatmgfod1dzgm.xn--90ais/assets/images/products/938/8.jpg;"мебельныеткани.бел (дилер в РБ; официальный ametist-store.ru закрыт капчей)";2026-09-30
Аметист;Leonardo;Leonardo 9;9;Велюр;Полиэстер - 100%;140;350 (г/кв.м);50000;50000 циклов;;;;78 BYN/п.м. у дилера в РБ;;https://xn--80ablbatmgfod1dzgm.xn--90ais/katalog/velyur/velyur-leonardo.html;photos/Аметист/Leonardo/Leonardo_9.jpg;https://xn--80ablbatmgfod1dzgm.xn--90ais/assets/images/products/938/9.jpg;"мебельныеткани.бел (дилер в РБ; официальный ametist-store.ru закрыт капчей)";2026-09-30
Аметист;Leonardo;Leonardo 10;10;Велюр;Полиэстер - 100%;140;350 (г/кв.м);50000;50000 циклов;;;;78 BYN/п.м. у дилера в РБ;;https://xn--80ablbatmgfod1dzgm.xn--90ais/katalog/velyur/velyur-leonardo.html;photos/Аметист/Leonardo/Leonardo_10.jpg;https://xn--80ablbatmgfod1dzgm.xn--90ais/assets/images/products/938/10.jpg;"мебельныеткани.бел (дилер в РБ; официальный ametist-store.ru закрыт капчей)";2026-09-30
Аметист;Leonardo;Leonardo 11;11;Велюр;Полиэстер - 100%;140;350 (г/кв.м);50000;50000 циклов;;;;78 BYN/п.м. у дилера в РБ;;https://xn--80ablbatmgfod1dzgm.xn--90ais/katalog/velyur/velyur-leonardo.html;photos/Аметист/Leonardo/Leonardo_11.jpg;https://xn--80ablbatmgfod1dzgm.xn--90ais/assets/images/products/938/11.jpg;"мебельныеткани.бел (дилер в РБ; официальный ametist-store.ru закрыт капчей)";2026-09-30
Аметист;Leonardo;Leonardo 12;12;Велюр;Полиэстер - 100%;140;350 (г/кв.м);50000;50000 циклов;;;;78 BYN/п.м. у дилера в РБ;;https://xn--80ablbatmgfod1dzgm.xn--90ais/katalog/velyur/velyur-leonardo.html;photos/Аметист/Leonardo/Leonardo_12.jpg;https://xn--80ablbatmgfod1dzgm.xn--90ais/assets/images/products/938/12.jpg;"мебельныеткани.бел (дилер в РБ; официальный ametist-store.ru закрыт капчей)";2026-09-30
Аметист;Leonardo;Leonardo 13;13;Велюр;Полиэстер - 100%;140;350 (г/кв.м);50000;50000 циклов;;;;78 BYN/п.м. у дилера в РБ;;https://xn--80ablbatmgfod1dzgm.xn--90ais/katalog/velyur/velyur-leonardo.html;photos/Аметист/Leonardo/Leonardo_13.jpg;https://xn--80ablbatmgfod1dzgm.xn--90ais/assets/images/products/938/13.jpg;"мебельныеткани.бел (дилер в РБ; официальный ametist-store.ru закрыт капчей)";2026-09-30
Аметист;Leonardo;Leonardo 14;14;Велюр;Полиэстер - 100%;140;350 (г/кв.м);50000;50000 циклов;;;;78 BYN/п.м. у дилера в РБ;;https://xn--80ablbatmgfod1dzgm.xn--90ais/katalog/velyur/velyur-leonardo.html;photos/Аметист/Leonardo/Leonardo_14.jpg;https://xn--80ablbatmgfod1dzgm.xn--90ais/assets/images/products/938/14.jpg;"мебельныеткани.бел (дилер в РБ; официальный ametist-store.ru закрыт капчей)";2026-09-30
Аметист;Leonardo;Leonardo 15;15;Велюр;Полиэстер - 100%;140;350 (г/кв.м);50000;50000 циклов;;;;78 BYN/п.м. у дилера в РБ;;https://xn--80ablbatmgfod1dzgm.xn--90ais/katalog/velyur/velyur-leonardo.html;photos/Аметист/Leonardo/Leonardo_15.jpg;https://xn--80ablbatmgfod1dzgm.xn--90ais/assets/images/products/938/15.jpg;"мебельныеткани.бел (дилер в РБ; официальный ametist-store.ru закрыт капчей)";2026-09-30
Аметист;Leonardo;Leonardo 16;16;Велюр;Полиэстер - 100%;140;350 (г/кв.м);50000;50000 циклов;;;;78 BYN/п.м. у дилера в РБ;;https://xn--80ablbatmgfod1dzgm.xn--90ais/katalog/velyur/velyur-leonardo.html;photos/Аметист/Leonardo/Leonardo_16.jpg;https://xn--80ablbatmgfod1dzgm.xn--90ais/assets/images/products/938/16.jpg;"мебельныеткани.бел (дилер в РБ; официальный ametist-store.ru закрыт капчей)";2026-09-30
Аметист;Lovely;Lovely 02;02;Велюр;Полиэстер - 100%;145;340 (г/кв.м);50000;50000 циклов;;;;46 BYN/п.м. у дилера в РБ;;https://xn--80ablbatmgfod1dzgm.xn--90ais/katalog/velyur/velyur-lovely.html;photos/Аметист/Lovely/Lovely_02.jpg;https://xn--80ablbatmgfod1dzgm.xn--90ais/assets/images/products/775/02.png;"мебельныеткани.бел (дилер в РБ; официальный ametist-store.ru закрыт капчей)";2026-09-30
Аметист;Lovely;Lovely 05;05;Велюр;Полиэстер - 100%;145;340 (г/кв.м);50000;50000 циклов;;;;46 BYN/п.м. у дилера в РБ;;https://xn--80ablbatmgfod1dzgm.xn--90ais/katalog/velyur/velyur-lovely.html;photos/Аметист/Lovely/Lovely_05.jpg;https://xn--80ablbatmgfod1dzgm.xn--90ais/assets/images/products/775/05.png;"мебельныеткани.бел (дилер в РБ; официальный ametist-store.ru закрыт капчей)";2026-09-30
Аметист;Lovely;Lovely 06;06;Велюр;Полиэстер - 100%;145;340 (г/кв.м);50000;50000 циклов;;;;46 BYN/п.м. у дилера в РБ;;https://xn--80ablbatmgfod1dzgm.xn--90ais/katalog/velyur/velyur-lovely.html;photos/Аметист/Lovely/Lovely_06.jpg;https://xn--80ablbatmgfod1dzgm.xn--90ais/assets/images/products/775/06.png;"мебельныеткани.бел (дилер в РБ; официальный ametist-store.ru закрыт капчей)";2026-09-30
Аметист;Lovely;Lovely 22;22;Велюр;Полиэстер - 100%;145;340 (г/кв.м);50000;50000 циклов;;;;46 BYN/п.м. у дилера в РБ;;https://xn--80ablbatmgfod1dzgm.xn--90ais/katalog/velyur/velyur-lovely.html;photos/Аметист/Lovely/Lovely_22.jpg;https://xn--80ablbatmgfod1dzgm.xn--90ais/assets/images/products/775/22.png;"мебельныеткани.бел (дилер в РБ; официальный ametist-store.ru закрыт капчей)";2026-09-30
Аметист;Lovely;Lovely 30;30;Велюр;Полиэстер - 100%;145;340 (г/кв.м);50000;50000 циклов;;;;46 BYN/п.м. у дилера в РБ;;https://xn--80ablbatmgfod1dzgm.xn--90ais/katalog/velyur/velyur-lovely.html;photos/Аметист/Lovely/Lovely_30.jpg;https://xn--80ablbatmgfod1dzgm.xn--90ais/assets/images/products/775/30.png;"мебельныеткани.бел (дилер в РБ; официальный ametist-store.ru закрыт капчей)";2026-09-30
Аметист;Lovely;Lovely 31;31;Велюр;Полиэстер - 100%;145;340 (г/кв.м);50000;50000 циклов;;;;46 BYN/п.м. у дилера в РБ;;https://xn--80ablbatmgfod1dzgm.xn--90ais/katalog/velyur/velyur-lovely.html;photos/Аметист/Lovely/Lovely_31.jpg;https://xn--80ablbatmgfod1dzgm.xn--90ais/assets/images/products/775/31.jpg;"мебельныеткани.бел (дилер в РБ; официальный ametist-store.ru закрыт капчей)";2026-09-30
Аметист;Lovely;Lovely 32;32;Велюр;Полиэстер - 100%;145;340 (г/кв.м);50000;50000 циклов;;;;46 BYN/п.м. у дилера в РБ;;https://xn--80ablbatmgfod1dzgm.xn--90ais/katalog/velyur/velyur-lovely.html;photos/Аметист/Lovely/Lovely_32.jpg;https://xn--80ablbatmgfod1dzgm.xn--90ais/assets/images/products/775/32.png;"мебельныеткани.бел (дилер в РБ; официальный ametist-store.ru закрыт капчей)";2026-09-30
Аметист;Lovely;Lovely 33;33;Велюр;Полиэстер - 100%;145;340 (г/кв.м);50000;50000 циклов;;;;46 BYN/п.м. у дилера в РБ;;https://xn--80ablbatmgfod1dzgm.xn--90ais/katalog/velyur/velyur-lovely.html;photos/Аметист/Lovely/Lovely_33.jpg;https://xn--80ablbatmgfod1dzgm.xn--90ais/assets/images/products/775/33.gif;"мебельныеткани.бел (дилер в РБ; официальный ametist-store.ru закрыт капчей)";2026-09-30
Аметист;Lovely;Lovely 34;34;Велюр;Полиэстер - 100%;145;340 (г/кв.м);50000;50000 циклов;;;;46 BYN/п.м. у дилера в РБ;;https://xn--80ablbatmgfod1dzgm.xn--90ais/katalog/velyur/velyur-lovely.html;photos/Аметист/Lovely/Lovely_34.jpg;https://xn--80ablbatmgfod1dzgm.xn--90ais/assets/images/products/775/34.png;"мебельныеткани.бел (дилер в РБ; официальный ametist-store.ru закрыт капчей)";2026-09-30
Аметист;Lovely;Lovely 35;35;Велюр;Полиэстер - 100%;145;340 (г/кв.м);50000;50000 циклов;;;;46 BYN/п.м. у дилера в РБ;;https://xn--80ablbatmgfod1dzgm.xn--90ais/katalog/velyur/velyur-lovely.html;photos/Аметист/Lovely/Lovely_35.jpg;https://xn--80ablbatmgfod1dzgm.xn--90ais/assets/images/products/775/35.png;"мебельныеткани.бел (дилер в РБ; официальный ametist-store.ru закрыт капчей)";2026-09-30
Аметист;Lovely;Lovely 36;36;Велюр;Полиэстер - 100%;145;340 (г/кв.м);50000;50000 циклов;;;;46 BYN/п.м. у дилера в РБ;;https://xn--80ablbatmgfod1dzgm.xn--90ais/katalog/velyur/velyur-lovely.html;photos/Аметист/Lovely/Lovely_36.jpg;https://xn--80ablbatmgfod1dzgm.xn--90ais/assets/images/products/775/36.jpg;"мебельныеткани.бел (дилер в РБ; официальный ametist-store.ru закрыт капчей)";2026-09-30
Аметист;Lovely;Lovely 37;37;Велюр;Полиэстер - 100%;145;340 (г/кв.м);50000;50000 циклов;;;;46 BYN/п.м. у дилера в РБ;;https://xn--80ablbatmgfod1dzgm.xn--90ais/katalog/velyur/velyur-lovely.html;photos/Аметист/Lovely/Lovely_37.jpg;https://xn--80ablbatmgfod1dzgm.xn--90ais/assets/images/products/775/37.png;"мебельныеткани.бел (дилер в РБ; официальный ametist-store.ru закрыт капчей)";2026-09-30
Аметист;Lovely;Lovely 38;38;Велюр;Полиэстер - 100%;145;340 (г/кв.м);50000;50000 циклов;;;;46 BYN/п.м. у дилера в РБ;;https://xn--80ablbatmgfod1dzgm.xn--90ais/katalog/velyur/velyur-lovely.html;photos/Аметист/Lovely/Lovely_38.jpg;https://xn--80ablbatmgfod1dzgm.xn--90ais/assets/images/products/775/38.png;"мебельныеткани.бел (дилер в РБ; официальный ametist-store.ru закрыт капчей)";2026-09-30
Аметист;Lovely;Lovely 39;39;Велюр;Полиэстер - 100%;145;340 (г/кв.м);50000;50000 циклов;;;;46 BYN/п.м. у дилера в РБ;;https://xn--80ablbatmgfod1dzgm.xn--90ais/katalog/velyur/velyur-lovely.html;photos/Аметист/Lovely/Lovely_39.jpg;https://xn--80ablbatmgfod1dzgm.xn--90ais/assets/images/products/775/39.png;"мебельныеткани.бел (дилер в РБ; официальный ametist-store.ru закрыт капчей)";2026-09-30
Аметист;Lovely;Lovely 40;40;Велюр;Полиэстер - 100%;145;340 (г/кв.м);50000;50000 циклов;;;;46 BYN/п.м. у дилера в РБ;;https://xn--80ablbatmgfod1dzgm.xn--90ais/katalog/velyur/velyur-lovely.html;photos/Аметист/Lovely/Lovely_40.jpg;https://xn--80ablbatmgfod1dzgm.xn--90ais/assets/images/products/775/40.png;"мебельныеткани.бел (дилер в РБ; официальный ametist-store.ru закрыт капчей)";2026-09-30
Аметист;Lovely;Lovely 41;41;Велюр;Полиэстер - 100%;145;340 (г/кв.м);50000;50000 циклов;;;;46 BYN/п.м. у дилера в РБ;;https://xn--80ablbatmgfod1dzgm.xn--90ais/katalog/velyur/velyur-lovely.html;photos/Аметист/Lovely/Lovely_41.jpg;https://xn--80ablbatmgfod1dzgm.xn--90ais/assets/images/products/775/41.png;"мебельныеткани.бел (дилер в РБ; официальный ametist-store.ru закрыт капчей)";2026-09-30
Аметист;Lovely;Lovely 42;42;Велюр;Полиэстер - 100%;145;340 (г/кв.м);50000;50000 циклов;;;;46 BYN/п.м. у дилера в РБ;;https://xn--80ablbatmgfod1dzgm.xn--90ais/katalog/velyur/velyur-lovely.html;photos/Аметист/Lovely/Lovely_42.jpg;https://xn--80ablbatmgfod1dzgm.xn--90ais/assets/images/products/775/42.jpg;"мебельныеткани.бел (дилер в РБ; официальный ametist-store.ru закрыт капчей)";2026-09-30
Аметист;Lovely;Lovely 43;43;Велюр;Полиэстер - 100%;145;340 (г/кв.м);50000;50000 циклов;;;;46 BYN/п.м. у дилера в РБ;;https://xn--80ablbatmgfod1dzgm.xn--90ais/katalog/velyur/velyur-lovely.html;photos/Аметист/Lovely/Lovely_43.jpg;https://xn--80ablbatmgfod1dzgm.xn--90ais/assets/images/products/775/43.png;"мебельныеткани.бел (дилер в РБ; официальный ametist-store.ru закрыт капчей)";2026-09-30
Аметист;Lovely;Lovely 44;44;Велюр;Полиэстер - 100%;145;340 (г/кв.м);50000;50000 циклов;;;;46 BYN/п.м. у дилера в РБ;;https://xn--80ablbatmgfod1dzgm.xn--90ais/katalog/velyur/velyur-lovely.html;photos/Аметист/Lovely/Lovely_44.jpg;https://xn--80ablbatmgfod1dzgm.xn--90ais/assets/images/products/775/44.png;"мебельныеткани.бел (дилер в РБ; официальный ametist-store.ru закрыт капчей)";2026-09-30
Аметист;Lovely;Lovely 45;45;Велюр;Полиэстер - 100%;145;340 (г/кв.м);50000;50000 циклов;;;;46 BYN/п.м. у дилера в РБ;;https://xn--80ablbatmgfod1dzgm.xn--90ais/katalog/velyur/velyur-lovely.html;photos/Аметист/Lovely/Lovely_45.jpg;https://xn--80ablbatmgfod1dzgm.xn--90ais/assets/images/products/775/45.png;"мебельныеткани.бел (дилер в РБ; официальный ametist-store.ru закрыт капчей)";2026-09-30
Аметист;Madeira;Madeira azure;azure;Велюр;Полиэстер - 100%;140;330 (г/кв.м);45000;45000 циклов;;;;97 BYN/п.м. у дилера в РБ;;https://xn--80ablbatmgfod1dzgm.xn--90ais/katalog/velyur/velyur-madeira.html;photos/Аметист/Madeira/Madeira_azure.jpg;https://xn--80ablbatmgfod1dzgm.xn--90ais/assets/images/products/778/azure.jpg;"мебельныеткани.бел (дилер в РБ; официальный ametist-store.ru закрыт капчей)";2026-09-30
Аметист;Madeira;Madeira beige;beige;Велюр;Полиэстер - 100%;140;330 (г/кв.м);45000;45000 циклов;;;;97 BYN/п.м. у дилера в РБ;;https://xn--80ablbatmgfod1dzgm.xn--90ais/katalog/velyur/velyur-madeira.html;photos/Аметист/Madeira/Madeira_beige.jpg;https://xn--80ablbatmgfod1dzgm.xn--90ais/assets/images/products/778/beige.jpg;"мебельныеткани.бел (дилер в РБ; официальный ametist-store.ru закрыт капчей)";2026-09-30
Аметист;Madeira;Madeira black;black;Велюр;Полиэстер - 100%;140;330 (г/кв.м);45000;45000 циклов;;;;97 BYN/п.м. у дилера в РБ;;https://xn--80ablbatmgfod1dzgm.xn--90ais/katalog/velyur/velyur-madeira.html;photos/Аметист/Madeira/Madeira_black.jpg;https://xn--80ablbatmgfod1dzgm.xn--90ais/assets/images/products/778/black.jpg;"мебельныеткани.бел (дилер в РБ; официальный ametist-store.ru закрыт капчей)";2026-09-30
Аметист;Madeira;Madeira blackberry;blackberry;Велюр;Полиэстер - 100%;140;330 (г/кв.м);45000;45000 циклов;;;;97 BYN/п.м. у дилера в РБ;;https://xn--80ablbatmgfod1dzgm.xn--90ais/katalog/velyur/velyur-madeira.html;photos/Аметист/Madeira/Madeira_blackberry.jpg;https://xn--80ablbatmgfod1dzgm.xn--90ais/assets/images/products/778/blackberry.jpg;"мебельныеткани.бел (дилер в РБ; официальный ametist-store.ru закрыт капчей)";2026-09-30
Аметист;Madeira;Madeira blueness;blueness;Велюр;Полиэстер - 100%;140;330 (г/кв.м);45000;45000 циклов;;;;97 BYN/п.м. у дилера в РБ;;https://xn--80ablbatmgfod1dzgm.xn--90ais/katalog/velyur/velyur-madeira.html;photos/Аметист/Madeira/Madeira_blueness.jpg;https://xn--80ablbatmgfod1dzgm.xn--90ais/assets/images/products/778/blueness.jpg;"мебельныеткани.бел (дилер в РБ; официальный ametist-store.ru закрыт капчей)";2026-09-30
Аметист;Madeira;Madeira chocolate;chocolate;Велюр;Полиэстер - 100%;140;330 (г/кв.м);45000;45000 циклов;;;;97 BYN/п.м. у дилера в РБ;;https://xn--80ablbatmgfod1dzgm.xn--90ais/katalog/velyur/velyur-madeira.html;photos/Аметист/Madeira/Madeira_chocolate.jpg;https://xn--80ablbatmgfod1dzgm.xn--90ais/assets/images/products/778/chocolate.jpg;"мебельныеткани.бел (дилер в РБ; официальный ametist-store.ru закрыт капчей)";2026-09-30
Аметист;Madeira;Madeira coffee;coffee;Велюр;Полиэстер - 100%;140;330 (г/кв.м);45000;45000 циклов;;;;97 BYN/п.м. у дилера в РБ;;https://xn--80ablbatmgfod1dzgm.xn--90ais/katalog/velyur/velyur-madeira.html;photos/Аметист/Madeira/Madeira_coffee.jpg;https://xn--80ablbatmgfod1dzgm.xn--90ais/assets/images/products/778/coffee.jpg;"мебельныеткани.бел (дилер в РБ; официальный ametist-store.ru закрыт капчей)";2026-09-30
Аметист;Madeira;Madeira cream;cream;Велюр;Полиэстер - 100%;140;330 (г/кв.м);45000;45000 циклов;;;;97 BYN/п.м. у дилера в РБ;;https://xn--80ablbatmgfod1dzgm.xn--90ais/katalog/velyur/velyur-madeira.html;photos/Аметист/Madeira/Madeira_cream.jpg;https://xn--80ablbatmgfod1dzgm.xn--90ais/assets/images/products/778/cream.jpg;"мебельныеткани.бел (дилер в РБ; официальный ametist-store.ru закрыт капчей)";2026-09-30
Аметист;Madeira;Madeira fire;fire;Велюр;Полиэстер - 100%;140;330 (г/кв.м);45000;45000 циклов;;;;97 BYN/п.м. у дилера в РБ;;https://xn--80ablbatmgfod1dzgm.xn--90ais/katalog/velyur/velyur-madeira.html;photos/Аметист/Madeira/Madeira_fire.jpg;https://xn--80ablbatmgfod1dzgm.xn--90ais/assets/images/products/778/fire.jpg;"мебельныеткани.бел (дилер в РБ; официальный ametist-store.ru закрыт капчей)";2026-09-30
Аметист;Madeira;Madeira forest;forest;Велюр;Полиэстер - 100%;140;330 (г/кв.м);45000;45000 циклов;;;;97 BYN/п.м. у дилера в РБ;;https://xn--80ablbatmgfod1dzgm.xn--90ais/katalog/velyur/velyur-madeira.html;photos/Аметист/Madeira/Madeira_forest.jpg;https://xn--80ablbatmgfod1dzgm.xn--90ais/assets/images/products/778/forest.jpg;"мебельныеткани.бел (дилер в РБ; официальный ametist-store.ru закрыт капчей)";2026-09-30
Аметист;Madeira;Madeira golden;golden;Велюр;Полиэстер - 100%;140;330 (г/кв.м);45000;45000 циклов;;;;97 BYN/п.м. у дилера в РБ;;https://xn--80ablbatmgfod1dzgm.xn--90ais/katalog/velyur/velyur-madeira.html;photos/Аметист/Madeira/Madeira_golden.jpg;https://xn--80ablbatmgfod1dzgm.xn--90ais/assets/images/products/778/golden.jpg;"мебельныеткани.бел (дилер в РБ; официальный ametist-store.ru закрыт капчей)";2026-09-30
Аметист;Madeira;Madeira malachite;malachite;Велюр;Полиэстер - 100%;140;330 (г/кв.м);45000;45000 циклов;;;;97 BYN/п.м. у дилера в РБ;;https://xn--80ablbatmgfod1dzgm.xn--90ais/katalog/velyur/velyur-madeira.html;photos/Аметист/Madeira/Madeira_malachite.jpg;https://xn--80ablbatmgfod1dzgm.xn--90ais/assets/images/products/778/malachite.jpg;"мебельныеткани.бел (дилер в РБ; официальный ametist-store.ru закрыт капчей)";2026-09-30
Аметист;Madeira;Madeira maroon;maroon;Велюр;Полиэстер - 100%;140;330 (г/кв.м);45000;45000 циклов;;;;97 BYN/п.м. у дилера в РБ;;https://xn--80ablbatmgfod1dzgm.xn--90ais/katalog/velyur/velyur-madeira.html;photos/Аметист/Madeira/Madeira_maroon.jpg;https://xn--80ablbatmgfod1dzgm.xn--90ais/assets/images/products/778/maroon.jpg;"мебельныеткани.бел (дилер в РБ; официальный ametist-store.ru закрыт капчей)";2026-09-30
Аметист;Madeira;Madeira silver;silver;Велюр;Полиэстер - 100%;140;330 (г/кв.м);45000;45000 циклов;;;;97 BYN/п.м. у дилера в РБ;;https://xn--80ablbatmgfod1dzgm.xn--90ais/katalog/velyur/velyur-madeira.html;photos/Аметист/Madeira/Madeira_silver.jpg;https://xn--80ablbatmgfod1dzgm.xn--90ais/assets/images/products/778/silver.jpg;"мебельныеткани.бел (дилер в РБ; официальный ametist-store.ru закрыт капчей)";2026-09-30
Аметист;Madeira;Madeira smoked;smoked;Велюр;Полиэстер - 100%;140;330 (г/кв.м);45000;45000 циклов;;;;97 BYN/п.м. у дилера в РБ;;https://xn--80ablbatmgfod1dzgm.xn--90ais/katalog/velyur/velyur-madeira.html;photos/Аметист/Madeira/Madeira_smoked.jpg;https://xn--80ablbatmgfod1dzgm.xn--90ais/assets/images/products/778/smoked.jpg;"мебельныеткани.бел (дилер в РБ; официальный ametist-store.ru закрыт капчей)";2026-09-30
Аметист;Madeira;Madeira tabacco;tabacco;Велюр;Полиэстер - 100%;140;330 (г/кв.м);45000;45000 циклов;;;;97 BYN/п.м. у дилера в РБ;;https://xn--80ablbatmgfod1dzgm.xn--90ais/katalog/velyur/velyur-madeira.html;photos/Аметист/Madeira/Madeira_tabacco.jpg;https://xn--80ablbatmgfod1dzgm.xn--90ais/assets/images/products/778/tabacco.jpg;"мебельныеткани.бел (дилер в РБ; официальный ametist-store.ru закрыт капчей)";2026-09-30
Аметист;Mega;Mega 01;01;Велюр;Полиэстер - 100%;140;450 (г/кв.м);60000;60000 циклов;;;;159 BYN/п.м. у дилера в РБ;;https://xn--80ablbatmgfod1dzgm.xn--90ais/katalog/velyur/velyur-mega.html;photos/Аметист/Mega/Mega_01.jpg;https://xn--80ablbatmgfod1dzgm.xn--90ais/assets/images/products/114/mega-01.jpg;"мебельныеткани.бел (дилер в РБ; официальный ametist-store.ru закрыт капчей)";2026-09-30
Аметист;Mega;Mega 03;03;Велюр;Полиэстер - 100%;140;450 (г/кв.м);60000;60000 циклов;;;;159 BYN/п.м. у дилера в РБ;;https://xn--80ablbatmgfod1dzgm.xn--90ais/katalog/velyur/velyur-mega.html;photos/Аметист/Mega/Mega_03.jpg;https://xn--80ablbatmgfod1dzgm.xn--90ais/assets/images/products/114/mega-03.jpg;"мебельныеткани.бел (дилер в РБ; официальный ametist-store.ru закрыт капчей)";2026-09-30
Аметист;Mega;Mega 05;05;Велюр;Полиэстер - 100%;140;450 (г/кв.м);60000;60000 циклов;;;;159 BYN/п.м. у дилера в РБ;;https://xn--80ablbatmgfod1dzgm.xn--90ais/katalog/velyur/velyur-mega.html;photos/Аметист/Mega/Mega_05.jpg;https://xn--80ablbatmgfod1dzgm.xn--90ais/assets/images/products/114/mega-05.jpg;"мебельныеткани.бел (дилер в РБ; официальный ametist-store.ru закрыт капчей)";2026-09-30
Аметист;Mega;Mega 07;07;Велюр;Полиэстер - 100%;140;450 (г/кв.м);60000;60000 циклов;;;;159 BYN/п.м. у дилера в РБ;;https://xn--80ablbatmgfod1dzgm.xn--90ais/katalog/velyur/velyur-mega.html;photos/Аметист/Mega/Mega_07.jpg;https://xn--80ablbatmgfod1dzgm.xn--90ais/assets/images/products/114/mega-07.jpg;"мебельныеткани.бел (дилер в РБ; официальный ametist-store.ru закрыт капчей)";2026-09-30
Аметист;Mega;Mega 10;10;Велюр;Полиэстер - 100%;140;450 (г/кв.м);60000;60000 циклов;;;;159 BYN/п.м. у дилера в РБ;;https://xn--80ablbatmgfod1dzgm.xn--90ais/katalog/velyur/velyur-mega.html;photos/Аметист/Mega/Mega_10.jpg;https://xn--80ablbatmgfod1dzgm.xn--90ais/assets/images/products/114/mega-10.jpg;"мебельныеткани.бел (дилер в РБ; официальный ametist-store.ru закрыт капчей)";2026-09-30
Аметист;Mega;Mega 14;14;Велюр;Полиэстер - 100%;140;450 (г/кв.м);60000;60000 циклов;;;;159 BYN/п.м. у дилера в РБ;;https://xn--80ablbatmgfod1dzgm.xn--90ais/katalog/velyur/velyur-mega.html;photos/Аметист/Mega/Mega_14.jpg;https://xn--80ablbatmgfod1dzgm.xn--90ais/assets/images/products/114/mega-14.jpg;"мебельныеткани.бел (дилер в РБ; официальный ametist-store.ru закрыт капчей)";2026-09-30
Аметист;Mega;Mega 15;15;Велюр;Полиэстер - 100%;140;450 (г/кв.м);60000;60000 циклов;;;;159 BYN/п.м. у дилера в РБ;;https://xn--80ablbatmgfod1dzgm.xn--90ais/katalog/velyur/velyur-mega.html;photos/Аметист/Mega/Mega_15.jpg;https://xn--80ablbatmgfod1dzgm.xn--90ais/assets/images/products/114/mega-15.jpg;"мебельныеткани.бел (дилер в РБ; официальный ametist-store.ru закрыт капчей)";2026-09-30
Аметист;Mega;Mega 17;17;Велюр;Полиэстер - 100%;140;450 (г/кв.м);60000;60000 циклов;;;;159 BYN/п.м. у дилера в РБ;;https://xn--80ablbatmgfod1dzgm.xn--90ais/katalog/velyur/velyur-mega.html;photos/Аметист/Mega/Mega_17.jpg;https://xn--80ablbatmgfod1dzgm.xn--90ais/assets/images/products/114/mega-17.jpg;"мебельныеткани.бел (дилер в РБ; официальный ametist-store.ru закрыт капчей)";2026-09-30
Аметист;Mega;Mega 20;20;Велюр;Полиэстер - 100%;140;450 (г/кв.м);60000;60000 циклов;;;;159 BYN/п.м. у дилера в РБ;;https://xn--80ablbatmgfod1dzgm.xn--90ais/katalog/velyur/velyur-mega.html;photos/Аметист/Mega/Mega_20.jpg;https://xn--80ablbatmgfod1dzgm.xn--90ais/assets/images/products/114/mega-20.jpg;"мебельныеткани.бел (дилер в РБ; официальный ametist-store.ru закрыт капчей)";2026-09-30
Аметист;Mega;Mega 21;21;Велюр;Полиэстер - 100%;140;450 (г/кв.м);60000;60000 циклов;;;;159 BYN/п.м. у дилера в РБ;;https://xn--80ablbatmgfod1dzgm.xn--90ais/katalog/velyur/velyur-mega.html;photos/Аметист/Mega/Mega_21.jpg;https://xn--80ablbatmgfod1dzgm.xn--90ais/assets/images/products/114/mega-21.jpg;"мебельныеткани.бел (дилер в РБ; официальный ametist-store.ru закрыт капчей)";2026-09-30
Аметист;Mega;Mega 22;22;Велюр;Полиэстер - 100%;140;450 (г/кв.м);60000;60000 циклов;;;;159 BYN/п.м. у дилера в РБ;;https://xn--80ablbatmgfod1dzgm.xn--90ais/katalog/velyur/velyur-mega.html;photos/Аметист/Mega/Mega_22.jpg;https://xn--80ablbatmgfod1dzgm.xn--90ais/assets/images/products/114/mega-22.jpg;"мебельныеткани.бел (дилер в РБ; официальный ametist-store.ru закрыт капчей)";2026-09-30
Аметист;Mega;Mega 23;23;Велюр;Полиэстер - 100%;140;450 (г/кв.м);60000;60000 циклов;;;;159 BYN/п.м. у дилера в РБ;;https://xn--80ablbatmgfod1dzgm.xn--90ais/katalog/velyur/velyur-mega.html;photos/Аметист/Mega/Mega_23.jpg;https://xn--80ablbatmgfod1dzgm.xn--90ais/assets/images/products/114/mega-23.jpg;"мебельныеткани.бел (дилер в РБ; официальный ametist-store.ru закрыт капчей)";2026-09-30
Аметист;Mega;Mega 24;24;Велюр;Полиэстер - 100%;140;450 (г/кв.м);60000;60000 циклов;;;;159 BYN/п.м. у дилера в РБ;;https://xn--80ablbatmgfod1dzgm.xn--90ais/katalog/velyur/velyur-mega.html;photos/Аметист/Mega/Mega_24.jpg;https://xn--80ablbatmgfod1dzgm.xn--90ais/assets/images/products/114/mega-24.jpg;"мебельныеткани.бел (дилер в РБ; официальный ametist-store.ru закрыт капчей)";2026-09-30
Аметист;Mega;Mega 25;25;Велюр;Полиэстер - 100%;140;450 (г/кв.м);60000;60000 циклов;;;;159 BYN/п.м. у дилера в РБ;;https://xn--80ablbatmgfod1dzgm.xn--90ais/katalog/velyur/velyur-mega.html;photos/Аметист/Mega/Mega_25.jpg;https://xn--80ablbatmgfod1dzgm.xn--90ais/assets/images/products/114/mega-25.jpg;"мебельныеткани.бел (дилер в РБ; официальный ametist-store.ru закрыт капчей)";2026-09-30
Аметист;Mega;Mega 26;26;Велюр;Полиэстер - 100%;140;450 (г/кв.м);60000;60000 циклов;;;;159 BYN/п.м. у дилера в РБ;;https://xn--80ablbatmgfod1dzgm.xn--90ais/katalog/velyur/velyur-mega.html;photos/Аметист/Mega/Mega_26.jpg;https://xn--80ablbatmgfod1dzgm.xn--90ais/assets/images/products/114/mega-26.jpg;"мебельныеткани.бел (дилер в РБ; официальный ametist-store.ru закрыт капчей)";2026-09-30
Аметист;Mega;Mega 28;28;Велюр;Полиэстер - 100%;140;450 (г/кв.м);60000;60000 циклов;;;;159 BYN/п.м. у дилера в РБ;;https://xn--80ablbatmgfod1dzgm.xn--90ais/katalog/velyur/velyur-mega.html;photos/Аметист/Mega/Mega_28.jpg;https://xn--80ablbatmgfod1dzgm.xn--90ais/assets/images/products/114/mega-28.jpg;"мебельныеткани.бел (дилер в РБ; официальный ametist-store.ru закрыт капчей)";2026-09-30
Аметист;Mega;Mega 102;102;Велюр;Полиэстер - 100%;140;450 (г/кв.м);60000;60000 циклов;;;;159 BYN/п.м. у дилера в РБ;;https://xn--80ablbatmgfod1dzgm.xn--90ais/katalog/velyur/velyur-mega.html;photos/Аметист/Mega/Mega_102.jpg;https://xn--80ablbatmgfod1dzgm.xn--90ais/assets/images/products/114/mega-102.jpg;"мебельныеткани.бел (дилер в РБ; официальный ametist-store.ru закрыт капчей)";2026-09-30
Аметист;Mega;Mega 106;106;Велюр;Полиэстер - 100%;140;450 (г/кв.м);60000;60000 циклов;;;;159 BYN/п.м. у дилера в РБ;;https://xn--80ablbatmgfod1dzgm.xn--90ais/katalog/velyur/velyur-mega.html;photos/Аметист/Mega/Mega_106.jpg;https://xn--80ablbatmgfod1dzgm.xn--90ais/assets/images/products/114/mega-106.jpg;"мебельныеткани.бел (дилер в РБ; официальный ametist-store.ru закрыт капчей)";2026-09-30
Аметист;Mega;Mega 110;110;Велюр;Полиэстер - 100%;140;450 (г/кв.м);60000;60000 циклов;;;;159 BYN/п.м. у дилера в РБ;;https://xn--80ablbatmgfod1dzgm.xn--90ais/katalog/velyur/velyur-mega.html;photos/Аметист/Mega/Mega_110.jpg;https://xn--80ablbatmgfod1dzgm.xn--90ais/assets/images/products/114/mega-110.jpg;"мебельныеткани.бел (дилер в РБ; официальный ametist-store.ru закрыт капчей)";2026-09-30
Аметист;Mega;Mega MEGA beach;MEGA beach;Велюр;Полиэстер - 100%;140;465 (г/кв.м);100000;100000 циклов;;;;159 BYN/п.м. у дилера в РБ;;https://xn--80ablbatmgfod1dzgm.xn--90ais/katalog/velyur/velyur-mega-ametist.html;photos/Аметист/Mega/Mega_MEGA_beach.jpg;https://xn--80ablbatmgfod1dzgm.xn--90ais/assets/images/products/797/mega-beach.jpg;"мебельныеткани.бел (дилер в РБ; официальный ametist-store.ru закрыт капчей)";2026-09-30
Аметист;Mega;Mega MEGA grey;MEGA grey;Велюр;Полиэстер - 100%;140;465 (г/кв.м);100000;100000 циклов;;;;159 BYN/п.м. у дилера в РБ;;https://xn--80ablbatmgfod1dzgm.xn--90ais/katalog/velyur/velyur-mega-ametist.html;photos/Аметист/Mega/Mega_MEGA_grey.jpg;https://xn--80ablbatmgfod1dzgm.xn--90ais/assets/images/products/797/mega-grey.jpg;"мебельныеткани.бел (дилер в РБ; официальный ametist-store.ru закрыт капчей)";2026-09-30
Аметист;Mega;Mega MEGA ink;MEGA ink;Велюр;Полиэстер - 100%;140;465 (г/кв.м);100000;100000 циклов;;;;159 BYN/п.м. у дилера в РБ;;https://xn--80ablbatmgfod1dzgm.xn--90ais/katalog/velyur/velyur-mega-ametist.html;photos/Аметист/Mega/Mega_MEGA_ink.jpg;https://xn--80ablbatmgfod1dzgm.xn--90ais/assets/images/products/797/mega-ink.jpg;"мебельныеткани.бел (дилер в РБ; официальный ametist-store.ru закрыт капчей)";2026-09-30
Аметист;Mega;Mega MEGA ivory;MEGA ivory;Велюр;Полиэстер - 100%;140;465 (г/кв.м);100000;100000 циклов;;;;159 BYN/п.м. у дилера в РБ;;https://xn--80ablbatmgfod1dzgm.xn--90ais/katalog/velyur/velyur-mega-ametist.html;photos/Аметист/Mega/Mega_MEGA_ivory.jpg;https://xn--80ablbatmgfod1dzgm.xn--90ais/assets/images/products/797/mega-ivory.jpg;"мебельныеткани.бел (дилер в РБ; официальный ametist-store.ru закрыт капчей)";2026-09-30
Аметист;Mega;Mega MEGA oldrose;MEGA oldrose;Велюр;Полиэстер - 100%;140;465 (г/кв.м);100000;100000 циклов;;;;159 BYN/п.м. у дилера в РБ;;https://xn--80ablbatmgfod1dzgm.xn--90ais/katalog/velyur/velyur-mega-ametist.html;photos/Аметист/Mega/Mega_MEGA_oldrose.jpg;https://xn--80ablbatmgfod1dzgm.xn--90ais/assets/images/products/797/mega-oldrose.jpg;"мебельныеткани.бел (дилер в РБ; официальный ametist-store.ru закрыт капчей)";2026-09-30
Аметист;Mega;Mega MEGA taupe;MEGA taupe;Велюр;Полиэстер - 100%;140;465 (г/кв.м);100000;100000 циклов;;;;159 BYN/п.м. у дилера в РБ;;https://xn--80ablbatmgfod1dzgm.xn--90ais/katalog/velyur/velyur-mega-ametist.html;photos/Аметист/Mega/Mega_MEGA_taupe.jpg;https://xn--80ablbatmgfod1dzgm.xn--90ais/assets/images/products/797/mega-taupe.jpg;"мебельныеткани.бел (дилер в РБ; официальный ametist-store.ru закрыт капчей)";2026-09-30
Аметист;Nappa;Nappa 01;01;Велюр;Полиэстер - 100%;140;430 (г/кв.м);80000;80000 циклов;;;;80 BYN/п.м. у дилера в РБ;;https://xn--80ablbatmgfod1dzgm.xn--90ais/katalog/velyur/velyur-nappa.html;photos/Аметист/Nappa/Nappa_01.jpg;https://xn--80ablbatmgfod1dzgm.xn--90ais/assets/images/products/741/01.jpg;"мебельныеткани.бел (дилер в РБ; официальный ametist-store.ru закрыт капчей)";2026-09-30
Аметист;Nappa;Nappa 02;02;Велюр;Полиэстер - 100%;140;430 (г/кв.м);80000;80000 циклов;;;;80 BYN/п.м. у дилера в РБ;;https://xn--80ablbatmgfod1dzgm.xn--90ais/katalog/velyur/velyur-nappa.html;photos/Аметист/Nappa/Nappa_02.jpg;https://xn--80ablbatmgfod1dzgm.xn--90ais/assets/images/products/741/02.jpg;"мебельныеткани.бел (дилер в РБ; официальный ametist-store.ru закрыт капчей)";2026-09-30
Аметист;Nappa;Nappa 03;03;Велюр;Полиэстер - 100%;140;430 (г/кв.м);80000;80000 циклов;;;;80 BYN/п.м. у дилера в РБ;;https://xn--80ablbatmgfod1dzgm.xn--90ais/katalog/velyur/velyur-nappa.html;photos/Аметист/Nappa/Nappa_03.jpg;https://xn--80ablbatmgfod1dzgm.xn--90ais/assets/images/products/741/03.jpg;"мебельныеткани.бел (дилер в РБ; официальный ametist-store.ru закрыт капчей)";2026-09-30
Аметист;Nappa;Nappa 04;04;Велюр;Полиэстер - 100%;140;430 (г/кв.м);80000;80000 циклов;;;;80 BYN/п.м. у дилера в РБ;;https://xn--80ablbatmgfod1dzgm.xn--90ais/katalog/velyur/velyur-nappa.html;photos/Аметист/Nappa/Nappa_04.jpg;https://xn--80ablbatmgfod1dzgm.xn--90ais/assets/images/products/741/04.jpg;"мебельныеткани.бел (дилер в РБ; официальный ametist-store.ru закрыт капчей)";2026-09-30
Аметист;Nappa;Nappa 05;05;Велюр;Полиэстер - 100%;140;430 (г/кв.м);80000;80000 циклов;;;;80 BYN/п.м. у дилера в РБ;;https://xn--80ablbatmgfod1dzgm.xn--90ais/katalog/velyur/velyur-nappa.html;photos/Аметист/Nappa/Nappa_05.jpg;https://xn--80ablbatmgfod1dzgm.xn--90ais/assets/images/products/741/05.jpg;"мебельныеткани.бел (дилер в РБ; официальный ametist-store.ru закрыт капчей)";2026-09-30
Аметист;Nappa;Nappa 06;06;Велюр;Полиэстер - 100%;140;430 (г/кв.м);80000;80000 циклов;;;;80 BYN/п.м. у дилера в РБ;;https://xn--80ablbatmgfod1dzgm.xn--90ais/katalog/velyur/velyur-nappa.html;photos/Аметист/Nappa/Nappa_06.jpg;https://xn--80ablbatmgfod1dzgm.xn--90ais/assets/images/products/741/06.jpg;"мебельныеткани.бел (дилер в РБ; официальный ametist-store.ru закрыт капчей)";2026-09-30
Аметист;Nappa;Nappa 09;09;Велюр;Полиэстер - 100%;140;430 (г/кв.м);80000;80000 циклов;;;;80 BYN/п.м. у дилера в РБ;;https://xn--80ablbatmgfod1dzgm.xn--90ais/katalog/velyur/velyur-nappa.html;photos/Аметист/Nappa/Nappa_09.jpg;https://xn--80ablbatmgfod1dzgm.xn--90ais/assets/images/products/741/09.jpg;"мебельныеткани.бел (дилер в РБ; официальный ametist-store.ru закрыт капчей)";2026-09-30
Аметист;Nappa;Nappa 10;10;Велюр;Полиэстер - 100%;140;430 (г/кв.м);80000;80000 циклов;;;;80 BYN/п.м. у дилера в РБ;;https://xn--80ablbatmgfod1dzgm.xn--90ais/katalog/velyur/velyur-nappa.html;photos/Аметист/Nappa/Nappa_10.jpg;https://xn--80ablbatmgfod1dzgm.xn--90ais/assets/images/products/741/10.jpg;"мебельныеткани.бел (дилер в РБ; официальный ametist-store.ru закрыт капчей)";2026-09-30
Аметист;Nappa;Nappa 11;11;Велюр;Полиэстер - 100%;140;430 (г/кв.м);80000;80000 циклов;;;;80 BYN/п.м. у дилера в РБ;;https://xn--80ablbatmgfod1dzgm.xn--90ais/katalog/velyur/velyur-nappa.html;photos/Аметист/Nappa/Nappa_11.jpg;https://xn--80ablbatmgfod1dzgm.xn--90ais/assets/images/products/741/11.jpg;"мебельныеткани.бел (дилер в РБ; официальный ametist-store.ru закрыт капчей)";2026-09-30
Аметист;Nappa;Nappa 12;12;Велюр;Полиэстер - 100%;140;430 (г/кв.м);80000;80000 циклов;;;;80 BYN/п.м. у дилера в РБ;;https://xn--80ablbatmgfod1dzgm.xn--90ais/katalog/velyur/velyur-nappa.html;photos/Аметист/Nappa/Nappa_12.jpg;https://xn--80ablbatmgfod1dzgm.xn--90ais/assets/images/products/741/12.jpg;"мебельныеткани.бел (дилер в РБ; официальный ametist-store.ru закрыт капчей)";2026-09-30
Аметист;Nappa;Nappa 14;14;Велюр;Полиэстер - 100%;140;430 (г/кв.м);80000;80000 циклов;;;;80 BYN/п.м. у дилера в РБ;;https://xn--80ablbatmgfod1dzgm.xn--90ais/katalog/velyur/velyur-nappa.html;photos/Аметист/Nappa/Nappa_14.jpg;https://xn--80ablbatmgfod1dzgm.xn--90ais/assets/images/products/741/14.jpg;"мебельныеткани.бел (дилер в РБ; официальный ametist-store.ru закрыт капчей)";2026-09-30
Аметист;Polish;Polish 01;01;Велюр;Полиэстер - 100%;142;450 (г/кв.м);80000;80000 циклов;;;;65 BYN/п.м. у дилера в РБ;;https://xn--80ablbatmgfod1dzgm.xn--90ais/katalog/velyur/velyur-polish.html;photos/Аметист/Polish/Polish_01.jpg;https://xn--80ablbatmgfod1dzgm.xn--90ais/assets/images/products/976/01.jpg;"мебельныеткани.бел (дилер в РБ; официальный ametist-store.ru закрыт капчей)";2026-09-30
Аметист;Polish;Polish 02;02;Велюр;Полиэстер - 100%;142;450 (г/кв.м);80000;80000 циклов;;;;65 BYN/п.м. у дилера в РБ;;https://xn--80ablbatmgfod1dzgm.xn--90ais/katalog/velyur/velyur-polish.html;photos/Аметист/Polish/Polish_02.jpg;https://xn--80ablbatmgfod1dzgm.xn--90ais/assets/images/products/976/02.jpg;"мебельныеткани.бел (дилер в РБ; официальный ametist-store.ru закрыт капчей)";2026-09-30
Аметист;Polish;Polish 03;03;Велюр;Полиэстер - 100%;142;450 (г/кв.м);80000;80000 циклов;;;;65 BYN/п.м. у дилера в РБ;;https://xn--80ablbatmgfod1dzgm.xn--90ais/katalog/velyur/velyur-polish.html;photos/Аметист/Polish/Polish_03.jpg;https://xn--80ablbatmgfod1dzgm.xn--90ais/assets/images/products/976/03.jpg;"мебельныеткани.бел (дилер в РБ; официальный ametist-store.ru закрыт капчей)";2026-09-30
Аметист;Polish;Polish 04;04;Велюр;Полиэстер - 100%;142;450 (г/кв.м);80000;80000 циклов;;;;65 BYN/п.м. у дилера в РБ;;https://xn--80ablbatmgfod1dzgm.xn--90ais/katalog/velyur/velyur-polish.html;photos/Аметист/Polish/Polish_04.jpg;https://xn--80ablbatmgfod1dzgm.xn--90ais/assets/images/products/976/04.jpg;"мебельныеткани.бел (дилер в РБ; официальный ametist-store.ru закрыт капчей)";2026-09-30
Аметист;Polish;Polish 05;05;Велюр;Полиэстер - 100%;142;450 (г/кв.м);80000;80000 циклов;;;;65 BYN/п.м. у дилера в РБ;;https://xn--80ablbatmgfod1dzgm.xn--90ais/katalog/velyur/velyur-polish.html;photos/Аметист/Polish/Polish_05.jpg;https://xn--80ablbatmgfod1dzgm.xn--90ais/assets/images/products/976/05.jpg;"мебельныеткани.бел (дилер в РБ; официальный ametist-store.ru закрыт капчей)";2026-09-30
Аметист;Polish;Polish 06;06;Велюр;Полиэстер - 100%;142;450 (г/кв.м);80000;80000 циклов;;;;65 BYN/п.м. у дилера в РБ;;https://xn--80ablbatmgfod1dzgm.xn--90ais/katalog/velyur/velyur-polish.html;photos/Аметист/Polish/Polish_06.jpg;https://xn--80ablbatmgfod1dzgm.xn--90ais/assets/images/products/976/06.jpg;"мебельныеткани.бел (дилер в РБ; официальный ametist-store.ru закрыт капчей)";2026-09-30
Аметист;Polish;Polish 07;07;Велюр;Полиэстер - 100%;142;450 (г/кв.м);80000;80000 циклов;;;;65 BYN/п.м. у дилера в РБ;;https://xn--80ablbatmgfod1dzgm.xn--90ais/katalog/velyur/velyur-polish.html;photos/Аметист/Polish/Polish_07.jpg;https://xn--80ablbatmgfod1dzgm.xn--90ais/assets/images/products/976/07.jpg;"мебельныеткани.бел (дилер в РБ; официальный ametist-store.ru закрыт капчей)";2026-09-30
Аметист;Polish;Polish 08;08;Велюр;Полиэстер - 100%;142;450 (г/кв.м);80000;80000 циклов;;;;65 BYN/п.м. у дилера в РБ;;https://xn--80ablbatmgfod1dzgm.xn--90ais/katalog/velyur/velyur-polish.html;photos/Аметист/Polish/Polish_08.jpg;https://xn--80ablbatmgfod1dzgm.xn--90ais/assets/images/products/976/08.jpg;"мебельныеткани.бел (дилер в РБ; официальный ametist-store.ru закрыт капчей)";2026-09-30
Аметист;Polish;Polish 09;09;Велюр;Полиэстер - 100%;142;450 (г/кв.м);80000;80000 циклов;;;;65 BYN/п.м. у дилера в РБ;;https://xn--80ablbatmgfod1dzgm.xn--90ais/katalog/velyur/velyur-polish.html;photos/Аметист/Polish/Polish_09.jpg;https://xn--80ablbatmgfod1dzgm.xn--90ais/assets/images/products/976/09.jpg;"мебельныеткани.бел (дилер в РБ; официальный ametist-store.ru закрыт капчей)";2026-09-30
Аметист;Polish;Polish 10;10;Велюр;Полиэстер - 100%;142;450 (г/кв.м);80000;80000 циклов;;;;65 BYN/п.м. у дилера в РБ;;https://xn--80ablbatmgfod1dzgm.xn--90ais/katalog/velyur/velyur-polish.html;photos/Аметист/Polish/Polish_10.jpg;https://xn--80ablbatmgfod1dzgm.xn--90ais/assets/images/products/976/10.jpg;"мебельныеткани.бел (дилер в РБ; официальный ametist-store.ru закрыт капчей)";2026-09-30
Аметист;Polish;Polish 11;11;Велюр;Полиэстер - 100%;142;450 (г/кв.м);80000;80000 циклов;;;;65 BYN/п.м. у дилера в РБ;;https://xn--80ablbatmgfod1dzgm.xn--90ais/katalog/velyur/velyur-polish.html;photos/Аметист/Polish/Polish_11.jpg;https://xn--80ablbatmgfod1dzgm.xn--90ais/assets/images/products/976/11.jpg;"мебельныеткани.бел (дилер в РБ; официальный ametist-store.ru закрыт капчей)";2026-09-30
Аметист;Polish;Polish 12;12;Велюр;Полиэстер - 100%;142;450 (г/кв.м);80000;80000 циклов;;;;65 BYN/п.м. у дилера в РБ;;https://xn--80ablbatmgfod1dzgm.xn--90ais/katalog/velyur/velyur-polish.html;photos/Аметист/Polish/Polish_12.jpg;https://xn--80ablbatmgfod1dzgm.xn--90ais/assets/images/products/976/12.jpg;"мебельныеткани.бел (дилер в РБ; официальный ametist-store.ru закрыт капчей)";2026-09-30
Аметист;Polish;Polish 13;13;Велюр;Полиэстер - 100%;142;450 (г/кв.м);80000;80000 циклов;;;;65 BYN/п.м. у дилера в РБ;;https://xn--80ablbatmgfod1dzgm.xn--90ais/katalog/velyur/velyur-polish.html;photos/Аметист/Polish/Polish_13.jpg;https://xn--80ablbatmgfod1dzgm.xn--90ais/assets/images/products/976/13.jpg;"мебельныеткани.бел (дилер в РБ; официальный ametist-store.ru закрыт капчей)";2026-09-30
Аметист;Polish;Polish 14;14;Велюр;Полиэстер - 100%;142;450 (г/кв.м);80000;80000 циклов;;;;65 BYN/п.м. у дилера в РБ;;https://xn--80ablbatmgfod1dzgm.xn--90ais/katalog/velyur/velyur-polish.html;photos/Аметист/Polish/Polish_14.jpg;https://xn--80ablbatmgfod1dzgm.xn--90ais/assets/images/products/976/14.jpg;"мебельныеткани.бел (дилер в РБ; официальный ametist-store.ru закрыт капчей)";2026-09-30
Аметист;Polish;Polish 15;15;Велюр;Полиэстер - 100%;142;450 (г/кв.м);80000;80000 циклов;;;;65 BYN/п.м. у дилера в РБ;;https://xn--80ablbatmgfod1dzgm.xn--90ais/katalog/velyur/velyur-polish.html;photos/Аметист/Polish/Polish_15.jpg;https://xn--80ablbatmgfod1dzgm.xn--90ais/assets/images/products/976/15.jpg;"мебельныеткани.бел (дилер в РБ; официальный ametist-store.ru закрыт капчей)";2026-09-30
Аметист;Polish;Polish 16;16;Велюр;Полиэстер - 100%;142;450 (г/кв.м);80000;80000 циклов;;;;65 BYN/п.м. у дилера в РБ;;https://xn--80ablbatmgfod1dzgm.xn--90ais/katalog/velyur/velyur-polish.html;photos/Аметист/Polish/Polish_16.jpg;https://xn--80ablbatmgfod1dzgm.xn--90ais/assets/images/products/976/16.jpg;"мебельныеткани.бел (дилер в РБ; официальный ametist-store.ru закрыт капчей)";2026-09-30
Аметист;Polish;Polish 17;17;Велюр;Полиэстер - 100%;142;450 (г/кв.м);80000;80000 циклов;;;;65 BYN/п.м. у дилера в РБ;;https://xn--80ablbatmgfod1dzgm.xn--90ais/katalog/velyur/velyur-polish.html;photos/Аметист/Polish/Polish_17.jpg;https://xn--80ablbatmgfod1dzgm.xn--90ais/assets/images/products/976/17.jpg;"мебельныеткани.бел (дилер в РБ; официальный ametist-store.ru закрыт капчей)";2026-09-30
Аметист;Polish;Polish 18;18;Велюр;Полиэстер - 100%;142;450 (г/кв.м);80000;80000 циклов;;;;65 BYN/п.м. у дилера в РБ;;https://xn--80ablbatmgfod1dzgm.xn--90ais/katalog/velyur/velyur-polish.html;photos/Аметист/Polish/Polish_18.jpg;https://xn--80ablbatmgfod1dzgm.xn--90ais/assets/images/products/976/18.jpg;"мебельныеткани.бел (дилер в РБ; официальный ametist-store.ru закрыт капчей)";2026-09-30
Аметист;Polish;Polish 19;19;Велюр;Полиэстер - 100%;142;450 (г/кв.м);80000;80000 циклов;;;;65 BYN/п.м. у дилера в РБ;;https://xn--80ablbatmgfod1dzgm.xn--90ais/katalog/velyur/velyur-polish.html;photos/Аметист/Polish/Polish_19.jpg;https://xn--80ablbatmgfod1dzgm.xn--90ais/assets/images/products/976/19.jpg;"мебельныеткани.бел (дилер в РБ; официальный ametist-store.ru закрыт капчей)";2026-09-30
Аметист;Polish;Polish 20;20;Велюр;Полиэстер - 100%;142;450 (г/кв.м);80000;80000 циклов;;;;65 BYN/п.м. у дилера в РБ;;https://xn--80ablbatmgfod1dzgm.xn--90ais/katalog/velyur/velyur-polish.html;photos/Аметист/Polish/Polish_20.jpg;https://xn--80ablbatmgfod1dzgm.xn--90ais/assets/images/products/976/20.jpg;"мебельныеткани.бел (дилер в РБ; официальный ametist-store.ru закрыт капчей)";2026-09-30
Аметист;Porto;Porto atlantic;atlantic;Велюр;Полиэстер - 100%;140;310 (г/кв.м);50000;50000 циклов;;;;63 BYN/п.м. у дилера в РБ;;https://xn--80ablbatmgfod1dzgm.xn--90ais/katalog/velyur/velyur-porto.html;photos/Аметист/Porto/Porto_atlantic.jpg;https://xn--80ablbatmgfod1dzgm.xn--90ais/assets/images/products/977/atlantic.jpg;"мебельныеткани.бел (дилер в РБ; официальный ametist-store.ru закрыт капчей)";2026-09-30
Аметист;Porto;Porto caramel;caramel;Велюр;Полиэстер - 100%;140;310 (г/кв.м);50000;50000 циклов;;;;63 BYN/п.м. у дилера в РБ;;https://xn--80ablbatmgfod1dzgm.xn--90ais/katalog/velyur/velyur-porto.html;photos/Аметист/Porto/Porto_caramel.jpg;https://xn--80ablbatmgfod1dzgm.xn--90ais/assets/images/products/977/caramel.jpg;"мебельныеткани.бел (дилер в РБ; официальный ametist-store.ru закрыт капчей)";2026-09-30
Аметист;Porto;Porto cream;cream;Велюр;Полиэстер - 100%;140;310 (г/кв.м);50000;50000 циклов;;;;63 BYN/п.м. у дилера в РБ;;https://xn--80ablbatmgfod1dzgm.xn--90ais/katalog/velyur/velyur-porto.html;photos/Аметист/Porto/Porto_cream.jpg;https://xn--80ablbatmgfod1dzgm.xn--90ais/assets/images/products/977/cream.jpg;"мебельныеткани.бел (дилер в РБ; официальный ametist-store.ru закрыт капчей)";2026-09-30
Аметист;Porto;Porto ecru;ecru;Велюр;Полиэстер - 100%;140;310 (г/кв.м);50000;50000 циклов;;;;63 BYN/п.м. у дилера в РБ;;https://xn--80ablbatmgfod1dzgm.xn--90ais/katalog/velyur/velyur-porto.html;photos/Аметист/Porto/Porto_ecru.jpg;https://xn--80ablbatmgfod1dzgm.xn--90ais/assets/images/products/977/ecru.jpg;"мебельныеткани.бел (дилер в РБ; официальный ametist-store.ru закрыт капчей)";2026-09-30
Аметист;Porto;Porto forest;forest;Велюр;Полиэстер - 100%;140;310 (г/кв.м);50000;50000 циклов;;;;63 BYN/п.м. у дилера в РБ;;https://xn--80ablbatmgfod1dzgm.xn--90ais/katalog/velyur/velyur-porto.html;photos/Аметист/Porto/Porto_forest.jpg;https://xn--80ablbatmgfod1dzgm.xn--90ais/assets/images/products/977/forest.jpg;"мебельныеткани.бел (дилер в РБ; официальный ametist-store.ru закрыт капчей)";2026-09-30
Аметист;Porto;Porto golden;golden;Велюр;Полиэстер - 100%;140;310 (г/кв.м);50000;50000 циклов;;;;63 BYN/п.м. у дилера в РБ;;https://xn--80ablbatmgfod1dzgm.xn--90ais/katalog/velyur/velyur-porto.html;photos/Аметист/Porto/Porto_golden.jpg;https://xn--80ablbatmgfod1dzgm.xn--90ais/assets/images/products/977/golden.jpg;"мебельныеткани.бел (дилер в РБ; официальный ametist-store.ru закрыт капчей)";2026-09-30
Аметист;Porto;Porto grafit;grafit;Велюр;Полиэстер - 100%;140;310 (г/кв.м);50000;50000 циклов;;;;63 BYN/п.м. у дилера в РБ;;https://xn--80ablbatmgfod1dzgm.xn--90ais/katalog/velyur/velyur-porto.html;photos/Аметист/Porto/Porto_grafit.jpg;https://xn--80ablbatmgfod1dzgm.xn--90ais/assets/images/products/977/grafit.jpg;"мебельныеткани.бел (дилер в РБ; официальный ametist-store.ru закрыт капчей)";2026-09-30
Аметист;Porto;Porto iris;iris;Велюр;Полиэстер - 100%;140;310 (г/кв.м);50000;50000 циклов;;;;63 BYN/п.м. у дилера в РБ;;https://xn--80ablbatmgfod1dzgm.xn--90ais/katalog/velyur/velyur-porto.html;photos/Аметист/Porto/Porto_iris.jpg;https://xn--80ablbatmgfod1dzgm.xn--90ais/assets/images/products/977/iris.jpg;"мебельныеткани.бел (дилер в РБ; официальный ametist-store.ru закрыт капчей)";2026-09-30
Аметист;Porto;Porto navy;navy;Велюр;Полиэстер - 100%;140;310 (г/кв.м);50000;50000 циклов;;;;63 BYN/п.м. у дилера в РБ;;https://xn--80ablbatmgfod1dzgm.xn--90ais/katalog/velyur/velyur-porto.html;photos/Аметист/Porto/Porto_navy.jpg;https://xn--80ablbatmgfod1dzgm.xn--90ais/assets/images/products/977/navy.jpg;"мебельныеткани.бел (дилер в РБ; официальный ametist-store.ru закрыт капчей)";2026-09-30
Аметист;Porto;Porto siena;siena;Велюр;Полиэстер - 100%;140;310 (г/кв.м);50000;50000 циклов;;;;63 BYN/п.м. у дилера в РБ;;https://xn--80ablbatmgfod1dzgm.xn--90ais/katalog/velyur/velyur-porto.html;photos/Аметист/Porto/Porto_siena.jpg;https://xn--80ablbatmgfod1dzgm.xn--90ais/assets/images/products/977/siena.jpg;"мебельныеткани.бел (дилер в РБ; официальный ametist-store.ru закрыт капчей)";2026-09-30
Аметист;Porto;Porto silver;silver;Велюр;Полиэстер - 100%;140;310 (г/кв.м);50000;50000 циклов;;;;63 BYN/п.м. у дилера в РБ;;https://xn--80ablbatmgfod1dzgm.xn--90ais/katalog/velyur/velyur-porto.html;photos/Аметист/Porto/Porto_silver.jpg;https://xn--80ablbatmgfod1dzgm.xn--90ais/assets/images/products/977/silver.jpg;"мебельныеткани.бел (дилер в РБ; официальный ametist-store.ru закрыт капчей)";2026-09-30
Аметист;Porto;Porto steel;steel;Велюр;Полиэстер - 100%;140;310 (г/кв.м);50000;50000 циклов;;;;63 BYN/п.м. у дилера в РБ;;https://xn--80ablbatmgfod1dzgm.xn--90ais/katalog/velyur/velyur-porto.html;photos/Аметист/Porto/Porto_steel.jpg;https://xn--80ablbatmgfod1dzgm.xn--90ais/assets/images/products/977/steel.jpg;"мебельныеткани.бел (дилер в РБ; официальный ametist-store.ru закрыт капчей)";2026-09-30
Аметист;Prima;Prima apricot;apricot;Велюр;Полиэстер - 100%;140;310 (г/кв.м);40000;40000 циклов;;;;63 BYN/п.м. у дилера в РБ;;https://xn--80ablbatmgfod1dzgm.xn--90ais/katalog/velyur/velyur-p.html;photos/Аметист/Prima/Prima_apricot.jpg;https://xn--80ablbatmgfod1dzgm.xn--90ais/assets/images/products/974/apricot.jpg;"мебельныеткани.бел (дилер в РБ; официальный ametist-store.ru закрыт капчей)";2026-09-30
Аметист;Prima;Prima aqua blue;aqua blue;Велюр;Полиэстер - 100%;140;310 (г/кв.м);40000;40000 циклов;;;;63 BYN/п.м. у дилера в РБ;;https://xn--80ablbatmgfod1dzgm.xn--90ais/katalog/velyur/velyur-p.html;photos/Аметист/Prima/Prima_aqua_blue.jpg;https://xn--80ablbatmgfod1dzgm.xn--90ais/assets/images/products/974/aqua-blue.jpg;"мебельныеткани.бел (дилер в РБ; официальный ametist-store.ru закрыт капчей)";2026-09-30
Аметист;Prima;Prima biege;biege;Велюр;Полиэстер - 100%;140;310 (г/кв.м);40000;40000 циклов;;;;63 BYN/п.м. у дилера в РБ;;https://xn--80ablbatmgfod1dzgm.xn--90ais/katalog/velyur/velyur-p.html;photos/Аметист/Prima/Prima_biege.jpg;https://xn--80ablbatmgfod1dzgm.xn--90ais/assets/images/products/974/biege.jpg;"мебельныеткани.бел (дилер в РБ; официальный ametist-store.ru закрыт капчей)";2026-09-30
Аметист;Prima;Prima cameo;cameo;Велюр;Полиэстер - 100%;140;310 (г/кв.м);40000;40000 циклов;;;;63 BYN/п.м. у дилера в РБ;;https://xn--80ablbatmgfod1dzgm.xn--90ais/katalog/velyur/velyur-p.html;photos/Аметист/Prima/Prima_cameo.jpg;https://xn--80ablbatmgfod1dzgm.xn--90ais/assets/images/products/974/cameo.jpg;"мебельныеткани.бел (дилер в РБ; официальный ametist-store.ru закрыт капчей)";2026-09-30
Аметист;Prima;Prima coffee;coffee;Велюр;Полиэстер - 100%;140;310 (г/кв.м);40000;40000 циклов;;;;63 BYN/п.м. у дилера в РБ;;https://xn--80ablbatmgfod1dzgm.xn--90ais/katalog/velyur/velyur-p.html;photos/Аметист/Prima/Prima_coffee.jpg;https://xn--80ablbatmgfod1dzgm.xn--90ais/assets/images/products/974/coffee.jpg;"мебельныеткани.бел (дилер в РБ; официальный ametist-store.ru закрыт капчей)";2026-09-30
Аметист;Prima;Prima cream;cream;Велюр;Полиэстер - 100%;140;310 (г/кв.м);40000;40000 циклов;;;;63 BYN/п.м. у дилера в РБ;;https://xn--80ablbatmgfod1dzgm.xn--90ais/katalog/velyur/velyur-p.html;photos/Аметист/Prima/Prima_cream.jpg;https://xn--80ablbatmgfod1dzgm.xn--90ais/assets/images/products/974/cream.jpg;"мебельныеткани.бел (дилер в РБ; официальный ametist-store.ru закрыт капчей)";2026-09-30
Аметист;Prima;Prima dark;dark;Велюр;Полиэстер - 100%;140;310 (г/кв.м);40000;40000 циклов;;;;63 BYN/п.м. у дилера в РБ;;https://xn--80ablbatmgfod1dzgm.xn--90ais/katalog/velyur/velyur-p.html;photos/Аметист/Prima/Prima_dark.jpg;https://xn--80ablbatmgfod1dzgm.xn--90ais/assets/images/products/974/dark.jpg;"мебельныеткани.бел (дилер в РБ; официальный ametist-store.ru закрыт капчей)";2026-09-30
Аметист;Prima;Prima dark brown;dark brown;Велюр;Полиэстер - 100%;140;310 (г/кв.м);40000;40000 циклов;;;;63 BYN/п.м. у дилера в РБ;;https://xn--80ablbatmgfod1dzgm.xn--90ais/katalog/velyur/velyur-p.html;photos/Аметист/Prima/Prima_dark_brown.jpg;https://xn--80ablbatmgfod1dzgm.xn--90ais/assets/images/products/974/dark-brown.jpg;"мебельныеткани.бел (дилер в РБ; официальный ametist-store.ru закрыт капчей)";2026-09-30
Аметист;Prima;Prima dark grey;dark grey;Велюр;Полиэстер - 100%;140;310 (г/кв.м);40000;40000 циклов;;;;63 BYN/п.м. у дилера в РБ;;https://xn--80ablbatmgfod1dzgm.xn--90ais/katalog/velyur/velyur-p.html;photos/Аметист/Prima/Prima_dark_grey.jpg;https://xn--80ablbatmgfod1dzgm.xn--90ais/assets/images/products/974/dark-grey.jpg;"мебельныеткани.бел (дилер в РБ; официальный ametist-store.ru закрыт капчей)";2026-09-30
Аметист;Prima;Prima forest;forest;Велюр;Полиэстер - 100%;140;310 (г/кв.м);40000;40000 циклов;;;;63 BYN/п.м. у дилера в РБ;;https://xn--80ablbatmgfod1dzgm.xn--90ais/katalog/velyur/velyur-p.html;photos/Аметист/Prima/Prima_forest.jpg;https://xn--80ablbatmgfod1dzgm.xn--90ais/assets/images/products/974/forest.jpg;"мебельныеткани.бел (дилер в РБ; официальный ametist-store.ru закрыт капчей)";2026-09-30
Аметист;Prima;Prima green;green;Велюр;Полиэстер - 100%;140;310 (г/кв.м);40000;40000 циклов;;;;63 BYN/п.м. у дилера в РБ;;https://xn--80ablbatmgfod1dzgm.xn--90ais/katalog/velyur/velyur-p.html;photos/Аметист/Prima/Prima_green.jpg;https://xn--80ablbatmgfod1dzgm.xn--90ais/assets/images/products/974/green.jpg;"мебельныеткани.бел (дилер в РБ; официальный ametist-store.ru закрыт капчей)";2026-09-30
Аметист;Prima;Prima grey;grey;Велюр;Полиэстер - 100%;140;310 (г/кв.м);40000;40000 циклов;;;;63 BYN/п.м. у дилера в РБ;;https://xn--80ablbatmgfod1dzgm.xn--90ais/katalog/velyur/velyur-p.html;photos/Аметист/Prima/Prima_grey.jpg;https://xn--80ablbatmgfod1dzgm.xn--90ais/assets/images/products/974/grey.jpg;"мебельныеткани.бел (дилер в РБ; официальный ametist-store.ru закрыт капчей)";2026-09-30
Аметист;Prima;Prima honey;honey;Велюр;Полиэстер - 100%;140;310 (г/кв.м);40000;40000 циклов;;;;63 BYN/п.м. у дилера в РБ;;https://xn--80ablbatmgfod1dzgm.xn--90ais/katalog/velyur/velyur-p.html;photos/Аметист/Prima/Prima_honey.jpg;https://xn--80ablbatmgfod1dzgm.xn--90ais/assets/images/products/974/honey.jpg;"мебельныеткани.бел (дилер в РБ; официальный ametist-store.ru закрыт капчей)";2026-09-30
Аметист;Prima;Prima kiwi;kiwi;Велюр;Полиэстер - 100%;140;310 (г/кв.м);40000;40000 циклов;;;;63 BYN/п.м. у дилера в РБ;;https://xn--80ablbatmgfod1dzgm.xn--90ais/katalog/velyur/velyur-p.html;photos/Аметист/Prima/Prima_kiwi.jpg;https://xn--80ablbatmgfod1dzgm.xn--90ais/assets/images/products/974/kiwi.jpg;"мебельныеткани.бел (дилер в РБ; официальный ametist-store.ru закрыт капчей)";2026-09-30
Аметист;Prima;Prima latte;latte;Велюр;Полиэстер - 100%;140;310 (г/кв.м);40000;40000 циклов;;;;63 BYN/п.м. у дилера в РБ;;https://xn--80ablbatmgfod1dzgm.xn--90ais/katalog/velyur/velyur-p.html;photos/Аметист/Prima/Prima_latte.jpg;https://xn--80ablbatmgfod1dzgm.xn--90ais/assets/images/products/974/latte.jpg;"мебельныеткани.бел (дилер в РБ; официальный ametist-store.ru закрыт капчей)";2026-09-30
Аметист;Prima;Prima lavender;lavender;Велюр;Полиэстер - 100%;140;310 (г/кв.м);40000;40000 циклов;;;;63 BYN/п.м. у дилера в РБ;;https://xn--80ablbatmgfod1dzgm.xn--90ais/katalog/velyur/velyur-p.html;photos/Аметист/Prima/Prima_lavender.jpg;https://xn--80ablbatmgfod1dzgm.xn--90ais/assets/images/products/974/lavender.jpg;"мебельныеткани.бел (дилер в РБ; официальный ametist-store.ru закрыт капчей)";2026-09-30
Аметист;Prima;Prima light biege;light biege;Велюр;Полиэстер - 100%;140;310 (г/кв.м);40000;40000 циклов;;;;63 BYN/п.м. у дилера в РБ;;https://xn--80ablbatmgfod1dzgm.xn--90ais/katalog/velyur/velyur-p.html;photos/Аметист/Prima/Prima_light_biege.jpg;https://xn--80ablbatmgfod1dzgm.xn--90ais/assets/images/products/974/light-biege.jpg;"мебельныеткани.бел (дилер в РБ; официальный ametist-store.ru закрыт капчей)";2026-09-30
Аметист;Prima;Prima light blue;light blue;Велюр;Полиэстер - 100%;140;310 (г/кв.м);40000;40000 циклов;;;;63 BYN/п.м. у дилера в РБ;;https://xn--80ablbatmgfod1dzgm.xn--90ais/katalog/velyur/velyur-p.html;photos/Аметист/Prima/Prima_light_blue.jpg;https://xn--80ablbatmgfod1dzgm.xn--90ais/assets/images/products/974/light-blue.jpg;"мебельныеткани.бел (дилер в РБ; официальный ametist-store.ru закрыт капчей)";2026-09-30
Аметист;Prima;Prima light grey;light grey;Велюр;Полиэстер - 100%;140;310 (г/кв.м);40000;40000 циклов;;;;63 BYN/п.м. у дилера в РБ;;https://xn--80ablbatmgfod1dzgm.xn--90ais/katalog/velyur/velyur-p.html;photos/Аметист/Prima/Prima_light_grey.jpg;https://xn--80ablbatmgfod1dzgm.xn--90ais/assets/images/products/974/light-grey.jpg;"мебельныеткани.бел (дилер в РБ; официальный ametist-store.ru закрыт капчей)";2026-09-30
Аметист;Prima;Prima mentol;mentol;Велюр;Полиэстер - 100%;140;310 (г/кв.м);40000;40000 циклов;;;;63 BYN/п.м. у дилера в РБ;;https://xn--80ablbatmgfod1dzgm.xn--90ais/katalog/velyur/velyur-p.html;photos/Аметист/Prima/Prima_mentol.jpg;https://xn--80ablbatmgfod1dzgm.xn--90ais/assets/images/products/974/mentol.jpg;"мебельныеткани.бел (дилер в РБ; официальный ametist-store.ru закрыт капчей)";2026-09-30
Аметист;Prima;Prima natural;natural;Велюр;Полиэстер - 100%;140;310 (г/кв.м);40000;40000 циклов;;;;63 BYN/п.м. у дилера в РБ;;https://xn--80ablbatmgfod1dzgm.xn--90ais/katalog/velyur/velyur-p.html;photos/Аметист/Prima/Prima_natural.jpg;https://xn--80ablbatmgfod1dzgm.xn--90ais/assets/images/products/974/natural.jpg;"мебельныеткани.бел (дилер в РБ; официальный ametist-store.ru закрыт капчей)";2026-09-30
Аметист;Prima;Prima navy;navy;Велюр;Полиэстер - 100%;140;310 (г/кв.м);40000;40000 циклов;;;;63 BYN/п.м. у дилера в РБ;;https://xn--80ablbatmgfod1dzgm.xn--90ais/katalog/velyur/velyur-p.html;photos/Аметист/Prima/Prima_navy.jpg;https://xn--80ablbatmgfod1dzgm.xn--90ais/assets/images/products/974/navy.jpg;"мебельныеткани.бел (дилер в РБ; официальный ametist-store.ru закрыт капчей)";2026-09-30
Аметист;Prima;Prima ocean;ocean;Велюр;Полиэстер - 100%;140;310 (г/кв.м);40000;40000 циклов;;;;63 BYN/п.м. у дилера в РБ;;https://xn--80ablbatmgfod1dzgm.xn--90ais/katalog/velyur/velyur-p.html;photos/Аметист/Prima/Prima_ocean.jpg;https://xn--80ablbatmgfod1dzgm.xn--90ais/assets/images/products/974/ocean.jpg;"мебельныеткани.бел (дилер в РБ; официальный ametist-store.ru закрыт капчей)";2026-09-30
Аметист;Prima;Prima orange;orange;Велюр;Полиэстер - 100%;140;310 (г/кв.м);40000;40000 циклов;;;;63 BYN/п.м. у дилера в РБ;;https://xn--80ablbatmgfod1dzgm.xn--90ais/katalog/velyur/velyur-p.html;photos/Аметист/Prima/Prima_orange.jpg;https://xn--80ablbatmgfod1dzgm.xn--90ais/assets/images/products/974/orange.jpg;"мебельныеткани.бел (дилер в РБ; официальный ametist-store.ru закрыт капчей)";2026-09-30
Аметист;Prima;Prima peach;peach;Велюр;Полиэстер - 100%;140;310 (г/кв.м);40000;40000 циклов;;;;63 BYN/п.м. у дилера в РБ;;https://xn--80ablbatmgfod1dzgm.xn--90ais/katalog/velyur/velyur-p.html;photos/Аметист/Prima/Prima_peach.jpg;https://xn--80ablbatmgfod1dzgm.xn--90ais/assets/images/products/974/peach.jpg;"мебельныеткани.бел (дилер в РБ; официальный ametist-store.ru закрыт капчей)";2026-09-30
Аметист;Prima;Prima purple;purple;Велюр;Полиэстер - 100%;140;310 (г/кв.м);40000;40000 циклов;;;;63 BYN/п.м. у дилера в РБ;;https://xn--80ablbatmgfod1dzgm.xn--90ais/katalog/velyur/velyur-p.html;photos/Аметист/Prima/Prima_purple.jpg;https://xn--80ablbatmgfod1dzgm.xn--90ais/assets/images/products/974/purple.jpg;"мебельныеткани.бел (дилер в РБ; официальный ametist-store.ru закрыт капчей)";2026-09-30
Аметист;Prima;Prima rose;rose;Велюр;Полиэстер - 100%;140;310 (г/кв.м);40000;40000 циклов;;;;63 BYN/п.м. у дилера в РБ;;https://xn--80ablbatmgfod1dzgm.xn--90ais/katalog/velyur/velyur-p.html;photos/Аметист/Prima/Prima_rose.jpg;https://xn--80ablbatmgfod1dzgm.xn--90ais/assets/images/products/974/rose.jpg;"мебельныеткани.бел (дилер в РБ; официальный ametist-store.ru закрыт капчей)";2026-09-30
Аметист;Prima;Prima sangria;sangria;Велюр;Полиэстер - 100%;140;310 (г/кв.м);40000;40000 циклов;;;;63 BYN/п.м. у дилера в РБ;;https://xn--80ablbatmgfod1dzgm.xn--90ais/katalog/velyur/velyur-p.html;photos/Аметист/Prima/Prima_sangria.jpg;https://xn--80ablbatmgfod1dzgm.xn--90ais/assets/images/products/974/sangria.jpg;"мебельныеткани.бел (дилер в РБ; официальный ametist-store.ru закрыт капчей)";2026-09-30
Аметист;Prima;Prima violet;violet;Велюр;Полиэстер - 100%;140;310 (г/кв.м);40000;40000 циклов;;;;63 BYN/п.м. у дилера в РБ;;https://xn--80ablbatmgfod1dzgm.xn--90ais/katalog/velyur/velyur-p.html;photos/Аметист/Prima/Prima_violet.jpg;https://xn--80ablbatmgfod1dzgm.xn--90ais/assets/images/products/974/violet.jpg;"мебельныеткани.бел (дилер в РБ; официальный ametist-store.ru закрыт капчей)";2026-09-30
Аметист;Prima;Prima wine;wine;Велюр;Полиэстер - 100%;140;310 (г/кв.м);40000;40000 циклов;;;;63 BYN/п.м. у дилера в РБ;;https://xn--80ablbatmgfod1dzgm.xn--90ais/katalog/velyur/velyur-p.html;photos/Аметист/Prima/Prima_wine.jpg;https://xn--80ablbatmgfod1dzgm.xn--90ais/assets/images/products/974/wine.jpg;"мебельныеткани.бел (дилер в РБ; официальный ametist-store.ru закрыт капчей)";2026-09-30
Аметист;Prima;Prima yellow;yellow;Велюр;Полиэстер - 100%;140;310 (г/кв.м);40000;40000 циклов;;;;63 BYN/п.м. у дилера в РБ;;https://xn--80ablbatmgfod1dzgm.xn--90ais/katalog/velyur/velyur-p.html;photos/Аметист/Prima/Prima_yellow.jpg;https://xn--80ablbatmgfod1dzgm.xn--90ais/assets/images/products/974/yellow.jpg;"мебельныеткани.бел (дилер в РБ; официальный ametist-store.ru закрыт капчей)";2026-09-30
Аметист;Prima Romb;Prima Romb aqua blue;aqua blue;Велюр;Полиэстер - 100%;140;426 (г/кв.м);40000;40000 циклов;;;;63 BYN/п.м. у дилера в РБ;;https://xn--80ablbatmgfod1dzgm.xn--90ais/katalog/velyur/velyur-prima-romb.html;photos/Аметист/Prima_Romb/Prima_Romb_aqua_blue.jpg;https://xn--80ablbatmgfod1dzgm.xn--90ais/assets/images/products/975/aqua-blue.jpg;"мебельныеткани.бел (дилер в РБ; официальный ametist-store.ru закрыт капчей)";2026-09-30
Аметист;Prima Romb;Prima Romb biege;biege;Велюр;Полиэстер - 100%;140;426 (г/кв.м);40000;40000 циклов;;;;63 BYN/п.м. у дилера в РБ;;https://xn--80ablbatmgfod1dzgm.xn--90ais/katalog/velyur/velyur-prima-romb.html;photos/Аметист/Prima_Romb/Prima_Romb_biege.jpg;https://xn--80ablbatmgfod1dzgm.xn--90ais/assets/images/products/975/biege.jpg;"мебельныеткани.бел (дилер в РБ; официальный ametist-store.ru закрыт капчей)";2026-09-30
Аметист;Prima Romb;Prima Romb coffee;coffee;Велюр;Полиэстер - 100%;140;426 (г/кв.м);40000;40000 циклов;;;;63 BYN/п.м. у дилера в РБ;;https://xn--80ablbatmgfod1dzgm.xn--90ais/katalog/velyur/velyur-prima-romb.html;photos/Аметист/Prima_Romb/Prima_Romb_coffee.jpg;https://xn--80ablbatmgfod1dzgm.xn--90ais/assets/images/products/975/coffee.jpg;"мебельныеткани.бел (дилер в РБ; официальный ametist-store.ru закрыт капчей)";2026-09-30
Аметист;Prima Romb;Prima Romb green;green;Велюр;Полиэстер - 100%;140;426 (г/кв.м);40000;40000 циклов;;;;63 BYN/п.м. у дилера в РБ;;https://xn--80ablbatmgfod1dzgm.xn--90ais/katalog/velyur/velyur-prima-romb.html;photos/Аметист/Prima_Romb/Prima_Romb_green.jpg;https://xn--80ablbatmgfod1dzgm.xn--90ais/assets/images/products/975/green.jpg;"мебельныеткани.бел (дилер в РБ; официальный ametist-store.ru закрыт капчей)";2026-09-30
Аметист;Prima Romb;Prima Romb grey;grey;Велюр;Полиэстер - 100%;140;426 (г/кв.м);40000;40000 циклов;;;;63 BYN/п.м. у дилера в РБ;;https://xn--80ablbatmgfod1dzgm.xn--90ais/katalog/velyur/velyur-prima-romb.html;photos/Аметист/Prima_Romb/Prima_Romb_grey.jpg;https://xn--80ablbatmgfod1dzgm.xn--90ais/assets/images/products/975/grey.jpg;"мебельныеткани.бел (дилер в РБ; официальный ametist-store.ru закрыт капчей)";2026-09-30
Аметист;Prima Romb;Prima Romb latte;latte;Велюр;Полиэстер - 100%;140;426 (г/кв.м);40000;40000 циклов;;;;63 BYN/п.м. у дилера в РБ;;https://xn--80ablbatmgfod1dzgm.xn--90ais/katalog/velyur/velyur-prima-romb.html;photos/Аметист/Prima_Romb/Prima_Romb_latte.jpg;https://xn--80ablbatmgfod1dzgm.xn--90ais/assets/images/products/975/latte.jpg;"мебельныеткани.бел (дилер в РБ; официальный ametist-store.ru закрыт капчей)";2026-09-30
Аметист;Prima Romb;Prima Romb lavender;lavender;Велюр;Полиэстер - 100%;140;426 (г/кв.м);40000;40000 циклов;;;;63 BYN/п.м. у дилера в РБ;;https://xn--80ablbatmgfod1dzgm.xn--90ais/katalog/velyur/velyur-prima-romb.html;photos/Аметист/Prima_Romb/Prima_Romb_lavender.jpg;https://xn--80ablbatmgfod1dzgm.xn--90ais/assets/images/products/975/lavender.jpg;"мебельныеткани.бел (дилер в РБ; официальный ametist-store.ru закрыт капчей)";2026-09-30
Аметист;Prima Romb;Prima Romb light blue;light blue;Велюр;Полиэстер - 100%;140;426 (г/кв.м);40000;40000 циклов;;;;63 BYN/п.м. у дилера в РБ;;https://xn--80ablbatmgfod1dzgm.xn--90ais/katalog/velyur/velyur-prima-romb.html;photos/Аметист/Prima_Romb/Prima_Romb_light_blue.jpg;https://xn--80ablbatmgfod1dzgm.xn--90ais/assets/images/products/975/light-blue.jpg;"мебельныеткани.бел (дилер в РБ; официальный ametist-store.ru закрыт капчей)";2026-09-30
Аметист;Prima Romb;Prima Romb light grey;light grey;Велюр;Полиэстер - 100%;140;426 (г/кв.м);40000;40000 циклов;;;;63 BYN/п.м. у дилера в РБ;;https://xn--80ablbatmgfod1dzgm.xn--90ais/katalog/velyur/velyur-prima-romb.html;photos/Аметист/Prima_Romb/Prima_Romb_light_grey.jpg;https://xn--80ablbatmgfod1dzgm.xn--90ais/assets/images/products/975/light-grey.jpg;"мебельныеткани.бел (дилер в РБ; официальный ametist-store.ru закрыт капчей)";2026-09-30
Аметист;Prima Romb;Prima Romb navy;navy;Велюр;Полиэстер - 100%;140;426 (г/кв.м);40000;40000 циклов;;;;63 BYN/п.м. у дилера в РБ;;https://xn--80ablbatmgfod1dzgm.xn--90ais/katalog/velyur/velyur-prima-romb.html;photos/Аметист/Prima_Romb/Prima_Romb_navy.jpg;https://xn--80ablbatmgfod1dzgm.xn--90ais/assets/images/products/975/navy.jpg;"мебельныеткани.бел (дилер в РБ; официальный ametist-store.ru закрыт капчей)";2026-09-30
Аметист;Prima Romb;Prima Romb ocean;ocean;Велюр;Полиэстер - 100%;140;426 (г/кв.м);40000;40000 циклов;;;;63 BYN/п.м. у дилера в РБ;;https://xn--80ablbatmgfod1dzgm.xn--90ais/katalog/velyur/velyur-prima-romb.html;photos/Аметист/Prima_Romb/Prima_Romb_ocean.jpg;https://xn--80ablbatmgfod1dzgm.xn--90ais/assets/images/products/975/ocean.jpg;"мебельныеткани.бел (дилер в РБ; официальный ametist-store.ru закрыт капчей)";2026-09-30
Аметист;Prima Romb;Prima Romb peach;peach;Велюр;Полиэстер - 100%;140;426 (г/кв.м);40000;40000 циклов;;;;63 BYN/п.м. у дилера в РБ;;https://xn--80ablbatmgfod1dzgm.xn--90ais/katalog/velyur/velyur-prima-romb.html;photos/Аметист/Prima_Romb/Prima_Romb_peach.jpg;https://xn--80ablbatmgfod1dzgm.xn--90ais/assets/images/products/975/peach.jpg;"мебельныеткани.бел (дилер в РБ; официальный ametist-store.ru закрыт капчей)";2026-09-30
Аметист;Prima Romb;Prima Romb purple;purple;Велюр;Полиэстер - 100%;140;426 (г/кв.м);40000;40000 циклов;;;;63 BYN/п.м. у дилера в РБ;;https://xn--80ablbatmgfod1dzgm.xn--90ais/katalog/velyur/velyur-prima-romb.html;photos/Аметист/Prima_Romb/Prima_Romb_purple.jpg;https://xn--80ablbatmgfod1dzgm.xn--90ais/assets/images/products/975/purple.jpg;"мебельныеткани.бел (дилер в РБ; официальный ametist-store.ru закрыт капчей)";2026-09-30
Аметист;Primavera;Primavera PRIMAVERA alba;PRIMAVERA alba;Велюр;Полиэстер - 100%;140;260 (г/кв.м);50000;50000 циклов;;;;316 BYN/п.м. у дилера в РБ;;https://xn--80ablbatmgfod1dzgm.xn--90ais/katalog/velyur/velyur-primavera.html;photos/Аметист/Primavera/Primavera_PRIMAVERA_alba.jpg;https://xn--80ablbatmgfod1dzgm.xn--90ais/assets/images/products/808/primavera-alba.jpg;"мебельныеткани.бел (дилер в РБ; официальный ametist-store.ru закрыт капчей)";2026-09-30
Аметист;Primavera;Primavera PRIMAVERA notte;PRIMAVERA notte;Велюр;Полиэстер - 100%;140;260 (г/кв.м);50000;50000 циклов;;;;316 BYN/п.м. у дилера в РБ;;https://xn--80ablbatmgfod1dzgm.xn--90ais/katalog/velyur/velyur-primavera.html;photos/Аметист/Primavera/Primavera_PRIMAVERA_notte.jpg;https://xn--80ablbatmgfod1dzgm.xn--90ais/assets/images/products/808/primavera-notte.jpg;"мебельныеткани.бел (дилер в РБ; официальный ametist-store.ru закрыт капчей)";2026-09-30
Аметист;Primavera;Primavera PRIMAVERA sera;PRIMAVERA sera;Велюр;Полиэстер - 100%;140;260 (г/кв.м);50000;50000 циклов;;;;316 BYN/п.м. у дилера в РБ;;https://xn--80ablbatmgfod1dzgm.xn--90ais/katalog/velyur/velyur-primavera.html;photos/Аметист/Primavera/Primavera_PRIMAVERA_sera.jpg;https://xn--80ablbatmgfod1dzgm.xn--90ais/assets/images/products/808/primavera-sera.jpg;"мебельныеткани.бел (дилер в РБ; официальный ametist-store.ru закрыт капчей)";2026-09-30
Аметист;Romano;Romano aqua;aqua;Велюр;Полиэстер - 100%;140;410 (г/кв.м);100000;100000 циклов;;;;73 BYN/п.м. у дилера в РБ;;https://xn--80ablbatmgfod1dzgm.xn--90ais/katalog/velyur/velyur-romano.html;photos/Аметист/Romano/Romano_aqua.jpg;https://xn--80ablbatmgfod1dzgm.xn--90ais/assets/images/products/743/aqua.jpg;"мебельныеткани.бел (дилер в РБ; официальный ametist-store.ru закрыт капчей)";2026-09-30
Аметист;Romano;Romano beige;beige;Велюр;Полиэстер - 100%;140;410 (г/кв.м);100000;100000 циклов;;;;73 BYN/п.м. у дилера в РБ;;https://xn--80ablbatmgfod1dzgm.xn--90ais/katalog/velyur/velyur-romano.html;photos/Аметист/Romano/Romano_beige.jpg;https://xn--80ablbatmgfod1dzgm.xn--90ais/assets/images/products/743/beige.jpg;"мебельныеткани.бел (дилер в РБ; официальный ametist-store.ru закрыт капчей)";2026-09-30
Аметист;Romano;Romano cloud;cloud;Велюр;Полиэстер - 100%;140;410 (г/кв.м);100000;100000 циклов;;;;73 BYN/п.м. у дилера в РБ;;https://xn--80ablbatmgfod1dzgm.xn--90ais/katalog/velyur/velyur-romano.html;photos/Аметист/Romano/Romano_cloud.jpg;https://xn--80ablbatmgfod1dzgm.xn--90ais/assets/images/products/743/cloud.jpg;"мебельныеткани.бел (дилер в РБ; официальный ametist-store.ru закрыт капчей)";2026-09-30
Аметист;Romano;Romano coral;coral;Велюр;Полиэстер - 100%;140;410 (г/кв.м);100000;100000 циклов;;;;73 BYN/п.м. у дилера в РБ;;https://xn--80ablbatmgfod1dzgm.xn--90ais/katalog/velyur/velyur-romano.html;photos/Аметист/Romano/Romano_coral.jpg;https://xn--80ablbatmgfod1dzgm.xn--90ais/assets/images/products/743/coral.jpg;"мебельныеткани.бел (дилер в РБ; официальный ametist-store.ru закрыт капчей)";2026-09-30
Аметист;Romano;Romano cream;cream;Велюр;Полиэстер - 100%;140;410 (г/кв.м);100000;100000 циклов;;;;73 BYN/п.м. у дилера в РБ;;https://xn--80ablbatmgfod1dzgm.xn--90ais/katalog/velyur/velyur-romano.html;photos/Аметист/Romano/Romano_cream.jpg;https://xn--80ablbatmgfod1dzgm.xn--90ais/assets/images/products/743/cream.jpg;"мебельныеткани.бел (дилер в РБ; официальный ametist-store.ru закрыт капчей)";2026-09-30
Аметист;Romano;Romano forest;forest;Велюр;Полиэстер - 100%;140;410 (г/кв.м);100000;100000 циклов;;;;73 BYN/п.м. у дилера в РБ;;https://xn--80ablbatmgfod1dzgm.xn--90ais/katalog/velyur/velyur-romano.html;photos/Аметист/Romano/Romano_forest.jpg;https://xn--80ablbatmgfod1dzgm.xn--90ais/assets/images/products/743/forest.jpg;"мебельныеткани.бел (дилер в РБ; официальный ametist-store.ru закрыт капчей)";2026-09-30
Аметист;Romano;Romano grey;grey;Велюр;Полиэстер - 100%;140;410 (г/кв.м);100000;100000 циклов;;;;73 BYN/п.м. у дилера в РБ;;https://xn--80ablbatmgfod1dzgm.xn--90ais/katalog/velyur/velyur-romano.html;photos/Аметист/Romano/Romano_grey.jpg;https://xn--80ablbatmgfod1dzgm.xn--90ais/assets/images/products/743/grey.jpg;"мебельныеткани.бел (дилер в РБ; официальный ametist-store.ru закрыт капчей)";2026-09-30
Аметист;Romano;Romano lagoon;lagoon;Велюр;Полиэстер - 100%;140;410 (г/кв.м);100000;100000 циклов;;;;73 BYN/п.м. у дилера в РБ;;https://xn--80ablbatmgfod1dzgm.xn--90ais/katalog/velyur/velyur-romano.html;photos/Аметист/Romano/Romano_lagoon.jpg;https://xn--80ablbatmgfod1dzgm.xn--90ais/assets/images/products/743/lagoon.jpg;"мебельныеткани.бел (дилер в РБ; официальный ametist-store.ru закрыт капчей)";2026-09-30
Аметист;Romano;Romano lilac;lilac;Велюр;Полиэстер - 100%;140;410 (г/кв.м);100000;100000 циклов;;;;73 BYN/п.м. у дилера в РБ;;https://xn--80ablbatmgfod1dzgm.xn--90ais/katalog/velyur/velyur-romano.html;photos/Аметист/Romano/Romano_lilac.jpg;https://xn--80ablbatmgfod1dzgm.xn--90ais/assets/images/products/743/lilac.jpg;"мебельныеткани.бел (дилер в РБ; официальный ametist-store.ru закрыт капчей)";2026-09-30
Аметист;Romano;Romano mocca;mocca;Велюр;Полиэстер - 100%;140;410 (г/кв.м);100000;100000 циклов;;;;73 BYN/п.м. у дилера в РБ;;https://xn--80ablbatmgfod1dzgm.xn--90ais/katalog/velyur/velyur-romano.html;photos/Аметист/Romano/Romano_mocca.jpg;https://xn--80ablbatmgfod1dzgm.xn--90ais/assets/images/products/743/mocca.jpg;"мебельныеткани.бел (дилер в РБ; официальный ametist-store.ru закрыт капчей)";2026-09-30
Аметист;Romano;Romano navy;navy;Велюр;Полиэстер - 100%;140;410 (г/кв.м);100000;100000 циклов;;;;73 BYN/п.м. у дилера в РБ;;https://xn--80ablbatmgfod1dzgm.xn--90ais/katalog/velyur/velyur-romano.html;photos/Аметист/Romano/Romano_navy.jpg;https://xn--80ablbatmgfod1dzgm.xn--90ais/assets/images/products/743/navy.jpg;"мебельныеткани.бел (дилер в РБ; официальный ametist-store.ru закрыт капчей)";2026-09-30
Аметист;Romano;Romano plum;plum;Велюр;Полиэстер - 100%;140;410 (г/кв.м);100000;100000 циклов;;;;73 BYN/п.м. у дилера в РБ;;https://xn--80ablbatmgfod1dzgm.xn--90ais/katalog/velyur/velyur-romano.html;photos/Аметист/Romano/Romano_plum.jpg;https://xn--80ablbatmgfod1dzgm.xn--90ais/assets/images/products/743/plum.jpg;"мебельныеткани.бел (дилер в РБ; официальный ametist-store.ru закрыт капчей)";2026-09-30
Аметист;Romano;Romano sky;sky;Велюр;Полиэстер - 100%;140;410 (г/кв.м);100000;100000 циклов;;;;73 BYN/п.м. у дилера в РБ;;https://xn--80ablbatmgfod1dzgm.xn--90ais/katalog/velyur/velyur-romano.html;photos/Аметист/Romano/Romano_sky.jpg;https://xn--80ablbatmgfod1dzgm.xn--90ais/assets/images/products/743/sky.jpg;"мебельныеткани.бел (дилер в РБ; официальный ametist-store.ru закрыт капчей)";2026-09-30
Аметист;Romano;Romano snow;snow;Велюр;Полиэстер - 100%;140;410 (г/кв.м);100000;100000 циклов;;;;73 BYN/п.м. у дилера в РБ;;https://xn--80ablbatmgfod1dzgm.xn--90ais/katalog/velyur/velyur-romano.html;photos/Аметист/Romano/Romano_snow.jpg;https://xn--80ablbatmgfod1dzgm.xn--90ais/assets/images/products/743/snow.jpg;"мебельныеткани.бел (дилер в РБ; официальный ametist-store.ru закрыт капчей)";2026-09-30
Аметист;Romano;Romano tan;tan;Велюр;Полиэстер - 100%;140;410 (г/кв.м);100000;100000 циклов;;;;73 BYN/п.м. у дилера в РБ;;https://xn--80ablbatmgfod1dzgm.xn--90ais/katalog/velyur/velyur-romano.html;photos/Аметист/Romano/Romano_tan.jpg;https://xn--80ablbatmgfod1dzgm.xn--90ais/assets/images/products/743/tan.jpg;"мебельныеткани.бел (дилер в РБ; официальный ametist-store.ru закрыт капчей)";2026-09-30
Аметист;Romano;Romano terra;terra;Велюр;Полиэстер - 100%;140;410 (г/кв.м);100000;100000 циклов;;;;73 BYN/п.м. у дилера в РБ;;https://xn--80ablbatmgfod1dzgm.xn--90ais/katalog/velyur/velyur-romano.html;photos/Аметист/Romano/Romano_terra.jpg;https://xn--80ablbatmgfod1dzgm.xn--90ais/assets/images/products/743/terra.jpg;"мебельныеткани.бел (дилер в РБ; официальный ametist-store.ru закрыт капчей)";2026-09-30
Аметист;Scandi;Scandi 1;1;Велюр;Полиэстер - 100%;140;320 (г/кв.м);50000;50000 циклов;;;;73 BYN/п.м. у дилера в РБ;;https://xn--80ablbatmgfod1dzgm.xn--90ais/katalog/velyur/velyur-scandi.html;photos/Аметист/Scandi/Scandi_1.jpg;https://xn--80ablbatmgfod1dzgm.xn--90ais/assets/images/products/747/1.jpg;"мебельныеткани.бел (дилер в РБ; официальный ametist-store.ru закрыт капчей)";2026-09-30
Аметист;Scandi;Scandi 2;2;Велюр;Полиэстер - 100%;140;320 (г/кв.м);50000;50000 циклов;;;;73 BYN/п.м. у дилера в РБ;;https://xn--80ablbatmgfod1dzgm.xn--90ais/katalog/velyur/velyur-scandi.html;photos/Аметист/Scandi/Scandi_2.jpg;https://xn--80ablbatmgfod1dzgm.xn--90ais/assets/images/products/747/2.jpg;"мебельныеткани.бел (дилер в РБ; официальный ametist-store.ru закрыт капчей)";2026-09-30
Аметист;Scandi;Scandi 3;3;Велюр;Полиэстер - 100%;140;320 (г/кв.м);50000;50000 циклов;;;;73 BYN/п.м. у дилера в РБ;;https://xn--80ablbatmgfod1dzgm.xn--90ais/katalog/velyur/velyur-scandi.html;photos/Аметист/Scandi/Scandi_3.jpg;https://xn--80ablbatmgfod1dzgm.xn--90ais/assets/images/products/747/3.jpg;"мебельныеткани.бел (дилер в РБ; официальный ametist-store.ru закрыт капчей)";2026-09-30
Аметист;Scandi;Scandi 4;4;Велюр;Полиэстер - 100%;140;320 (г/кв.м);50000;50000 циклов;;;;73 BYN/п.м. у дилера в РБ;;https://xn--80ablbatmgfod1dzgm.xn--90ais/katalog/velyur/velyur-scandi.html;photos/Аметист/Scandi/Scandi_4.jpg;https://xn--80ablbatmgfod1dzgm.xn--90ais/assets/images/products/747/4.jpg;"мебельныеткани.бел (дилер в РБ; официальный ametist-store.ru закрыт капчей)";2026-09-30
Аметист;Scandi;Scandi 5;5;Велюр;Полиэстер - 100%;140;320 (г/кв.м);50000;50000 циклов;;;;73 BYN/п.м. у дилера в РБ;;https://xn--80ablbatmgfod1dzgm.xn--90ais/katalog/velyur/velyur-scandi.html;photos/Аметист/Scandi/Scandi_5.jpg;https://xn--80ablbatmgfod1dzgm.xn--90ais/assets/images/products/747/5.jpg;"мебельныеткани.бел (дилер в РБ; официальный ametist-store.ru закрыт капчей)";2026-09-30
Аметист;Scandi;Scandi 6;6;Велюр;Полиэстер - 100%;140;320 (г/кв.м);50000;50000 циклов;;;;73 BYN/п.м. у дилера в РБ;;https://xn--80ablbatmgfod1dzgm.xn--90ais/katalog/velyur/velyur-scandi.html;photos/Аметист/Scandi/Scandi_6.jpg;https://xn--80ablbatmgfod1dzgm.xn--90ais/assets/images/products/747/6.jpg;"мебельныеткани.бел (дилер в РБ; официальный ametist-store.ru закрыт капчей)";2026-09-30
Аметист;Scandi;Scandi 7;7;Велюр;Полиэстер - 100%;140;320 (г/кв.м);50000;50000 циклов;;;;73 BYN/п.м. у дилера в РБ;;https://xn--80ablbatmgfod1dzgm.xn--90ais/katalog/velyur/velyur-scandi.html;photos/Аметист/Scandi/Scandi_7.jpg;https://xn--80ablbatmgfod1dzgm.xn--90ais/assets/images/products/747/7.jpg;"мебельныеткани.бел (дилер в РБ; официальный ametist-store.ru закрыт капчей)";2026-09-30
Аметист;Scandi;Scandi 8;8;Велюр;Полиэстер - 100%;140;320 (г/кв.м);50000;50000 циклов;;;;73 BYN/п.м. у дилера в РБ;;https://xn--80ablbatmgfod1dzgm.xn--90ais/katalog/velyur/velyur-scandi.html;photos/Аметист/Scandi/Scandi_8.jpg;https://xn--80ablbatmgfod1dzgm.xn--90ais/assets/images/products/747/8.jpg;"мебельныеткани.бел (дилер в РБ; официальный ametist-store.ru закрыт капчей)";2026-09-30
Аметист;Scandi;Scandi 9;9;Велюр;Полиэстер - 100%;140;320 (г/кв.м);50000;50000 циклов;;;;73 BYN/п.м. у дилера в РБ;;https://xn--80ablbatmgfod1dzgm.xn--90ais/katalog/velyur/velyur-scandi.html;photos/Аметист/Scandi/Scandi_9.jpg;https://xn--80ablbatmgfod1dzgm.xn--90ais/assets/images/products/747/9.jpg;"мебельныеткани.бел (дилер в РБ; официальный ametist-store.ru закрыт капчей)";2026-09-30
Аметист;Scandi;Scandi 10;10;Велюр;Полиэстер - 100%;140;320 (г/кв.м);50000;50000 циклов;;;;73 BYN/п.м. у дилера в РБ;;https://xn--80ablbatmgfod1dzgm.xn--90ais/katalog/velyur/velyur-scandi.html;photos/Аметист/Scandi/Scandi_10.jpg;https://xn--80ablbatmgfod1dzgm.xn--90ais/assets/images/products/747/10.jpg;"мебельныеткани.бел (дилер в РБ; официальный ametist-store.ru закрыт капчей)";2026-09-30
Аметист;Scandi;Scandi 11;11;Велюр;Полиэстер - 100%;140;320 (г/кв.м);50000;50000 циклов;;;;73 BYN/п.м. у дилера в РБ;;https://xn--80ablbatmgfod1dzgm.xn--90ais/katalog/velyur/velyur-scandi.html;photos/Аметист/Scandi/Scandi_11.jpg;https://xn--80ablbatmgfod1dzgm.xn--90ais/assets/images/products/747/11.jpg;"мебельныеткани.бел (дилер в РБ; официальный ametist-store.ru закрыт капчей)";2026-09-30
Аметист;Scandi;Scandi 12;12;Велюр;Полиэстер - 100%;140;320 (г/кв.м);50000;50000 циклов;;;;73 BYN/п.м. у дилера в РБ;;https://xn--80ablbatmgfod1dzgm.xn--90ais/katalog/velyur/velyur-scandi.html;photos/Аметист/Scandi/Scandi_12.jpg;https://xn--80ablbatmgfod1dzgm.xn--90ais/assets/images/products/747/12.jpg;"мебельныеткани.бел (дилер в РБ; официальный ametist-store.ru закрыт капчей)";2026-09-30
Аметист;Scandi;Scandi 13;13;Велюр;Полиэстер - 100%;140;320 (г/кв.м);50000;50000 циклов;;;;73 BYN/п.м. у дилера в РБ;;https://xn--80ablbatmgfod1dzgm.xn--90ais/katalog/velyur/velyur-scandi.html;photos/Аметист/Scandi/Scandi_13.jpg;https://xn--80ablbatmgfod1dzgm.xn--90ais/assets/images/products/747/13.jpg;"мебельныеткани.бел (дилер в РБ; официальный ametist-store.ru закрыт капчей)";2026-09-30
Аметист;Scandi;Scandi 14;14;Велюр;Полиэстер - 100%;140;320 (г/кв.м);50000;50000 циклов;;;;73 BYN/п.м. у дилера в РБ;;https://xn--80ablbatmgfod1dzgm.xn--90ais/katalog/velyur/velyur-scandi.html;photos/Аметист/Scandi/Scandi_14.jpg;https://xn--80ablbatmgfod1dzgm.xn--90ais/assets/images/products/747/14.jpg;"мебельныеткани.бел (дилер в РБ; официальный ametist-store.ru закрыт капчей)";2026-09-30
Аметист;Scandi;Scandi 15;15;Велюр;Полиэстер - 100%;140;320 (г/кв.м);50000;50000 циклов;;;;73 BYN/п.м. у дилера в РБ;;https://xn--80ablbatmgfod1dzgm.xn--90ais/katalog/velyur/velyur-scandi.html;photos/Аметист/Scandi/Scandi_15.jpg;https://xn--80ablbatmgfod1dzgm.xn--90ais/assets/images/products/747/15.jpg;"мебельныеткани.бел (дилер в РБ; официальный ametist-store.ru закрыт капчей)";2026-09-30
Аметист;Scandi;Scandi 16;16;Велюр;Полиэстер - 100%;140;320 (г/кв.м);50000;50000 циклов;;;;73 BYN/п.м. у дилера в РБ;;https://xn--80ablbatmgfod1dzgm.xn--90ais/katalog/velyur/velyur-scandi.html;photos/Аметист/Scandi/Scandi_16.jpg;https://xn--80ablbatmgfod1dzgm.xn--90ais/assets/images/products/747/16.jpg;"мебельныеткани.бел (дилер в РБ; официальный ametist-store.ru закрыт капчей)";2026-09-30
Аметист;Scandi;Scandi 17;17;Велюр;Полиэстер - 100%;140;320 (г/кв.м);50000;50000 циклов;;;;73 BYN/п.м. у дилера в РБ;;https://xn--80ablbatmgfod1dzgm.xn--90ais/katalog/velyur/velyur-scandi.html;photos/Аметист/Scandi/Scandi_17.jpg;https://xn--80ablbatmgfod1dzgm.xn--90ais/assets/images/products/747/17.jpg;"мебельныеткани.бел (дилер в РБ; официальный ametist-store.ru закрыт капчей)";2026-09-30
Аметист;Scandi;Scandi 18;18;Велюр;Полиэстер - 100%;140;320 (г/кв.м);50000;50000 циклов;;;;73 BYN/п.м. у дилера в РБ;;https://xn--80ablbatmgfod1dzgm.xn--90ais/katalog/velyur/velyur-scandi.html;photos/Аметист/Scandi/Scandi_18.jpg;https://xn--80ablbatmgfod1dzgm.xn--90ais/assets/images/products/747/18.jpg;"мебельныеткани.бел (дилер в РБ; официальный ametist-store.ru закрыт капчей)";2026-09-30
Аметист;Scandi;Scandi 19;19;Велюр;Полиэстер - 100%;140;320 (г/кв.м);50000;50000 циклов;;;;73 BYN/п.м. у дилера в РБ;;https://xn--80ablbatmgfod1dzgm.xn--90ais/katalog/velyur/velyur-scandi.html;photos/Аметист/Scandi/Scandi_19.jpg;https://xn--80ablbatmgfod1dzgm.xn--90ais/assets/images/products/747/19.jpg;"мебельныеткани.бел (дилер в РБ; официальный ametist-store.ru закрыт капчей)";2026-09-30
Аметист;Scandi;Scandi 20;20;Велюр;Полиэстер - 100%;140;320 (г/кв.м);50000;50000 циклов;;;;73 BYN/п.м. у дилера в РБ;;https://xn--80ablbatmgfod1dzgm.xn--90ais/katalog/velyur/velyur-scandi.html;photos/Аметист/Scandi/Scandi_20.jpg;https://xn--80ablbatmgfod1dzgm.xn--90ais/assets/images/products/747/20.jpg;"мебельныеткани.бел (дилер в РБ; официальный ametist-store.ru закрыт капчей)";2026-09-30
Аметист;Scandi;Scandi 21;21;Велюр;Полиэстер - 100%;140;320 (г/кв.м);50000;50000 циклов;;;;73 BYN/п.м. у дилера в РБ;;https://xn--80ablbatmgfod1dzgm.xn--90ais/katalog/velyur/velyur-scandi.html;photos/Аметист/Scandi/Scandi_21.jpg;https://xn--80ablbatmgfod1dzgm.xn--90ais/assets/images/products/747/21.jpg;"мебельныеткани.бел (дилер в РБ; официальный ametist-store.ru закрыт капчей)";2026-09-30
Аметист;Scandi;Scandi 22;22;Велюр;Полиэстер - 100%;140;320 (г/кв.м);50000;50000 циклов;;;;73 BYN/п.м. у дилера в РБ;;https://xn--80ablbatmgfod1dzgm.xn--90ais/katalog/velyur/velyur-scandi.html;photos/Аметист/Scandi/Scandi_22.jpg;https://xn--80ablbatmgfod1dzgm.xn--90ais/assets/images/products/747/22.jpg;"мебельныеткани.бел (дилер в РБ; официальный ametist-store.ru закрыт капчей)";2026-09-30
Аметист;Scandi;Scandi 23;23;Велюр;Полиэстер - 100%;140;320 (г/кв.м);50000;50000 циклов;;;;73 BYN/п.м. у дилера в РБ;;https://xn--80ablbatmgfod1dzgm.xn--90ais/katalog/velyur/velyur-scandi.html;photos/Аметист/Scandi/Scandi_23.jpg;https://xn--80ablbatmgfod1dzgm.xn--90ais/assets/images/products/747/23.jpg;"мебельныеткани.бел (дилер в РБ; официальный ametist-store.ru закрыт капчей)";2026-09-30
Аметист;Venetta;Venetta 01;01;Велюр;Полиэстер - 100%;140;380 (г/кв.м);50000;50000 циклов;;;;73 BYN/п.м. у дилера в РБ;;https://xn--80ablbatmgfod1dzgm.xn--90ais/katalog/velyur/velyur-venetta.html;photos/Аметист/Venetta/Venetta_01.jpg;https://xn--80ablbatmgfod1dzgm.xn--90ais/assets/images/products/759/01.jpg;"мебельныеткани.бел (дилер в РБ; официальный ametist-store.ru закрыт капчей)";2026-09-30
Аметист;Venetta;Venetta 03;03;Велюр;Полиэстер - 100%;140;380 (г/кв.м);50000;50000 циклов;;;;73 BYN/п.м. у дилера в РБ;;https://xn--80ablbatmgfod1dzgm.xn--90ais/katalog/velyur/velyur-venetta.html;photos/Аметист/Venetta/Venetta_03.jpg;https://xn--80ablbatmgfod1dzgm.xn--90ais/assets/images/products/759/03.jpg;"мебельныеткани.бел (дилер в РБ; официальный ametist-store.ru закрыт капчей)";2026-09-30
Аметист;Venetta;Venetta 04;04;Велюр;Полиэстер - 100%;140;380 (г/кв.м);50000;50000 циклов;;;;73 BYN/п.м. у дилера в РБ;;https://xn--80ablbatmgfod1dzgm.xn--90ais/katalog/velyur/velyur-venetta.html;photos/Аметист/Venetta/Venetta_04.jpg;https://xn--80ablbatmgfod1dzgm.xn--90ais/assets/images/products/759/04.jpg;"мебельныеткани.бел (дилер в РБ; официальный ametist-store.ru закрыт капчей)";2026-09-30
Аметист;Venetta;Venetta 05;05;Велюр;Полиэстер - 100%;140;380 (г/кв.м);50000;50000 циклов;;;;73 BYN/п.м. у дилера в РБ;;https://xn--80ablbatmgfod1dzgm.xn--90ais/katalog/velyur/velyur-venetta.html;photos/Аметист/Venetta/Venetta_05.jpg;https://xn--80ablbatmgfod1dzgm.xn--90ais/assets/images/products/759/05.jpg;"мебельныеткани.бел (дилер в РБ; официальный ametist-store.ru закрыт капчей)";2026-09-30
Аметист;Venetta;Venetta 06;06;Велюр;Полиэстер - 100%;140;380 (г/кв.м);50000;50000 циклов;;;;73 BYN/п.м. у дилера в РБ;;https://xn--80ablbatmgfod1dzgm.xn--90ais/katalog/velyur/velyur-venetta.html;photos/Аметист/Venetta/Venetta_06.jpg;https://xn--80ablbatmgfod1dzgm.xn--90ais/assets/images/products/759/06.jpg;"мебельныеткани.бел (дилер в РБ; официальный ametist-store.ru закрыт капчей)";2026-09-30
Аметист;Venetta;Venetta 08;08;Велюр;Полиэстер - 100%;140;380 (г/кв.м);50000;50000 циклов;;;;73 BYN/п.м. у дилера в РБ;;https://xn--80ablbatmgfod1dzgm.xn--90ais/katalog/velyur/velyur-venetta.html;photos/Аметист/Venetta/Venetta_08.jpg;https://xn--80ablbatmgfod1dzgm.xn--90ais/assets/images/products/759/08.jpg;"мебельныеткани.бел (дилер в РБ; официальный ametist-store.ru закрыт капчей)";2026-09-30
Аметист;Venetta;Venetta 09;09;Велюр;Полиэстер - 100%;140;380 (г/кв.м);50000;50000 циклов;;;;73 BYN/п.м. у дилера в РБ;;https://xn--80ablbatmgfod1dzgm.xn--90ais/katalog/velyur/velyur-venetta.html;photos/Аметист/Venetta/Venetta_09.jpg;https://xn--80ablbatmgfod1dzgm.xn--90ais/assets/images/products/759/09.jpg;"мебельныеткани.бел (дилер в РБ; официальный ametist-store.ru закрыт капчей)";2026-09-30
Аметист;Venetta;Venetta 10;10;Велюр;Полиэстер - 100%;140;380 (г/кв.м);50000;50000 циклов;;;;73 BYN/п.м. у дилера в РБ;;https://xn--80ablbatmgfod1dzgm.xn--90ais/katalog/velyur/velyur-venetta.html;photos/Аметист/Venetta/Venetta_10.jpg;https://xn--80ablbatmgfod1dzgm.xn--90ais/assets/images/products/759/10.jpg;"мебельныеткани.бел (дилер в РБ; официальный ametist-store.ru закрыт капчей)";2026-09-30
Аметист;Venetta;Venetta 11;11;Велюр;Полиэстер - 100%;140;380 (г/кв.м);50000;50000 циклов;;;;73 BYN/п.м. у дилера в РБ;;https://xn--80ablbatmgfod1dzgm.xn--90ais/katalog/velyur/velyur-venetta.html;photos/Аметист/Venetta/Venetta_11.jpg;https://xn--80ablbatmgfod1dzgm.xn--90ais/assets/images/products/759/11.jpg;"мебельныеткани.бел (дилер в РБ; официальный ametist-store.ru закрыт капчей)";2026-09-30
Аметист;Venetta;Venetta 12;12;Велюр;Полиэстер - 100%;140;380 (г/кв.м);50000;50000 циклов;;;;73 BYN/п.м. у дилера в РБ;;https://xn--80ablbatmgfod1dzgm.xn--90ais/katalog/velyur/velyur-venetta.html;photos/Аметист/Venetta/Venetta_12.jpg;https://xn--80ablbatmgfod1dzgm.xn--90ais/assets/images/products/759/12.jpg;"мебельныеткани.бел (дилер в РБ; официальный ametist-store.ru закрыт капчей)";2026-09-30
Аметист;Venetta;Venetta 13;13;Велюр;Полиэстер - 100%;140;380 (г/кв.м);50000;50000 циклов;;;;73 BYN/п.м. у дилера в РБ;;https://xn--80ablbatmgfod1dzgm.xn--90ais/katalog/velyur/velyur-venetta.html;photos/Аметист/Venetta/Venetta_13.jpg;https://xn--80ablbatmgfod1dzgm.xn--90ais/assets/images/products/759/13.jpg;"мебельныеткани.бел (дилер в РБ; официальный ametist-store.ru закрыт капчей)";2026-09-30
Аметист;Venetta;Venetta 15;15;Велюр;Полиэстер - 100%;140;380 (г/кв.м);50000;50000 циклов;;;;73 BYN/п.м. у дилера в РБ;;https://xn--80ablbatmgfod1dzgm.xn--90ais/katalog/velyur/velyur-venetta.html;photos/Аметист/Venetta/Venetta_15.jpg;https://xn--80ablbatmgfod1dzgm.xn--90ais/assets/images/products/759/15.jpg;"мебельныеткани.бел (дилер в РБ; официальный ametist-store.ru закрыт капчей)";2026-09-30
Аметист;Venetta;Venetta 16;16;Велюр;Полиэстер - 100%;140;380 (г/кв.м);50000;50000 циклов;;;;73 BYN/п.м. у дилера в РБ;;https://xn--80ablbatmgfod1dzgm.xn--90ais/katalog/velyur/velyur-venetta.html;photos/Аметист/Venetta/Venetta_16.jpg;https://xn--80ablbatmgfod1dzgm.xn--90ais/assets/images/products/759/16.jpg;"мебельныеткани.бел (дилер в РБ; официальный ametist-store.ru закрыт капчей)";2026-09-30
Аметист;Venetta;Venetta 20;20;Велюр;Полиэстер - 100%;140;380 (г/кв.м);50000;50000 циклов;;;;73 BYN/п.м. у дилера в РБ;;https://xn--80ablbatmgfod1dzgm.xn--90ais/katalog/velyur/velyur-venetta.html;photos/Аметист/Venetta/Venetta_20.jpg;https://xn--80ablbatmgfod1dzgm.xn--90ais/assets/images/products/759/20.jpg;"мебельныеткани.бел (дилер в РБ; официальный ametist-store.ru закрыт капчей)";2026-09-30
Аметист;Venetta;Venetta 21;21;Велюр;Полиэстер - 100%;140;380 (г/кв.м);50000;50000 циклов;;;;73 BYN/п.м. у дилера в РБ;;https://xn--80ablbatmgfod1dzgm.xn--90ais/katalog/velyur/velyur-venetta.html;photos/Аметист/Venetta/Venetta_21.jpg;https://xn--80ablbatmgfod1dzgm.xn--90ais/assets/images/products/759/21.jpg;"мебельныеткани.бел (дилер в РБ; официальный ametist-store.ru закрыт капчей)";2026-09-30
Аметист;Venetta;Venetta 22;22;Велюр;Полиэстер - 100%;140;380 (г/кв.м);50000;50000 циклов;;;;73 BYN/п.м. у дилера в РБ;;https://xn--80ablbatmgfod1dzgm.xn--90ais/katalog/velyur/velyur-venetta.html;photos/Аметист/Venetta/Venetta_22.jpg;https://xn--80ablbatmgfod1dzgm.xn--90ais/assets/images/products/759/22.jpg;"мебельныеткани.бел (дилер в РБ; официальный ametist-store.ru закрыт капчей)";2026-09-30
Аметист;Venetta;Venetta 23;23;Велюр;Полиэстер - 100%;140;380 (г/кв.м);50000;50000 циклов;;;;73 BYN/п.м. у дилера в РБ;;https://xn--80ablbatmgfod1dzgm.xn--90ais/katalog/velyur/velyur-venetta.html;photos/Аметист/Venetta/Venetta_23.jpg;https://xn--80ablbatmgfod1dzgm.xn--90ais/assets/images/products/759/23.jpg;"мебельныеткани.бел (дилер в РБ; официальный ametist-store.ru закрыт капчей)";2026-09-30
Аметист;Venetta;Venetta 24;24;Велюр;Полиэстер - 100%;140;380 (г/кв.м);50000;50000 циклов;;;;73 BYN/п.м. у дилера в РБ;;https://xn--80ablbatmgfod1dzgm.xn--90ais/katalog/velyur/velyur-venetta.html;photos/Аметист/Venetta/Venetta_24.jpg;https://xn--80ablbatmgfod1dzgm.xn--90ais/assets/images/products/759/24.jpg;"мебельныеткани.бел (дилер в РБ; официальный ametist-store.ru закрыт капчей)";2026-09-30
Аметист;Venetta;Venetta 25;25;Велюр;Полиэстер - 100%;140;380 (г/кв.м);50000;50000 циклов;;;;73 BYN/п.м. у дилера в РБ;;https://xn--80ablbatmgfod1dzgm.xn--90ais/katalog/velyur/velyur-venetta.html;photos/Аметист/Venetta/Venetta_25.jpg;https://xn--80ablbatmgfod1dzgm.xn--90ais/assets/images/products/759/25.jpg;"мебельныеткани.бел (дилер в РБ; официальный ametist-store.ru закрыт капчей)";2026-09-30
Аметист;Wool;Wool 01;01;Велюр;Полиэстер - 100%;142;350 (г/кв.м);60000;60000 циклов;;;;46 BYN/п.м. у дилера в РБ;;https://xn--80ablbatmgfod1dzgm.xn--90ais/katalog/velyur/velyur-wool.html;photos/Аметист/Wool/Wool_01.jpg;https://xn--80ablbatmgfod1dzgm.xn--90ais/assets/images/products/825/01.jpg;"мебельныеткани.бел (дилер в РБ; официальный ametist-store.ru закрыт капчей)";2026-09-30
Аметист;Wool;Wool 02;02;Велюр;Полиэстер - 100%;142;350 (г/кв.м);60000;60000 циклов;;;;46 BYN/п.м. у дилера в РБ;;https://xn--80ablbatmgfod1dzgm.xn--90ais/katalog/velyur/velyur-wool.html;photos/Аметист/Wool/Wool_02.jpg;https://xn--80ablbatmgfod1dzgm.xn--90ais/assets/images/products/825/02.jpg;"мебельныеткани.бел (дилер в РБ; официальный ametist-store.ru закрыт капчей)";2026-09-30
Аметист;Wool;Wool 04;04;Велюр;Полиэстер - 100%;142;350 (г/кв.м);60000;60000 циклов;;;;46 BYN/п.м. у дилера в РБ;;https://xn--80ablbatmgfod1dzgm.xn--90ais/katalog/velyur/velyur-wool.html;photos/Аметист/Wool/Wool_04.jpg;https://xn--80ablbatmgfod1dzgm.xn--90ais/assets/images/products/825/04.jpg;"мебельныеткани.бел (дилер в РБ; официальный ametist-store.ru закрыт капчей)";2026-09-30
Аметист;Wool;Wool 07;07;Велюр;Полиэстер - 100%;142;350 (г/кв.м);60000;60000 циклов;;;;46 BYN/п.м. у дилера в РБ;;https://xn--80ablbatmgfod1dzgm.xn--90ais/katalog/velyur/velyur-wool.html;photos/Аметист/Wool/Wool_07.jpg;https://xn--80ablbatmgfod1dzgm.xn--90ais/assets/images/products/825/07.jpg;"мебельныеткани.бел (дилер в РБ; официальный ametist-store.ru закрыт капчей)";2026-09-30
Аметист;Wool;Wool 08;08;Велюр;Полиэстер - 100%;142;350 (г/кв.м);60000;60000 циклов;;;;46 BYN/п.м. у дилера в РБ;;https://xn--80ablbatmgfod1dzgm.xn--90ais/katalog/velyur/velyur-wool.html;photos/Аметист/Wool/Wool_08.jpg;https://xn--80ablbatmgfod1dzgm.xn--90ais/assets/images/products/825/08.jpg;"мебельныеткани.бел (дилер в РБ; официальный ametist-store.ru закрыт капчей)";2026-09-30
Аметист;Атавика;Атавика 01;01;Велюр;Полиэстер - 100%;142;200 (г/кв.м);35000;35000 циклов;;;;56 BYN/п.м. у дилера в РБ;;https://xn--80ablbatmgfod1dzgm.xn--90ais/katalog/velyur/velyur-atavika.html;photos/Аметист/Атавика/Атавика_01.jpg;https://xn--80ablbatmgfod1dzgm.xn--90ais/assets/images/products/768/01.jpg;"мебельныеткани.бел (дилер в РБ; официальный ametist-store.ru закрыт капчей)";2026-09-30
Аметист;Атавика;Атавика 03;03;Велюр;Полиэстер - 100%;142;200 (г/кв.м);35000;35000 циклов;;;;56 BYN/п.м. у дилера в РБ;;https://xn--80ablbatmgfod1dzgm.xn--90ais/katalog/velyur/velyur-atavika.html;photos/Аметист/Атавика/Атавика_03.jpg;https://xn--80ablbatmgfod1dzgm.xn--90ais/assets/images/products/768/03.jpg;"мебельныеткани.бел (дилер в РБ; официальный ametist-store.ru закрыт капчей)";2026-09-30
Аметист;Барселона;Барселона 01;01;Велюр;Полиэстер - 100%;140;390 (г/кв.м);50000;50000 циклов;;;;80 BYN/п.м. у дилера в РБ;;https://xn--80ablbatmgfod1dzgm.xn--90ais/katalog/velyur/velyur-barselona.html;photos/Аметист/Барселона/Барселона_01.jpg;https://xn--80ablbatmgfod1dzgm.xn--90ais/assets/images/products/730/01.jpg;"мебельныеткани.бел (дилер в РБ; официальный ametist-store.ru закрыт капчей)";2026-09-30
Аметист;Барселона;Барселона 02;02;Велюр;Полиэстер - 100%;140;390 (г/кв.м);50000;50000 циклов;;;;80 BYN/п.м. у дилера в РБ;;https://xn--80ablbatmgfod1dzgm.xn--90ais/katalog/velyur/velyur-barselona.html;photos/Аметист/Барселона/Барселона_02.jpg;https://xn--80ablbatmgfod1dzgm.xn--90ais/assets/images/products/730/02.jpg;"мебельныеткани.бел (дилер в РБ; официальный ametist-store.ru закрыт капчей)";2026-09-30
Аметист;Барселона;Барселона 03;03;Велюр;Полиэстер - 100%;140;390 (г/кв.м);50000;50000 циклов;;;;80 BYN/п.м. у дилера в РБ;;https://xn--80ablbatmgfod1dzgm.xn--90ais/katalog/velyur/velyur-barselona.html;photos/Аметист/Барселона/Барселона_03.jpg;https://xn--80ablbatmgfod1dzgm.xn--90ais/assets/images/products/730/03.jpg;"мебельныеткани.бел (дилер в РБ; официальный ametist-store.ru закрыт капчей)";2026-09-30
Аметист;Барселона;Барселона 04;04;Велюр;Полиэстер - 100%;140;390 (г/кв.м);50000;50000 циклов;;;;80 BYN/п.м. у дилера в РБ;;https://xn--80ablbatmgfod1dzgm.xn--90ais/katalog/velyur/velyur-barselona.html;photos/Аметист/Барселона/Барселона_04.jpg;https://xn--80ablbatmgfod1dzgm.xn--90ais/assets/images/products/730/04.jpg;"мебельныеткани.бел (дилер в РБ; официальный ametist-store.ru закрыт капчей)";2026-09-30
Аметист;Барселона;Барселона 05;05;Велюр;Полиэстер - 100%;140;390 (г/кв.м);50000;50000 циклов;;;;80 BYN/п.м. у дилера в РБ;;https://xn--80ablbatmgfod1dzgm.xn--90ais/katalog/velyur/velyur-barselona.html;photos/Аметист/Барселона/Барселона_05.jpg;https://xn--80ablbatmgfod1dzgm.xn--90ais/assets/images/products/730/05.jpg;"мебельныеткани.бел (дилер в РБ; официальный ametist-store.ru закрыт капчей)";2026-09-30
Аметист;Барселона;Барселона 07;07;Велюр;Полиэстер - 100%;140;390 (г/кв.м);50000;50000 циклов;;;;80 BYN/п.м. у дилера в РБ;;https://xn--80ablbatmgfod1dzgm.xn--90ais/katalog/velyur/velyur-barselona.html;photos/Аметист/Барселона/Барселона_07.jpg;https://xn--80ablbatmgfod1dzgm.xn--90ais/assets/images/products/730/07.jpg;"мебельныеткани.бел (дилер в РБ; официальный ametist-store.ru закрыт капчей)";2026-09-30
Аметист;Барселона;Барселона 09;09;Велюр;Полиэстер - 100%;140;390 (г/кв.м);50000;50000 циклов;;;;80 BYN/п.м. у дилера в РБ;;https://xn--80ablbatmgfod1dzgm.xn--90ais/katalog/velyur/velyur-barselona.html;photos/Аметист/Барселона/Барселона_09.jpg;https://xn--80ablbatmgfod1dzgm.xn--90ais/assets/images/products/730/09.jpg;"мебельныеткани.бел (дилер в РБ; официальный ametist-store.ru закрыт капчей)";2026-09-30
Аметист;Барселона;Барселона 10;10;Велюр;Полиэстер - 100%;140;390 (г/кв.м);50000;50000 циклов;;;;80 BYN/п.м. у дилера в РБ;;https://xn--80ablbatmgfod1dzgm.xn--90ais/katalog/velyur/velyur-barselona.html;photos/Аметист/Барселона/Барселона_10.jpg;https://xn--80ablbatmgfod1dzgm.xn--90ais/assets/images/products/730/10.jpg;"мебельныеткани.бел (дилер в РБ; официальный ametist-store.ru закрыт капчей)";2026-09-30
Аметист;Барселона;Барселона 11;11;Велюр;Полиэстер - 100%;140;390 (г/кв.м);50000;50000 циклов;;;;80 BYN/п.м. у дилера в РБ;;https://xn--80ablbatmgfod1dzgm.xn--90ais/katalog/velyur/velyur-barselona.html;photos/Аметист/Барселона/Барселона_11.jpg;https://xn--80ablbatmgfod1dzgm.xn--90ais/assets/images/products/730/11.jpg;"мебельныеткани.бел (дилер в РБ; официальный ametist-store.ru закрыт капчей)";2026-09-30
Аметист;Барселона;Барселона 14;14;Велюр;Полиэстер - 100%;140;390 (г/кв.м);50000;50000 циклов;;;;80 BYN/п.м. у дилера в РБ;;https://xn--80ablbatmgfod1dzgm.xn--90ais/katalog/velyur/velyur-barselona.html;photos/Аметист/Барселона/Барселона_14.jpg;https://xn--80ablbatmgfod1dzgm.xn--90ais/assets/images/products/730/14.jpg;"мебельныеткани.бел (дилер в РБ; официальный ametist-store.ru закрыт капчей)";2026-09-30
Аметист;Барселона;Барселона 15;15;Велюр;Полиэстер - 100%;140;390 (г/кв.м);50000;50000 циклов;;;;80 BYN/п.м. у дилера в РБ;;https://xn--80ablbatmgfod1dzgm.xn--90ais/katalog/velyur/velyur-barselona.html;photos/Аметист/Барселона/Барселона_15.jpg;https://xn--80ablbatmgfod1dzgm.xn--90ais/assets/images/products/730/15.jpg;"мебельныеткани.бел (дилер в РБ; официальный ametist-store.ru закрыт капчей)";2026-09-30
Аметист;Барселона;Барселона 17;17;Велюр;Полиэстер - 100%;140;390 (г/кв.м);50000;50000 циклов;;;;80 BYN/п.м. у дилера в РБ;;https://xn--80ablbatmgfod1dzgm.xn--90ais/katalog/velyur/velyur-barselona.html;photos/Аметист/Барселона/Барселона_17.jpg;https://xn--80ablbatmgfod1dzgm.xn--90ais/assets/images/products/730/17.jpg;"мебельныеткани.бел (дилер в РБ; официальный ametist-store.ru закрыт капчей)";2026-09-30
Аметист;Барселона;Барселона 19;19;Велюр;Полиэстер - 100%;140;390 (г/кв.м);50000;50000 циклов;;;;80 BYN/п.м. у дилера в РБ;;https://xn--80ablbatmgfod1dzgm.xn--90ais/katalog/velyur/velyur-barselona.html;photos/Аметист/Барселона/Барселона_19.jpg;https://xn--80ablbatmgfod1dzgm.xn--90ais/assets/images/products/730/19.jpg;"мебельныеткани.бел (дилер в РБ; официальный ametist-store.ru закрыт капчей)";2026-09-30
Аметист;Барселона;Барселона 20;20;Велюр;Полиэстер - 100%;140;390 (г/кв.м);50000;50000 циклов;;;;80 BYN/п.м. у дилера в РБ;;https://xn--80ablbatmgfod1dzgm.xn--90ais/katalog/velyur/velyur-barselona.html;photos/Аметист/Барселона/Барселона_20.jpg;https://xn--80ablbatmgfod1dzgm.xn--90ais/assets/images/products/730/20.jpg;"мебельныеткани.бел (дилер в РБ; официальный ametist-store.ru закрыт капчей)";2026-09-30
Аметист;Барселона;Барселона 21;21;Велюр;Полиэстер - 100%;140;390 (г/кв.м);50000;50000 циклов;;;;80 BYN/п.м. у дилера в РБ;;https://xn--80ablbatmgfod1dzgm.xn--90ais/katalog/velyur/velyur-barselona.html;photos/Аметист/Барселона/Барселона_21.jpg;https://xn--80ablbatmgfod1dzgm.xn--90ais/assets/images/products/730/21.jpg;"мебельныеткани.бел (дилер в РБ; официальный ametist-store.ru закрыт капчей)";2026-09-30
Аметист;Бэнг;Бэнг 01;01;Велюр;Полиэстер - 100%;142;200 (г/кв.м);35000;35000 циклов;;;;56 BYN/п.м. у дилера в РБ;;https://xn--80ablbatmgfod1dzgm.xn--90ais/katalog/velyur/velyur-beng.html;photos/Аметист/Бэнг/Бэнг_01.jpg;https://xn--80ablbatmgfod1dzgm.xn--90ais/assets/images/products/822/01.jpg;"мебельныеткани.бел (дилер в РБ; официальный ametist-store.ru закрыт капчей)";2026-09-30
Аметист;Гулати;Гулати 01;01;Велюр;Полиэстер - 100%;140;420 (г/кв.м);20000;20000 циклов;;;;80 BYN/п.м. у дилера в РБ;;https://xn--80ablbatmgfod1dzgm.xn--90ais/katalog/velyur/velyur-gulati.html;photos/Аметист/Гулати/Гулати_01.jpg;https://xn--80ablbatmgfod1dzgm.xn--90ais/assets/images/products/831/01.jpg;"мебельныеткани.бел (дилер в РБ; официальный ametist-store.ru закрыт капчей)";2026-09-30
Аметист;Гулати;Гулати 03;03;Велюр;Полиэстер - 100%;140;420 (г/кв.м);20000;20000 циклов;;;;80 BYN/п.м. у дилера в РБ;;https://xn--80ablbatmgfod1dzgm.xn--90ais/katalog/velyur/velyur-gulati.html;photos/Аметист/Гулати/Гулати_03.jpg;https://xn--80ablbatmgfod1dzgm.xn--90ais/assets/images/products/831/03.jpg;"мебельныеткани.бел (дилер в РБ; официальный ametist-store.ru закрыт капчей)";2026-09-30
Аметист;Гулати;Гулати 04;04;Велюр;Полиэстер - 100%;140;420 (г/кв.м);20000;20000 циклов;;;;80 BYN/п.м. у дилера в РБ;;https://xn--80ablbatmgfod1dzgm.xn--90ais/katalog/velyur/velyur-gulati.html;photos/Аметист/Гулати/Гулати_04.jpg;https://xn--80ablbatmgfod1dzgm.xn--90ais/assets/images/products/831/04.jpg;"мебельныеткани.бел (дилер в РБ; официальный ametist-store.ru закрыт капчей)";2026-09-30
Аметист;Гулати;Гулати 05;05;Велюр;Полиэстер - 100%;140;420 (г/кв.м);20000;20000 циклов;;;;80 BYN/п.м. у дилера в РБ;;https://xn--80ablbatmgfod1dzgm.xn--90ais/katalog/velyur/velyur-gulati.html;photos/Аметист/Гулати/Гулати_05.jpg;https://xn--80ablbatmgfod1dzgm.xn--90ais/assets/images/products/831/05.jpg;"мебельныеткани.бел (дилер в РБ; официальный ametist-store.ru закрыт капчей)";2026-09-30
Аметист;Гулати;Гулати 06;06;Велюр;Полиэстер - 100%;140;420 (г/кв.м);20000;20000 циклов;;;;80 BYN/п.м. у дилера в РБ;;https://xn--80ablbatmgfod1dzgm.xn--90ais/katalog/velyur/velyur-gulati.html;photos/Аметист/Гулати/Гулати_06.jpg;https://xn--80ablbatmgfod1dzgm.xn--90ais/assets/images/products/831/06.jpg;"мебельныеткани.бел (дилер в РБ; официальный ametist-store.ru закрыт капчей)";2026-09-30
Аметист;Гулати;Гулати 09;09;Велюр;Полиэстер - 100%;140;420 (г/кв.м);20000;20000 циклов;;;;80 BYN/п.м. у дилера в РБ;;https://xn--80ablbatmgfod1dzgm.xn--90ais/katalog/velyur/velyur-gulati.html;photos/Аметист/Гулати/Гулати_09.jpg;https://xn--80ablbatmgfod1dzgm.xn--90ais/assets/images/products/831/09.jpg;"мебельныеткани.бел (дилер в РБ; официальный ametist-store.ru закрыт капчей)";2026-09-30
Аметист;Гулати;Гулати 10;10;Велюр;Полиэстер - 100%;140;420 (г/кв.м);20000;20000 циклов;;;;80 BYN/п.м. у дилера в РБ;;https://xn--80ablbatmgfod1dzgm.xn--90ais/katalog/velyur/velyur-gulati.html;photos/Аметист/Гулати/Гулати_10.jpg;https://xn--80ablbatmgfod1dzgm.xn--90ais/assets/images/products/831/10.jpg;"мебельныеткани.бел (дилер в РБ; официальный ametist-store.ru закрыт капчей)";2026-09-30
Аметист;Гулати;Гулати 11;11;Велюр;Полиэстер - 100%;140;420 (г/кв.м);20000;20000 циклов;;;;80 BYN/п.м. у дилера в РБ;;https://xn--80ablbatmgfod1dzgm.xn--90ais/katalog/velyur/velyur-gulati.html;photos/Аметист/Гулати/Гулати_11.jpg;https://xn--80ablbatmgfod1dzgm.xn--90ais/assets/images/products/831/11.jpg;"мебельныеткани.бел (дилер в РБ; официальный ametist-store.ru закрыт капчей)";2026-09-30
Аметист;Гулати;Гулати 12;12;Велюр;Полиэстер - 100%;140;420 (г/кв.м);20000;20000 циклов;;;;80 BYN/п.м. у дилера в РБ;;https://xn--80ablbatmgfod1dzgm.xn--90ais/katalog/velyur/velyur-gulati.html;photos/Аметист/Гулати/Гулати_12.jpg;https://xn--80ablbatmgfod1dzgm.xn--90ais/assets/images/products/831/12.jpg;"мебельныеткани.бел (дилер в РБ; официальный ametist-store.ru закрыт капчей)";2026-09-30
Аметист;Гулати;Гулати 13;13;Велюр;Полиэстер - 100%;140;420 (г/кв.м);20000;20000 циклов;;;;80 BYN/п.м. у дилера в РБ;;https://xn--80ablbatmgfod1dzgm.xn--90ais/katalog/velyur/velyur-gulati.html;photos/Аметист/Гулати/Гулати_13.jpg;https://xn--80ablbatmgfod1dzgm.xn--90ais/assets/images/products/831/13.jpg;"мебельныеткани.бел (дилер в РБ; официальный ametist-store.ru закрыт капчей)";2026-09-30
Аметист;Гулати;Гулати 14;14;Велюр;Полиэстер - 100%;140;420 (г/кв.м);20000;20000 циклов;;;;80 BYN/п.м. у дилера в РБ;;https://xn--80ablbatmgfod1dzgm.xn--90ais/katalog/velyur/velyur-gulati.html;photos/Аметист/Гулати/Гулати_14.jpg;https://xn--80ablbatmgfod1dzgm.xn--90ais/assets/images/products/831/14.jpg;"мебельныеткани.бел (дилер в РБ; официальный ametist-store.ru закрыт капчей)";2026-09-30
Аметист;Гулати;Гулати 19;19;Велюр;Полиэстер - 100%;140;420 (г/кв.м);20000;20000 циклов;;;;80 BYN/п.м. у дилера в РБ;;https://xn--80ablbatmgfod1dzgm.xn--90ais/katalog/velyur/velyur-gulati.html;photos/Аметист/Гулати/Гулати_19.jpg;https://xn--80ablbatmgfod1dzgm.xn--90ais/assets/images/products/831/19.jpg;"мебельныеткани.бел (дилер в РБ; официальный ametist-store.ru закрыт капчей)";2026-09-30
Аметист;Гулати;Гулати 21;21;Велюр;Полиэстер - 100%;140;420 (г/кв.м);20000;20000 циклов;;;;80 BYN/п.м. у дилера в РБ;;https://xn--80ablbatmgfod1dzgm.xn--90ais/katalog/velyur/velyur-gulati.html;photos/Аметист/Гулати/Гулати_21.jpg;https://xn--80ablbatmgfod1dzgm.xn--90ais/assets/images/products/831/21.jpg;"мебельныеткани.бел (дилер в РБ; официальный ametist-store.ru закрыт капчей)";2026-09-30
Аметист;Гулати;Гулати 22;22;Велюр;Полиэстер - 100%;140;420 (г/кв.м);20000;20000 циклов;;;;80 BYN/п.м. у дилера в РБ;;https://xn--80ablbatmgfod1dzgm.xn--90ais/katalog/velyur/velyur-gulati.html;photos/Аметист/Гулати/Гулати_22.jpg;https://xn--80ablbatmgfod1dzgm.xn--90ais/assets/images/products/831/22.jpg;"мебельныеткани.бел (дилер в РБ; официальный ametist-store.ru закрыт капчей)";2026-09-30
Аметист;Малибу;Малибу 01;01;Велюр;Полиэстер - 100%;142;200 (г/кв.м);35000;35000 циклов;;;;56 BYN/п.м. у дилера в РБ;;https://xn--80ablbatmgfod1dzgm.xn--90ais/katalog/velyur/velyur-malibu.html;photos/Аметист/Малибу/Малибу_01.jpg;https://xn--80ablbatmgfod1dzgm.xn--90ais/assets/images/products/779/01.jpg;"мебельныеткани.бел (дилер в РБ; официальный ametist-store.ru закрыт капчей)";2026-09-30
Аметист;Малибу;Малибу 02;02;Велюр;Полиэстер - 100%;142;200 (г/кв.м);35000;35000 циклов;;;;56 BYN/п.м. у дилера в РБ;;https://xn--80ablbatmgfod1dzgm.xn--90ais/katalog/velyur/velyur-malibu.html;photos/Аметист/Малибу/Малибу_02.jpg;https://xn--80ablbatmgfod1dzgm.xn--90ais/assets/images/products/779/02.jpg;"мебельныеткани.бел (дилер в РБ; официальный ametist-store.ru закрыт капчей)";2026-09-30
Аметист;Мехико;Мехико 01;01;Велюр;Полиэстер - 100%;142;200 (г/кв.м);35000;35000 циклов;;;;56 BYN/п.м. у дилера в РБ;;https://xn--80ablbatmgfod1dzgm.xn--90ais/katalog/velyur/velyur-mehiko.html;photos/Аметист/Мехико/Мехико_01.jpg;https://xn--80ablbatmgfod1dzgm.xn--90ais/assets/images/products/781/01.jpg;"мебельныеткани.бел (дилер в РБ; официальный ametist-store.ru закрыт капчей)";2026-09-30
Аметист;Мехико;Мехико 02;02;Велюр;Полиэстер - 100%;142;200 (г/кв.м);35000;35000 циклов;;;;56 BYN/п.м. у дилера в РБ;;https://xn--80ablbatmgfod1dzgm.xn--90ais/katalog/velyur/velyur-mehiko.html;photos/Аметист/Мехико/Мехико_02.jpg;https://xn--80ablbatmgfod1dzgm.xn--90ais/assets/images/products/781/02.jpg;"мебельныеткани.бел (дилер в РБ; официальный ametist-store.ru закрыт капчей)";2026-09-30
Аметист;Мехико;Мехико 03;03;Велюр;Полиэстер - 100%;142;200 (г/кв.м);35000;35000 циклов;;;;56 BYN/п.м. у дилера в РБ;;https://xn--80ablbatmgfod1dzgm.xn--90ais/katalog/velyur/velyur-mehiko.html;photos/Аметист/Мехико/Мехико_03.jpg;https://xn--80ablbatmgfod1dzgm.xn--90ais/assets/images/products/781/03.jpg;"мебельныеткани.бел (дилер в РБ; официальный ametist-store.ru закрыт капчей)";2026-09-30
Аметист;Онда;Онда 01;01;Велюр;Полиэстер - 100%;142;200 (г/кв.м);35000;35000 циклов;;;;56 BYN/п.м. у дилера в РБ;;https://xn--80ablbatmgfod1dzgm.xn--90ais/katalog/velyur/velyur-onda.html;photos/Аметист/Онда/Онда_01.jpg;https://xn--80ablbatmgfod1dzgm.xn--90ais/assets/images/products/970/01.jpg;"мебельныеткани.бел (дилер в РБ; официальный ametist-store.ru закрыт капчей)";2026-09-30
Аметист;Онда;Онда 02;02;Велюр;Полиэстер - 100%;142;200 (г/кв.м);35000;35000 циклов;;;;56 BYN/п.м. у дилера в РБ;;https://xn--80ablbatmgfod1dzgm.xn--90ais/katalog/velyur/velyur-onda.html;photos/Аметист/Онда/Онда_02.jpg;https://xn--80ablbatmgfod1dzgm.xn--90ais/assets/images/products/970/02.jpg;"мебельныеткани.бел (дилер в РБ; официальный ametist-store.ru закрыт капчей)";2026-09-30
Аметист;Роузи;Роузи 01;01;Велюр;Полиэстер - 100%;142;200 (г/кв.м);35000;35000 циклов;;;;56 BYN/п.м. у дилера в РБ;;https://xn--80ablbatmgfod1dzgm.xn--90ais/katalog/velyur/velyur-rouzi.html;photos/Аметист/Роузи/Роузи_01.jpg;https://xn--80ablbatmgfod1dzgm.xn--90ais/assets/images/products/982/01.jpg;"мебельныеткани.бел (дилер в РБ; официальный ametist-store.ru закрыт капчей)";2026-09-30
Аметист;Роузи;Роузи 02;02;Велюр;Полиэстер - 100%;142;200 (г/кв.м);35000;35000 циклов;;;;56 BYN/п.м. у дилера в РБ;;https://xn--80ablbatmgfod1dzgm.xn--90ais/katalog/velyur/velyur-rouzi.html;photos/Аметист/Роузи/Роузи_02.jpg;https://xn--80ablbatmgfod1dzgm.xn--90ais/assets/images/products/982/02.jpg;"мебельныеткани.бел (дилер в РБ; официальный ametist-store.ru закрыт капчей)";2026-09-30
Аметист;Твинкли;Твинкли 01;01;Велюр;Полиэстер - 100%;142;200 (г/кв.м);35000;35000 циклов;;;;56 BYN/п.м. у дилера в РБ;;https://xn--80ablbatmgfod1dzgm.xn--90ais/katalog/velyur/velyur-tvinkli.html;photos/Аметист/Твинкли/Твинкли_01.jpg;https://xn--80ablbatmgfod1dzgm.xn--90ais/assets/images/products/939/01.jpg;"мебельныеткани.бел (дилер в РБ; официальный ametist-store.ru закрыт капчей)";2026-09-30
Аметист;Твинкли;Твинкли 02;02;Велюр;Полиэстер - 100%;142;200 (г/кв.м);35000;35000 циклов;;;;56 BYN/п.м. у дилера в РБ;;https://xn--80ablbatmgfod1dzgm.xn--90ais/katalog/velyur/velyur-tvinkli.html;photos/Аметист/Твинкли/Твинкли_02.jpg;https://xn--80ablbatmgfod1dzgm.xn--90ais/assets/images/products/939/02.jpg;"мебельныеткани.бел (дилер в РБ; официальный ametist-store.ru закрыт капчей)";2026-09-30
Аметист;Тори;Тори 45;45;Велюр;Полиэстер - 100%;142;220 (г/кв.м);20000;20000 циклов;;;;49 BYN/п.м. у дилера в РБ;;https://xn--80ablbatmgfod1dzgm.xn--90ais/katalog/velyur/velyur-tori.html;photos/Аметист/Тори/Тори_45.jpg;https://xn--80ablbatmgfod1dzgm.xn--90ais/assets/images/products/947/45.jpg;"мебельныеткани.бел (дилер в РБ; официальный ametist-store.ru закрыт капчей)";2026-09-30
Аметист;Тори;Тори 50;50;Велюр;Полиэстер - 100%;142;220 (г/кв.м);20000;20000 циклов;;;;49 BYN/п.м. у дилера в РБ;;https://xn--80ablbatmgfod1dzgm.xn--90ais/katalog/velyur/velyur-tori.html;photos/Аметист/Тори/Тори_50.jpg;https://xn--80ablbatmgfod1dzgm.xn--90ais/assets/images/products/947/50.jpg;"мебельныеткани.бел (дилер в РБ; официальный ametist-store.ru закрыт капчей)";2026-09-30
Аметист;Тори;Тори 53;53;Велюр;Полиэстер - 100%;142;220 (г/кв.м);20000;20000 циклов;;;;49 BYN/п.м. у дилера в РБ;;https://xn--80ablbatmgfod1dzgm.xn--90ais/katalog/velyur/velyur-tori.html;photos/Аметист/Тори/Тори_53.jpg;https://xn--80ablbatmgfod1dzgm.xn--90ais/assets/images/products/947/53.jpg;"мебельныеткани.бел (дилер в РБ; официальный ametist-store.ru закрыт капчей)";2026-09-30
Аметист;Тори;Тори 54;54;Велюр;Полиэстер - 100%;142;220 (г/кв.м);20000;20000 циклов;;;;49 BYN/п.м. у дилера в РБ;;https://xn--80ablbatmgfod1dzgm.xn--90ais/katalog/velyur/velyur-tori.html;photos/Аметист/Тори/Тори_54.jpg;https://xn--80ablbatmgfod1dzgm.xn--90ais/assets/images/products/947/54.jpg;"мебельныеткани.бел (дилер в РБ; официальный ametist-store.ru закрыт капчей)";2026-09-30
Аметист;Тори;Тори 56;56;Велюр;Полиэстер - 100%;142;220 (г/кв.м);20000;20000 циклов;;;;49 BYN/п.м. у дилера в РБ;;https://xn--80ablbatmgfod1dzgm.xn--90ais/katalog/velyur/velyur-tori.html;photos/Аметист/Тори/Тори_56.jpg;https://xn--80ablbatmgfod1dzgm.xn--90ais/assets/images/products/947/56.jpg;"мебельныеткани.бел (дилер в РБ; официальный ametist-store.ru закрыт капчей)";2026-09-30
Аметист;Тори;Тори 61;61;Велюр;Полиэстер - 100%;142;220 (г/кв.м);20000;20000 циклов;;;;49 BYN/п.м. у дилера в РБ;;https://xn--80ablbatmgfod1dzgm.xn--90ais/katalog/velyur/velyur-tori.html;photos/Аметист/Тори/Тори_61.jpg;https://xn--80ablbatmgfod1dzgm.xn--90ais/assets/images/products/947/61.jpg;"мебельныеткани.бел (дилер в РБ; официальный ametist-store.ru закрыт капчей)";2026-09-30
Аметист;Тори;Тори 63;63;Велюр;Полиэстер - 100%;142;220 (г/кв.м);20000;20000 циклов;;;;49 BYN/п.м. у дилера в РБ;;https://xn--80ablbatmgfod1dzgm.xn--90ais/katalog/velyur/velyur-tori.html;photos/Аметист/Тори/Тори_63.jpg;https://xn--80ablbatmgfod1dzgm.xn--90ais/assets/images/products/947/63.jpg;"мебельныеткани.бел (дилер в РБ; официальный ametist-store.ru закрыт капчей)";2026-09-30
Аметист;Тори;Тори 64;64;Велюр;Полиэстер - 100%;142;220 (г/кв.м);20000;20000 циклов;;;;49 BYN/п.м. у дилера в РБ;;https://xn--80ablbatmgfod1dzgm.xn--90ais/katalog/velyur/velyur-tori.html;photos/Аметист/Тори/Тори_64.jpg;https://xn--80ablbatmgfod1dzgm.xn--90ais/assets/images/products/947/64.jpg;"мебельныеткани.бел (дилер в РБ; официальный ametist-store.ru закрыт капчей)";2026-09-30
Аметист;Тори;Тори 65;65;Велюр;Полиэстер - 100%;142;220 (г/кв.м);20000;20000 циклов;;;;49 BYN/п.м. у дилера в РБ;;https://xn--80ablbatmgfod1dzgm.xn--90ais/katalog/velyur/velyur-tori.html;photos/Аметист/Тори/Тори_65.jpg;https://xn--80ablbatmgfod1dzgm.xn--90ais/assets/images/products/947/65.jpg;"мебельныеткани.бел (дилер в РБ; официальный ametist-store.ru закрыт капчей)";2026-09-30
Аметист;Тори;Тори 76;76;Велюр;Полиэстер - 100%;142;220 (г/кв.м);20000;20000 циклов;;;;49 BYN/п.м. у дилера в РБ;;https://xn--80ablbatmgfod1dzgm.xn--90ais/katalog/velyur/velyur-tori.html;photos/Аметист/Тори/Тори_76.jpg;https://xn--80ablbatmgfod1dzgm.xn--90ais/assets/images/products/947/76.jpg;"мебельныеткани.бел (дилер в РБ; официальный ametist-store.ru закрыт капчей)";2026-09-30
Аметист;Тори;Тори 77;77;Велюр;Полиэстер - 100%;142;220 (г/кв.м);20000;20000 циклов;;;;49 BYN/п.м. у дилера в РБ;;https://xn--80ablbatmgfod1dzgm.xn--90ais/katalog/velyur/velyur-tori.html;photos/Аметист/Тори/Тори_77.jpg;https://xn--80ablbatmgfod1dzgm.xn--90ais/assets/images/products/947/77.jpg;"мебельныеткани.бел (дилер в РБ; официальный ametist-store.ru закрыт капчей)";2026-09-30
Аметист;Тори;Тори 78;78;Велюр;Полиэстер - 100%;142;220 (г/кв.м);20000;20000 циклов;;;;49 BYN/п.м. у дилера в РБ;;https://xn--80ablbatmgfod1dzgm.xn--90ais/katalog/velyur/velyur-tori.html;photos/Аметист/Тори/Тори_78.jpg;https://xn--80ablbatmgfod1dzgm.xn--90ais/assets/images/products/947/78.jpg;"мебельныеткани.бел (дилер в РБ; официальный ametist-store.ru закрыт капчей)";2026-09-30
Аметист;Чейз;Чейз 01;01;Велюр;Полиэстер - 100%;142;200 (г/кв.м);35000;35000 циклов;;;;56 BYN/п.м. у дилера в РБ;;https://xn--80ablbatmgfod1dzgm.xn--90ais/katalog/velyur/velyur-cheyz.html;photos/Аметист/Чейз/Чейз_01.jpg;https://xn--80ablbatmgfod1dzgm.xn--90ais/assets/images/products/958/01.jpg;"мебельныеткани.бел (дилер в РБ; официальный ametist-store.ru закрыт капчей)";2026-09-30
Аметист;Чейз;Чейз 02;02;Велюр;Полиэстер - 100%;142;200 (г/кв.м);35000;35000 циклов;;;;56 BYN/п.м. у дилера в РБ;;https://xn--80ablbatmgfod1dzgm.xn--90ais/katalog/velyur/velyur-cheyz.html;photos/Аметист/Чейз/Чейз_02.jpg;https://xn--80ablbatmgfod1dzgm.xn--90ais/assets/images/products/958/02.jpg;"мебельныеткани.бел (дилер в РБ; официальный ametist-store.ru закрыт капчей)";2026-09-30
Вип Текстиль;Bogemia;Bogemia aquamarine;aquamarine;Велюр;100% Полиэстер;140;300 г/м2 ± 5 %;50000;≥50 000 циклов;;220;230;Цена за 1 п.м. (сайт);Более 10 п.м.;https://viptextil.ru/catalog/mebelnie-tkani/rogojka/bogemia/bogemia_12/;photos/Вип_Текстиль/Bogemia/Bogemia_aquamarine.jpg;https://viptextil.ru/images/editor/items/e17bf28887a04e7713039bc3ae638d41_12.jpg;viptextil.ru (официальный сайт);2026-09-30
Вип Текстиль;Bogemia;Bogemia blue;blue;Велюр;100% Полиэстер;140;300 г/м2 ± 5 %;50000;≥50 000 циклов;;220;230;Цена за 1 п.м. (сайт);Более 10 п.м.;https://viptextil.ru/catalog/mebelnie-tkani/rogojka/bogemia/bogemia_15/;photos/Вип_Текстиль/Bogemia/Bogemia_blue.jpg;https://viptextil.ru/images/editor/items/e17bf28887a04e7713039bc3ae638d41_15.jpg;viptextil.ru (официальный сайт);2026-09-30
Вип Текстиль;Bogemia;Bogemia camel;camel;Велюр;100% Полиэстер;140;300 г/м2 ± 5 %;50000;≥50 000 циклов;;220;230;Цена за 1 п.м. (сайт);Более 10 п.м.;https://viptextil.ru/catalog/mebelnie-tkani/rogojka/bogemia/bogemia_9/;photos/Вип_Текстиль/Bogemia/Bogemia_camel.jpg;https://viptextil.ru/images/editor/items/e17bf28887a04e7713039bc3ae638d41_9.jpg;viptextil.ru (официальный сайт);2026-09-30
Вип Текстиль;Bogemia;Bogemia izumrud;izumrud;Велюр;100% Полиэстер;140;300 г/м2 ± 5 %;50000;≥50 000 циклов;;220;230;Цена за 1 п.м. (сайт);Более 10 п.м.;https://viptextil.ru/catalog/mebelnie-tkani/rogojka/bogemia/bogemia_13/;photos/Вип_Текстиль/Bogemia/Bogemia_izumrud.jpg;https://viptextil.ru/images/editor/items/e17bf28887a04e7713039bc3ae638d41_13.jpg;viptextil.ru (официальный сайт);2026-09-30
Вип Текстиль;Bogemia;Bogemia koriza;koriza;Велюр;100% Полиэстер;140;300 г/м2 ± 5 %;50000;≥50 000 циклов;;220;230;Цена за 1 п.м. (сайт);Более 10 п.м.;https://viptextil.ru/catalog/mebelnie-tkani/rogojka/bogemia/bogemia_6/;photos/Вип_Текстиль/Bogemia/Bogemia_koriza.jpg;https://viptextil.ru/images/editor/items/e17bf28887a04e7713039bc3ae638d41_6.jpg;viptextil.ru (официальный сайт);2026-09-30
Вип Текстиль;Bogemia;Bogemia latte;latte;Велюр;100% Полиэстер;140;300 г/м2 ± 5 %;50000;≥50 000 циклов;;220;230;Цена за 1 п.м. (сайт);Более 10 п.м.;https://viptextil.ru/catalog/mebelnie-tkani/rogojka/bogemia/bogemia_7/;photos/Вип_Текстиль/Bogemia/Bogemia_latte.jpg;https://viptextil.ru/images/editor/items/e17bf28887a04e7713039bc3ae638d41_7.jpg;viptextil.ru (официальный сайт);2026-09-30
Вип Текстиль;Bogemia;Bogemia lilac;lilac;Велюр;100% Полиэстер;140;300 г/м2 ± 5 %;50000;≥50 000 циклов;;220;230;Цена за 1 п.м. (сайт);Более 10 п.м.;https://viptextil.ru/catalog/mebelnie-tkani/rogojka/bogemia/bogemia_10/;photos/Вип_Текстиль/Bogemia/Bogemia_lilac.jpg;https://viptextil.ru/images/editor/items/e17bf28887a04e7713039bc3ae638d41_10.jpg;viptextil.ru (официальный сайт);2026-09-30
Вип Текстиль;Bogemia;Bogemia milk;milk;Велюр;100% Полиэстер;140;300 г/м2 ± 5 %;50000;≥50 000 циклов;;220;230;Цена за 1 п.м. (сайт);Более 10 п.м.;https://viptextil.ru/catalog/mebelnie-tkani/rogojka/bogemia/bogemia_2/;photos/Вип_Текстиль/Bogemia/Bogemia_milk.jpg;https://viptextil.ru/images/editor/items/e17bf28887a04e7713039bc3ae638d41_2.jpg;viptextil.ru (официальный сайт);2026-09-30
Вип Текстиль;Bogemia;Bogemia silk;silk;Велюр;100% Полиэстер;140;300 г/м2 ± 5 %;50000;≥50 000 циклов;;220;230;Цена за 1 п.м. (сайт);Более 10 п.м.;https://viptextil.ru/catalog/mebelnie-tkani/rogojka/bogemia/bogemia_4/;photos/Вип_Текстиль/Bogemia/Bogemia_silk.jpg;https://viptextil.ru/images/editor/items/e17bf28887a04e7713039bc3ae638d41_4.jpg;viptextil.ru (официальный сайт);2026-09-30
Вип Текстиль;Bugatti;Bugatti aquamarine;aquamarine;Велюр;100% Полиэстер;140;223 г/м2 ± 5 %;50000;≥ 50 000 циклов;;190;196;Цена за 1 п.м. (сайт);Более 10 п.м.;https://viptextil.ru/catalog/mebelnie-tkani/rogojka/bugatti/bugatti_2/;photos/Вип_Текстиль/Bugatti/Bugatti_aquamarine.jpg;https://viptextil.ru/images/editor/items/f41bf091a4e18f2312495cc0e975d9f7_2.jpg;viptextil.ru (официальный сайт);2026-09-30
Вип Текстиль;Bugatti;Bugatti chocolate;chocolate;Велюр;100% Полиэстер;140;223 г/м2 ± 5 %;50000;≥ 50 000 циклов;;190;196;Цена за 1 п.м. (сайт);Более 10 п.м.;https://viptextil.ru/catalog/mebelnie-tkani/rogojka/bugatti/bugatti_4/;photos/Вип_Текстиль/Bugatti/Bugatti_chocolate.jpg;https://viptextil.ru/images/editor/items/f41bf091a4e18f2312495cc0e975d9f7_4.jpg;viptextil.ru (официальный сайт);2026-09-30
Вип Текстиль;Bugatti;Bugatti coffee;coffee;Велюр;100% Полиэстер;140;223 г/м2 ± 5 %;50000;≥ 50 000 циклов;;190;196;Цена за 1 п.м. (сайт);Более 10 п.м.;https://viptextil.ru/catalog/mebelnie-tkani/rogojka/bugatti/bugatti_5/;photos/Вип_Текстиль/Bugatti/Bugatti_coffee.jpg;https://viptextil.ru/images/editor/items/f41bf091a4e18f2312495cc0e975d9f7_5.jpg;viptextil.ru (официальный сайт);2026-09-30
Вип Текстиль;Bugatti;Bugatti golden;golden;Велюр;100% Полиэстер;140;223 г/м2 ± 5 %;50000;≥ 50 000 циклов;;190;196;Цена за 1 п.м. (сайт);Более 10 п.м.;https://viptextil.ru/catalog/mebelnie-tkani/rogojka/bugatti/bugatti_7/;photos/Вип_Текстиль/Bugatti/Bugatti_golden.jpg;https://viptextil.ru/images/editor/items/f41bf091a4e18f2312495cc0e975d9f7_7.jpg;viptextil.ru (официальный сайт);2026-09-30
Вип Текстиль;Bugatti;Bugatti grey;grey;Велюр;100% Полиэстер;140;223 г/м2 ± 5 %;50000;≥ 50 000 циклов;;190;196;Цена за 1 п.м. (сайт);Более 10 п.м.;https://viptextil.ru/catalog/mebelnie-tkani/rogojka/bugatti/bugatti_8/;photos/Вип_Текстиль/Bugatti/Bugatti_grey.jpg;https://viptextil.ru/images/editor/items/f41bf091a4e18f2312495cc0e975d9f7_8.jpg;viptextil.ru (официальный сайт);2026-09-30
Вип Текстиль;Bugatti;Bugatti lilac;lilac;Велюр;100% Полиэстер;140;223 г/м2 ± 5 %;50000;≥ 50 000 циклов;;190;196;Цена за 1 п.м. (сайт);Более 10 п.м.;https://viptextil.ru/catalog/mebelnie-tkani/rogojka/bugatti/bugatti_11/;photos/Вип_Текстиль/Bugatti/Bugatti_lilac.jpg;https://viptextil.ru/images/editor/items/f41bf091a4e18f2312495cc0e975d9f7_11.jpg;viptextil.ru (официальный сайт);2026-09-30
Вип Текстиль;Bugatti;Bugatti mocco;mocco;Велюр;100% Полиэстер;140;223 г/м2 ± 5 %;50000;≥ 50 000 циклов;;190;196;Цена за 1 п.м. (сайт);Более 10 п.м.;https://viptextil.ru/catalog/mebelnie-tkani/rogojka/bugatti/bugatti_13/;photos/Вип_Текстиль/Bugatti/Bugatti_mocco.jpg;https://viptextil.ru/images/editor/items/f41bf091a4e18f2312495cc0e975d9f7_13.jpg;viptextil.ru (официальный сайт);2026-09-30
Вип Текстиль;Reptile;Reptile cherry;cherry;Велюр;100% Полиэстер;140;390 г/м2 ± 5 %;50000;> 50 000 циклов;;140;515;Цена за 1 п.м. (сайт);Более 10 п.м.;https://viptextil.ru/catalog/mebelnie-tkani/rogojka/reptile/reptile_3/;photos/Вип_Текстиль/Reptile/Reptile_cherry.jpg;https://viptextil.ru/images/editor/items/267b1948fa84309bc99f9c0289cabe44_3.jpg;viptextil.ru (официальный сайт);2026-09-30
