  0
SECTION
  2
HEADER
  9
$ACADVER
  1
AC1024
  9
$ACADMAINTVER
 70
6
  9
$DWGCODEPAGE
  3
ANSI_1252
  9
$LASTSAVEDBY
  1
ezdxf
  9
$INSBASE
 10
0.0
 20
0.0
 30
0.0
  9
$EXTMIN
 10
1e+20
 20
1e+20
 30
1e+20
  9
$EXTMAX
 10
-1e+20
 20
-1e+20
 30
-1e+20
  9
$LIMMIN
 10
0.0
 20
0.0
  9
$LIMMAX
 10
420.0
 20
297.0
  9
$ORTHOMODE
 70
0
  9
$REGENMODE
 70
1
  9
$FILLMODE
 70
1
  9
$QTEXTMODE
 70
0
  9
$MIRRTEXT
 70
1
  9
$LTSCALE
 40
1.0
  9
$ATTMODE
 70
1
  9
$TEXTSIZE
 40
2.5
  9
$TRACEWID
 40
1.0
  9
$TEXTSTYLE
  7
OpenSans
  9
$CLAYER
  8
0
  9
$CELTYPE
  6
ByLayer
  9
$CECOLOR
 62
256
  9
$CELTSCALE
 40
1.0
  9
$DISPSILH
 70
0
  9
$DIMSCALE
 40
1.0
  9
$DIMASZ
 40
0.175
  9
$DIMEXO
 40
0.125
  9
$DIMDLI
 40
3.75
  9
$DIMRND
 40
0.0
  9
$DIMDLE
 40
0.0
  9
$DIMEXE
 40
0.375
  9
$DIMTP
 40
0.0
  9
$DIMTM
 40
0.0
  9
$DIMTXT
 40
0.25
  9
$DIMCEN
 40
2.5
  9
$DIMTSZ
 40
0.0
  9
$DIMTOL
 70
0
  9
$DIMLIM
 70
0
  9
$DIMTIH
 70
0
  9
$DIMTOH
 70
0
  9
$DIMSE1
 70
0
  9
$DIMSE2
 70
0
  9
$DIMTAD
 70
1
  9
$DIMZIN
 70
12
  9
$DIMBLK
  1
ARCHTICK
  9
$DIMASO
 70
1
  9
$DIMSHO
 70
1
  9
$DIMPOST
  1

  9
$DIMAPOST
  1

  9
$DIMALT
 70
0
  9
$DIMALTD
 70
3
  9
$DIMALTF
 40
0.03937007874
  9
$DIMLFAC
 40
100.0
  9
$DIMTOFL
 70
1
  9
$DIMTVP
 40
0.0
  9
$DIMTIX
 70
0
  9
$DIMSOXD
 70
0
  9
$DIMSAH
 70
0
  9
$DIMBLK1
  1

  9
$DIMBLK2
  1

  9
$DIMSTYLE
  2
EZDXF
  9
$DIMCLRD
 70
0
  9
$DIMCLRE
 70
0
  9
$DIMCLRT
 70
0
  9
$DIMTFAC
 40
0.5
  9
$DIMGAP
 40
0.1
  9
$DIMJUST
 70
0
  9
$DIMSD1
 70
0
  9
$DIMSD2
 70
0
  9
$DIMTOLJ
 70
0
  9
$DIMTZIN
 70
8
  9
$DIMALTZ
 70
0
  9
$DIMALTTZ
 70
0
  9
$DIMUPT
 70
1
  9
$DIMDEC
 70
2
  9
$DIMTDEC
 70
2
  9
$DIMALTU
 70
2
  9
$DIMALTTD
 70
3
  9
$DIMTXSTY
  7
OpenSansCondensed-Light
  9
$DIMAUNIT
 70
0
  9
$DIMADEC
 70
2
  9
$DIMALTRND
 40
0.0
  9
$DIMAZIN
 70
3
  9
$DIMDSEP
 70
46
  9
$DIMATFIT
 70
3
  9
$DIMFRAC
 70
0
  9
$DIMLDRBLK
  1

  9
$DIMLUNIT
 70
2
  9
$DIMLWD
 70
-2
  9
$DIMLWE
 70
-2
  9
$DIMTMOVE
 70
2
  9
$DIMFXL
 40
1.0
  9
$DIMFXLON
 70
0
  9
$DIMJOGANG
 40
0.785398163397
  9
$DIMTFILL
 70
0
  9
$DIMTFILLCLR
 70
0
  9
$DIMARCSYM
 70
0
  9
$DIMLTYPE
  6

  9
$DIMLTEX1
  6

  9
$DIMLTEX2
  6

  9
$DIMTXTDIRECTION
 70
0
  9
$LUNITS
 70
2
  9
$LUPREC
 70
4
  9
$SKETCHINC
 40
1.0
  9
$FILLETRAD
 40
10.0
  9
$AUNITS
 70
0
  9
$AUPREC
 70
2
  9
$MENU
  1
.
  9
$ELEVATION
 40
0.0
  9
$PELEVATION
 40
0.0
  9
$THICKNESS
 40
0.0
  9
$LIMCHECK
 70
0
  9
$CHAMFERA
 40
0.0
  9
$CHAMFERB
 40
0.0
  9
$CHAMFERC
 40
0.0
  9
$CHAMFERD
 40
0.0
  9
$SKPOLY
 70
0
  9
$TDCREATE
 40
2461314.6438310184
  9
$TDUCREATE
 40
2458532.153996898
  9
$TDUPDATE
 40
2461314.6438310184
  9
$TDUUPDATE
 40
2458532.1544311
  9
$TDINDWG
 40
0.0
  9
$TDUSRTIMER
 40
0.0
  9
$USRTIMER
 70
1
  9
$ANGBASE
 50
0.0
  9
$ANGDIR
 70
0
  9
$PDMODE
 70
0
  9
$PDSIZE
 40
0.0
  9
$PLINEWID
 40
0.0
  9
$SPLFRAME
 70
0
  9
$SPLINETYPE
 70
6
  9
$SPLINESEGS
 70
8
  9
$HANDSEED
  5
DB
  9
$SURFTAB1
 70
6
  9
$SURFTAB2
 70
6
  9
$SURFTYPE
 70
6
  9
$SURFU
 70
6
  9
$SURFV
 70
6
  9
$UCSBASE
  2

  9
$UCSNAME
  2

  9
$UCSORG
 10
0.0
 20
0.0
 30
0.0
  9
$UCSXDIR
 10
1.0
 20
0.0
 30
0.0
  9
$UCSYDIR
 10
0.0
 20
1.0
 30
0.0
  9
$UCSORTHOREF
  2

  9
$UCSORTHOVIEW
 70
0
  9
$UCSORGTOP
 10
0.0
 20
0.0
 30
0.0
  9
$UCSORGBOTTOM
 10
0.0
 20
0.0
 30
0.0
  9
$UCSORGLEFT
 10
0.0
 20
0.0
 30
0.0
  9
$UCSORGRIGHT
 10
0.0
 20
0.0
 30
0.0
  9
$UCSORGFRONT
 10
0.0
 20
0.0
 30
0.0
  9
$UCSORGBACK
 10
0.0
 20
0.0
 30
0.0
  9
$PUCSBASE
  2

  9
$PUCSNAME
  2

  9
$PUCSORG
 10
0.0
 20
0.0
 30
0.0
  9
$PUCSXDIR
 10
1.0
 20
0.0
 30
0.0
  9
$PUCSYDIR
 10
0.0
 20
1.0
 30
0.0
  9
$PUCSORTHOREF
  2

  9
$PUCSORTHOVIEW
 70
0
  9
$PUCSORGTOP
 10
0.0
 20
0.0
 30
0.0
  9
$PUCSORGBOTTOM
 10
0.0
 20
0.0
 30
0.0
  9
$PUCSORGLEFT
 10
0.0
 20
0.0
 30
0.0
  9
$PUCSORGRIGHT
 10
0.0
 20
0.0
 30
0.0
  9
$PUCSORGFRONT
 10
0.0
 20
0.0
 30
0.0
  9
$PUCSORGBACK
 10
0.0
 20
0.0
 30
0.0
  9
$USERI1
 70
0
  9
$USERI2
 70
0
  9
$USERI3
 70
0
  9
$USERI4
 70
0
  9
$USERI5
 70
0
  9
$USERR1
 40
0.0
  9
$USERR2
 40
0.0
  9
$USERR3
 40
0.0
  9
$USERR4
 40
0.0
  9
$USERR5
 40
0.0
  9
$WORLDVIEW
 70
1
  9
$SHADEDGE
 70
3
  9
$SHADEDIF
 70
70
  9
$TILEMODE
 70
1
  9
$MAXACTVP
 70
64
  9
$PINSBASE
 10
0.0
 20
0.0
 30
0.0
  9
$PLIMCHECK
 70
0
  9
$PEXTMIN
 10
1e+20
 20
1e+20
 30
1e+20
  9
$PEXTMAX
 10
-1e+20
 20
-1e+20
 30
-1e+20
  9
$PLIMMIN
 10
0.0
 20
0.0
  9
$PLIMMAX
 10
420.0
 20
297.0
  9
$UNITMODE
 70
0
  9
$VISRETAIN
 70
1
  9
$PLINEGEN
 70
0
  9
$PSLTSCALE
 70
1
  9
$TREEDEPTH
 70
3020
  9
$CMLSTYLE
  2
Standard
  9
$CMLJUST
 70
0
  9
$CMLSCALE
 40
20.0
  9
$PROXYGRAPHICS
 70
1
  9
$MEASUREMENT
 70
1
  9
$CELWEIGHT
370
-1
  9
$ENDCAPS
280
0
  9
$JOINSTYLE
280
0
  9
$LWDISPLAY
290
0
  9
$INSUNITS
 70
4
  9
$HYPERLINKBASE
  1

  9
$STYLESHEET
  1

  9
$XEDIT
290
1
  9
$CEPSNTYPE
380
0
  9
$PSTYLEMODE
290
1
  9
$FINGERPRINTGUID
  2
{E01BA11F-783C-46DD-B633-8D90263AA1BD}
  9
$VERSIONGUID
  2
{49C8F6DF-2234-4468-9F83-A8100C77F29E}
  9
$EXTNAMES
290
1
  9
$PSVPSCALE
 40
0.0
  9
$OLESTARTUP
290
0
  9
$SORTENTS
280
127
  9
$INDEXCTL
280
0
  9
$HIDETEXT
280
1
  9
$XCLIPFRAME
280
1
  9
$HALOGAP
280
0
  9
$OBSCOLOR
 70
257
  9
$OBSLTYPE
280
0
  9
$INTERSECTIONDISPLAY
280
0
  9
$INTERSECTIONCOLOR
 70
257
  9
$DIMASSOC
280
2
  9
$PROJECTNAME
  1

  9
$CAMERADISPLAY
290
0
  9
$LENSLENGTH
 40
50.0
  9
$CAMERAHEIGHT
 40
0.0
  9
$STEPSPERSEC
 40
24.0
  9
$STEPSIZE
 40
100.0
  9
$3DDWFPREC
 40
2.0
  9
$PSOLWIDTH
 40
0.005
  9
$PSOLHEIGHT
 40
0.08
  9
$LOFTANG1
 40
1.570796326795
  9
$LOFTANG2
 40
1.570796326795
  9
$LOFTMAG1
 40
0.0
  9
$LOFTMAG2
 40
0.0
  9
$LOFTPARAM
 70
7
  9
$LOFTNORMALS
280
1
  9
$LATITUDE
 40
37.795
  9
$LONGITUDE
 40
-122.394
  9
$NORTHDIRECTION
 40
0.0
  9
$TIMEZONE
 70
-8000
  9
$LIGHTGLYPHDISPLAY
280
1
  9
$TILEMODELIGHTSYNCH
280
1
  9
$CMATERIAL
347
20
  9
$SOLIDHIST
280
0
  9
$SHOWHIST
280
1
  9
$DWFFRAME
280
2
  9
$DGNFRAME
280
2
  9
$REALWORLDSCALE
290
1
  9
$INTERFERECOLOR
 62
256
  9
$CSHADOW
280
0
  9
$SHADOWPLANELOCATION
 40
0.0
  0
ENDSEC
  0
SECTION
  2
CLASSES
  0
CLASS
  1
ACDBDICTIONARYWDFLT
  2
AcDbDictionaryWithDefault
  3
ObjectDBX Classes
 90
0
 91
0
280
0
281
0
  0
CLASS
  1
SUN
  2
AcDbSun
  3
SCENEOE
 90
1153
 91
0
280
0
281
0
  0
CLASS
  1
VISUALSTYLE
  2
AcDbVisualStyle
  3
ObjectDBX Classes
 90
4095
 91
0
280
0
281
0
  0
CLASS
  1
MATERIAL
  2
AcDbMaterial
  3
ObjectDBX Classes
 90
1153
 91
0
280
0
281
0
  0
CLASS
  1
SCALE
  2
AcDbScale
  3
ObjectDBX Classes
 90
1153
 91
0
280
0
281
0
  0
CLASS
  1
TABLESTYLE
  2
AcDbTableStyle
  3
ObjectDBX Classes
 90
4095
 91
0
280
0
281
0
  0
CLASS
  1
MLEADERSTYLE
  2
AcDbMLeaderStyle
  3
ACDB_MLEADERSTYLE_CLASS
 90
4095
 91
0
280
0
281
0
  0
CLASS
  1
DICTIONARYVAR
  2
AcDbDictionaryVar
  3
ObjectDBX Classes
 90
0
 91
0
280
0
281
0
  0
CLASS
  1
CELLSTYLEMAP
  2
AcDbCellStyleMap
  3
ObjectDBX Classes
 90
1152
 91
0
280
0
281
0
  0
CLASS
  1
MENTALRAYRENDERSETTINGS
  2
AcDbMentalRayRenderSettings
  3
SCENEOE
 90
1024
 91
0
280
0
281
0
  0
CLASS
  1
ACDBDETAILVIEWSTYLE
  2
AcDbDetailViewStyle
  3
ObjectDBX Classes
 90
1025
 91
0
280
0
281
0
  0
CLASS
  1
ACDBSECTIONVIEWSTYLE
  2
AcDbSectionViewStyle
  3
ObjectDBX Classes
 90
1025
 91
0
280
0
281
0
  0
CLASS
  1
RASTERVARIABLES
  2
AcDbRasterVariables
  3
ISM
 90
0
 91
0
280
0
281
0
  0
CLASS
  1
ACDBPLACEHOLDER
  2
AcDbPlaceHolder
  3
ObjectDBX Classes
 90
0
 91
0
280
0
281
0
  0
CLASS
  1
LAYOUT
  2
AcDbLayout
  3
ObjectDBX Classes
 90
0
 91
0
280
0
281
0
  0
ENDSEC
  0
SECTION
  2
TABLES
  0
TABLE
  2
VPORT
  5
8
330
0
100
AcDbSymbolTable
 70
1
  0
VPORT
  5
23
330
8
100
AcDbSymbolTableRecord
100
AcDbViewportTableRecord
  2
*Active
 70
0
 10
0.0
 20
0.0
 11
1.0
 21
1.0
 12
0.0
 22
0.0
 13
0.0
 23
0.0
 14
0.5
 24
0.5
 15
0.5
 25
0.5
 16
0.0
 26
0.0
 36
1.0
 17
0.0
 27
0.0
 37
0.0
 40
1000.0
 41
1.34
 42
50.0
 43
0.0
 44
0.0
 50
0.0
 51
0.0
 71
0
 72
1000
 73
1
 74
3
 75
0
 76
0
 77
0
 78
0
281
0
 65
0
146
0.0
  0
ENDTAB
  0
TABLE
  2
LTYPE
  5
2
330
0
100
AcDbSymbolTable
 70
21
  0
LTYPE
  5
24
330
2
100
AcDbSymbolTableRecord
100
AcDbLinetypeTableRecord
  2
ByBlock
 70
0
  3

 72
65
 73
0
 40
0.0
  0
LTYPE
  5
25
330
2
100
AcDbSymbolTableRecord
100
AcDbLinetypeTableRecord
  2
ByLayer
 70
0
  3

 72
65
 73
0
 40
0.0
  0
LTYPE
  5
26
330
2
100
AcDbSymbolTableRecord
100
AcDbLinetypeTableRecord
  2
Continuous
 70
0
  3

 72
65
 73
0
 40
0.0
  0
LTYPE
  5
2F
330
2
100
AcDbSymbolTableRecord
100
AcDbLinetypeTableRecord
  2
CENTER
 70
0
  3
Center ____ _ ____ _ ____ _ ____ _ ____ _ ____
 72
65
 73
4
 40
5.08
 49
3.175
 74
0
 49
-0.635
 74
0
 49
0.635
 74
0
 49
-0.635
 74
0
  0
LTYPE
  5
30
330
2
100
AcDbSymbolTableRecord
100
AcDbLinetypeTableRecord
  2
CENTERX2
 70
0
  3
Center (2x) ________  __  ________  __  ________
 72
65
 73
4
 40
8.89
 49
6.35
 74
0
 49
-0.635
 74
0
 49
1.27
 74
0
 49
-0.635
 74
0
  0
LTYPE
  5
31
330
2
100
AcDbSymbolTableRecord
100
AcDbLinetypeTableRecord
  2
CENTER2
 70
0
  3
Center (.5x) ____ _ ____ _ ____ _ ____ _ ____
 72
65
 73
4
 40
2.54
 49
1.587
 74
0
 49
-0.318
 74
0
 49
0.318
 74
0
 49
-0.318
 74
0
  0
LTYPE
  5
32
330
2
100
AcDbSymbolTableRecord
100
AcDbLinetypeTableRecord
  2
DASHED
 70
0
  3
Dashed __ __ __ __ __ __ __ __ __ __ __ __ __ _
 72
65
 73
2
 40
1.524
 49
1.27
 74
0
 49
-0.254
 74
0
  0
LTYPE
  5
33
330
2
100
AcDbSymbolTableRecord
100
AcDbLinetypeTableRecord
  2
DASHEDX2
 70
0
  3
Dashed (2x) ____  ____  ____  ____  ____  ____
 72
65
 73
2
 40
3.048
 49
2.54
 74
0
 49
-0.508
 74
0
  0
LTYPE
  5
34
330
2
100
AcDbSymbolTableRecord
100
AcDbLinetypeTableRecord
  2
DASHED2
 70
0
  3
Dashed (.5x) _ _ _ _ _ _ _ _ _ _ _ _ _ _
 72
65
 73
2
 40
0.762
 49
0.635
 74
0
 49
-0.127
 74
0
  0
LTYPE
  5
35
330
2
100
AcDbSymbolTableRecord
100
AcDbLinetypeTableRecord
  2
PHANTOM
 70
0
  3
Phantom ______  __  __  ______  __  __  ______
 72
65
 73
6
 40
6.35
 49
3.175
 74
0
 49
-0.635
 74
0
 49
0.635
 74
0
 49
-0.635
 74
0
 49
0.635
 74
0
 49
-0.635
 74
0
  0
LTYPE
  5
36
330
2
100
AcDbSymbolTableRecord
100
AcDbLinetypeTableRecord
  2
PHANTOMX2
 70
0
  3
Phantom (2x)____________    ____    ____    ____________
 72
65
 73
6
 40
10.795
 49
6.35
 74
0
 49
-0.635
 74
0
 49
1.27
 74
0
 49
-0.635
 74
0
 49
1.27
 74
0
 49
-0.635
 74
0
  0
LTYPE
  5
37
330
2
100
AcDbSymbolTableRecord
100
AcDbLinetypeTableRecord
  2
PHANTOM2
 70
0
  3
Phantom (.5x) ___ _ _ ___ _ _ ___ _ _ ___ _ _ ___
 72
65
 73
6
 40
3.175
 49
1.587
 74
0
 49
-0.318
 74
0
 49
0.318
 74
0
 49
-0.318
 74
0
 49
0.318
 74
0
 49
-0.318
 74
0
  0
LTYPE
  5
38
330
2
100
AcDbSymbolTableRecord
100
AcDbLinetypeTableRecord
  2
DASHDOT
 70
0
  3
Dash dot __ . __ . __ . __ . __ . __ . __ . __
 72
65
 73
4
 40
3.556
 49
2.54
 74
0
 49
-0.508
 74
0
 49
0.0
 74
0
 49
-0.508
 74
0
  0
LTYPE
  5
39
330
2
100
AcDbSymbolTableRecord
100
AcDbLinetypeTableRecord
  2
DASHDOTX2
 70
0
  3
Dash dot (2x) ____  .  ____  .  ____  .  ____
 72
65
 73
4
 40
6.096
 49
5.08
 74
0
 49
-0.508
 74
0
 49
0.0
 74
0
 49
-0.508
 74
0
  0
LTYPE
  5
3A
330
2
100
AcDbSymbolTableRecord
100
AcDbLinetypeTableRecord
  2
DASHDOT2
 70
0
  3
Dash dot (.5x) _ . _ . _ . _ . _ . _ . _ . _
 72
65
 73
4
 40
1.778
 49
1.27
 74
0
 49
-0.254
 74
0
 49
0.0
 74
0
 49
-0.254
 74
0
  0
LTYPE
  5
3B
330
2
100
AcDbSymbolTableRecord
100
AcDbLinetypeTableRecord
  2
DOT
 70
0
  3
Dot .  .  .  .  .  .  .  .  .  .  .  .  .  .  .  .
 72
65
 73
2
 40
0.508
 49
0.0
 74
0
 49
-0.508
 74
0
  0
LTYPE
  5
3C
330
2
100
AcDbSymbolTableRecord
100
AcDbLinetypeTableRecord
  2
DOTX2
 70
0
  3
Dot (2x) .    .    .    .    .    .    .    . 
 72
65
 73
2
 40
1.016
 49
0.0
 74
0
 49
-1.016
 74
0
  0
LTYPE
  5
3D
330
2
100
AcDbSymbolTableRecord
100
AcDbLinetypeTableRecord
  2
DOT2
 70
0
  3
Dot (.5) . . . . . . . . . . . . . . . . . . . 
 72
65
 73
2
 40
0.254
 49
0.0
 74
0
 49
-0.254
 74
0
  0
LTYPE
  5
3E
330
2
100
AcDbSymbolTableRecord
100
AcDbLinetypeTableRecord
  2
DIVIDE
 70
0
  3
Divide __ . . __ . . __ . . __ . . __ . . __
 72
65
 73
6
 40
4.064
 49
2.54
 74
0
 49
-0.508
 74
0
 49
0.0
 74
0
 49
-0.508
 74
0
 49
0.0
 74
0
 49
-0.508
 74
0
  0
LTYPE
  5
3F
330
2
100
AcDbSymbolTableRecord
100
AcDbLinetypeTableRecord
  2
DIVIDEX2
 70
0
  3
Divide (2x) ____  . .  ____  . .  ____  . .  ____
 72
65
 73
6
 40
6.604
 49
5.08
 74
0
 49
-0.508
 74
0
 49
0.0
 74
0
 49
-0.508
 74
0
 49
0.0
 74
0
 49
-0.508
 74
0
  0
LTYPE
  5
40
330
2
100
AcDbSymbolTableRecord
100
AcDbLinetypeTableRecord
  2
DIVIDE2
 70
0
  3
Divide(.5x) _ . _ . _ . _ . _ . _ . _ . _
 72
65
 73
6
 40
2.032
 49
1.27
 74
0
 49
-0.254
 74
0
 49
0.0
 74
0
 49
-0.254
 74
0
 49
0.0
 74
0
 49
-0.254
 74
0
  0
ENDTAB
  0
TABLE
  2
LAYER
  5
1
330
0
100
AcDbSymbolTable
 70
8
  0
LAYER
  5
27
330
1
100
AcDbSymbolTableRecord
100
AcDbLayerTableRecord
  2
0
 70
0
 62
7
  6
Continuous
370
-3
390
13
347
21
  0
LAYER
  5
28
330
1
100
AcDbSymbolTableRecord
100
AcDbLayerTableRecord
  2
Defpoints
 70
0
 62
7
  6
Continuous
290
0
370
-3
390
13
347
21
  0
LAYER
  5
8A
330
1
100
AcDbSymbolTableRecord
100
AcDbLayerTableRecord
  2
CUT_OUT
 70
0
 62
7
  6
Continuous
370
-3
390
13
347
21
  0
LAYER
  5
8B
330
1
100
AcDbSymbolTableRecord
100
AcDbLayerTableRecord
  2
CUT_IN
 70
0
 62
1
  6
Continuous
370
-3
390
13
347
21
  0
LAYER
  5
8C
330
1
100
AcDbSymbolTableRecord
100
AcDbLayerTableRecord
  2
DRILL
 70
0
 62
3
  6
Continuous
370
-3
390
13
347
21
  0
LAYER
  5
8D
330
1
100
AcDbSymbolTableRecord
100
AcDbLayerTableRecord
  2
MARK
 70
0
 62
5
  6
Continuous
370
-3
390
13
347
21
  0
LAYER
  5
8E
330
1
100
AcDbSymbolTableRecord
100
AcDbLayerTableRecord
  2
TEXT
 70
0
 62
8
  6
Continuous
370
-3
390
13
347
21
  0
LAYER
  5
8F
330
1
100
AcDbSymbolTableRecord
100
AcDbLayerTableRecord
  2
SHEET
 70
0
 62
9
  6
Continuous
370
-3
390
13
347
21
  0
ENDTAB
  0
TABLE
  2
STYLE
  5
5
330
0
100
AcDbSymbolTable
 70
26
  0
STYLE
  5
29
330
5
100
AcDbSymbolTableRecord
100
AcDbTextStyleTableRecord
  2
Standard
 70
0
 40
0.0
 41
1.0
 50
0.0
 71
0
 42
2.5
  3
txt
  4

  0
STYLE
  5
41
330
5
100
AcDbSymbolTableRecord
100
AcDbTextStyleTableRecord
  2
OpenSans-Light
 70
0
 40
0.0
 41
1.0
 50
0.0
 71
0
 42
2.5
  3
OpenSans-Light.ttf
  4

  0
STYLE
  5
42
330
5
100
AcDbSymbolTableRecord
100
AcDbTextStyleTableRecord
  2
OpenSans-Light-Italic
 70
0
 40
0.0
 41
1.0
 50
0.0
 71
0
 42
2.5
  3
OpenSans-LightItalic.ttf
  4

  0
STYLE
  5
43
330
5
100
AcDbSymbolTableRecord
100
AcDbTextStyleTableRecord
  2
OpenSans
 70
0
 40
0.0
 41
1.0
 50
0.0
 71
0
 42
2.5
  3
OpenSans-Regular.ttf
  4

  0
STYLE
  5
44
330
5
100
AcDbSymbolTableRecord
100
AcDbTextStyleTableRecord
  2
OpenSans-Italic
 70
0
 40
0.0
 41
1.0
 50
0.0
 71
0
 42
2.5
  3
OpenSans-Italic.ttf
  4

  0
STYLE
  5
45
330
5
100
AcDbSymbolTableRecord
100
AcDbTextStyleTableRecord
  2
OpenSans-SemiBold
 70
0
 40
0.0
 41
1.0
 50
0.0
 71
0
 42
2.5
  3
OpenSans-SemiBold.ttf
  4

  0
STYLE
  5
46
330
5
100
AcDbSymbolTableRecord
100
AcDbTextStyleTableRecord
  2
OpenSans-SemiBoldItalic
 70
0
 40
0.0
 41
1.0
 50
0.0
 71
0
 42
2.5
  3
OpenSans-SemiBoldItalic.ttf
  4

  0
STYLE
  5
47
330
5
100
AcDbSymbolTableRecord
100
AcDbTextStyleTableRecord
  2
OpenSans-Bold
 70
0
 40
0.0
 41
1.0
 50
0.0
 71
0
 42
2.5
  3
OpenSans-Bold.ttf
  4

  0
STYLE
  5
48
330
5
100
AcDbSymbolTableRecord
100
AcDbTextStyleTableRecord
  2
OpenSans-BoldItalic
 70
0
 40
0.0
 41
1.0
 50
0.0
 71
0
 42
2.5
  3
OpenSans-BoldItalic.ttf
  4

  0
STYLE
  5
49
330
5
100
AcDbSymbolTableRecord
100
AcDbTextStyleTableRecord
  2
OpenSans-ExtraBold
 70
0
 40
0.0
 41
1.0
 50
0.0
 71
0
 42
2.5
  3
OpenSans-ExtraBold.ttf
  4

  0
STYLE
  5
4A
330
5
100
AcDbSymbolTableRecord
100
AcDbTextStyleTableRecord
  2
OpenSans-ExtraBoldItalic
 70
0
 40
0.0
 41
1.0
 50
0.0
 71
0
 42
2.5
  3
OpenSans-ExtraBoldItalic.ttf
  4

  0
STYLE
  5
4B
330
5
100
AcDbSymbolTableRecord
100
AcDbTextStyleTableRecord
  2
OpenSansCondensed-Bold
 70
0
 40
0.0
 41
1.0
 50
0.0
 71
0
 42
2.5
  3
OpenSansCondensed-Bold.ttf
  4

  0
STYLE
  5
4C
330
5
100
AcDbSymbolTableRecord
100
AcDbTextStyleTableRecord
  2
OpenSansCondensed-Light
 70
0
 40
0.0
 41
1.0
 50
0.0
 71
0
 42
2.5
  3
OpenSansCondensed-Light.ttf
  4

  0
STYLE
  5
4D
330
5
100
AcDbSymbolTableRecord
100
AcDbTextStyleTableRecord
  2
OpenSansCondensed-Italic
 70
0
 40
0.0
 41
1.0
 50
0.0
 71
0
 42
2.5
  3
OpenSansCondensed-LightItalic.ttf
  4

  0
STYLE
  5
4E
330
5
100
AcDbSymbolTableRecord
100
AcDbTextStyleTableRecord
  2
LiberationSans
 70
0
 40
0.0
 41
1.0
 50
0.0
 71
0
 42
2.5
  3
LiberationSans-Regular.ttf
  4

  0
STYLE
  5
4F
330
5
100
AcDbSymbolTableRecord
100
AcDbTextStyleTableRecord
  2
LiberationSans-Bold
 70
0
 40
0.0
 41
1.0
 50
0.0
 71
0
 42
2.5
  3
LiberationSans-Bold.ttf
  4

  0
STYLE
  5
50
330
5
100
AcDbSymbolTableRecord
100
AcDbTextStyleTableRecord
  2
LiberationSans-BoldItalic
 70
0
 40
0.0
 41
1.0
 50
0.0
 71
0
 42
2.5
  3
LiberationSans-BoldItalic.ttf
  4

  0
STYLE
  5
51
330
5
100
AcDbSymbolTableRecord
100
AcDbTextStyleTableRecord
  2
LiberationSans-Italic
 70
0
 40
0.0
 41
1.0
 50
0.0
 71
0
 42
2.5
  3
LiberationSans-Italic.ttf
  4

  0
STYLE
  5
52
330
5
100
AcDbSymbolTableRecord
100
AcDbTextStyleTableRecord
  2
LiberationSerif
 70
0
 40
0.0
 41
1.0
 50
0.0
 71
0
 42
2.5
  3
LiberationSerif-Regular.ttf
  4

  0
STYLE
  5
53
330
5
100
AcDbSymbolTableRecord
100
AcDbTextStyleTableRecord
  2
LiberationSerif-Bold
 70
0
 40
0.0
 41
1.0
 50
0.0
 71
0
 42
2.5
  3
LiberationSerif-Bold.ttf
  4

  0
STYLE
  5
54
330
5
100
AcDbSymbolTableRecord
100
AcDbTextStyleTableRecord
  2
LiberationSerif-BoldItalic
 70
0
 40
0.0
 41
1.0
 50
0.0
 71
0
 42
2.5
  3
LiberationSerif-BoldItalic.ttf
  4

  0
STYLE
  5
55
330
5
100
AcDbSymbolTableRecord
100
AcDbTextStyleTableRecord
  2
LiberationSerif-Italic
 70
0
 40
0.0
 41
1.0
 50
0.0
 71
0
 42
2.5
  3
LiberationSerif-Italic.ttf
  4

  0
STYLE
  5
56
330
5
100
AcDbSymbolTableRecord
100
AcDbTextStyleTableRecord
  2
LiberationMono
 70
0
 40
0.0
 41
1.0
 50
0.0
 71
0
 42
2.5
  3
LiberationMono-Regular.ttf
  4

  0
STYLE
  5
57
330
5
100
AcDbSymbolTableRecord
100
AcDbTextStyleTableRecord
  2
LiberationMono-Bold
 70
0
 40
0.0
 41
1.0
 50
0.0
 71
0
 42
2.5
  3
LiberationMono-Bold.ttf
  4

  0
STYLE
  5
58
330
5
100
AcDbSymbolTableRecord
100
AcDbTextStyleTableRecord
  2
LiberationMono-BoldItalic
 70
0
 40
0.0
 41
1.0
 50
0.0
 71
0
 42
2.5
  3
LiberationMono-BoldItalic.ttf
  4

  0
STYLE
  5
59
330
5
100
AcDbSymbolTableRecord
100
AcDbTextStyleTableRecord
  2
LiberationMono-Italic
 70
0
 40
0.0
 41
1.0
 50
0.0
 71
0
 42
2.5
  3
LiberationMono-Italic.ttf
  4

  0
ENDTAB
  0
TABLE
  2
VIEW
  5
7
330
0
100
AcDbSymbolTable
 70
0
  0
ENDTAB
  0
TABLE
  2
UCS
  5
6
330
0
100
AcDbSymbolTable
 70
0
  0
ENDTAB
  0
TABLE
  2
APPID
  5
3
330
0
100
AcDbSymbolTable
 70
3
  0
APPID
  5
2A
330
3
100
AcDbSymbolTableRecord
100
AcDbRegAppTableRecord
  2
ACAD
 70
0
  0
APPID
  5
D8
330
3
100
AcDbSymbolTableRecord
100
AcDbRegAppTableRecord
  2
HATCHBACKGROUNDCOLOR
 70
0
  0
APPID
  5
D9
330
3
100
AcDbSymbolTableRecord
100
AcDbRegAppTableRecord
  2
EZDXF
 70
0
  0
ENDTAB
  0
TABLE
  2
DIMSTYLE
  5
4
330
0
100
AcDbSymbolTable
 70
12
100
AcDbDimStyleTable
  0
DIMSTYLE
105
2B
330
4
100
AcDbSymbolTableRecord
100
AcDbDimStyleTableRecord
  2
Standard
 70
0
 40
1.0
 41
2.5
 42
0.625
 43
3.75
 44
1.25
 45
0.0
 46
0.0
 47
0.0
 48
0.0
 49
2.5
140
2.5
141
2.5
142
0.0
143
0.03937007874
144
1.0
145
0.0
146
1.0
147
0.625
148
0.0
 69
0
 70
0
 71
0
 72
0
 73
0
 74
0
 75
0
 76
0
 77
1
 78
8
 79
3
170
0
171
3
172
1
173
0
174
0
175
0
176
0
177
0
178
0
179
2
271
2
272
2
273
2
274
3
275
0
276
0
277
2
278
44
279
0
280
0
281
0
282
0
283
0
284
8
285
0
286
0
288
0
289
3
290
0
371
-2
372
-2
  0
DIMSTYLE
105
73
330
4
100
AcDbSymbolTableRecord
100
AcDbDimStyleTableRecord
  2
EZDXF
 70
0
 40
1.0
 41
0.175
 42
0.125
 43
3.75
 44
0.375
 45
0.0
 46
0.0
 47
0.0
 48
0.0
 49
2.5
140
0.25
141
2.5
142
0.0
143
0.03937007874
144
100.0
145
0.0
146
0.5
147
0.1
148
0.0
 69
0
 70
0
 71
0
 72
0
 73
0
 74
0
 75
0
 76
0
 77
1
 78
12
 79
3
170
0
171
3
172
1
173
0
174
0
175
0
176
0
177
0
178
0
179
2
271
2
272
2
273
2
274
3
275
0
276
0
277
2
278
46
279
2
280
0
281
0
282
0
283
0
284
8
285
0
286
0
288
1
289
3
290
0
340
4C
342
74
371
-2
372
-2
  0
DIMSTYLE
105
7C
330
4
100
AcDbSymbolTableRecord
100
AcDbDimStyleTableRecord
  2
EZ_M_100_H25_CM
 70
0
 40
1.0
 41
0.25
 42
0.125
 43
3.75
 44
0.375
 45
0.0
 46
0.0
 47
0.0
 48
0.0
 49
2.5
140
0.25
141
2.5
142
0.125
143
0.03937007874
144
100.0
145
0.0
146
0.5
147
0.1
148
0.0
 69
0
 70
0
 71
0
 72
0
 73
0
 74
0
 75
0
 76
0
 77
1
 78
12
 79
3
170
0
171
3
172
1
173
0
174
0
175
0
176
0
177
0
178
0
179
2
271
2
272
2
273
2
274
3
275
0
276
0
277
2
278
46
279
2
280
0
281
0
282
0
283
0
284
8
285
0
286
0
288
1
289
3
290
0
340
4C
371
-2
372
-2
  0
DIMSTYLE
105
7D
330
4
100
AcDbSymbolTableRecord
100
AcDbDimStyleTableRecord
  2
EZ_M_50_H25_CM
 70
0
 40
1.0
 41
0.125
 42
0.0625
 43
3.75
 44
0.1875
 45
0.0
 46
0.0
 47
0.0
 48
0.0
 49
2.5
140
0.125
141
2.5
142
0.0625
143
0.03937007874
144
100.0
145
0.0
146
0.5
147
0.05
148
0.0
 69
0
 70
0
 71
0
 72
0
 73
0
 74
0
 75
0
 76
0
 77
1
 78
12
 79
3
170
0
171
3
172
1
173
0
174
0
175
0
176
0
177
0
178
0
179
2
271
2
272
2
273
2
274
3
275
0
276
0
277
2
278
46
279
2
280
0
281
0
282
0
283
0
284
8
285
0
286
0
288
1
289
3
290
0
340
4C
371
-2
372
-2
  0
DIMSTYLE
105
7E
330
4
100
AcDbSymbolTableRecord
100
AcDbDimStyleTableRecord
  2
EZ_M_25_H25_CM
 70
0
 40
1.0
 41
0.0625
 42
0.03125
 43
3.75
 44
0.09375
 45
0.0
 46
0.0
 47
0.0
 48
0.0
 49
2.5
140
0.0625
141
2.5
142
0.03125
143
0.03937007874
144
100.0
145
0.0
146
0.5
147
0.025
148
0.0
 69
0
 70
0
 71
0
 72
0
 73
0
 74
0
 75
0
 76
0
 77
1
 78
12
 79
3
170
0
171
3
172
1
173
0
174
0
175
0
176
0
177
0
178
0
179
2
271
2
272
2
273
2
274
3
275
0
276
0
277
2
278
46
279
2
280
0
281
0
282
0
283
0
284
8
285
0
286
0
288
1
289
3
290
0
340
4C
371
-2
372
-2
  0
DIMSTYLE
105
7F
330
4
100
AcDbSymbolTableRecord
100
AcDbDimStyleTableRecord
  2
EZ_M_20_H25_CM
 70
0
 40
1.0
 41
0.05
 42
0.025
 43
3.75
 44
0.07500000000000001
 45
0.0
 46
0.0
 47
0.0
 48
0.0
 49
2.5
140
0.05
141
2.5
142
0.025
143
0.03937007874
144
100.0
145
0.0
146
0.5
147
0.020000000000000004
148
0.0
 69
0
 70
0
 71
0
 72
0
 73
0
 74
0
 75
0
 76
0
 77
1
 78
12
 79
3
170
0
171
3
172
1
173
0
174
0
175
0
176
0
177
0
178
0
179
2
271
2
272
2
273
2
274
3
275
0
276
0
277
2
278
46
279
2
280
0
281
0
282
0
283
0
284
8
285
0
286
0
288
1
289
3
290
0
340
4C
371
-2
372
-2
  0
DIMSTYLE
105
80
330
4
100
AcDbSymbolTableRecord
100
AcDbDimStyleTableRecord
  2
EZ_M_10_H25_CM
 70
0
 40
1.0
 41
0.025
 42
0.0125
 43
3.75
 44
0.037500000000000006
 45
0.0
 46
0.0
 47
0.0
 48
0.0
 49
2.5
140
0.025
141
2.5
142
0.0125
143
0.03937007874
144
100.0
145
0.0
146
0.5
147
0.010000000000000002
148
0.0
 69
0
 70
0
 71
0
 72
0
 73
0
 74
0
 75
0
 76
0
 77
1
 78
12
 79
3
170
0
171
3
172
1
173
0
174
0
175
0
176
0
177
0
178
0
179
2
271
2
272
2
273
2
274
3
275
0
276
0
277
2
278
46
279
2
280
0
281
0
282
0
283
0
284
8
285
0
286
0
288
1
289
3
290
0
340
4C
371
-2
372
-2
  0
DIMSTYLE
105
81
330
4
100
AcDbSymbolTableRecord
100
AcDbDimStyleTableRecord
  2
EZ_M_5_H25_CM
 70
0
 40
1.0
 41
0.0125
 42
0.00625
 43
3.75
 44
0.018750000000000003
 45
0.0
 46
0.0
 47
0.0
 48
0.0
 49
2.5
140
0.0125
141
2.5
142
0.00625
143
0.03937007874
144
100.0
145
0.0
146
0.5
147
0.005000000000000001
148
0.0
 69
0
 70
0
 71
0
 72
0
 73
0
 74
0
 75
0
 76
0
 77
1
 78
12
 79
3
170
0
171
3
172
1
173
0
174
0
175
0
176
0
177
0
178
0
179
2
271
2
272
2
273
2
274
3
275
0
276
0
277
2
278
46
279
2
280
0
281
0
282
0
283
0
284
8
285
0
286
0
288
1
289
3
290
0
340
4C
371
-2
372
-2
  0
DIMSTYLE
105
82
330
4
100
AcDbSymbolTableRecord
100
AcDbDimStyleTableRecord
  2
EZ_M_1_H25_CM
 70
0
 40
1.0
 41
0.0025
 42
0.00125
 43
3.75
 44
0.00375
 45
0.0
 46
0.0
 47
0.0
 48
0.0
 49
2.5
140
0.0025
141
2.5
142
0.00125
143
0.03937007874
144
100.0
145
0.0
146
0.5
147
0.001
148
0.0
 69
0
 70
0
 71
0
 72
0
 73
0
 74
0
 75
0
 76
0
 77
1
 78
12
 79
3
170
0
171
3
172
1
173
0
174
0
175
0
176
0
177
0
178
0
179
2
271
2
272
2
273
2
274
3
275
0
276
0
277
2
278
46
279
2
280
0
281
0
282
0
283
0
284
8
285
0
286
0
288
1
289
3
290
0
340
4C
371
-2
372
-2
  0
DIMSTYLE
105
83
330
4
100
AcDbSymbolTableRecord
100
AcDbDimStyleTableRecord
  2
EZ_RADIUS
 70
0
 40
1.0
 41
0.25
 42
0.125
 43
3.75
 44
0.375
 45
0.0
 46
0.0
 47
0.0
 48
0.0
 49
2.5
140
0.25
141
0.0
142
0.0
143
0.03937007874
144
100.0
145
0.0
146
0.5
147
0.1
148
0.0
 69
0
 70
0
 71
0
 72
0
 73
0
 74
0
 75
0
 76
0
 77
1
 78
12
 79
3
170
0
171
3
172
0
173
0
174
0
175
0
176
0
177
0
178
0
179
2
271
2
272
2
273
2
274
3
275
0
276
0
277
2
278
46
279
1
280
0
281
0
282
0
283
0
284
8
285
0
286
0
288
1
289
3
290
0
340
4C
342
84
371
-2
372
-2
  0
DIMSTYLE
105
88
330
4
100
AcDbSymbolTableRecord
100
AcDbDimStyleTableRecord
  2
EZ_RADIUS_INSIDE
 70
0
 40
1.0
 41
0.25
 42
0.125
 43
3.75
 44
0.375
 45
0.0
 46
0.0
 47
0.0
 48
0.0
 49
2.5
140
0.25
141
0.0
142
0.0
143
0.03937007874
144
100.0
145
0.0
146
0.5
147
0.1
148
0.0
 69
0
 70
0
 71
0
 72
0
 73
0
 74
0
 75
0
 76
0
 77
0
 78
12
 79
3
170
0
171
3
172
0
173
0
174
1
175
0
176
0
177
0
178
0
179
2
271
2
272
2
273
2
274
3
275
0
276
0
277
2
278
46
279
0
280
0
281
0
282
0
283
0
284
8
285
0
286
0
288
1
289
0
290
0
340
4C
342
84
371
-2
372
-2
  0
DIMSTYLE
105
89
330
4
100
AcDbSymbolTableRecord
100
AcDbDimStyleTableRecord
  2
EZ_CURVED
 70
0
 40
1.0
 41
0.25
 42
0.125
 43
3.75
 44
0.375
 45
0.0
 46
0.0
 47
0.0
 48
0.0
 49
2.5
140
0.25
141
2.5
142
0.0
143
0.03937007874
144
100.0
145
0.0
146
0.5
147
0.1
148
0.0
 69
0
 70
0
 71
0
 72
0
 73
0
 74
0
 75
0
 76
0
 77
1
 78
12
 79
2
 90
2
170
0
171
3
172
1
173
0
174
0
175
0
176
0
177
0
178
0
179
2
271
2
272
2
273
2
274
3
275
0
276
0
277
2
278
46
279
2
280
0
281
0
282
0
283
0
284
8
285
0
286
0
288
1
289
3
290
0
340
4C
371
-2
372
-2
  0
ENDTAB
  0
TABLE
  2
BLOCK_RECORD
  5
9
330
0
100
AcDbSymbolTable
 70
5
  0
BLOCK_RECORD
  5
17
330
9
100
AcDbSymbolTableRecord
100
AcDbBlockTableRecord
  2
*Model_Space
340
1A
 70
0
280
1
281
0
  0
BLOCK_RECORD
  5
1B
330
9
100
AcDbSymbolTableRecord
100
AcDbBlockTableRecord
  2
*Paper_Space
340
1E
 70
0
280
1
281
0
  0
BLOCK_RECORD
  5
74
330
9
100
AcDbSymbolTableRecord
100
AcDbBlockTableRecord
  2
_ARCHTICK
340
0
 70
0
280
1
281
0
  0
BLOCK_RECORD
  5
78
330
9
100
AcDbSymbolTableRecord
100
AcDbBlockTableRecord
  2
_CLOSEDFILLED
340
0
 70
0
280
1
281
0
  0
BLOCK_RECORD
  5
84
330
9
100
AcDbSymbolTableRecord
100
AcDbBlockTableRecord
  2
_CLOSEDBLANK
340
0
 70
0
280
1
281
0
  0
ENDTAB
  0
ENDSEC
  0
SECTION
  2
BLOCKS
  0
BLOCK
  5
18
330
17
100
AcDbEntity
  8
0
100
AcDbBlockBegin
  2
*Model_Space
 70
0
 10
0.0
 20
0.0
 30
0.0
  3
*Model_Space
  1

  0
ENDBLK
  5
19
330
17
100
AcDbEntity
  8
0
100
AcDbBlockEnd
  0
BLOCK
  5
1C
330
1B
100
AcDbEntity
  8
0
100
AcDbBlockBegin
  2
*Paper_Space
 70
0
 10
0.0
 20
0.0
 30
0.0
  3
*Paper_Space
  1

  0
ENDBLK
  5
1D
330
1B
100
AcDbEntity
  8
0
100
AcDbBlockEnd
  0
BLOCK
  5
75
330
74
100
AcDbEntity
  8
0
100
AcDbBlockBegin
  2
_ARCHTICK
 70
0
 10
0.0
 20
0.0
 30
0.0
  3
_ARCHTICK
  1

  0
LWPOLYLINE
  5
77
330
74
100
AcDbEntity
  8
0
  6
BYBLOCK
 62
0
100
AcDbPolyline
 90
2
 70
0
 43
0.15
 10
-0.5
 20
-0.5
 10
0.5
 20
0.5
  0
ENDBLK
  5
76
330
74
100
AcDbEntity
  8
0
100
AcDbBlockEnd
  0
BLOCK
  5
79
330
78
100
AcDbEntity
  8
0
100
AcDbBlockBegin
  2
_CLOSEDFILLED
 70
0
 10
0.0
 20
0.0
 30
0.0
  3
_CLOSEDFILLED
  1

  0
SOLID
  5
7B
330
78
100
AcDbEntity
  8
0
  6
BYBLOCK
 62
0
100
AcDbTrace
 10
-1.0
 20
0.16439898372402537
 30
0.0
 11
0.0
 21
0.0
 31
0.0
 12
-1.0
 22
-0.16439898372402537
 32
0.0
 13
-1.0
 23
-0.16439898372402537
 33
0.0
  0
ENDBLK
  5
7A
330
78
100
AcDbEntity
  8
0
100
AcDbBlockEnd
  0
BLOCK
  5
85
330
84
100
AcDbEntity
  8
0
100
AcDbBlockBegin
  2
_CLOSEDBLANK
 70
0
 10
0.0
 20
0.0
 30
0.0
  3
_CLOSEDBLANK
  1

  0
LWPOLYLINE
  5
87
330
84
100
AcDbEntity
  8
0
  6
BYBLOCK
 62
0
100
AcDbPolyline
 90
3
 70
1
 10
-1.0
 20
0.16439898372402537
 10
0.0
 20
0.0
 10
-1.0
 20
-0.16439898372402537
  0
ENDBLK
  5
86
330
84
100
AcDbEntity
  8
0
100
AcDbBlockEnd
  0
ENDSEC
  0
SECTION
  2
ENTITIES
  0
LWPOLYLINE
  5
90
330
17
100
AcDbEntity
  8
SHEET
100
AcDbPolyline
 90
4
 70
1
 10
0.0
 20
0.0
 10
1525.0
 20
0.0
 10
1525.0
 20
1525.0
 10
0.0
 20
1525.0
  0
TEXT
  5
91
330
17
100
AcDbEntity
  8
TEXT
100
AcDbText
 10
0.0
 20
-25.0
 30
0.0
 40
12.0
  1
Фанера ФК 15 мм, лист 1 из 1
 11
0.0
 21
-25.0
 31
0.0
100
AcDbText
  0
LWPOLYLINE
  5
92
330
17
100
AcDbEntity
  8
CUT_OUT
100
AcDbPolyline
 90
165
 70
1
 10
12.832220471001627
 20
279.2155512873342
 10
13.11503604659415
 20
279.71724783228626
 10
13.488507889579235
 20
280.1556572933063
 10
13.938872148619373
 20
280.51462262198555
 10
14.449531195739166
 20
280.78091458695866
 10
15.00166531175301
 20
280.94471932116426
 10
15.574926264166487
 20
281.0
 10
74.56547725526565
 20
281.0
 10
74.56547725526565
 20
290.0
 10
104.56547725526565
 20
290.0
 10
104.56547725526565
 20
281.0
 10
122.44045833487418
 20
281.0
 10
123.02572930092256
 20
280.9423558412097
 10
123.58850863196945
 20
280.77163859753387
 10
124.10716903393299
 20
280.4944088369076
 10
124.56177867843383
 20
280.12132034355966
 10
124.93486717178182
 20
279.6667106990588
 10
125.21209693240804
 20
279.14805029709527
 10
125.38281417608387
 20
278.58527096604837
 10
125.44045833487418
 20
278.0
 10
125.44045833487418
 20
33.0
 10
125.38281417608387
 20
32.414729033951616
 10
125.21209693240804
 20
31.851949702904733
 10
124.93486717178182
 20
31.333289300941196
 10
124.56177867843383
 20
30.878679656440355
 10
124.10716903393299
 20
30.50559116309236
 10
123.58850863196945
 20
30.228361402466142
 10
123.02572930092256
 20
30.05764415879031
 10
122.44045833487418
 20
30.0
 10
116.09670870351833
 20
30.0
 10
116.09670870351833
 20
12.0
 10
87.11784810267461
 20
12.0
 10
87.11784810267461
 20
30.0
 10
80.77409847131877
 20
30.0
 10
80.18882750527038
 20
30.05764415879031
 10
79.6260481742235
 20
30.228361402466142
 10
79.10738777225995
 20
30.50559116309236
 10
78.65277812775912
 20
30.878679656440355
 10
58.410137440639836
 20
51.121320343559645
 10
58.037048947291844
 20
51.57592998806048
 10
57.759819186665624
 20
52.094590390024024
 10
57.58910194298979
 20
52.65736972107091
 10
57.53145778419948
 20
53.24264068711929
 10
57.53145778419948
 20
65.21211410636288
 10
57.460681063835814
 20
65.93637397556311
 10
57.29335997267432
 20
66.49252683303934
 10
57.02153496063972
 20
67.00576509277728
 10
56.655491250600406
 20
67.4566690190931
 10
56.096139981218364
 20
67.92216645165325
 10
55.658137949049525
 20
68.21967774001368
 10
55.55462214870067
 20
68.29323969854406
 10
54.81617853387609
 20
68.84189048723006
 10
52.92666298678589
 20
70.24573540588338
 10
52.8636909490201
 20
70.29168034845601
 10
51.834701311807876
 20
71.02886859307002
 10
51.74987154324331
 20
71.09193307363411
 10
50.78027113300506
 20
71.83963580527652
 10
50.74579377496882
 20
71.86595883934537
 10
50.01142852381923
 20
72.42105542273231
 10
49.97669888983343
 20
72.44704500010155
 10
49.05794288738181
 20
73.12770371575799
 10
48.955435203501445
 20
73.2034500867326
 10
48.645198582416334
 20
73.43207193827207
 10
48.50656693907062
 20
73.54065320928355
 10
47.87117549065488
 20
74.06912375426268
 10
47.84733044376351
 20
74.08893978709229
 10
47.41693667339174
 20
74.52865358126087
 10
46.311273598781426
 20
75.91864594666006
 10
46.24550279319889
 20
76.00445990448071
 10
43.615322532923805
 20
79.56735297060094
 10
43.59090543878922
 20
79.60011647430962
 10
43.14475496868366
 20
80.19313462014183
 10
43.07067369931762
 20
80.29606090283936
 10
41.001759991500656
 20
83.30259245049459
 10
40.99113103800718
 20
83.31814268240103
 10
37.55454018829421
 20
88.37993508257729
 10
37.48529311146678
 20
88.48673722172053
 10
35.143674527230075
 20
92.27185906723787
 10
35.07172046068639
 20
92.39458091240985
 10
35.060033541698424
 20
92.41564276611791
 10
35.04229659370507
 20
92.44807725214991
 10
33.228353027994196
 20
95.81422886148219
 10
33.172956926080275
 20
95.9222019659607
 10
32.96448597169216
 20
96.3496047793376
 10
32.94822994819882
 20
96.38346898603828
 10
32.08333885374753
 20
98.21448750660258
 10
32.051292756640436
 20
98.28465259886221
 10
31.836980078969276
 20
98.77031869923599
 10
31.790831939523162
 20
98.88081745784905
 10
30.91147236041204
 20
101.11051587351176
 10
30.897086819656337
 20
101.1477143623196
 10
30.04310113419876
 20
103.4003691353557
 10
30.006823371970835
 20
103.50148948625512
 10
28.80179595004152
 20
107.05956025775862
 10
28.78071538179312
 20
107.12420689201315
 10
28.454381158028607
 20
108.16482453164994
 10
28.427922890774465
 20
108.25401569678738
 10
28.352598427020837
 20
108.52317388921358
 10
28.333982928444676
 20
108.5895218195825
 10
26.61932526278641
 20
114.68415761274412
 10
26.600353483307238
 20
114.75489212801207
 10
25.7295690451058
 20
118.16747166164211
 10
25.728314664928984
 20
118.17240500862582
 10
24.890529281331077
 20
121.47907178393339
 10
24.87583429932721
 20
121.53971367768688
 10
24.0293393289436
 20
125.19879492370791
 10
23.25489990004723
 20
128.53332210554152
 10
23.239720416077077
 20
128.60236223211737
 10
22.77398796040231
 20
130.84637292300758
 10
22.76198926169294
 20
130.9040198829868
 10
21.71294051575086
 20
135.9288460656462
 10
21.700845324918156
 20
135.989944345339
 10
20.60058246780715
 20
141.86751291436752
 10
20.59895851220422
 20
141.87625972060877
 10
20.290340716288
 20
143.55235262539583
 10
20.27661244884745
 20
143.6330821846005
 10
20.14601998611662
 20
144.4699933597809
 10
20.141957880483197
 20
144.49554322336263
 10
20.054190821182708
 20
145.03752933439787
 10
20.04998178834273
 20
145.06305605018247
 10
18.81114567476302
 20
152.44404279103975
 10
18.801659365494118
 20
152.5043100022295
 10
17.625235025825454
 20
160.50718948745
 10
17.624021185546752
 20
160.5155282707887
 10
17.536438390657366
 20
161.12318628000347
 10
17.53067348393612
 20
161.165294065476
 10
17.4512528738024
 20
161.77763992576186
 10
17.44114784472945
 20
161.8553592028547
 10
16.36714421750249
 20
170.0637248086505
 10
16.362455445043533
 20
170.10141299314304
 10
15.403730857446272
 20
178.22710774514687
 10
15.402867239050092
 20
178.2345062849219
 10
15.376736173981891
 20
178.46080800131278
 10
15.372492092881766
 20
178.49979780918324
 10
15.346154939160048
 20
178.75739538725813
 10
15.32926293702657
 20
178.92147892857503
 10
14.490351604844463
 20
186.93648180916193
 10
14.486436393254799
 20
186.97647302875438
 10
13.747827303990464
 20
195.08016178128804
 10
13.743306019221832
 20
195.13540937228245
 10
13.145057249552893
 20
203.38224595308543
 10
13.141638976050363
 20
203.43606605496603
 10
12.661551501317659
 20
212.24607940156747
 10
12.660823054854074
 20
212.260046140109
 10
12.646515017051069
 20
212.54724779334657
 10
12.644809831082574
 20
212.5866984888543
 10
12.3003959532447
 20
221.9888477043463
 10
12.2989915314797
 20
222.03835493008344
 10
12.08201506941111
 20
232.82863960932147
 10
12.077086839504272
 20
233.05036094197152
 10
12.073687352341123
 20
233.1896543768553
 10
12.073041855204325
 20
233.22431130279313
 10
12.07210537400183
 20
233.29720789120097
 10
12.07191585485229
 20
233.3170890293493
 10
12.0
 20
244.88149880898334
 10
12.000000855582947
 20
244.9189475004526
 10
12.07681963732376
 20
257.1816642542615
 10
12.07725166657363
 20
257.2171402418217
 10
12.24906054541606
 20
266.71323393954333
 10
12.249155522400129
 20
266.71825140746506
 10
12.31657920440401
 20
270.1293498757286
 10
12.317591344794456
 20
270.16796911288884
 10
12.576524273454948
 20
278.09790557745646
 10
12.65048398747105
 20
278.66905707549984
 10
12.832220471001627
 20
279.2155512873342
  0
TEXT
  5
93
330
17
100
AcDbEntity
  8
TEXT
100
AcDbText
 10
72.43551103321353
 20
148.7535494206111
 30
0.0
 40
10.0
  1
РН3
 72
1
 11
72.43551103321353
 21
148.7535494206111
 31
0.0
100
AcDbText
 73
2
  0
LWPOLYLINE
  5
94
330
17
100
AcDbEntity
  8
CUT_OUT
100
AcDbPolyline
 90
165
 70
1
 10
12.832220471001627
 20
571.2155512873342
 10
13.11503604659415
 20
571.7172478322863
 10
13.488507889579235
 20
572.1556572933064
 10
13.938872148619373
 20
572.5146226219856
 10
14.449531195739166
 20
572.7809145869587
 10
15.00166531175301
 20
572.9447193211643
 10
15.574926264166487
 20
573.0
 10
74.56547725526565
 20
573.0
 10
74.56547725526565
 20
582.0
 10
104.56547725526565
 20
582.0
 10
104.56547725526565
 20
573.0
 10
122.44045833487418
 20
573.0
 10
123.02572930092256
 20
572.9423558412097
 10
123.58850863196945
 20
572.7716385975339
 10
124.10716903393299
 20
572.4944088369076
 10
124.56177867843383
 20
572.1213203435597
 10
124.93486717178182
 20
571.6667106990587
 10
125.21209693240804
 20
571.1480502970953
 10
125.38281417608387
 20
570.5852709660484
 10
125.44045833487418
 20
570.0
 10
125.44045833487418
 20
325.0
 10
125.38281417608387
 20
324.41472903395163
 10
125.21209693240804
 20
323.85194970290473
 10
124.93486717178182
 20
323.3332893009412
 10
124.56177867843383
 20
322.87867965644034
 10
124.10716903393299
 20
322.5055911630924
 10
123.58850863196945
 20
322.22836140246613
 10
123.02572930092256
 20
322.0576441587903
 10
122.44045833487418
 20
322.0
 10
116.09670870351833
 20
322.0
 10
116.09670870351833
 20
304.0
 10
87.11784810267461
 20
304.0
 10
87.11784810267461
 20
322.0
 10
80.77409847131877
 20
322.0
 10
80.18882750527038
 20
322.0576441587903
 10
79.6260481742235
 20
322.22836140246613
 10
79.10738777225995
 20
322.5055911630924
 10
78.65277812775912
 20
322.87867965644034
 10
58.410137440639836
 20
343.12132034355966
 10
58.037048947291844
 20
343.57592998806047
 10
57.759819186665624
 20
344.094590390024
 10
57.58910194298979
 20
344.6573697210709
 10
57.53145778419948
 20
345.2426406871193
 10
57.53145778419948
 20
357.2121141063629
 10
57.460681063835814
 20
357.93637397556313
 10
57.29335997267432
 20
358.49252683303934
 10
57.02153496063972
 20
359.00576509277727
 10
56.655491250600406
 20
359.4566690190931
 10
56.096139981218364
 20
359.92216645165325
 10
55.658137949049525
 20
360.2196777400137
 10
55.55462214870067
 20
360.2932396985441
 10
54.81617853387609
 20
360.84189048723005
 10
52.92666298678589
 20
362.24573540588335
 10
52.8636909490201
 20
362.291680348456
 10
51.834701311807876
 20
363.02886859307
 10
51.74987154324331
 20
363.0919330736341
 10
50.78027113300506
 20
363.83963580527654
 10
50.74579377496882
 20
363.86595883934535
 10
50.01142852381923
 20
364.4210554227323
 10
49.97669888983343
 20
364.4470450001015
 10
49.05794288738181
 20
365.127703715758
 10
48.955435203501445
 20
365.2034500867326
 10
48.645198582416334
 20
365.4320719382721
 10
48.50656693907062
 20
365.54065320928356
 10
47.87117549065488
 20
366.0691237542627
 10
47.84733044376351
 20
366.0889397870923
 10
47.41693667339174
 20
366.52865358126087
 10
46.311273598781426
 20
367.91864594666004
 10
46.24550279319889
 20
368.0044599044807
 10
43.615322532923805
 20
371.56735297060095
 10
43.59090543878922
 20
371.60011647430963
 10
43.14475496868366
 20
372.19313462014185
 10
43.07067369931762
 20
372.2960609028394
 10
41.001759991500656
 20
375.30259245049456
 10
40.99113103800718
 20
375.318142682401
 10
37.55454018829421
 20
380.3799350825773
 10
37.48529311146678
 20
380.48673722172055
 10
35.143674527230075
 20
384.27185906723787
 10
35.07172046068639
 20
384.3945809124099
 10
35.060033541698424
 20
384.4156427661179
 10
35.04229659370507
 20
384.4480772521499
 10
33.228353027994196
 20
387.8142288614822
 10
33.172956926080275
 20
387.9222019659607
 10
32.96448597169216
 20
388.3496047793376
 10
32.94822994819882
 20
388.3834689860383
 10
32.08333885374753
 20
390.2144875066026
 10
32.051292756640436
 20
390.2846525988622
 10
31.836980078969276
 20
390.770318699236
 10
31.790831939523162
 20
390.88081745784905
 10
30.91147236041204
 20
393.11051587351176
 10
30.897086819656337
 20
393.1477143623196
 10
30.04310113419876
 20
395.40036913535573
 10
30.006823371970835
 20
395.50148948625514
 10
28.80179595004152
 20
399.0595602577586
 10
28.78071538179312
 20
399.12420689201315
 10
28.454381158028607
 20
400.16482453164997
 10
28.427922890774465
 20
400.2540156967874
 10
28.352598427020837
 20
400.5231738892136
 10
28.333982928444676
 20
400.5895218195825
 10
26.61932526278641
 20
406.6841576127441
 10
26.600353483307238
 20
406.7548921280121
 10
25.7295690451058
 20
410.16747166164214
 10
25.728314664928984
 20
410.1724050086258
 10
24.890529281331077
 20
413.47907178393336
 10
24.87583429932721
 20
413.5397136776869
 10
24.0293393289436
 20
417.1987949237079
 10
23.25489990004723
 20
420.5333221055415
 10
23.239720416077077
 20
420.60236223211734
 10
22.77398796040231
 20
422.8463729230076
 10
22.76198926169294
 20
422.9040198829868
 10
21.71294051575086
 20
427.9288460656462
 10
21.700845324918156
 20
427.98994434533904
 10
20.60058246780715
 20
433.8675129143675
 10
20.59895851220422
 20
433.8762597206088
 10
20.290340716288
 20
435.5523526253958
 10
20.27661244884745
 20
435.63308218460054
 10
20.14601998611662
 20
436.4699933597809
 10
20.141957880483197
 20
436.49554322336263
 10
20.054190821182708
 20
437.03752933439785
 10
20.04998178834273
 20
437.06305605018247
 10
18.81114567476302
 20
444.44404279103975
 10
18.801659365494118
 20
444.5043100022295
 10
17.625235025825454
 20
452.50718948745
 10
17.624021185546752
 20
452.5155282707887
 10
17.536438390657366
 20
453.12318628000344
 10
17.53067348393612
 20
453.165294065476
 10
17.4512528738024
 20
453.77763992576183
 10
17.44114784472945
 20
453.8553592028547
 10
16.36714421750249
 20
462.0637248086505
 10
16.362455445043533
 20
462.1014129931431
 10
15.403730857446272
 20
470.2271077451469
 10
15.402867239050092
 20
470.2345062849219
 10
15.376736173981891
 20
470.4608080013128
 10
15.372492092881766
 20
470.49979780918324
 10
15.346154939160048
 20
470.75739538725816
 10
15.32926293702657
 20
470.921478928575
 10
14.490351604844463
 20
478.93648180916193
 10
14.486436393254799
 20
478.9764730287544
 10
13.747827303990464
 20
487.08016178128804
 10
13.743306019221832
 20
487.1354093722824
 10
13.145057249552893
 20
495.38224595308543
 10
13.141638976050363
 20
495.43606605496603
 10
12.661551501317659
 20
504.2460794015675
 10
12.660823054854074
 20
504.260046140109
 10
12.646515017051069
 20
504.54724779334657
 10
12.644809831082574
 20
504.58669848885427
 10
12.3003959532447
 20
513.9888477043463
 10
12.2989915314797
 20
514.0383549300834
 10
12.08201506941111
 20
524.8286396093215
 10
12.077086839504272
 20
525.0503609419716
 10
12.073687352341123
 20
525.1896543768553
 10
12.073041855204325
 20
525.2243113027931
 10
12.07210537400183
 20
525.297207891201
 10
12.07191585485229
 20
525.3170890293493
 10
12.0
 20
536.8814988089833
 10
12.000000855582947
 20
536.9189475004525
 10
12.07681963732376
 20
549.1816642542615
 10
12.07725166657363
 20
549.2171402418217
 10
12.24906054541606
 20
558.7132339395433
 10
12.249155522400129
 20
558.718251407465
 10
12.31657920440401
 20
562.1293498757286
 10
12.317591344794456
 20
562.1679691128888
 10
12.576524273454948
 20
570.0979055774565
 10
12.65048398747105
 20
570.6690570754998
 10
12.832220471001627
 20
571.2155512873342
  0
TEXT
  5
95
330
17
100
AcDbEntity
  8
TEXT
100
AcDbText
 10
72.43551103321353
 20
440.7535494206111
 30
0.0
 40
10.0
  1
РН3
 72
1
 11
72.43551103321353
 21
440.7535494206111
 31
0.0
100
AcDbText
 73
2
  0
LWPOLYLINE
  5
96
330
17
100
AcDbEntity
  8
CUT_OUT
100
AcDbPolyline
 90
184
 70
1
 10
12.277316002848423
 20
863.165078810973
 10
12.55600790045396
 20
863.6794761628382
 10
12.929237034198707
 20
864.1300023253651
 10
13.382809342151024
 20
864.4995235979002
 10
13.899475277457597
 20
864.7739869300427
 10
14.459585815911417
 20
864.9429543651005
 10
15.04183971665915
 20
865.0
 10
54.12515145169262
 20
865.0
 10
54.12515145169262
 20
874.0
 10
84.12515145169263
 20
874.0
 10
84.12515145169263
 20
865.0
 10
121.37639351700597
 20
865.0
 10
121.96166448305435
 20
864.9423558412097
 10
122.52444381410123
 20
864.7716385975339
 10
123.04310421606478
 20
864.4944088369076
 10
123.49771386056561
 20
864.1213203435597
 10
123.8708023539136
 20
863.6667106990587
 10
124.14803211453983
 20
863.1480502970953
 10
124.31874935821565
 20
862.5852709660484
 10
124.37639351700597
 20
862.0
 10
124.37639351700597
 20
617.0
 10
124.31874935821565
 20
616.4147290339516
 10
124.14803211453983
 20
615.8519497029047
 10
123.8708023539136
 20
615.3332893009411
 10
123.49771386056561
 20
614.8786796564403
 10
123.04310421606478
 20
614.5055911630924
 10
122.52444381410123
 20
614.2283614024661
 10
121.96166448305435
 20
614.0576441587903
 10
121.37639351700597
 20
614.0
 10
115.03264388565012
 20
614.0
 10
115.03264388565012
 20
596.0
 10
94.30792478705652
 20
596.0
 10
94.30792478705652
 20
614.0
 10
87.96417515570066
 20
614.0
 10
87.37890418965227
 20
614.0576441587903
 10
86.81612485860539
 20
614.2283614024661
 10
86.29746445664185
 20
614.5055911630924
 10
85.84285481214101
 20
614.8786796564403
 10
65.60021412502172
 20
635.1213203435597
 10
65.22712563167374
 20
635.5759299880605
 10
64.94989587104752
 20
636.094590390024
 10
64.77917862737169
 20
636.657369721071
 10
64.72153446858138
 20
637.2426406871193
 10
64.72153446858138
 20
649.2850332595932
 10
64.63773054050105
 20
650.0722636448754
 10
64.44016775008194
 20
650.6721145178947
 10
64.1207504186563
 20
651.2169307203018
 10
63.693795465161045
 20
651.6822925082755
 10
63.04776964452579
 20
652.1399008746171
 10
63.006094963787426
 20
652.1632256056353
 10
62.860295496634436
 20
652.2503369296745
 10
62.599740590433264
 20
652.416196250214
 10
62.43763523547039
 20
652.5189616808009
 10
61.39043329527554
 20
653.1799442324741
 10
61.23565510150196
 20
653.2845152992145
 10
61.1775750902874
 20
653.3264466650454
 10
61.16702305513851
 20
653.3340997262052
 10
60.18182983111184
 20
654.0519009424298
 10
60.04138525385308
 20
654.1607374834405
 10
59.99091745982248
 20
654.2022964584703
 10
58.625724009222445
 20
655.3248981072361
 10
58.5032128010173
 20
655.431321893978
 10
58.42582130514232
 20
655.5023133352676
 10
58.41695556140907
 20
655.5104787639068
 10
57.10760320514213
 20
656.7212743530393
 10
56.999018114420714
 20
656.8268950492876
 10
55.85544435503661
 20
657.9968707345502
 10
55.83495210418997
 20
658.018043107098
 10
55.76670570806466
 20
658.0892510048193
 10
55.669274214177705
 20
658.1959386775284
 10
53.869850251399896
 20
660.2642068543457
 10
53.78486362467287
 20
660.3663755099285
 10
52.90382252550787
 20
661.4745742432892
 10
51.97550103882994
 20
662.6444864891794
 10
51.89960421990652
 20
662.744353982293
 10
50.034663418942316
 20
665.3078328969607
 10
49.96550439756069
 20
665.4070396632657
 10
49.26515875537577
 20
666.4561235120683
 10
49.25964203127157
 20
666.4644170805354
 10
48.12161912117101
 20
668.1814386422616
 10
48.05574089556991
 20
668.285404217586
 10
46.77721761341804
 20
670.3977324291905
 10
46.765208809261374
 20
670.4174584672713
 10
46.50927768176993
 20
670.8354404031819
 10
46.49716756348152
 20
670.8551049364083
 10
45.910553695494876
 20
671.8022028766951
 10
45.84682025950398
 20
671.9100700897438
 10
43.914251054393645
 20
675.3425943131365
 10
43.87534016959968
 20
675.413949767746
 10
41.83177084514475
 20
679.2853438006359
 10
41.771180198136236
 20
679.4066969020517
 10
41.57187681179634
 20
679.8295247366349
 10
41.55625137618635
 20
679.8623303760878
 10
41.22182770660922
 20
680.5572129158251
 10
41.205937329843664
 20
680.589892425519
 10
39.917021035221836
 20
683.2136352806069
 10
39.77148675315885
 20
683.5075247614775
 10
39.7440539551781
 20
683.5625233380803
 10
39.68147192817922
 20
683.6961174113165
 10
38.92480568493901
 20
685.4205225792605
 10
38.348257964262544
 20
686.7363496817927
 10
38.30017736731449
 20
686.8526598677028
 10
37.08331435538586
 20
689.9806189016089
 10
37.04859300762408
 20
690.0744740451726
 10
35.7354791413031
 20
693.8144892199664
 10
35.7177170057546
 20
693.8666045676142
 10
35.388874538579635
 20
694.8612506237404
 10
35.38079625189638
 20
694.8860460093423
 10
34.678880460000464
 20
697.0727197359425
 10
34.67711618936484
 20
697.0782342369153
 10
34.233244740197435
 20
698.4702500566946
 10
34.2314410013071
 20
698.4759261841054
 10
33.50179706339004
 20
700.7799403538463
 10
33.492124045408545
 20
700.8110717526631
 10
32.869353470742375
 20
702.8544971074967
 10
32.86670893237441
 20
702.8632218430558
 10
31.54902362004764
 20
707.2343811421031
 10
31.537088468226386
 20
707.2750090640952
 10
31.187001195521994
 20
708.4985925005124
 10
31.183336930135944
 20
708.5115086185082
 10
30.88191325494429
 20
709.5831194766706
 10
30.879065489630737
 20
709.5933126973282
 10
28.51211178174175
 20
718.1235612649684
 10
28.495303392828383
 20
718.1868063491916
 10
26.107565343803692
 20
727.5828412848487
 10
26.080961766997316
 20
727.6967958452747
 10
25.95034403428058
 20
728.3100793298667
 10
25.935611932376148
 20
728.3767625616206
 10
25.61224085188556
 20
729.789488951692
 10
25.596498372728536
 20
729.8559414326869
 10
24.57882881257779
 20
734.0109360997658
 10
24.570152118645115
 20
734.0473431146163
 10
23.796132802806444
 20
737.387342328751
 10
23.779335915468543
 20
737.4644170582997
 10
22.344793031979318
 20
744.4897282632045
 10
22.2741231488344
 20
744.8299563564575
 10
21.892852402793658
 20
746.6332886769778
 10
21.880356968230316
 20
746.6956485899818
 10
21.5243770780219
 20
748.5754270750847
 10
21.521699122754924
 20
748.589758620756
 10
20.252018521348642
 20
755.4773292048798
 10
20.244408581210728
 20
755.5203665063011
 10
19.153340971019603
 20
761.9642045583068
 10
19.140028889456833
 20
762.0424798645072
 10
18.734465695399397
 20
764.4154842299018
 10
18.72675732799469
 20
764.4628668558704
 10
18.36210707128659
 20
766.8233506371703
 10
17.407770401993268
 20
773.0218251474114
 10
17.401434918085563
 20
773.0650664138308
 10
16.547733086469975
 20
779.2031710998352
 10
16.540365264749564
 20
779.2559633236198
 10
16.22763527257944
 20
781.4878180544572
 10
16.220597489208814
 20
781.5415747996892
 10
15.942792322341333
 20
783.8235525006294
 10
15.942085996477783
 20
783.8294023642153
 10
15.21963812187593
 20
789.8625704480339
 10
15.212729032870676
 20
789.9259696015134
 10
14.583265399209928
 20
796.3337583502545
 10
14.571724569321212
 20
796.4498887249449
 10
14.329287184496177
 20
798.8600543296905
 10
14.323671926220882
 20
798.9224040023931
 10
14.117861938906994
 20
801.5095246099594
 10
14.117216251642814
 20
801.5177854779918
 10
13.585204631243581
 20
808.4474691497403
 10
13.581289870734196
 20
808.505937054872
 10
13.134672076174049
 20
816.3205791450195
 10
13.125682721759418
 20
816.4740265571977
 10
12.936151380952746
 20
819.6241074704299
 10
12.933584691609017
 20
819.6735760717224
 10
12.785677343151644
 20
823.065137324704
 10
12.785246270700197
 20
823.075427736431
 10
12.449297360437198
 20
831.4383516590848
 10
12.447772889646004
 20
831.485567328696
 10
12.232626862448827
 20
840.3002951701262
 10
12.227958754550937
 20
840.4791004437982
 10
12.123895419180032
 20
844.2027905962614
 10
12.122957413752909
 20
844.2492235523994
 10
12.07575473012572
 20
848.037955910325
 10
12.075632405710042
 20
848.0495832050957
 10
12.000009561471472
 20
856.8610875264753
 10
12.0
 20
856.9114400383464
 10
12.041940632516885
 20
862.0246066040406
 10
12.103760112208937
 20
862.6063730187877
 10
12.277316002848423
 20
863.165078810973
  0
TEXT
  5
97
330
17
100
AcDbEntity
  8
TEXT
100
AcDbText
 10
74.27976798886587
 20
735.7173427216836
 30
0.0
 40
10.0
  1
РН4
 72
1
 11
74.27976798886587
 21
735.7173427216836
 31
0.0
100
AcDbText
 73
2
  0
LWPOLYLINE
  5
98
330
17
100
AcDbEntity
  8
CUT_OUT
100
AcDbPolyline
 90
184
 70
1
 10
12.277316002848423
 20
1155.165078810973
 10
12.55600790045396
 20
1155.6794761628382
 10
12.929237034198707
 20
1156.1300023253652
 10
13.382809342151024
 20
1156.4995235979002
 10
13.899475277457597
 20
1156.7739869300426
 10
14.459585815911417
 20
1156.9429543651004
 10
15.04183971665915
 20
1157.0
 10
54.12515145169262
 20
1157.0
 10
54.12515145169262
 20
1166.0
 10
84.12515145169263
 20
1166.0
 10
84.12515145169263
 20
1157.0
 10
121.37639351700597
 20
1157.0
 10
121.96166448305435
 20
1156.9423558412097
 10
122.52444381410123
 20
1156.7716385975339
 10
123.04310421606478
 20
1156.4944088369075
 10
123.49771386056561
 20
1156.1213203435595
 10
123.8708023539136
 20
1155.6667106990587
 10
124.14803211453983
 20
1155.1480502970953
 10
124.31874935821565
 20
1154.5852709660485
 10
124.37639351700597
 20
1154.0
 10
124.37639351700597
 20
909.0
 10
124.31874935821565
 20
908.4147290339516
 10
124.14803211453983
 20
907.8519497029047
 10
123.8708023539136
 20
907.3332893009411
 10
123.49771386056561
 20
906.8786796564403
 10
123.04310421606478
 20
906.5055911630924
 10
122.52444381410123
 20
906.2283614024661
 10
121.96166448305435
 20
906.0576441587903
 10
121.37639351700597
 20
906.0
 10
115.03264388565012
 20
906.0
 10
115.03264388565012
 20
888.0
 10
94.30792478705652
 20
888.0
 10
94.30792478705652
 20
906.0
 10
87.96417515570066
 20
906.0
 10
87.37890418965227
 20
906.0576441587903
 10
86.81612485860539
 20
906.2283614024661
 10
86.29746445664185
 20
906.5055911630924
 10
85.84285481214101
 20
906.8786796564403
 10
65.60021412502172
 20
927.1213203435597
 10
65.22712563167374
 20
927.5759299880605
 10
64.94989587104752
 20
928.094590390024
 10
64.77917862737169
 20
928.657369721071
 10
64.72153446858138
 20
929.2426406871193
 10
64.72153446858138
 20
941.2850332595932
 10
64.63773054050105
 20
942.0722636448754
 10
64.44016775008194
 20
942.6721145178947
 10
64.1207504186563
 20
943.2169307203018
 10
63.693795465161045
 20
943.6822925082755
 10
63.04776964452579
 20
944.1399008746171
 10
63.006094963787426
 20
944.1632256056353
 10
62.860295496634436
 20
944.2503369296745
 10
62.599740590433264
 20
944.416196250214
 10
62.43763523547039
 20
944.5189616808009
 10
61.39043329527554
 20
945.1799442324741
 10
61.23565510150196
 20
945.2845152992145
 10
61.1775750902874
 20
945.3264466650454
 10
61.16702305513851
 20
945.3340997262052
 10
60.18182983111184
 20
946.0519009424298
 10
60.04138525385308
 20
946.1607374834405
 10
59.99091745982248
 20
946.2022964584703
 10
58.625724009222445
 20
947.3248981072361
 10
58.5032128010173
 20
947.431321893978
 10
58.42582130514232
 20
947.5023133352676
 10
58.41695556140907
 20
947.5104787639068
 10
57.10760320514213
 20
948.7212743530393
 10
56.999018114420714
 20
948.8268950492876
 10
55.85544435503661
 20
949.9968707345502
 10
55.83495210418997
 20
950.018043107098
 10
55.76670570806466
 20
950.0892510048193
 10
55.669274214177705
 20
950.1959386775284
 10
53.869850251399896
 20
952.2642068543457
 10
53.78486362467287
 20
952.3663755099285
 10
52.90382252550787
 20
953.4745742432892
 10
51.97550103882994
 20
954.6444864891794
 10
51.89960421990652
 20
954.744353982293
 10
50.034663418942316
 20
957.3078328969607
 10
49.96550439756069
 20
957.4070396632657
 10
49.26515875537577
 20
958.4561235120683
 10
49.25964203127157
 20
958.4644170805354
 10
48.12161912117101
 20
960.1814386422616
 10
48.05574089556991
 20
960.285404217586
 10
46.77721761341804
 20
962.3977324291905
 10
46.765208809261374
 20
962.4174584672713
 10
46.50927768176993
 20
962.8354404031819
 10
46.49716756348152
 20
962.8551049364083
 10
45.910553695494876
 20
963.8022028766951
 10
45.84682025950398
 20
963.9100700897438
 10
43.914251054393645
 20
967.3425943131365
 10
43.87534016959968
 20
967.413949767746
 10
41.83177084514475
 20
971.2853438006359
 10
41.771180198136236
 20
971.4066969020517
 10
41.57187681179634
 20
971.8295247366349
 10
41.55625137618635
 20
971.8623303760878
 10
41.22182770660922
 20
972.5572129158251
 10
41.205937329843664
 20
972.589892425519
 10
39.917021035221836
 20
975.2136352806069
 10
39.77148675315885
 20
975.5075247614775
 10
39.7440539551781
 20
975.5625233380803
 10
39.68147192817922
 20
975.6961174113165
 10
38.92480568493901
 20
977.4205225792605
 10
38.348257964262544
 20
978.7363496817927
 10
38.30017736731449
 20
978.8526598677028
 10
37.08331435538586
 20
981.9806189016089
 10
37.04859300762408
 20
982.0744740451726
 10
35.7354791413031
 20
985.8144892199664
 10
35.7177170057546
 20
985.8666045676142
 10
35.388874538579635
 20
986.8612506237404
 10
35.38079625189638
 20
986.8860460093423
 10
34.678880460000464
 20
989.0727197359425
 10
34.67711618936484
 20
989.0782342369153
 10
34.233244740197435
 20
990.4702500566946
 10
34.2314410013071
 20
990.4759261841054
 10
33.50179706339004
 20
992.7799403538463
 10
33.492124045408545
 20
992.8110717526631
 10
32.869353470742375
 20
994.8544971074967
 10
32.86670893237441
 20
994.8632218430558
 10
31.54902362004764
 20
999.2343811421031
 10
31.537088468226386
 20
999.2750090640952
 10
31.187001195521994
 20
1000.4985925005124
 10
31.183336930135944
 20
1000.5115086185082
 10
30.88191325494429
 20
1001.5831194766706
 10
30.879065489630737
 20
1001.5933126973282
 10
28.51211178174175
 20
1010.1235612649684
 10
28.495303392828383
 20
1010.1868063491916
 10
26.107565343803692
 20
1019.5828412848487
 10
26.080961766997316
 20
1019.6967958452747
 10
25.95034403428058
 20
1020.3100793298667
 10
25.935611932376148
 20
1020.3767625616206
 10
25.61224085188556
 20
1021.789488951692
 10
25.596498372728536
 20
1021.8559414326869
 10
24.57882881257779
 20
1026.0109360997658
 10
24.570152118645115
 20
1026.0473431146163
 10
23.796132802806444
 20
1029.387342328751
 10
23.779335915468543
 20
1029.4644170582997
 10
22.344793031979318
 20
1036.4897282632046
 10
22.2741231488344
 20
1036.8299563564574
 10
21.892852402793658
 20
1038.6332886769778
 10
21.880356968230316
 20
1038.6956485899818
 10
21.5243770780219
 20
1040.5754270750847
 10
21.521699122754924
 20
1040.5897586207561
 10
20.252018521348642
 20
1047.4773292048797
 10
20.244408581210728
 20
1047.5203665063011
 10
19.153340971019603
 20
1053.9642045583068
 10
19.140028889456833
 20
1054.0424798645072
 10
18.734465695399397
 20
1056.4154842299017
 10
18.72675732799469
 20
1056.4628668558703
 10
18.36210707128659
 20
1058.8233506371703
 10
17.407770401993268
 20
1065.0218251474114
 10
17.401434918085563
 20
1065.0650664138307
 10
16.547733086469975
 20
1071.2031710998353
 10
16.540365264749564
 20
1071.2559633236199
 10
16.22763527257944
 20
1073.4878180544572
 10
16.220597489208814
 20
1073.5415747996892
 10
15.942792322341333
 20
1075.8235525006294
 10
15.942085996477783
 20
1075.8294023642154
 10
15.21963812187593
 20
1081.862570448034
 10
15.212729032870676
 20
1081.9259696015135
 10
14.583265399209928
 20
1088.3337583502546
 10
14.571724569321212
 20
1088.449888724945
 10
14.329287184496177
 20
1090.8600543296905
 10
14.323671926220882
 20
1090.9224040023933
 10
14.117861938906994
 20
1093.5095246099595
 10
14.117216251642814
 20
1093.5177854779918
 10
13.585204631243581
 20
1100.4474691497403
 10
13.581289870734196
 20
1100.505937054872
 10
13.134672076174049
 20
1108.3205791450196
 10
13.125682721759418
 20
1108.4740265571977
 10
12.936151380952746
 20
1111.6241074704299
 10
12.933584691609017
 20
1111.6735760717224
 10
12.785677343151644
 20
1115.065137324704
 10
12.785246270700197
 20
1115.075427736431
 10
12.449297360437198
 20
1123.4383516590847
 10
12.447772889646004
 20
1123.485567328696
 10
12.232626862448827
 20
1132.3002951701262
 10
12.227958754550937
 20
1132.4791004437982
 10
12.123895419180032
 20
1136.2027905962614
 10
12.122957413752909
 20
1136.2492235523994
 10
12.07575473012572
 20
1140.0379559103249
 10
12.075632405710042
 20
1140.0495832050956
 10
12.000009561471472
 20
1148.8610875264753
 10
12.0
 20
1148.9114400383464
 10
12.041940632516885
 20
1154.0246066040406
 10
12.103760112208937
 20
1154.6063730187877
 10
12.277316002848423
 20
1155.165078810973
  0
TEXT
  5
99
330
17
100
AcDbEntity
  8
TEXT
100
AcDbText
 10
74.27976798886587
 20
1027.7173427216835
 30
0.0
 40
10.0
  1
РН4
 72
1
 11
74.27976798886587
 21
1027.7173427216835
 31
0.0
100
AcDbText
 73
2
  0
LWPOLYLINE
  5
9A
330
17
100
AcDbEntity
  8
CUT_OUT
100
AcDbPolyline
 90
203
 70
1
 10
12.215403276721343
 20
1447.1170795986056
 10
12.489882969618433
 20
1447.6434647206045
 10
12.862640400073264
 20
1448.1054953435241
 10
13.319079198955247
 20
1448.485079354449
 10
13.841326216999795
 20
1448.7673530702255
 10
14.408931398406743
 20
1448.941263266921
 10
14.999668560486347
 20
1449.0
 10
73.0769037000297
 20
1449.0
 10
73.0769037000297
 20
1458.0
 10
103.0769037000297
 20
1458.0
 10
103.0769037000297
 20
1449.0
 10
120.95189301782457
 20
1449.0
 10
121.53716398387296
 20
1448.9423558412097
 10
122.09994331491984
 20
1448.7716385975339
 10
122.61860371688338
 20
1448.4944088369075
 10
123.07321336138422
 20
1448.1213203435595
 10
123.44630185473221
 20
1447.6667106990587
 10
123.72353161535844
 20
1447.1480502970953
 10
123.89424885903426
 20
1446.5852709660485
 10
123.95189301782457
 20
1446.0
 10
123.95189301782457
 20
1201.0
 10
123.89424885903426
 20
1200.4147290339515
 10
123.72353161535844
 20
1199.8519497029047
 10
123.44630185473221
 20
1199.3332893009413
 10
123.07321336138422
 20
1198.8786796564405
 10
122.61860371688338
 20
1198.5055911630923
 10
122.09994331491984
 20
1198.2283614024661
 10
121.53716398387296
 20
1198.0576441587903
 10
120.95189301782457
 20
1198.0
 10
114.60814338646873
 20
1198.0
 10
114.60814338646873
 20
1180.0
 10
100.11220443993483
 20
1180.0
 10
100.11220443993483
 20
1198.0
 10
93.76845480857898
 20
1198.0
 10
93.1831838425306
 20
1198.0576441587903
 10
92.62040451148371
 20
1198.2283614024661
 10
92.10174410952017
 20
1198.5055911630923
 10
91.64713446501933
 20
1198.8786796564405
 10
71.40449377790004
 20
1219.1213203435595
 10
71.03140528455205
 20
1219.5759299880606
 10
70.75417552392582
 20
1220.094590390024
 10
70.58345828025
 20
1220.6573697210708
 10
70.52581412145969
 20
1221.2426406871193
 10
70.52581412145969
 20
1233.4774685190641
 10
70.4505302131214
 20
1234.2241485319023
 10
70.27272643641159
 20
1234.7959896763698
 10
69.98435007743382
 20
1235.3208282735602
 10
69.59700926743544
 20
1235.777537781265
 10
69.12629579409256
 20
1236.147734085314
 10
68.45566768636232
 20
1236.4845673520035
 10
68.28578386844488
 20
1236.5494784444484
 10
68.20003736573821
 20
1236.5837629520097
 10
68.13358639468112
 20
1236.6115261653351
 10
68.11209517459723
 20
1236.6204399774845
 10
67.39010968369732
 20
1236.9177091418212
 10
66.97751536935576
 20
1237.0855072832799
 10
65.12601885663722
 20
1237.8286856341572
 10
64.99472449656717
 20
1237.8850527656116
 10
64.78399509546368
 20
1237.981529163368
 10
64.50331086063579
 20
1238.1090169726763
 10
63.154267561419786
 20
1238.7166334580634
 10
63.030188572096776
 20
1238.7759772416405
 10
61.45003205481545
 20
1239.5767389697016
 10
61.42323484800336
 20
1239.5904882433763
 10
61.113530132443536
 20
1239.7513624367457
 10
60.979796620121924
 20
1239.8252127009387
 10
60.47696181124584
 20
1240.1198389506808
 10
60.439965235684255
 20
1240.1418745689416
 10
60.16549131761244
 20
1240.3080348717763
 10
59.998069908398804
 20
1240.417169481233
 10
59.445505581994695
 20
1240.8041846509725
 10
59.22407117009489
 20
1240.9752057114088
 10
58.54542879007628
 20
1241.5518130476435
 10
58.37730043314195
 20
1241.7060476575218
 10
57.1784695277356
 20
1242.892860155387
 10
57.05965440512158
 20
1243.017434439818
 10
55.43625073647252
 20
1244.8203841261281
 10
55.36563488848108
 20
1244.9016989586833
 10
53.30481208798455
 20
1247.36262643783
 10
53.21482042237995
 20
1247.4754994197338
 10
53.15278000547762
 20
1247.557275809034
 10
53.10660747985016
 20
1247.6170863028865
 10
52.11604733168435
 20
1248.8781940941788
 10
52.06887290058864
 20
1248.937225940753
 10
50.44455335855265
 20
1250.9351910516455
 10
50.35561536366158
 20
1251.0501703714592
 10
50.33025316616824
 20
1251.084653694981
 10
50.29466327543462
 20
1251.1329827027143
 10
49.267237344916545
 20
1252.5263655052083
 10
49.24439204254658
 20
1252.5570737215103
 10
48.75678899009085
 20
1253.2067129825534
 10
48.73368276256182
 20
1253.237226521436
 10
48.0744387020082
 20
1254.1001586498137
 10
47.987373467366346
 20
1254.2201591478995
 10
47.48071308166173
 20
1254.956074254238
 10
46.33943880240699
 20
1256.6114169030286
 10
46.2707591470324
 20
1256.715604498062
 10
44.98418324306884
 20
1258.7585858181562
 10
44.97530248777821
 20
1258.7727753982176
 10
44.4140320166308
 20
1259.6751560957239
 10
44.33863030109737
 20
1259.803364020675
 10
43.747765037598754
 20
1260.867552417956
 10
43.737217237615
 20
1260.8867139836725
 10
42.89618262478922
 20
1262.4278441530396
 10
42.8706614250999
 20
1262.475630870641
 10
42.84905305020645
 20
1262.5169853868322
 10
42.80960451418122
 20
1262.5952470699108
 10
41.55753098146356
 20
1265.172202863922
 10
41.14696072156694
 20
1266.016271979523
 10
41.09135904316249
 20
1266.137343616528
 10
40.82387625469663
 20
1266.7556249455988
 10
40.81146253692468
 20
1266.7847395071592
 10
39.66862683146495
 20
1269.5047749939047
 10
39.626828775856964
 20
1269.6097507840598
 10
38.76830313328647
 20
1271.8899728294175
 10
37.95430198123901
 20
1274.0461647883753
 10
37.920188538999824
 20
1274.141352014206
 10
36.253521383903205
 20
1279.0508665577554
 10
36.22998112973213
 20
1279.1232100284635
 10
35.946290367797104
 20
1280.034139060984
 10
35.94417807652505
 20
1280.0409501169174
 10
34.59773354516133
 20
1284.4008520479113
 10
34.58165209595215
 20
1284.4547095869696
 10
33.34104433602415
 20
1288.7561430063133
 10
33.29522860536949
 20
1288.9141104172256
 10
32.92048280594912
 20
1290.1980977274661
 10
32.90895603477921
 20
1290.2386490258968
 10
32.52893874110452
 20
1291.6121763626033
 10
32.527017222278594
 20
1291.619154204522
 10
31.372389468195735
 20
1295.8319392164667
 10
31.36566374031995
 20
1295.8569001374785
 10
30.179425987074065
 20
1300.3360700629737
 10
30.166088751293113
 20
1300.3863325932027
 10
29.813698158711965
 20
1301.7114903112063
 10
29.80701429897751
 20
1301.737078428437
 10
29.632672294202692
 20
1302.4167574867604
 10
29.631352513523918
 20
1302.4219217610812
 10
28.57510957377584
 20
1306.570337430439
 10
28.574139493952003
 20
1306.5741579337162
 10
28.21291022155248
 20
1308.0007295983987
 10
28.20565165728397
 20
1308.0300132374557
 10
27.16192442924594
 20
1312.3333276810295
 10
27.14315253268677
 20
1312.410475423097
 10
26.406848084036117
 20
1315.4257850960976
 10
26.398893826927647
 20
1315.4591876748652
 10
24.594791803955808
 20
1323.2323445464995
 10
24.592532608793753
 20
1323.2421532056608
 10
24.231044111153942
 20
1324.8237395524234
 10
24.16885174458688
 20
1325.0925397076674
 10
24.09404783766059
 20
1325.4118189971016
 10
24.080462245418385
 20
1325.472643132463
 10
24.070345369593575
 20
1325.5202569167188
 10
24.06562715185624
 20
1325.5428912861664
 10
22.453399467621235
 20
1333.429115081554
 10
22.443703976791653
 20
1333.4786615865467
 10
21.96078342938231
 20
1336.0616474594253
 10
21.08703252773138
 20
1340.7551625111414
 10
21.084943134704286
 20
1340.7665072661812
 10
21.068068155039757
 20
1340.8591325314405
 10
21.06033666946533
 20
1340.9034520345047
 10
20.994175935290585
 20
1341.3002599725507
 10
20.97099593091503
 20
1341.438762013243
 10
19.714815724445977
 20
1348.8783163687385
 10
19.707945797560164
 20
1348.920861791554
 10
19.0450790674008
 20
1353.222088767719
 10
19.042874528973073
 20
1353.236630336911
 10
18.413027518068606
 20
1357.46107507613
 10
18.406754606646118
 20
1357.5054145432991
 10
17.76259603595577
 20
1362.3172504491865
 10
17.745054557427302
 20
1362.4470896557498
 10
17.16366903952108
 20
1366.7071700613378
 10
17.157928239832106
 20
1366.751722742672
 10
16.651105295393926
 20
1370.931699957948
 10
16.649770493938675
 20
1370.9428842843133
 10
16.146493156216106
 20
1375.2282066337557
 10
16.140788018470936
 20
1375.280780982408
 10
15.746106733022593
 20
1379.2431990543464
 10
15.721376638769502
 20
1379.4859070882574
 10
15.215433553132513
 20
1384.3309474519044
 10
15.210409974970243
 20
1384.3835323467872
 10
14.709839456460374
 20
1390.160094092518
 10
14.708759778098102
 20
1390.1728709391286
 10
14.419437457654311
 20
1393.6861625221986
 10
14.415925068762576
 20
1393.7333634012443
 10
14.206557117650604
 20
1396.882426351107
 10
14.190363192698491
 20
1397.1182012603797
 10
13.651666699098019
 20
1404.69219057465
 10
13.648992052521285
 20
1404.7338992433688
 10
13.097084480672194
 20
1414.3935321648314
 10
13.096532711946143
 20
1414.4034793597725
 10
12.99933479999118
 20
1416.2099839565578
 10
12.997530653486628
 20
1416.2480116111326
 10
12.938202903255501
 20
1417.692020535676
 10
12.930952610979372
 20
1417.8622476914934
 10
12.453495709440285
 20
1428.6287536705831
 10
12.451966582263704
 20
1428.669485124236
 10
12.086580807952194
 20
1440.5556891658357
 10
12.08642269087769
 20
1440.5609850724197
 10
12.074240901354404
 20
1440.981443154641
 10
12.07331401037198
 20
1441.0237317751614
 10
12.0
 20
1445.955407094401
 10
12.049949348353547
 20
1446.546952072466
 10
12.215403276721343
 20
1447.1170795986056
  0
TEXT
  5
9B
330
17
100
AcDbEntity
  8
TEXT
100
AcDbText
 10
74.72436791663316
 20
1319.3457661106822
 30
0.0
 40
10.0
  1
РН2
 72
1
 11
74.72436791663316
 21
1319.3457661106822
 31
0.0
100
AcDbText
 73
2
  0
LWPOLYLINE
  5
9C
330
17
100
AcDbEntity
  8
CUT_OUT
100
AcDbPolyline
 90
203
 70
1
 10
138.1672962945459
 20
1447.1170795986056
 10
138.441775987443
 20
1447.6434647206045
 10
138.81453341789785
 20
1448.1054953435241
 10
139.27097221677982
 20
1448.485079354449
 10
139.79321923482436
 20
1448.7673530702255
 10
140.3608244162313
 20
1448.941263266921
 10
140.95156157831093
 20
1449.0
 10
199.02879671785428
 20
1449.0
 10
199.02879671785428
 20
1458.0
 10
229.02879671785428
 20
1458.0
 10
229.02879671785428
 20
1449.0
 10
246.90378603564915
 20
1449.0
 10
247.48905700169752
 20
1448.9423558412097
 10
248.05183633274441
 20
1448.7716385975339
 10
248.57049673470794
 20
1448.4944088369075
 10
249.0251063792088
 20
1448.1213203435595
 10
249.3981948725568
 20
1447.6667106990587
 10
249.675424633183
 20
1447.1480502970953
 10
249.84614187685884
 20
1446.5852709660485
 10
249.90378603564915
 20
1446.0
 10
249.90378603564915
 20
1201.0
 10
249.84614187685884
 20
1200.4147290339515
 10
249.675424633183
 20
1199.8519497029047
 10
249.3981948725568
 20
1199.3332893009413
 10
249.0251063792088
 20
1198.8786796564405
 10
248.57049673470794
 20
1198.5055911630923
 10
248.05183633274441
 20
1198.2283614024661
 10
247.48905700169752
 20
1198.0576441587903
 10
246.90378603564915
 20
1198.0
 10
240.5600364042933
 20
1198.0
 10
240.5600364042933
 20
1180.0
 10
226.0640974577594
 20
1180.0
 10
226.0640974577594
 20
1198.0
 10
219.72034782640355
 20
1198.0
 10
219.13507686035518
 20
1198.0576441587903
 10
218.5722975293083
 20
1198.2283614024661
 10
218.05363712734476
 20
1198.5055911630923
 10
217.5990274828439
 20
1198.8786796564405
 10
197.35638679572463
 20
1219.1213203435595
 10
196.98329830237662
 20
1219.5759299880606
 10
196.7060685417504
 20
1220.094590390024
 10
196.53535129807457
 20
1220.6573697210708
 10
196.47770713928426
 20
1221.2426406871193
 10
196.47770713928426
 20
1233.4774685190641
 10
196.40242323094597
 20
1234.2241485319023
 10
196.22461945423618
 20
1234.7959896763698
 10
195.9362430952584
 20
1235.3208282735602
 10
195.54890228526
 20
1235.777537781265
 10
195.07818881191713
 20
1236.147734085314
 10
194.4075607041869
 20
1236.4845673520035
 10
194.23767688626947
 20
1236.5494784444484
 10
194.15193038356279
 20
1236.5837629520097
 10
194.0854794125057
 20
1236.6115261653351
 10
194.0639881924218
 20
1236.6204399774845
 10
193.3420027015219
 20
1236.9177091418212
 10
192.92940838718033
 20
1237.0855072832799
 10
191.0779118744618
 20
1237.8286856341572
 10
190.94661751439173
 20
1237.8850527656116
 10
190.73588811328824
 20
1237.981529163368
 10
190.45520387846037
 20
1238.1090169726763
 10
189.10616057924437
 20
1238.7166334580634
 10
188.98208158992134
 20
1238.7759772416405
 10
187.40192507264004
 20
1239.5767389697016
 10
187.37512786582795
 20
1239.5904882433763
 10
187.06542315026812
 20
1239.7513624367457
 10
186.9316896379465
 20
1239.8252127009387
 10
186.42885482907042
 20
1240.1198389506808
 10
186.39185825350881
 20
1240.1418745689416
 10
186.117384335437
 20
1240.3080348717763
 10
185.94996292622338
 20
1240.417169481233
 10
185.39739859981927
 20
1240.8041846509725
 10
185.17596418791948
 20
1240.9752057114088
 10
184.49732180790085
 20
1241.5518130476435
 10
184.32919345096653
 20
1241.7060476575218
 10
183.13036254556016
 20
1242.892860155387
 10
183.01154742294614
 20
1243.017434439818
 10
181.3881437542971
 20
1244.8203841261281
 10
181.31752790630566
 20
1244.9016989586833
 10
179.25670510580912
 20
1247.36262643783
 10
179.16671344020452
 20
1247.4754994197338
 10
179.10467302330218
 20
1247.557275809034
 10
179.05850049767474
 20
1247.6170863028865
 10
178.06794034950892
 20
1248.8781940941788
 10
178.02076591841322
 20
1248.937225940753
 10
176.39644637637724
 20
1250.9351910516455
 10
176.30750838148614
 20
1251.0501703714592
 10
176.2821461839928
 20
1251.084653694981
 10
176.2465562932592
 20
1251.1329827027143
 10
175.2191303627411
 20
1252.5263655052083
 10
175.19628506037117
 20
1252.5570737215103
 10
174.70868200791543
 20
1253.2067129825534
 10
174.6855757803864
 20
1253.237226521436
 10
174.02633171983277
 20
1254.1001586498137
 10
173.93926648519093
 20
1254.2201591478995
 10
173.4326060994863
 20
1254.956074254238
 10
172.29133182023156
 20
1256.6114169030286
 10
172.22265216485698
 20
1256.715604498062
 10
170.9360762608934
 20
1258.7585858181562
 10
170.92719550560278
 20
1258.7727753982176
 10
170.36592503445536
 20
1259.6751560957239
 10
170.29052331892194
 20
1259.803364020675
 10
169.69965805542333
 20
1260.867552417956
 10
169.68911025543957
 20
1260.8867139836725
 10
168.8480756426138
 20
1262.4278441530396
 10
168.82255444292446
 20
1262.475630870641
 10
168.800946068031
 20
1262.5169853868322
 10
168.7614975320058
 20
1262.5952470699108
 10
167.50942399928815
 20
1265.172202863922
 10
167.09885373939153
 20
1266.016271979523
 10
167.04325206098707
 20
1266.137343616528
 10
166.77576927252122
 20
1266.7556249455988
 10
166.76335555474927
 20
1266.7847395071592
 10
165.6205198492895
 20
1269.5047749939047
 10
165.57872179368155
 20
1269.6097507840598
 10
164.72019615111105
 20
1271.8899728294175
 10
163.9061949990636
 20
1274.0461647883753
 10
163.87208155682438
 20
1274.141352014206
 10
162.20541440172778
 20
1279.0508665577554
 10
162.1818741475567
 20
1279.1232100284635
 10
161.89818338562168
 20
1280.034139060984
 10
161.89607109434962
 20
1280.0409501169174
 10
160.5496265629859
 20
1284.4008520479113
 10
160.53354511377674
 20
1284.4547095869696
 10
159.2929373538487
 20
1288.7561430063133
 10
159.24712162319406
 20
1288.9141104172256
 10
158.8723758237737
 20
1290.1980977274661
 10
158.86084905260378
 20
1290.2386490258968
 10
158.4808317589291
 20
1291.6121763626033
 10
158.47891024010318
 20
1291.619154204522
 10
157.3242824860203
 20
1295.8319392164667
 10
157.31755675814452
 20
1295.8569001374785
 10
156.13131900489864
 20
1300.3360700629737
 10
156.11798176911768
 20
1300.3863325932027
 10
155.76559117653653
 20
1301.7114903112063
 10
155.7589073168021
 20
1301.737078428437
 10
155.58456531202728
 20
1302.4167574867604
 10
155.5832455313485
 20
1302.4219217610812
 10
154.52700259160042
 20
1306.570337430439
 10
154.52603251177658
 20
1306.5741579337162
 10
154.16480323937705
 20
1308.0007295983987
 10
154.15754467510854
 20
1308.0300132374557
 10
153.11381744707052
 20
1312.3333276810295
 10
153.09504555051134
 20
1312.410475423097
 10
152.3587411018607
 20
1315.4257850960976
 10
152.35078684475224
 20
1315.4591876748652
 10
150.5466848217804
 20
1323.2323445464995
 10
150.54442562661833
 20
1323.2421532056608
 10
150.18293712897852
 20
1324.8237395524234
 10
150.12074476241145
 20
1325.0925397076674
 10
150.04594085548516
 20
1325.4118189971016
 10
150.03235526324295
 20
1325.472643132463
 10
150.02223838741816
 20
1325.5202569167188
 10
150.0175201696808
 20
1325.5428912861664
 10
148.4052924854458
 20
1333.429115081554
 10
148.39559699461623
 20
1333.4786615865467
 10
147.91267644720688
 20
1336.0616474594253
 10
147.03892554555597
 20
1340.7551625111414
 10
147.03683615252885
 20
1340.7665072661812
 10
147.01996117286433
 20
1340.8591325314405
 10
147.0122296872899
 20
1340.9034520345047
 10
146.94606895311514
 20
1341.3002599725507
 10
146.9228889487396
 20
1341.438762013243
 10
145.66670874227054
 20
1348.8783163687385
 10
145.65983881538475
 20
1348.920861791554
 10
144.99697208522537
 20
1353.222088767719
 10
144.99476754679765
 20
1353.236630336911
 10
144.3649205358932
 20
1357.46107507613
 10
144.35864762447068
 20
1357.5054145432991
 10
143.71448905378034
 20
1362.3172504491865
 10
143.69694757525187
 20
1362.4470896557498
 10
143.11556205734564
 20
1366.7071700613378
 10
143.10982125765668
 20
1366.751722742672
 10
142.6029983132185
 20
1370.931699957948
 10
142.60166351176326
 20
1370.9428842843133
 10
142.09838617404068
 20
1375.2282066337557
 10
142.09268103629552
 20
1375.280780982408
 10
141.69799975084717
 20
1379.2431990543464
 10
141.67326965659407
 20
1379.4859070882574
 10
141.16732657095707
 20
1384.3309474519044
 10
141.16230299279482
 20
1384.3835323467872
 10
140.66173247428495
 20
1390.160094092518
 10
140.6606527959227
 20
1390.1728709391286
 10
140.37133047547889
 20
1393.6861625221986
 10
140.36781808658714
 20
1393.7333634012443
 10
140.15845013547516
 20
1396.882426351107
 10
140.14225621052307
 20
1397.1182012603797
 10
139.6035597169226
 20
1404.69219057465
 10
139.60088507034587
 20
1404.7338992433688
 10
139.04897749849678
 20
1414.3935321648314
 10
139.0484257297707
 20
1414.4034793597725
 10
138.95122781781575
 20
1416.2099839565578
 10
138.9494236713112
 20
1416.2480116111326
 10
138.89009592108007
 20
1417.692020535676
 10
138.88284562880395
 20
1417.8622476914934
 10
138.40538872726486
 20
1428.6287536705831
 10
138.40385960008828
 20
1428.669485124236
 10
138.03847382577678
 20
1440.5556891658357
 10
138.03831570870227
 20
1440.5609850724197
 10
138.026133919179
 20
1440.981443154641
 10
138.02520702819655
 20
1441.0237317751614
 10
137.95189301782457
 20
1445.955407094401
 10
138.00184236617812
 20
1446.546952072466
 10
138.1672962945459
 20
1447.1170795986056
  0
TEXT
  5
9D
330
17
100
AcDbEntity
  8
TEXT
100
AcDbText
 10
200.67626093445773
 20
1319.3457661106822
 30
0.0
 40
10.0
  1
РН2
 72
1
 11
200.67626093445773
 21
1319.3457661106822
 31
0.0
100
AcDbText
 73
2
  0
LWPOLYLINE
  5
9E
330
17
100
AcDbEntity
  8
CUT_OUT
100
AcDbPolyline
 90
117
 70
1
 10
140.79112255095757
 20
605.0576441587903
 10
140.2283432199107
 20
605.2283614024661
 10
139.70968281794717
 20
605.5055911630924
 10
139.25507317344633
 20
605.8786796564403
 10
138.88198468009833
 20
606.3332893009413
 10
138.6047549194721
 20
606.8519497029047
 10
138.43403767579628
 20
607.4147290339516
 10
138.37639351700597
 20
608.0
 10
138.37639351700597
 20
890.0
 10
138.43403767579628
 20
890.5852709660484
 10
138.6047549194721
 20
891.1480502970953
 10
138.88198468009833
 20
891.6667106990589
 10
139.25507317344633
 20
892.1213203435597
 10
139.70968281794717
 20
892.4944088369076
 10
140.2283432199107
 20
892.7716385975339
 10
140.79112255095757
 20
892.9423558412097
 10
141.37639351700597
 20
893.0
 10
197.66437646310177
 20
893.0
 10
198.24964742915017
 20
892.9423558412097
 10
198.81242676019704
 20
892.7716385975339
 10
199.33108716216057
 20
892.4944088369076
 10
199.7856968066614
 20
892.1213203435597
 10
200.1587853000094
 20
891.6667106990589
 10
200.43601506063564
 20
891.1480502970953
 10
200.60673230431146
 20
890.5852709660484
 10
200.66437646310177
 20
890.0
 10
200.66437646310177
 20
865.5686546490235
 10
200.70682092739924
 20
865.0064454997637
 10
200.83319213424414
 20
864.4569812351006
 10
202.19626482063848
 20
860.0724709486715
 10
202.2376378749243
 20
859.9264587071427
 10
203.4890185765533
 20
855.0423529933588
 10
203.50948379892446
 20
854.957343842318
 10
204.6244268665464
 20
850.0103106190077
 10
204.62673246396486
 20
849.9999959385705
 10
205.72750627290353
 20
845.0343304689087
 10
205.74192264367548
 20
844.9654874230689
 10
206.71853674796
 20
840.0131233151363
 10
206.7237906061406
 20
839.9868922563645
 10
207.73670364895605
 20
835.0066196294767
 10
207.73804252822197
 20
834.9999984926104
 10
208.74286640102616
 20
830.0019009256328
 10
209.74205230851322
 20
825.0151343256224
 10
209.7450458507607
 20
824.999991937412
 10
210.72003096715397
 20
820.0006093766281
 10
211.690751650972
 20
815.0173979913527
 10
211.69408932967235
 20
814.999990102775
 10
212.63205246332035
 20
810.0286116459196
 10
212.6373171584064
 20
809.9999440873133
 10
213.5274307129539
 20
805.0169201007449
 10
213.53362004113487
 20
804.9830213709852
 10
214.4559364659579
 20
800.0387418004601
 10
214.4629086732624
 20
799.9999542040974
 10
215.31828236668173
 20
795.0550528506795
 10
215.33529409767664
 20
794.9444676626663
 10
215.98906768930226
 20
790.0943733896735
 10
216.00850275025164
 20
789.9049591930318
 10
216.3533834439503
 20
785.0217129915986
 10
216.35483813983865
 20
784.999994722124
 10
216.67111140089088
 20
780.0064993393994
 10
216.9927365274536
 20
775.0979390490622
 10
216.99915582143632
 20
774.9017896229989
 10
216.99915410876653
 20
725.4792806147698
 10
217.1001953111938
 20
724.5314910548611
 10
218.0142534048532
 20
720.29317678753
 10
218.1790708918712
 20
719.7178120798666
 10
219.8212214566399
 20
715.156360066333
 10
219.94518350665413
 20
714.84821834288
 10
222.10467831646798
 20
710.0046455351842
 10
224.31094299988433
 20
705.0786340937865
 10
224.37682383770334
 20
704.9194358792215
 10
226.23650499263294
 20
700.0329650192186
 10
226.26211180851914
 20
699.9672354219795
 10
228.1842335871996
 20
695.1454607982946
 10
228.31017679625495
 20
694.8589222539764
 10
230.63113433615894
 20
690.0406931149948
 10
230.6691064982847
 20
689.958730487589
 10
232.76191623538853
 20
685.2571007539748
 10
232.94098836974882
 20
684.7261009868478
 10
234.04655173865166
 20
680.0407975299385
 10
234.05589301009957
 20
679.9999347388741
 10
235.14217661885382
 20
675.0904273339941
 10
235.18594054076374
 20
674.9103063052
 10
236.46172536987012
 20
670.0941383470582
 10
236.50545138634874
 20
669.9043912610409
 10
237.46084087194106
 20
665.0424292299308
 10
237.46887214286886
 20
664.9999421176972
 10
238.37021857806036
 20
660.0358774212441
 10
238.38386382009259
 20
659.9640520954088
 10
239.3410132842249
 20
655.1399044058478
 10
239.38314788065043
 20
654.8579282320736
 10
239.8558519879973
 20
650.1839663083877
 10
239.90809644326924
 20
649.8181783681089
 10
240.68358681751667
 20
645.6265509269788
 10
240.73260706451086
 20
645.0017627343634
 10
240.65075164767126
 20
644.380423084107
 10
239.63010717593426
 20
640.1292960411303
 10
239.57571151053327
 20
639.8690965069483
 10
238.76714631270576
 20
635.3367916125025
 10
238.6986085625864
 20
634.6579953505425
 10
238.5848422147115
 20
630.0555913346609
 10
238.58346805827148
 20
629.9443916841166
 10
238.58346805827148
 20
608.0
 10
238.52582389948117
 20
607.4147290339516
 10
238.35510665580534
 20
606.8519497029047
 10
238.07787689517912
 20
606.3332893009413
 10
237.70478840183114
 20
605.8786796564403
 10
237.25017875733027
 20
605.5055911630924
 10
236.73151835536675
 20
605.2283614024661
 10
236.16873902431985
 20
605.0576441587903
 10
235.58346805827148
 20
605.0
 10
200.76306714797119
 20
605.0
 10
200.76306714797119
 20
596.0
 10
170.76306714797119
 20
596.0
 10
170.76306714797119
 20
605.0
 10
141.37639351700597
 20
605.0
 10
140.79112255095757
 20
605.0576441587903
  0
TEXT
  5
9F
330
17
100
AcDbEntity
  8
TEXT
100
AcDbText
 10
177.6877742410537
 20
750.1905351188843
 30
0.0
 40
10.0
  1
ТП
 72
1
 11
177.6877742410537
 21
750.1905351188843
 31
0.0
100
AcDbText
 73
2
  0
LWPOLYLINE
  5
A0
330
17
100
AcDbEntity
  8
CUT_OUT
100
AcDbPolyline
 90
117
 70
1
 10
426.31874935821565
 20
909.4147290339516
 10
426.14803211453983
 20
908.8519497029047
 10
425.8708023539136
 20
908.3332893009411
 10
425.4977138605656
 20
907.8786796564403
 10
425.04310421606476
 20
907.5055911630924
 10
424.52444381410123
 20
907.2283614024661
 10
423.96166448305434
 20
907.0576441587903
 10
423.37639351700597
 20
907.0
 10
141.37639351700597
 20
907.0
 10
140.7911225509576
 20
907.0576441587903
 10
140.22834321991064
 20
907.2283614024661
 10
139.7096828179471
 20
907.5055911630924
 10
139.2550731734463
 20
907.8786796564403
 10
138.88198468009836
 20
908.3332893009411
 10
138.6047549194721
 20
908.8519497029047
 10
138.43403767579622
 20
909.4147290339516
 10
138.37639351700597
 20
910.0
 10
138.37639351700597
 20
966.2879829460958
 10
138.43403767579622
 20
966.8732539121442
 10
138.6047549194721
 20
967.4360332431911
 10
138.88198468009836
 20
967.9546936451546
 10
139.2550731734463
 20
968.4093032896554
 10
139.7096828179471
 20
968.7823917830035
 10
140.22834321991064
 20
969.0596215436296
 10
140.7911225509576
 20
969.2303387873055
 10
141.37639351700597
 20
969.2879829460958
 10
165.80773886798244
 20
969.2879829460958
 10
166.36994801724228
 20
969.3304274103933
 10
166.9194122819054
 20
969.4567986172382
 10
171.30392256833449
 20
970.8198713036325
 10
171.44993480986324
 20
970.8612443579183
 10
176.33404052364716
 20
972.1126250595473
 10
176.41904967468798
 20
972.1330902819185
 10
181.3660828979983
 20
973.2480333495405
 10
181.3763975784355
 20
973.2503389469589
 10
186.34206304809726
 20
974.3511127558976
 10
186.41090609393706
 20
974.3655291266696
 10
191.36327020186962
 20
975.3421432309541
 10
191.38950126064145
 20
975.3473970891346
 10
196.36977388752922
 20
976.3603101319501
 10
196.37639502439555
 20
976.3616490112161
 10
201.3744925913732
 20
977.3664728840201
 10
206.36125919138357
 20
978.3656587915073
 10
206.37640157959396
 20
978.3686523337548
 10
211.3757841403779
 20
979.343637450148
 10
216.35899552565326
 20
980.314358133966
 10
216.376403414231
 20
980.3176958126663
 10
221.3477818710864
 20
981.2556589463144
 10
221.37644942969263
 20
981.2609236414005
 10
226.3594734162611
 20
982.1510371959479
 10
226.3933721460208
 20
982.1572265241289
 10
231.33765171654585
 20
983.0795429489519
 10
231.37643931290853
 20
983.0865151562564
 10
236.32134066632642
 20
983.9418888496758
 10
236.43192585433974
 20
983.9589005806706
 10
241.2820201273325
 20
984.6126741722964
 10
241.4714343239741
 20
984.6321092332457
 10
246.35468052540733
 20
984.9769899269444
 10
246.376398794882
 20
984.9784446228326
 10
251.36989417760657
 20
985.2947178838849
 10
256.27845446794373
 20
985.6163430104476
 10
256.4746038940071
 20
985.6227623044304
 10
305.89711290223624
 20
985.6227605917605
 10
306.84490246214483
 20
985.7238017941878
 10
311.0832167294759
 20
986.6378598878473
 10
311.6585814371394
 20
986.8026773748652
 10
316.22003345067293
 20
988.4448279396339
 10
316.528175174126
 20
988.5687899896482
 10
321.3717479818218
 20
990.728284799462
 10
326.2977594232195
 20
992.9345494828784
 10
326.4569576377844
 20
993.0004303206973
 10
331.34342849778733
 20
994.8601114756269
 10
331.40915809502656
 20
994.8857182915132
 10
336.23093271871136
 20
996.8078400701936
 10
336.51747126302956
 20
996.9337832792489
 10
341.33570040201107
 20
999.254740819153
 10
341.41766302941693
 20
999.2927129812787
 10
346.1192927630312
 20
1001.3855227183826
 10
346.6502925301582
 20
1001.5645948527429
 10
351.3355959870675
 20
1002.6701582216457
 10
351.3764587781319
 20
1002.6794994930937
 10
356.2859661830119
 20
1003.7657831018479
 10
356.466087211806
 20
1003.8095470237578
 10
361.28225516994775
 20
1005.0853318528642
 10
361.47200225596504
 20
1005.1290578693428
 10
366.3339642870751
 20
1006.0844473549352
 10
366.3764513993088
 20
1006.0924786258629
 10
371.34051609576187
 20
1006.9938250610544
 10
371.41234142159715
 20
1007.0074703030866
 10
376.2364891111581
 20
1007.9646197672189
 10
376.5184652849323
 20
1008.0067543636444
 10
381.19242720861837
 20
1008.4794584709914
 10
381.5582151488971
 20
1008.5317029262633
 10
385.7498425900272
 20
1009.3071933005107
 10
386.3746307826425
 20
1009.3562135475049
 10
386.995970432899
 20
1009.2743581306653
 10
391.2470974758757
 20
1008.2537136589283
 10
391.5072970100577
 20
1008.1993179935273
 10
396.0396019045035
 20
1007.3907527956998
 10
396.7183981664635
 20
1007.3222150455804
 10
401.32080218234506
 20
1007.2084486977055
 10
401.4320018328894
 20
1007.2070745412655
 10
423.37639351700597
 20
1007.2070745412655
 10
423.96166448305434
 20
1007.1494303824752
 10
424.52444381410123
 20
1006.9787131387993
 10
425.04310421606476
 20
1006.7014833781732
 10
425.4977138605656
 20
1006.3283948848251
 10
425.8708023539136
 20
1005.8737852403243
 10
426.14803211453983
 20
1005.3551248383608
 10
426.31874935821565
 20
1004.7923455073139
 10
426.37639351700597
 20
1004.2070745412655
 10
426.37639351700597
 20
969.3866736309652
 10
435.37639351700597
 20
969.3866736309652
 10
435.37639351700597
 20
939.3866736309652
 10
426.37639351700597
 20
939.3866736309652
 10
426.37639351700597
 20
910.0
 10
426.31874935821565
 20
909.4147290339516
  0
TEXT
  5
A1
330
17
100
AcDbEntity
  8
TEXT
100
AcDbText
 10
286.87639351700597
 20
952.8373282885306
 30
0.0
 40
10.0
  1
ТП
 72
1
 11
286.87639351700597
 21
952.8373282885306
 31
0.0
100
AcDbText
 73
2
  0
LWPOLYLINE
  5
A2
330
17
100
AcDbEntity
  8
CUT_OUT
100
AcDbPolyline
 90
204
 70
1
 10
149.836847431455
 20
1023.4046589829723
 10
149.26530703264865
 20
1023.5690795297553
 10
148.73743141216363
 20
1023.8430135965848
 10
148.27396564455017
 20
1024.2156958015835
 10
147.89312355050293
 20
1024.6724800428549
 10
147.60987190879763
 20
1025.1954150781542
 10
147.43534227428466
 20
1025.7639499938355
 10
147.37639351700597
 20
1026.3557418387334
 10
147.37639351700597
 20
1087.766452307116
 10
138.37639351700597
 20
1087.766452307116
 10
138.37639351700597
 20
1117.766452307116
 10
147.37639351700597
 20
1117.766452307116
 10
147.37639351700597
 20
1135.6372688377235
 10
147.43403767579628
 20
1136.222539803772
 10
147.6047549194721
 20
1136.7853191348188
 10
147.88198468009836
 20
1137.3039795367824
 10
148.2550731734463
 20
1137.7585891812832
 10
148.70968281794717
 20
1138.1316776746312
 10
149.2283432199107
 20
1138.4089074352573
 10
149.7911225509576
 20
1138.5796246789332
 10
150.37639351700597
 20
1138.6372688377235
 10
395.37639351700597
 20
1138.6372688377235
 10
395.96166448305434
 20
1138.5796246789332
 10
396.52444381410123
 20
1138.4089074352573
 10
397.04310421606476
 20
1138.1316776746312
 10
397.4977138605656
 20
1137.7585891812832
 10
397.8708023539136
 20
1137.3039795367824
 10
398.14803211453983
 20
1136.7853191348188
 10
398.31874935821565
 20
1136.222539803772
 10
398.37639351700597
 20
1135.6372688377235
 10
398.37639351700597
 20
1114.9332158928958
 10
398.31874935821565
 20
1114.3479449268473
 10
398.14803211453983
 20
1113.7851655958004
 10
397.8708023539136
 20
1113.266505193837
 10
397.4977138605656
 20
1112.811895549336
 10
377.25507317344636
 20
1092.569254862217
 10
376.8004635289455
 20
1092.1961663688687
 10
376.28180312698197
 20
1091.9189366082426
 10
375.7190237959351
 20
1091.7482193645667
 10
375.1337528298867
 20
1091.6905752057764
 10
363.6973078551789
 20
1091.6905752057764
 10
363.01564074844634
 20
1091.627964808752
 10
362.4896674745177
 20
1091.47968945674
 10
361.99950442295625
 20
1091.23808306654
 10
361.56155372804824
 20
1090.9112304181938
 10
361.19047036243103
 20
1090.5100688539037
 10
360.8986717434821
 20
1090.048022286033
 10
360.644698961929
 20
1089.4123431748087
 10
360.03233777255184
 20
1087.3490607396343
 10
359.9956675496566
 20
1087.2340416729796
 10
359.1195927096938
 20
1084.665901277114
 10
359.1180474878936
 20
1084.6613833575034
 10
359.0104573457357
 20
1084.3476269591013
 10
358.968814003053
 20
1084.2337411212407
 10
358.57603732486143
 20
1083.2233735510142
 10
358.55677937931927
 20
1083.1737589479108
 10
357.81689461176234
 20
1081.2644829994574
 10
357.77014998804685
 20
1081.1508246527553
 10
357.36981108604823
 20
1080.2314116112257
 10
357.36859273945913
 20
1080.2286174515827
 10
356.54049680292945
 20
1078.332090217276
 10
356.4890565421424
 20
1078.2205630915857
 10
355.2053794628847
 20
1075.5808913984367
 10
355.13965775352074
 20
1075.4535695118584
 10
354.4374364462894
 20
1074.1693675542333
 10
354.35847068860414
 20
1074.024403987439
 10
353.82512151555386
 20
1073.0413385350419
 10
353.7427692939481
 20
1072.898998796061
 10
352.566595529867
 20
1070.988839827807
 10
352.4658219286384
 20
1070.8358473821575
 10
352.13451574375705
 20
1070.3648297638583
 10
351.3674396828916
 20
1069.2747114535407
 10
351.2455834269988
 20
1069.1133763151863
 10
351.06732768717586
 20
1068.8932078207556
 10
350.02772126428385
 20
1067.6092375686621
 10
349.90497507293827
 20
1067.4669891299998
 10
348.3873290758632
 20
1065.8157164566437
 10
348.26555181796385
 20
1065.6907177172866
 10
347.96073548833596
 20
1065.3955239020165
 10
347.7325536613596
 20
1065.1731724469835
 10
346.24498760729495
 20
1063.714119557356
 10
346.1261789898156
 20
1063.6037284629053
 10
344.0896553093858
 20
1061.8115834706662
 10
344.0339975294902
 20
1061.7625333342753
 10
343.9769892020938
 20
1061.7122178076143
 10
343.86279165218644
 20
1061.6163683680884
 10
343.3752344911333
 20
1061.2273810723755
 10
343.37168490841157
 20
1061.2245535029797
 10
341.6434630668575
 20
1059.8500010438936
 10
341.5212748926708
 20
1059.7578073400316
 10
340.50258372307144
 20
1059.0292078786708
 10
340.4096160809159
 20
1058.9625582722172
 10
339.0683504063555
 20
1057.9986013532582
 10
338.93959039451954
 20
1057.9110389950515
 10
336.6341701837476
 20
1056.4292643229246
 10
336.63051248380884
 20
1056.4269171326746
 10
336.5302474938247
 20
1056.362678362313
 10
336.39948844178735
 20
1056.283526797123
 10
333.7787740578367
 20
1054.787014616843
 10
333.6372857555675
 20
1054.7111665324971
 10
331.11815213517445
 20
1053.4463014205867
 10
331.0040062690017
 20
1053.388810951979
 10
330.7307094626416
 20
1053.2507174409602
 10
330.61402764742087
 20
1053.1948840063133
 10
326.89157429305374
 20
1051.5112942723908
 10
326.796346050075
 20
1051.470192300715
 10
323.7188992041044
 20
1050.204570063434
 10
323.71172596707675
 20
1050.2016308475497
 10
322.5773003563131
 20
1049.7385136605326
 10
322.5123421942934
 20
1049.7128731393907
 10
319.8079434953357
 20
1048.681600678506
 10
319.740035085298
 20
1048.655650139236
 10
317.2918527734884
 20
1047.718003079025
 10
317.25361904420845
 20
1047.7036572905292
 10
316.2467545853335
 20
1047.33366659595
 10
316.239973755605
 20
1047.331184115057
 10
313.3495295905973
 20
1046.2769274968523
 10
313.34441321229946
 20
1046.2750666144636
 10
311.8228735887151
 20
1045.7232288537562
 10
311.7670517253251
 20
1045.7036038989268
 10
307.6739491633047
 20
1044.3098167135258
 10
307.67009681712864
 20
1044.308507823466
 10
306.07409075639214
 20
1043.7674487114439
 10
306.0051156085712
 20
1043.7449915783645
 10
302.90714399750794
 20
1042.7776095763584
 10
300.20984825852076
 20
1041.9353429039609
 10
300.12331211380325
 20
1041.9097427827323
 10
297.47110422912624
 20
1041.168330519764
 10
294.2358304006045
 20
1040.2608874148214
 10
294.13653018216905
 20
1040.2348593857946
 10
292.6880565925119
 20
1039.8815637669852
 10
292.67876186620936
 20
1039.8793123907121
 10
288.3529116328474
 20
1038.838798157969
 10
288.3454687128135
 20
1038.8370179217948
 10
288.2126320577342
 20
1038.8054244310674
 10
288.1331308000829
 20
1038.7876529769953
 10
285.2729909495859
 20
1038.1889601019784
 10
285.2604746189442
 20
1038.1863679666512
 10
281.6853528231335
 20
1037.4538986488808
 10
281.64883201904513
 20
1037.4462583874206
 10
280.87376301269467
 20
1037.280754843956
 10
280.8372740791354
 20
1037.2728047636103
 10
280.7240937071315
 20
1037.2476530438212
 10
280.67075096747124
 20
1037.2363066443454
 10
277.74390483810134
 20
1036.6414988656702
 10
277.7373810120594
 20
1036.6401805962369
 10
274.8275816886123
 20
1036.0555563207704
 10
274.74360953856865
 20
1036.0378503269267
 10
272.9650731814362
 20
1035.6450863904183
 10
272.8814446840766
 20
1035.6257800279689
 10
271.95318075089483
 20
1035.4021370555974
 10
271.87224902658977
 20
1035.3838189133244
 10
268.89734329370276
 20
1034.7535959805373
 10
268.83211598703576
 20
1034.7397336819515
 10
265.28157414141265
 20
1033.9826164653732
 10
265.17620166231467
 20
1033.9621106703482
 10
259.3180039150812
 20
1032.9305093712615
 10
258.53637646148235
 20
1032.7932963449525
 10
258.46593478364355
 20
1032.781792542655
 10
256.3053175120521
 20
1032.4552814592496
 10
251.13655959447743
 20
1031.6734593754884
 10
251.1019727772989
 20
1031.6684337018712
 10
248.8472264261998
 20
1031.3542055323073
 10
243.07850908214687
 20
1030.5513718087702
 10
238.08805106603083
 20
1029.853445591067
 10
234.6815625519256
 20
1029.377038927198
 10
234.6533803062135
 20
1029.3730066317758
 10
234.0555668611867
 20
1029.2855412832512
 10
234.0274106896797
 20
1029.2813307742697
 10
231.97616201249232
 20
1028.9679475968724
 10
231.92174580164217
 20
1028.959292811354
 10
230.76807891004697
 20
1028.7685555714752
 10
230.7137727501848
 20
1028.7592351467713
 10
228.03901495959838
 20
1028.2832974656615
 10
224.5642083420276
 20
1027.6652510835218
 10
224.5568975202018
 20
1027.66396007439
 10
220.90821021686702
 20
1027.024297193958
 10
218.88729943991487
 20
1026.6705920732802
 10
218.8201301908005
 20
1026.6596196908492
 10
217.43512444638458
 20
1026.4494740191337
 10
217.38011857206365
 20
1026.4416483969799
 10
214.6192501945669
 20
1026.074912629615
 10
212.22823126355246
 20
1025.7588787220916
 10
212.1564332225412
 20
1025.7502679029453
 10
210.35525805649704
 20
1025.5562409321053
 10
210.27995369952336
 20
1025.5490881322085
 10
206.39119601376188
 20
1025.2291271707172
 10
201.4831480199083
 20
1024.8271631814475
 10
201.3978725370011
 20
1024.821400807655
 10
200.0266180193528
 20
1024.748345985253
 10
200.01173822224987
 20
1024.7475902996662
 10
193.31626421369475
 20
1024.4242206418505
 10
191.50529408210087
 20
1024.337108745648
 10
191.4593435139359
 20
1024.3352513090404
 10
188.01609593250686
 20
1024.2224937615501
 10
179.94667146752607
 20
1023.9580860325254
 10
179.91844118943584
 20
1023.9572940225111
 10
173.33412375055656
 20
1023.8035811166525
 10
167.59003781642053
 20
1023.6702958133267
 10
167.57584353547992
 20
1023.6700000536825
 10
161.04854816896875
 20
1023.5494448791246
 10
154.73671753427783
 20
1023.4326033303653
 10
150.4295915444199
 20
1023.3562135475049
 10
149.836847431455
 20
1023.4046589829723
  0
TEXT
  5
A3
330
17
100
AcDbEntity
  8
TEXT
100
AcDbText
 10
252.47318702702677
 20
1080.6911181319906
 30
0.0
 40
10.0
  1
РН1
 72
1
 11
252.47318702702677
 21
1080.6911181319906
 31
0.0
100
AcDbText
 73
2
  0
LWPOLYLINE
  5
A4
330
17
100
AcDbEntity
  8
CUT_OUT
100
AcDbPolyline
 90
151
 70
1
 10
265.7684029968205
 20
1161.8653259031
 10
265.2499998996113
 20
1162.1421972424844
 10
264.79552328164976
 20
1162.5148237491837
 10
264.4224149208298
 20
1162.9689048662265
 10
264.14499386658673
 20
1163.487013994144
 10
263.97390690738
 20
1164.0492672841815
 10
263.9157199711916
 20
1164.6340867351453
 10
263.91344098822816
 20
1166.782648849644
 10
263.90378603564915
 20
1175.1892202644078
 10
263.90403130991257
 20
1175.2311814221182
 10
263.9945660146403
 20
1182.2823845613411
 10
264.0848979095845
 20
1189.223478918286
 10
264.0859055597994
 20
1189.2714366109376
 10
264.5001527332032
 20
1203.5503693217552
 10
264.50057885218405
 20
1203.5639901404415
 10
264.5107597803669
 20
1203.867372951826
 10
264.51238594473296
 20
1203.9077261538614
 10
264.62853060257913
 20
1206.376673410891
 10
264.6288592186286
 20
1206.3834936082599
 10
265.31632842874984
 20
1220.321458297869
 10
265.31869452040803
 20
1220.363445872984
 10
265.42305966935845
 20
1222.0099363648233
 10
265.5316257803645
 20
1223.721449612498
 10
265.53496464572015
 20
1223.768282164854
 10
266.49198671363285
 20
1235.8574915190195
 10
266.50114008672847
 20
1235.9534814552856
 10
267.3572646587675
 20
1243.6247349400674
 10
267.35826234456204
 20
1243.6335562179493
 10
267.6166043532942
 20
1245.8878754186696
 10
267.6170067746711
 20
1245.8913688868083
 10
268.07219401467455
 20
1249.8226348865073
 10
268.0784220383283
 20
1249.8795955717628
 10
268.2028983294905
 20
1251.0892715956566
 10
268.2084007667255
 20
1251.1463092710455
 10
268.3764061100609
 20
1253.0120439778836
 10
268.380740014179
 20
1253.0564701749604
 10
268.5608445720693
 20
1254.7706273435008
 10
268.6099921748043
 20
1255.2340116255054
 10
268.6228955407626
 20
1255.377545235687
 10
268.84790896356805
 20
1258.427467801122
 10
268.85620990406454
 20
1258.5713496922237
 10
268.8918097679774
 20
1259.4263262477084
 10
268.89194575258574
 20
1259.4295503747803
 10
269.0512067608126
 20
1263.157920405628
 10
269.0533671401593
 20
1263.2178627204623
 10
269.09073661340847
 20
1264.490267785219
 10
269.09209786820463
 20
1264.550235657645
 10
269.1313063414976
 20
1266.9958246824167
 10
269.13388694711085
 20
1267.1765786479655
 10
269.1697063833991
 20
1270.060675849203
 10
269.1699585404442
 20
1270.0772786501307
 10
269.2405777357767
 20
1274.0102163634986
 10
269.24127144978763
 20
1274.0403926767347
 10
269.2892839225075
 20
1275.7537340697995
 10
269.29646736705917
 20
1276.0087987859642
 10
269.29865690689684
 20
1276.0666803863837
 10
269.44836289983374
 20
1279.2184161856967
 10
269.7125965773768
 20
1284.7819613843294
 10
269.71621472776116
 20
1284.8444003751042
 10
269.8142618088293
 20
1286.2775686400573
 10
269.974679766567
 20
1288.6020267979488
 10
269.9764081386893
 20
1288.6257062661793
 10
270.6976305485251
 20
1297.995922469312
 10
270.6998433643136
 20
1298.0230614718716
 10
270.99105445134103
 20
1301.4050504089932
 10
271.27834947772146
 20
1304.7312357598921
 10
271.2792832265737
 20
1304.7418273607457
 10
272.5100222034057
 20
1318.424985063957
 10
272.511213594268
 20
1318.437916982848
 10
272.660117270168
 20
1320.0167718894868
 10
272.7664659032435
 20
1321.1443708404422
 10
272.7731480169295
 20
1321.2157517586052
 10
273.05677555575994
 20
1324.269834125373
 10
274.3099972833577
 20
1337.765311442431
 10
274.31036016456676
 20
1337.7691917970433
 10
274.96292741019454
 20
1344.698657675409
 10
275.82871386987944
 20
1353.8886152159957
 10
275.82994587568083
 20
1353.9013993300484
 10
276.875805697228
 20
1364.5159309136122
 10
277.3524479097891
 20
1369.3561805468707
 10
277.3547826360146
 20
1369.3789949721413
 10
277.8787123972321
 20
1374.3124500464548
 10
278.9013856152842
 20
1383.93264130873
 10
278.9053629596618
 20
1383.968053693619
 10
279.80762818868504
 20
1391.5928335799163
 10
280.51708931548654
 20
1397.5944601396186
 10
280.52080630498057
 20
1397.6245948367257
 10
281.38361793086585
 20
1404.3397815849144
 10
282.1033171403771
 20
1409.9337773541388
 10
282.10693796341985
 20
1409.9609400720851
 10
282.63220693840753
 20
1413.768550212868
 10
283.5523063019814
 20
1420.4456132381415
 10
283.5561637084864
 20
1420.4726925764676
 10
284.489690732682
 20
1426.818783435347
 10
284.7411945722659
 20
1428.5269144913161
 10
284.7462147120227
 20
1428.559747393101
 10
284.88610059467686
 20
1429.4419201487428
 10
285.2379130871406
 20
1431.6569911142465
 10
285.3804470762983
 20
1432.2090277021211
 10
285.6248451589616
 20
1432.7241295460394
 10
286.68827832281033
 20
1434.505552068671
 10
286.8899491136734
 20
1434.8831073651963
 10
286.9287728438508
 20
1434.9649350961395
 10
286.98632036066243
 20
1435.087010522168
 10
287.16336579910734
 20
1435.5196487807943
 10
290.43534447480147
 20
1444.8751766523196
 10
290.56349876080213
 20
1445.3134927995143
 10
290.57469011796536
 20
1445.3632612849967
 10
290.97931837439324
 20
1447.2624105226646
 10
291.1553632232894
 20
1447.8174773037717
 10
291.43532431641626
 20
1448.3280776432223
 10
291.80865362436055
 20
1448.7749737700142
 10
292.26128530505446
 20
1449.1413280820452
 10
292.776165659257
 20
1449.4133375325573
 10
293.33389565883965
 20
1449.5807536843386
 10
293.91346183948644
 20
1449.6372688377237
 10
309.697990932386
 20
1449.6372688377237
 10
309.697990932386
 20
1467.6372688377237
 10
334.5110925500278
 20
1467.6372688377237
 10
334.5110925500278
 20
1449.6372688377237
 10
343.60060694384686
 20
1449.6372688377237
 10
344.1821214282932
 20
1449.5803693974021
 10
344.741577346937
 20
1449.411829440643
 10
345.2577528806745
 20
1449.138042186921
 10
345.7110679635208
 20
1448.7693931972385
 10
346.08432701247375
 20
1448.3198664190545
 10
346.3633712068796
 20
1447.8065137337608
 10
346.5376155744141
 20
1447.248808128345
 10
346.60045051041584
 20
1446.6679050273483
 10
346.9903009657523
 20
1408.4944116948664
 10
347.4104763332851
 20
1367.3515545520095
 10
347.83065170081795
 20
1326.2086974091521
 10
348.2508270683507
 20
1285.0658402662953
 10
348.67100243588345
 20
1243.922983123438
 10
349.0911778034164
 20
1202.7801259805808
 10
349.4804025087136
 20
1164.6679050273483
 10
349.42802705749574
 20
1164.0783129280237
 10
349.26090928221055
 20
1163.510480487369
 10
348.98555492988527
 20
1162.9865129195446
 10
348.6126833016595
 20
1162.5268078180497
 10
348.1568099598827
 20
1162.1492610954665
 10
347.63568165012373
 20
1161.8685703114281
 10
347.0695854360791
 20
1161.6956625096363
 10
346.4805589421446
 20
1161.6372688377237
 10
315.283760636077
 20
1161.6372688377237
 10
315.283760636077
 20
1152.6372688377237
 10
285.283760636077
 20
1152.6372688377237
 10
285.283760636077
 20
1161.6372688377237
 10
266.9157182835617
 20
1161.6372688377237
 10
266.3308374426509
 20
1161.6948354226852
 10
265.7684029968205
 20
1161.8653259031
  0
TEXT
  5
A5
330
17
100
AcDbEntity
  8
TEXT
100
AcDbText
 10
309.9373333011803
 20
1311.5834062123513
 30
0.0
 40
10.0
  1
РВ1
 72
1
 11
309.9373333011803
 21
1311.5834062123513
 31
0.0
100
AcDbText
 73
2
  0
LWPOLYLINE
  5
A6
330
17
100
AcDbEntity
  8
CUT_OUT
100
AcDbPolyline
 90
103
 70
1
 10
365.32192347682366
 20
1161.8698391516095
 10
364.7997399841188
 20
1162.1520227442577
 10
364.34333316969736
 20
1162.5314907926663
 10
363.970568986015
 20
1162.9933890968166
 10
363.69603921166134
 20
1163.519636740998
 10
363.5304902591379
 20
1164.0896338675975
 10
363.4804025087136
 20
1164.6810680543595
 10
363.62020634445463
 20
1174.2558239009686
 10
363.6210523939225
 20
1174.2956513029687
 10
364.00245363999716
 20
1187.9726254672598
 10
364.01805329484307
 20
1188.5304311263103
 10
364.0192046918862
 20
1188.5646239688476
 10
364.0484887540536
 20
1189.3081890773497
 10
364.6302554820495
 20
1204.0280620699887
 10
364.63154561732733
 20
1204.0571317313206
 10
365.33703248356557
 20
1218.3843028624356
 10
365.4350664897686
 20
1220.367551098929
 10
365.43645458038924
 20
1220.3933747411722
 10
365.5693250829108
 20
1222.6812336260482
 10
366.41086240934015
 20
1237.2046605863593
 10
366.41238198782287
 20
1237.2291510467962
 10
367.3088622090885
 20
1250.7805268177553
 10
367.5316357830035
 20
1254.138274098032
 10
367.5333518987875
 20
1254.1626382927125
 10
367.80391727606417
 20
1257.7930172136107
 10
368.77689954263974
 20
1270.8658586592906
 10
368.77869059827134
 20
1270.8887401461486
 10
369.7771889607963
 20
1283.0469886495364
 10
370.13551342679443
 20
1287.4059002215467
 10
370.13729336471664
 20
1287.4266687432337
 10
370.548937643281
 20
1292.0412908460094
 10
371.59818457055104
 20
1303.8002573217877
 10
371.59994385609554
 20
1303.8192887158891
 10
372.66714908104495
 20
1314.976123347692
 10
373.1552351995953
 20
1320.0843515451975
 10
373.15686023528593
 20
1320.1008758168446
 10
373.69334951430665
 20
1325.4054442818963
 10
374.790392019042
 20
1336.2276079387107
 10
374.7923228920703
 20
1336.246085344999
 10
375.91773350493213
 20
1346.702345869463
 10
376.51572749039576
 20
1352.2761172173296
 10
376.5179015348724
 20
1352.2957701754096
 10
377.1689989816771
 20
1358.0092172350633
 10
378.33382979584235
 20
1368.1894362533976
 10
378.3363586422978
 20
1368.2108554876804
 10
379.54871289466894
 20
1378.1718121842382
 10
380.2652673413847
 20
1384.0865000263902
 10
380.26806871219395
 20
1384.1089162924704
 10
381.04485841012234
 20
1390.1400709737031
 10
382.3089886773105
 20
1399.9036965162902
 10
382.311902877359
 20
1399.925572403056
 10
383.60831042434944
 20
1409.3911304540256
 10
384.44925432330643
 20
1415.5652783151552
 10
384.4522829724646
 20
1415.5869244612666
 10
385.32924828920284
 20
1421.6925481799276
 10
386.62978355826783
 20
1430.694397232001
 10
386.63317196710847
 20
1430.7172295710957
 10
387.921168109854
 20
1439.1720876145646
 10
388.8373426788955
 20
1445.2222592830344
 10
388.8411895816763
 20
1445.2469671592094
 10
389.13939613337914
 20
1447.1111445410738
 10
389.2944256176477
 20
1447.6951077974873
 10
389.56332175766926
 20
1448.236164256385
 10
389.9351779101159
 20
1448.7123682333965
 10
390.394911290892
 20
1449.1044045128833
 10
390.92387474496707
 20
1449.3963717885954
 10
391.5006130899546
 20
1449.576427633418
 10
392.1017333555357
 20
1449.6372688377237
 10
407.3419149468152
 20
1449.6372688377237
 10
407.3419149468152
 20
1467.6372688377237
 10
424.89540840971574
 20
1467.6372688377237
 10
424.89540840971574
 20
1449.6372688377237
 10
434.0516607560106
 20
1449.6372688377237
 10
434.633154502036
 20
1449.5803734949409
 10
435.1925920573906
 20
1449.411845519946
 10
435.7087538277561
 20
1449.138077217343
 10
436.1620616792282
 20
1448.7694526814112
 10
436.53532154140987
 20
1448.3199539250381
 10
436.8143755824305
 20
1447.8066305387724
 10
436.9886392187442
 20
1447.2489529959614
 10
437.05150259080256
 20
1446.6680741332452
 10
437.44350690880117
 20
1408.4944116948668
 10
437.8660018077603
 20
1367.3515545520095
 10
438.28849670671946
 20
1326.2086974091521
 10
438.7109916056785
 20
1285.0658402662953
 10
439.1334865046376
 20
1243.922983123438
 10
439.5559814035967
 20
1202.7801259805808
 10
439.94735304408476
 20
1164.6680741332452
 10
439.8950068916366
 20
1164.0784583129796
 10
439.7279091860104
 20
1163.510598037949
 10
439.4525653553116
 20
1162.9866011771953
 10
439.07969505298036
 20
1162.526867914506
 10
438.62381482151164
 20
1162.1492965308717
 10
438.10267293614044
 20
1161.8685865907285
 10
437.53655843109016
 20
1161.6956666602543
 10
436.9475112092928
 20
1161.6372688377237
 10
410.7202075306466
 20
1161.6372688377237
 10
410.7202075306466
 20
1152.6372688377237
 10
380.7202075306465
 20
1152.6372688377237
 10
380.7202075306465
 20
1161.6372688377237
 10
366.48008276311106
 20
1161.6372688377237
 10
365.8894428805865
 20
1161.6959860343927
 10
365.32192347682366
 20
1161.8698391516095
  0
TEXT
  5
A7
330
17
100
AcDbEntity
  8
TEXT
100
AcDbText
 10
405.29733739792897
 20
1309.3977060317907
 30
0.0
 40
10.0
  1
РВ2
 72
1
 11
405.29733739792897
 21
1309.3977060317907
 31
0.0
100
AcDbText
 73
2
  0
LWPOLYLINE
  5
A8
330
17
100
AcDbEntity
  8
CUT_OUT
100
AcDbPolyline
 90
103
 70
1
 10
718.1438232031202
 20
1025.197734515615
 10
717.861639610472
 20
1024.67555102291
 10
717.4821715620635
 20
1024.2191442084886
 10
717.0202732579131
 20
1023.8463800248063
 10
716.4940256137315
 20
1023.5718502504527
 10
715.9240284871321
 20
1023.4063012979292
 10
715.3325943003701
 20
1023.3562135475049
 10
705.757838453761
 20
1023.4960173832459
 10
705.7180110517609
 20
1023.4968634327138
 10
692.0410368874699
 20
1023.8782646787885
 10
691.4832312284193
 20
1023.8938643336344
 10
691.4490383858821
 20
1023.8950157306775
 10
690.70547327738
 20
1023.924299792845
 10
675.9856002847409
 20
1024.5060665208407
 10
675.956530623409
 20
1024.5073566561186
 10
661.629359492294
 20
1025.212843522357
 10
659.6461112558007
 20
1025.31087752856
 10
659.6202876135575
 20
1025.3122656191806
 10
657.3324287286816
 20
1025.445136121702
 10
642.8090017683703
 20
1026.2866734481315
 10
642.7845113079334
 20
1026.2881930266142
 10
629.2331355369744
 20
1027.1846732478798
 10
625.8753882566975
 20
1027.4074468217948
 10
625.8510240620171
 20
1027.4091629375787
 10
622.2206451411189
 20
1027.6797283148555
 10
609.147803695439
 20
1028.6527105814312
 10
609.1249222085811
 20
1028.6545016370626
 10
596.9666737051932
 20
1029.6529999995876
 10
592.607762133183
 20
1030.0113244655856
 10
592.5869936114959
 20
1030.013104403508
 10
587.9723715087204
 20
1030.4247486820723
 10
576.2134050329419
 20
1031.4739956093424
 10
576.1943736388405
 20
1031.475754894887
 10
565.0375390070376
 20
1032.5429601198362
 10
559.9293108095321
 20
1033.0310462383866
 10
559.9127865378852
 20
1033.0326712740773
 10
554.6082180728333
 20
1033.5691605530978
 10
543.786054416019
 20
1034.6662030578334
 10
543.7675770097306
 20
1034.6681339308616
 10
533.3113164852666
 20
1035.7935445437236
 10
527.7375451374
 20
1036.391538529187
 10
527.71789217932
 20
1036.3937125736636
 10
522.0044451196663
 20
1037.0448100204685
 10
511.82422610133204
 20
1038.2096408346335
 10
511.8028068670491
 20
1038.212169681089
 10
501.84185017049145
 20
1039.4245239334603
 10
495.9271623283393
 20
1040.141078380176
 10
495.9047460622592
 20
1040.1438797509852
 10
489.87359138102653
 20
1040.9206694489137
 10
480.10996583843945
 20
1042.1847997161017
 10
480.08808995167357
 20
1042.1877139161502
 10
470.6225319007039
 20
1043.4841214631408
 10
464.4483840395745
 20
1044.3250653620978
 10
464.4267378934631
 20
1044.3280940112559
 10
458.32111417480206
 20
1045.2050593279941
 10
449.3192651227286
 20
1046.5055945970591
 10
449.29643278363386
 20
1046.5089830058998
 10
440.8415747401651
 20
1047.7969791486453
 10
434.79140307169524
 20
1048.7131537176867
 10
434.7666951955202
 20
1048.7170006204676
 10
432.90251781365595
 20
1049.0152071721704
 10
432.3185545572424
 20
1049.1702366564389
 10
431.77749809834444
 20
1049.4391327964606
 10
431.3012941213331
 20
1049.8109889489072
 10
430.90925784184634
 20
1050.2707223296834
 10
430.61729056613416
 20
1050.7996857837584
 10
430.43723472131154
 20
1051.3764241287458
 10
430.37639351700597
 20
1051.977544394327
 10
430.37639351700597
 20
1067.2177259856064
 10
412.37639351700597
 20
1067.2177259856064
 10
412.37639351700597
 20
1084.771219448507
 10
430.37639351700597
 20
1084.771219448507
 10
430.37639351700597
 20
1093.927471794802
 10
430.4332888597888
 20
1094.5089655408274
 10
430.60181683478373
 20
1095.068403096182
 10
430.87558513738685
 20
1095.5845648665475
 10
431.2442096733184
 20
1096.0378727180196
 10
431.69370842969164
 20
1096.4111325802012
 10
432.20703181595724
 20
1096.6901866212218
 10
432.76470935876824
 20
1096.8644502575355
 10
433.34558822148443
 20
1096.9273136295938
 10
471.51925065986296
 20
1097.3193179475925
 10
512.6621078027201
 20
1097.7418128465515
 10
553.8049649455775
 20
1098.1643077455108
 10
594.9478220884346
 20
1098.5868026444698
 10
636.0906792312917
 20
1099.0092975434288
 10
677.2335363741488
 20
1099.431792442388
 10
715.3455882214845
 20
1099.823164082876
 10
715.93520404175
 20
1099.770817930428
 10
716.5030643167806
 20
1099.6037202248017
 10
717.0270611775343
 20
1099.3283763941029
 10
717.4867944402235
 20
1098.9555060917717
 10
717.864365823858
 20
1098.499625860303
 10
718.1450757640011
 20
1097.9784839749318
 10
718.3179956944754
 20
1097.4123694698815
 10
718.3763935170059
 20
1096.8233222480842
 10
718.3763935170059
 20
1070.5960185694378
 10
727.3763935170059
 20
1070.5960185694378
 10
727.3763935170059
 20
1040.5960185694378
 10
718.3763935170059
 20
1040.5960185694378
 10
718.3763935170059
 20
1026.3558938019023
 10
718.3176763203371
 20
1025.7652539193778
 10
718.1438232031202
 20
1025.197734515615
  0
TEXT
  5
A9
330
17
100
AcDbEntity
  8
TEXT
100
AcDbText
 10
578.8763935170059
 20
1059.5976351899667
 30
0.0
 40
10.0
  1
РВ2
 72
1
 11
578.8763935170059
 21
1059.5976351899667
 31
0.0
100
AcDbText
 73
2
  0
LWPOLYLINE
  5
AA
330
17
100
AcDbEntity
  8
CUT_OUT
100
AcDbPolyline
 90
133
 70
1
 10
456.37535636627524
 20
1122.8805102459332
 10
455.8139035362404
 20
1123.0503563468262
 10
455.2962334951597
 20
1123.3262090374244
 10
454.8421371700902
 20
1123.6975222554777
 10
454.4689750156327
 20
1124.1501004087545
 10
454.1910133102912
 20
1124.6666410835385
 10
454.0188787455847
 20
1125.227396529322
 10
453.95915215938993
 20
1125.8109286306194
 10
453.95911143517736
 20
1125.8209136821788
 10
453.94735304408476
 20
1128.0042535967696
 10
453.94742291412933
 20
1128.0464911939348
 10
453.9671006926883
 20
1130.309839914975
 10
453.96717524478146
 20
1130.3173372409492
 10
454.0926104120204
 20
1141.523328580567
 10
454.09327501157344
 20
1141.5612651909187
 10
454.3688982918601
 20
1153.120126850191
 10
454.3713001696142
 20
1153.2252777778876
 10
454.4290783681126
 20
1155.88043935016
 10
454.43001001434726
 20
1155.914406868931
 10
454.52364101000376
 20
1158.7434646775469
 10
454.5238227512824
 20
1158.7488117589553
 10
454.94582454120524
 20
1170.8469226589766
 10
454.94696785968966
 20
1170.8757268300035
 10
455.49844230373407
 20
1183.2667880680046
 10
455.50159955198677
 20
1183.3388479045889
 10
455.6398769267521
 20
1186.5492876516316
 10
455.6411467038539
 20
1186.5759988655068
 10
455.813300965902
 20
1189.8863274612522
 10
455.813491126795
 20
1189.8899419937118
 10
456.483202834214
 20
1202.4749504451777
 10
456.484598918018
 20
1202.4993169430775
 10
457.2577700872998
 20
1215.0963385590314
 10
457.47181285810336
 20
1218.6373988948194
 10
457.47337824470276
 20
1218.6616631005936
 10
457.7125023610212
 20
1222.148218180213
 10
458.5786951046908
 20
1234.6441476660743
 10
458.5803441548839
 20
1234.6667044311293
 10
459.5434710153767
 20
1247.1915358283848
 10
459.8112973391416
 20
1250.6940978027544
 10
459.81307155008807
 20
1250.7162234476787
 10
460.10363836794335
 20
1254.1789654224458
 10
461.16224158303015
 20
1266.7744549500967
 10
461.16395279634486
 20
1266.7940457372047
 10
462.3369527649578
 20
1279.733725229201
 10
462.63048996367036
 20
1282.9603280855094
 10
462.6323148252284
 20
1282.9796913594485
 10
462.94277794838666
 20
1286.163446543772
 10
464.2241381164443
 20
1299.421749568971
 10
464.2255270097789
 20
1299.4357763045102
 10
465.6396521620156
 20
1313.3831058527662
 10
465.6403010838704
 20
1313.389439115862
 10
465.86068100221667
 20
1315.5179978159372
 10
465.8624709815175
 20
1315.5348231546543
 10
466.0767540486826
 20
1317.496426014739
 10
466.10228460816637
 20
1317.7352489646187
 10
467.51120588559746
 20
1331.2301746199537
 10
467.51348349295034
 20
1331.2512675626565
 10
467.7454381364722
 20
1333.3304941961817
 10
467.746348881743
 20
1333.3385590374796
 10
469.05352083690985
 20
1344.7750837262179
 10
469.0884153481593
 20
1345.088898262575
 10
469.2273305500736
 20
1346.3759857172554
 10
469.23151180517004
 20
1346.4126151163973
 10
469.5118777358046
 20
1348.7416352959094
 10
469.5128466841804
 20
1348.7495947648524
 10
471.0504919238237
 20
1361.241462292016
 10
471.0538414613606
 20
1361.267718249364
 10
472.425680763523
 20
1371.6558521753666
 10
472.43454345660376
 20
1371.7233021367165
 10
473.04049066155693
 20
1376.3600080610877
 10
473.0442163093473
 20
1376.387524983564
 10
473.8132370463469
 20
1381.8761930905462
 10
475.1411294586509
 20
1391.3543920730667
 10
475.1442195056991
 20
1391.3758819154946
 10
476.46503647095125
 20
1400.3314055135852
 10
477.32180027400966
 20
1406.1102896133402
 10
477.3248990204511
 20
1406.1307060586078
 10
477.6592345485085
 20
1408.283544931494
 10
477.81228360939355
 20
1408.8700372895632
 10
478.08010005096713
 20
1409.4137942708833
 10
478.45175109124835
 20
1409.8926186701879
 10
478.9120652203312
 20
1410.2869639550308
 10
479.44225153058363
 20
1410.5807321928178
 10
480.02066679761975
 20
1410.7619311993576
 10
480.623698998325
 20
1410.823164082876
 10
521.7813761514162
 20
1410.823164082876
 10
522.3946866600259
 20
1410.7598033559275
 10
522.9820906355217
 20
1410.5723975628953
 10
523.518775849304
 20
1410.2688628152998
 10
523.9820724578476
 20
1409.8620205679822
 10
524.3524105878789
 20
1409.369056034638
 10
524.614146977308
 20
1408.8107922760623
 10
524.9398670359684
 20
1407.8765436530007
 10
524.9694803065067
 20
1407.7918426388937
 10
526.6364455182661
 20
1403.0380124015994
 10
526.6802990365469
 20
1402.902770513515
 10
527.4656668548641
 20
1400.2696508331314
 10
527.4675186220852
 20
1400.2634177186414
 10
529.5017533736773
 20
1393.3888288657595
 10
529.5386072872349
 20
1393.252581423123
 10
531.8403714877173
 20
1383.8729433336002
 10
531.8694708386847
 20
1383.7417323475984
 10
532.84501808753
 20
1378.8242639489536
 10
532.9023651506101
 20
1378.240488570202
 10
532.9023651506101
 20
1248.8664363749822
 10
532.8485784132545
 20
1248.3009035191565
 10
532.6891468765978
 20
1247.7556494414523
 10
530.697247558236
 20
1242.7583016577717
 10
530.4497275740274
 20
1241.8951558830008
 10
528.8303125155686
 20
1232.9577400434719
 10
528.7592439171146
 20
1232.0626221599496
 10
528.9480738338855
 20
1222.981639268062
 10
529.0562910652573
 20
1222.0902494532663
 10
531.0458348134096
 20
1213.227878286676
 10
531.3290218236854
 20
1212.375768030724
 10
532.6405625326787
 20
1209.4457398854431
 10
532.8361845167441
 20
1208.8467274961338
 10
532.9023651506101
 20
1208.220066561579
 10
532.9023651506101
 20
1125.823164082876
 10
532.8447209918197
 20
1125.2378931168278
 10
532.674003748144
 20
1124.6751137857807
 10
532.3967739875177
 20
1124.1564533838173
 10
532.0236854941697
 20
1123.7018437393162
 10
531.5690758496688
 20
1123.3287552459683
 10
531.0504154477053
 20
1123.0515254853422
 10
530.4876361166585
 20
1122.8808082416663
 10
529.9023651506101
 20
1122.823164082876
 10
501.59703969798824
 20
1122.823164082876
 10
501.59703969798824
 20
1113.823164082876
 10
471.59703969798824
 20
1113.823164082876
 10
471.59703969798824
 20
1122.823164082876
 10
456.95912720823753
 20
1122.823164082876
 10
456.37535636627524
 20
1122.8805102459332
  0
TEXT
  5
AB
330
17
100
AcDbEntity
  8
TEXT
100
AcDbText
 10
496.7676525630484
 20
1260.4767101862712
 30
0.0
 40
10.0
  1
РВ5
 72
1
 11
496.7676525630484
 21
1260.4767101862712
 31
0.0
100
AcDbText
 73
2
  0
LWPOLYLINE
  5
AC
330
17
100
AcDbEntity
  8
CUT_OUT
100
AcDbPolyline
 90
133
 70
1
 10
549.3303684728005
 20
1122.8805102459332
 10
548.7689156427657
 20
1123.0503563468262
 10
548.251245601685
 20
1123.3262090374244
 10
547.7971492766155
 20
1123.6975222554777
 10
547.423987122158
 20
1124.1501004087545
 10
547.1460254168165
 20
1124.6666410835385
 10
546.97389085211
 20
1125.227396529322
 10
546.9141642659152
 20
1125.8109286306194
 10
546.9141235417027
 20
1125.8209136821788
 10
546.9023651506101
 20
1128.0042535967696
 10
546.9024350206546
 20
1128.0464911939348
 10
546.9221127992137
 20
1130.309839914975
 10
546.9221873513068
 20
1130.3173372409492
 10
547.0476225185457
 20
1141.523328580567
 10
547.0482871180988
 20
1141.5612651909187
 10
547.3239103983855
 20
1153.120126850191
 10
547.3263122761396
 20
1153.2252777778876
 10
547.3840904746379
 20
1155.88043935016
 10
547.3850221208726
 20
1155.914406868931
 10
547.478653116529
 20
1158.7434646775469
 10
547.4788348578078
 20
1158.7488117589553
 10
547.9008366477306
 20
1170.8469226589766
 10
547.901979966215
 20
1170.8757268300035
 10
548.4534544102594
 20
1183.2667880680046
 10
548.4566116585121
 20
1183.3388479045889
 10
548.5948890332775
 20
1186.5492876516316
 10
548.5961588103792
 20
1186.5759988655068
 10
548.7683130724273
 20
1189.8863274612522
 10
548.7685032333203
 20
1189.8899419937118
 10
549.4382149407394
 20
1202.4749504451777
 10
549.4396110245433
 20
1202.4993169430775
 10
550.2127821938251
 20
1215.0963385590314
 10
550.4268249646286
 20
1218.6373988948194
 10
550.428390351228
 20
1218.6616631005936
 10
550.6675144675465
 20
1222.148218180213
 10
551.5337072112161
 20
1234.6441476660743
 10
551.5353562614092
 20
1234.6667044311293
 10
552.498483121902
 20
1247.1915358283848
 10
552.7663094456669
 20
1250.6940978027544
 10
552.7680836566134
 20
1250.7162234476787
 10
553.0586504744687
 20
1254.1789654224458
 10
554.1172536895555
 20
1266.7744549500967
 10
554.1189649028702
 20
1266.7940457372047
 10
555.2919648714832
 20
1279.733725229201
 10
555.5855020701956
 20
1282.9603280855094
 10
555.5873269317536
 20
1282.9796913594485
 10
555.897790054912
 20
1286.163446543772
 10
557.1791502229696
 20
1299.421749568971
 10
557.1805391163042
 20
1299.4357763045102
 10
558.5946642685409
 20
1313.3831058527662
 10
558.5953131903957
 20
1313.389439115862
 10
558.8156931087419
 20
1315.5179978159372
 10
558.8174830880428
 20
1315.5348231546543
 10
559.031766155208
 20
1317.496426014739
 10
559.0572967146917
 20
1317.7352489646187
 10
560.4662179921228
 20
1331.2301746199537
 10
560.4684955994757
 20
1331.2512675626565
 10
560.7004502429976
 20
1333.3304941961817
 10
560.7013609882683
 20
1333.3385590374796
 10
562.0085329434352
 20
1344.7750837262179
 10
562.0434274546847
 20
1345.088898262575
 10
562.182342656599
 20
1346.3759857172554
 10
562.1865239116954
 20
1346.4126151163973
 10
562.4668898423299
 20
1348.7416352959094
 10
562.4678587907057
 20
1348.7495947648524
 10
564.005504030349
 20
1361.241462292016
 10
564.0088535678859
 20
1361.267718249364
 10
565.3806928700484
 20
1371.6558521753666
 10
565.3895555631291
 20
1371.7233021367165
 10
565.9955027680822
 20
1376.3600080610877
 10
565.9992284158726
 20
1376.387524983564
 10
566.7682491528723
 20
1381.8761930905462
 10
568.0961415651763
 20
1391.3543920730667
 10
568.0992316122245
 20
1391.3758819154946
 10
569.4200485774766
 20
1400.3314055135852
 10
570.2768123805349
 20
1406.1102896133402
 10
570.2799111269765
 20
1406.1307060586078
 10
570.6142466550339
 20
1408.283544931494
 10
570.7672957159189
 20
1408.8700372895632
 10
571.0351121574924
 20
1409.4137942708833
 10
571.4067631977737
 20
1409.8926186701879
 10
571.8670773268566
 20
1410.2869639550308
 10
572.397263637109
 20
1410.5807321928178
 10
572.9756789041451
 20
1410.7619311993576
 10
573.5787111048503
 20
1410.823164082876
 10
614.7363882579415
 20
1410.823164082876
 10
615.3496987665511
 20
1410.7598033559275
 10
615.937102742047
 20
1410.5723975628953
 10
616.4737879558293
 20
1410.2688628152998
 10
616.9370845643729
 20
1409.8620205679822
 10
617.3074226944043
 20
1409.369056034638
 10
617.5691590838333
 20
1408.8107922760623
 10
617.8948791424937
 20
1407.8765436530007
 10
617.924492413032
 20
1407.7918426388937
 10
619.5914576247915
 20
1403.0380124015994
 10
619.6353111430723
 20
1402.902770513515
 10
620.4206789613894
 20
1400.2696508331314
 10
620.4225307286105
 20
1400.2634177186414
 10
622.4567654802025
 20
1393.3888288657595
 10
622.4936193937601
 20
1393.252581423123
 10
624.7953835942426
 20
1383.8729433336002
 10
624.8244829452101
 20
1383.7417323475984
 10
625.8000301940552
 20
1378.8242639489536
 10
625.8573772571353
 20
1378.240488570202
 10
625.8573772571353
 20
1248.8664363749822
 10
625.8035905197797
 20
1248.3009035191565
 10
625.644158983123
 20
1247.7556494414523
 10
623.6522596647612
 20
1242.7583016577717
 10
623.4047396805528
 20
1241.8951558830008
 10
621.7853246220939
 20
1232.9577400434719
 10
621.7142560236399
 20
1232.0626221599496
 10
621.9030859404107
 20
1222.981639268062
 10
622.0113031717825
 20
1222.0902494532663
 10
624.0008469199348
 20
1213.227878286676
 10
624.2840339302107
 20
1212.375768030724
 10
625.5955746392041
 20
1209.4457398854431
 10
625.7911966232693
 20
1208.8467274961338
 10
625.8573772571353
 20
1208.220066561579
 10
625.8573772571353
 20
1125.823164082876
 10
625.7997330983451
 20
1125.2378931168278
 10
625.6290158546692
 20
1124.6751137857807
 10
625.3517860940431
 20
1124.1564533838173
 10
624.978697600695
 20
1123.7018437393162
 10
624.5240879561942
 20
1123.3287552459683
 10
624.0054275542307
 20
1123.0515254853422
 10
623.4426482231837
 20
1122.8808082416663
 10
622.8573772571353
 20
1122.823164082876
 10
594.5520518045136
 20
1122.823164082876
 10
594.5520518045136
 20
1113.823164082876
 10
564.5520518045136
 20
1113.823164082876
 10
564.5520518045136
 20
1122.823164082876
 10
549.9141393147628
 20
1122.823164082876
 10
549.3303684728005
 20
1122.8805102459332
  0
TEXT
  5
AD
330
17
100
AcDbEntity
  8
TEXT
100
AcDbText
 10
589.7226646695738
 20
1260.4767101862712
 30
0.0
 40
10.0
  1
РВ5
 72
1
 11
589.7226646695738
 21
1260.4767101862712
 31
0.0
100
AcDbText
 73
2
  0
LWPOLYLINE
  5
AE
330
17
100
AcDbEntity
  8
CUT_OUT
100
AcDbPolyline
 90
132
 70
1
 10
642.303036038745
 20
1122.8804083625473
 10
641.7420377549834
 20
1123.0499565965247
 10
641.2247075189292
 20
1123.325338340459
 10
640.7707881283924
 20
1123.6960442413063
 10
640.3976024423997
 20
1124.1479271042238
 10
640.1193922914701
 20
1124.663741789889
 10
639.9467749687284
 20
1125.2238033382189
 10
639.8863380437074
 20
1125.8067382026095
 10
639.8625827368618
 20
1130.1453094778108
 10
639.8625548894249
 20
1130.151599942424
 10
639.8573772571353
 20
1131.6841279366558
 10
639.8575228876493
 20
1131.7255120889158
 10
639.8757212400798
 20
1133.4725297737011
 10
639.8766190818193
 20
1133.5654538545125
 10
639.9808597740285
 20
1145.5377555884988
 10
639.9814534549766
 20
1145.5767807623479
 10
640.243605371051
 20
1157.6463878792472
 10
640.2437248782406
 20
1157.6516753613066
 10
640.2960786925613
 20
1159.8810293803922
 10
640.2970658619658
 20
1159.9149097342863
 10
640.3853080523293
 20
1162.4511976690505
 10
640.3878347282863
 20
1162.5252065336888
 10
640.8128655855453
 20
1175.2590956088954
 10
640.8140288839284
 20
1175.2893638970654
 10
641.3679892294186
 20
1188.0270562356372
 10
641.3681706574313
 20
1188.031163142088
 10
641.5047852401203
 20
1191.0763251020574
 10
641.5061330653888
 20
1191.103595954666
 10
641.681912323563
 20
1194.3595791983955
 10
641.6850583490816
 20
1194.4184416997368
 10
642.3655441221454
 20
1207.2968961323231
 10
642.3670779325405
 20
1207.3236549617563
 10
643.1429788998106
 20
1219.8781217058645
 10
643.1431883610311
 20
1219.8814802971615
 10
643.3632344048782
 20
1223.3782237303333
 10
643.3650469843967
 20
1223.4051015436462
 10
643.6192698490049
 20
1226.938457793938
 10
643.6230154644051
 20
1226.9908677932792
 10
644.4937743603723
 20
1239.268141100698
 10
644.4957521111897
 20
1239.2943935867638
 10
645.4532443220947
 20
1251.3005698647196
 10
645.4535049795544
 20
1251.3038160630513
 10
645.738975127808
 20
1254.8350042473892
 10
645.7411146550614
 20
1254.8601520977165
 10
646.0576942037225
 20
1258.404625286473
 10
646.0626650777783
 20
1258.4606076990717
 10
647.1137700849354
 20
1270.3764232753072
 10
647.115936576645
 20
1270.3999269265678
 10
648.2571791504348
 20
1282.2698687918
 10
648.2575251667931
 20
1282.2734451878705
 10
648.5955223428293
 20
1285.745263886546
 10
648.5977222952096
 20
1285.7670374432594
 10
648.9641858864693
 20
1289.2663709530552
 10
648.9707058332099
 20
1289.3289865234951
 10
650.2047735522584
 20
1301.2555654484256
 10
650.2068748690874
 20
1301.2752395588368
 10
651.5297943058727
 20
1313.2862013943818
 10
651.5301936288067
 20
1313.2898068681898
 10
651.9141336852194
 20
1316.7373376873136
 10
651.916074991519
 20
1316.7543289429927
 10
652.3275274928889
 20
1320.2667625641811
 10
652.3335684186072
 20
1320.3185532573746
 10
653.7462570801755
 20
1332.4866789117214
 10
653.7480609772218
 20
1332.5018781207782
 10
655.2426863286898
 20
1344.8265182712375
 10
655.6761588274182
 20
1348.3780308029027
 10
655.6776032704696
 20
1348.389675919896
 10
656.1405322075082
 20
1352.062991525016
 10
657.7137755378426
 20
1364.5848302448262
 10
657.7155347976591
 20
1364.5985758867073
 10
659.3379973787111
 20
1377.0469886878263
 10
659.8080176665394
 20
1380.6461673537437
 10
659.8101300329777
 20
1380.6620138440508
 10
660.2929128001507
 20
1384.2115058230545
 10
661.9310603660393
 20
1396.2873390360414
 10
661.9336224924232
 20
1396.3057956164769
 10
663.6288064441816
 20
1408.2448921221003
 10
663.7760877887266
 20
1408.83858305603
 10
664.0407278990336
 20
1409.390059557341
 10
664.4117247824275
 20
1409.876394865532
 10
664.873654832151
 20
1410.277370361845
 10
665.4073140393424
 20
1410.576316126259
 10
665.990516369233
 20
1410.7608039629624
 10
666.5990161103385
 20
1410.823164082876
 10
706.3678244590623
 20
1410.823164082876
 10
706.9882211081181
 20
1410.7583145045478
 10
707.5817961164489
 20
1410.5665694147697
 10
708.1228874247238
 20
1410.2562185390202
 10
708.588102004157
 20
1409.8406792929175
 10
708.9573272085429
 20
1409.3379167063867
 10
709.2146003053399
 20
1408.769666740585
 10
711.5411935231635
 20
1401.7720219662488
 10
711.583351856965
 20
1401.6342586380956
 10
711.6776053988342
 20
1401.2975713165465
 10
714.0182756031256
 20
1392.9338611285443
 10
714.0325057904562
 20
1392.8811715849683
 10
714.0440449732124
 20
1392.836848060806
 10
714.064877924656
 20
1392.7517480383233
 10
716.1102886093929
 20
1383.8346870151286
 10
716.1364074129989
 20
1383.7084288709832
 10
717.7266184247301
 20
1375.0919277447779
 10
717.8140151392736
 20
1374.6166879236284
 10
717.8331362718918
 20
1374.4997803110762
 10
717.8892975241913
 20
1374.1079957943066
 10
718.0665022799687
 20
1372.8801182393154
 10
718.0972640834234
 20
1372.4516028081543
 10
718.0972246380743
 20
1264.854313591592
 10
718.060786715921
 20
1264.3881604135554
 10
717.9523584352088
 20
1263.9333309779356
 10
716.2315002954525
 20
1258.5985132574078
 10
716.0473136784344
 20
1257.761426043677
 10
714.9997253681169
 20
1249.1552757629127
 10
714.9777191505552
 20
1248.2984470521023
 10
715.5821484782798
 20
1239.6498674513357
 10
715.7231222283723
 20
1238.8044290354442
 10
717.9958708250521
 20
1230.2842134584653
 10
718.097224550918
 20
1229.5110059976575
 10
718.097224550918
 20
1125.823164082876
 10
718.0395803921277
 20
1125.2378931168278
 10
717.8688631484519
 20
1124.6751137857807
 10
717.5916333878256
 20
1124.1564533838173
 10
717.2185448944776
 20
1123.7018437393162
 10
716.7639352499768
 20
1123.3287552459683
 10
716.2452748480133
 20
1123.0515254853422
 10
715.6824955169664
 20
1122.8808082416663
 10
715.097224550918
 20
1122.823164082876
 10
687.5466166433262
 20
1122.823164082876
 10
687.5466166433262
 20
1113.823164082876
 10
657.5466166433262
 20
1113.823164082876
 10
657.5466166433262
 20
1122.823164082876
 10
642.8862930751133
 20
1122.823164082876
 10
642.303036038745
 20
1122.8804083625473
  0
TEXT
  5
AF
330
17
100
AcDbEntity
  8
TEXT
100
AcDbText
 10
681.701026898855
 20
1261.2659221176716
 30
0.0
 40
10.0
  1
РВ6
 72
1
 11
681.701026898855
 21
1261.2659221176716
 31
0.0
100
AcDbText
 73
2
  0
LWPOLYLINE
  5
B0
330
17
100
AcDbEntity
  8
CUT_OUT
100
AcDbPolyline
 90
132
 70
1
 10
734.542922865033
 20
1122.8804083625473
 10
733.9819245812714
 20
1123.0499565965247
 10
733.4645943452173
 20
1123.325338340459
 10
733.0106749546804
 20
1123.6960442413063
 10
732.6374892686878
 20
1124.1479271042238
 10
732.3592791177582
 20
1124.663741789889
 10
732.1866617950164
 20
1125.2238033382189
 10
732.1262248699954
 20
1125.8067382026095
 10
732.1024695631498
 20
1130.1453094778108
 10
732.102441715713
 20
1130.151599942424
 10
732.0972640834234
 20
1131.6841279366558
 10
732.0974097139374
 20
1131.7255120889158
 10
732.1156080663678
 20
1133.4725297737011
 10
732.1165059081073
 20
1133.5654538545125
 10
732.2207466003166
 20
1145.5377555884988
 10
732.2213402812647
 20
1145.5767807623479
 10
732.483492197339
 20
1157.6463878792472
 10
732.4836117045287
 20
1157.6516753613066
 10
732.5359655188494
 20
1159.8810293803922
 10
732.5369526882539
 20
1159.9149097342863
 10
732.6251948786173
 20
1162.4511976690505
 10
732.6277215545744
 20
1162.5252065336888
 10
733.0527524118334
 20
1175.2590956088954
 10
733.0539157102164
 20
1175.2893638970654
 10
733.6078760557067
 20
1188.0270562356372
 10
733.6080574837193
 20
1188.031163142088
 10
733.7446720664084
 20
1191.0763251020574
 10
733.7460198916768
 20
1191.103595954666
 10
733.921799149851
 20
1194.3595791983955
 10
733.9249451753697
 20
1194.4184416997368
 10
734.6054309484334
 20
1207.2968961323231
 10
734.6069647588286
 20
1207.3236549617563
 10
735.3828657260987
 20
1219.8781217058645
 10
735.3830751873192
 20
1219.8814802971615
 10
735.6031212311663
 20
1223.3782237303333
 10
735.6049338106848
 20
1223.4051015436462
 10
735.859156675293
 20
1226.938457793938
 10
735.8629022906931
 20
1226.9908677932792
 10
736.7336611866604
 20
1239.268141100698
 10
736.7356389374778
 20
1239.2943935867638
 10
737.6931311483828
 20
1251.3005698647196
 10
737.6933918058425
 20
1251.3038160630513
 10
737.978861954096
 20
1254.8350042473892
 10
737.9810014813495
 20
1254.8601520977165
 10
738.2975810300105
 20
1258.404625286473
 10
738.3025519040664
 20
1258.4606076990717
 10
739.3536569112234
 20
1270.3764232753072
 10
739.3558234029331
 20
1270.3999269265678
 10
740.4970659767229
 20
1282.2698687918
 10
740.4974119930812
 20
1282.2734451878705
 10
740.8354091691174
 20
1285.745263886546
 10
740.8376091214976
 20
1285.7670374432594
 10
741.2040727127574
 20
1289.2663709530552
 10
741.2105926594979
 20
1289.3289865234951
 10
742.4446603785465
 20
1301.2555654484256
 10
742.4467616953755
 20
1301.2752395588368
 10
743.7696811321607
 20
1313.2862013943818
 10
743.7700804550948
 20
1313.2898068681898
 10
744.1540205115075
 20
1316.7373376873136
 10
744.1559618178071
 20
1316.7543289429927
 10
744.5674143191769
 20
1320.2667625641811
 10
744.5734552448953
 20
1320.3185532573746
 10
745.9861439064636
 20
1332.4866789117214
 10
745.9879478035099
 20
1332.5018781207782
 10
747.4825731549779
 20
1344.8265182712375
 10
747.9160456537063
 20
1348.3780308029027
 10
747.9174900967577
 20
1348.389675919896
 10
748.3804190337962
 20
1352.062991525016
 10
749.9536623641307
 20
1364.5848302448262
 10
749.9554216239471
 20
1364.5985758867073
 10
751.5778842049991
 20
1377.0469886878263
 10
752.0479044928275
 20
1380.6461673537437
 10
752.0500168592657
 20
1380.6620138440508
 10
752.5327996264388
 20
1384.2115058230545
 10
754.1709471923274
 20
1396.2873390360414
 10
754.1735093187112
 20
1396.3057956164769
 10
755.8686932704696
 20
1408.2448921221003
 10
756.0159746150147
 20
1408.83858305603
 10
756.2806147253217
 20
1409.390059557341
 10
756.6516116087156
 20
1409.876394865532
 10
757.1135416584391
 20
1410.277370361845
 10
757.6472008656305
 20
1410.576316126259
 10
758.230403195521
 20
1410.7608039629624
 10
758.8389029366266
 20
1410.823164082876
 10
798.6077112853503
 20
1410.823164082876
 10
799.2281079344061
 20
1410.7583145045478
 10
799.821682942737
 20
1410.5665694147697
 10
800.3627742510118
 20
1410.2562185390202
 10
800.8279888304451
 20
1409.8406792929175
 10
801.197214034831
 20
1409.3379167063867
 10
801.454487131628
 20
1408.769666740585
 10
803.7810803494516
 20
1401.7720219662488
 10
803.8232386832531
 20
1401.6342586380956
 10
803.9174922251223
 20
1401.2975713165465
 10
806.2581624294137
 20
1392.9338611285443
 10
806.2723926167442
 20
1392.8811715849683
 10
806.2839317995005
 20
1392.836848060806
 10
806.3047647509441
 20
1392.7517480383233
 10
808.350175435681
 20
1383.8346870151286
 10
808.376294239287
 20
1383.7084288709832
 10
809.9665052510181
 20
1375.0919277447779
 10
810.0539019655616
 20
1374.6166879236284
 10
810.0730230981799
 20
1374.4997803110762
 10
810.1291843504794
 20
1374.1079957943066
 10
810.3063891062568
 20
1372.8801182393154
 10
810.3371509097115
 20
1372.4516028081543
 10
810.3371114643624
 20
1264.854313591592
 10
810.3006735422091
 20
1264.3881604135554
 10
810.1922452614969
 20
1263.9333309779356
 10
808.4713871217406
 20
1258.5985132574078
 10
808.2872005047225
 20
1257.761426043677
 10
807.2396121944049
 20
1249.1552757629127
 10
807.2176059768433
 20
1248.2984470521023
 10
807.8220353045679
 20
1239.6498674513357
 10
807.9630090546603
 20
1238.8044290354442
 10
810.2357576513401
 20
1230.2842134584653
 10
810.337111377206
 20
1229.5110059976575
 10
810.337111377206
 20
1125.823164082876
 10
810.2794672184158
 20
1125.2378931168278
 10
810.1087499747399
 20
1124.6751137857807
 10
809.8315202141137
 20
1124.1564533838173
 10
809.4584317207657
 20
1123.7018437393162
 10
809.0038220762649
 20
1123.3287552459683
 10
808.4851616743014
 20
1123.0515254853422
 10
807.9223823432544
 20
1122.8808082416663
 10
807.337111377206
 20
1122.823164082876
 10
779.7865034696142
 20
1122.823164082876
 10
779.7865034696142
 20
1113.823164082876
 10
749.7865034696142
 20
1113.823164082876
 10
749.7865034696142
 20
1122.823164082876
 10
735.1261799014013
 20
1122.823164082876
 10
734.542922865033
 20
1122.8804083625473
  0
TEXT
  5
B1
330
17
100
AcDbEntity
  8
TEXT
100
AcDbText
 10
773.9409137251431
 20
1261.2659221176716
 30
0.0
 40
10.0
  1
РВ6
 72
1
 11
773.9409137251431
 21
1261.2659221176716
 31
0.0
100
AcDbText
 73
2
  0
LWPOLYLINE
  5
B2
330
17
100
AcDbEntity
  8
CUT_OUT
100
AcDbPolyline
 90
187
 70
1
 10
146.3171503530311
 20
261.0084918932
 10
146.58107520566077
 20
261.5616630987009
 10
146.9519149608533
 20
262.04965140429806
 10
147.41419098518057
 20
262.4520884649213
 10
147.9486081490806
 20
262.7521767941844
 10
148.53286019422515
 20
262.93739088159487
 10
149.1425607836323
 20
263.0
 10
183.80922278853456
 20
263.0
 10
183.80922278853456
 20
272.0
 10
213.80922278853456
 20
272.0
 10
213.80922278853456
 20
263.0
 10
221.14840729521197
 20
263.0
 10
221.73367826126037
 20
262.9423558412097
 10
222.29645759230723
 20
262.77163859753387
 10
222.8151179942708
 20
262.4944088369076
 10
223.2697276387716
 20
262.12132034355966
 10
223.6428161321196
 20
261.6667106990588
 10
223.92004589274583
 20
261.14805029709527
 10
224.09076313642166
 20
260.58527096604837
 10
224.14840729521197
 20
260.0
 10
224.14840729521197
 20
15.0
 10
224.09076313642166
 20
14.414729033951616
 10
223.92004589274583
 20
13.851949702904733
 10
223.6428161321196
 20
13.333289300941196
 10
223.2697276387716
 20
12.878679656440355
 10
222.8151179942708
 20
12.505591163092362
 10
222.29645759230723
 20
12.228361402466142
 10
221.73367826126037
 20
12.05764415879031
 10
221.14840729521197
 20
12.0
 10
213.39104798233126
 20
12.0
 10
212.80577701628286
 20
12.05764415879031
 10
212.242997685236
 20
12.228361402466142
 10
211.72433728327246
 20
12.505591163092362
 10
211.2697276387716
 20
12.878679656440355
 10
196.0547397028849
 20
28.093667592327066
 10
195.68165120953688
 20
28.5482772368279
 10
195.40442144891068
 20
29.066937638791444
 10
195.23370420523486
 20
29.629716969838327
 10
195.17606004644455
 20
30.21498793588671
 10
195.17606004644455
 20
49.66428566193714
 10
195.10685698346506
 20
50.3805440107338
 10
194.94320073605604
 20
50.93106427634929
 10
194.67717579365453
 20
51.44006983642666
 10
194.31862358799236
 20
51.88873033834777
 10
193.88080854090313
 20
52.26044785839726
 10
193.37992735506538
 20
52.54147093190379
 10
192.83450982678914
 20
52.7214032803531
 10
192.12062242344152
 20
52.81184586704819
 10
189.30191726055455
 20
52.895587209524194
 10
189.09260393062607
 20
52.909141598457765
 10
187.6368198516593
 20
53.05466598477828
 10
187.39378169701857
 20
53.08905249060349
 10
186.9843004326665
 20
53.164189468051816
 10
186.74081351760412
 20
53.219430668522946
 10
186.192659127188
 20
53.368027354131016
 10
186.02739880907365
 20
53.41797392151544
 10
184.72102670978393
 20
53.85419833242317
 10
184.56792524344655
 20
53.90998767175344
 10
183.07509621180895
 20
54.50036874134591
 10
182.94097629046814
 20
54.557213321427994
 10
181.0973465163689
 20
55.39197153847002
 10
180.97995598420687
 20
55.4482237358708
 10
178.89968865384338
 20
56.5011558975816
 10
178.80422078365748
 20
56.551656087457076
 10
176.47017218477114
 20
57.8406066244015
 10
176.356052074022
 20
57.90694553261143
 10
174.5530543954165
 20
59.00881299045274
 10
174.43164833097126
 20
59.08708359641224
 10
172.63602203303182
 20
60.30690627468638
 10
172.48905098641444
 20
60.41338470533752
 10
171.33572261629314
 20
61.30336900455811
 10
171.17949666623426
 20
61.432575821514206
 10
170.21653851818883
 20
62.28539292883477
 10
170.07045190089246
 20
62.42378567199616
 10
169.11334282182807
 20
63.39343019224894
 10
168.979578944767
 20
63.53816075273065
 10
167.9897369824438
 20
64.68237185970786
 10
167.86971630298106
 20
64.83035871375456
 10
166.83187442412597
 20
66.19652506196658
 10
166.72622011142823
 20
66.34473076935397
 10
165.55875002098992
 20
68.09221491362428
 10
165.47182745954024
 20
68.23031000229575
 10
164.17282550597767
 20
70.42421831250519
 10
164.10298691850525
 20
70.54884653626452
 10
162.6192497765997
 20
73.3510397678536
 10
162.5642480822307
 20
73.46024099729121
 10
160.96506558282078
 20
76.80316014273545
 10
160.92251788210265
 20
76.89613956701434
 10
159.2492608614411
 20
80.72379509488258
 10
159.2106862950733
 20
80.81620900338909
 10
157.543857275385
 20
85.00479518793577
 10
157.50900587723666
 20
85.09673093163799
 10
155.9223340525577
 20
89.49857653426847
 10
155.89096202886643
 20
89.59022262258
 10
154.3313790402375
 20
94.39814722862863
 10
154.321377704439
 20
94.429566890849
 10
154.29607971603016
 20
94.51057937975196
 10
154.27813950191313
 20
94.57019714800504
 10
152.78268223258468
 20
99.73337070251785
 10
152.7637774317533
 20
99.80164775065987
 10
151.2553827611997
 20
105.51069347297553
 10
151.2519793432307
 20
105.52369270460395
 10
151.1150914524301
 20
106.051351180799
 10
151.10626484270816
 20
106.08623423520302
 10
149.6281119276085
 20
112.07883945838765
 10
149.62083024882418
 20
112.1090315284871
 10
148.12788637105538
 20
118.44290456291867
 10
148.10326687799295
 20
118.54688092656212
 10
148.02417748200662
 20
118.87928662751304
 10
148.0198936706957
 20
118.89754434012414
 10
147.94275453907866
 20
119.2309964355324
 10
146.50458573256466
 20
125.46069731444297
 10
146.49695320039223
 20
125.4946567248175
 10
145.15107920350397
 20
131.64952362532756
 10
145.14519088226461
 20
131.67656397039522
 10
145.13564139350163
 20
131.72212434888814
 10
145.11748655918893
 20
131.81221634723917
 10
145.11567177823193
 20
131.8212943691936
 10
145.1047328837023
 20
131.87645628813462
 10
143.95375986403766
 20
137.65972311036137
 10
143.93954678031693
 20
137.73632169366314
 10
142.99979652377695
 20
143.1951431774039
 10
142.98456848436706
 20
143.29329079215313
 10
142.22695526000413
 20
148.77357502894543
 10
142.21669750060136
 20
148.85621575636728
 10
141.58828476149012
 20
154.56622235256498
 10
141.58032294724
 20
154.63831928722675
 10
141.57378591934548
 20
154.70416179659648
 10
141.57151618806438
 20
154.7299080043311
 10
141.04871131903124
 20
160.70648345733858
 10
141.04472607348686
 20
160.75694170010246
 10
140.61644582815714
 20
166.83202046981305
 10
140.59495983585575
 20
167.13475658778106
 10
140.5927459931075
 20
167.1686684038227
 10
140.57490520070007
 20
167.4680295770327
 10
140.21093520909594
 20
173.65293380440312
 10
140.20909319076466
 20
173.6876674207153
 10
139.9143756025607
 20
179.92890210384613
 10
139.90250765250508
 20
180.18126488066997
 10
139.90112219431742
 20
180.21469846577284
 10
139.89083794367397
 20
180.50153781083733
 10
139.67032348797855
 20
186.72427215788073
 10
139.66927768919226
 20
186.7596936288028
 10
139.52153805937115
 20
193.01612020554714
 10
139.51581553480816
 20
193.25992032328776
 10
139.51522312496533
 20
193.29287543154376
 10
139.51182843481823
 20
193.56485215380638
 10
139.4406440420486
 20
199.69722505797378
 10
139.44045833487417
 20
199.74196067259436
 10
139.46069642375303
 20
205.86564157422808
 10
139.46091932384704
 20
205.94023548406804
 10
139.46136261704063
 20
205.98361516058577
 10
139.4626351876215
 20
206.05653884842897
 10
139.46289486848656
 20
206.06975146650925
 10
139.58840919234652
 20
211.81214696811762
 10
139.59068190000164
 20
211.88047638456527
 10
139.83083195998606
 20
217.2561781380452
 10
139.8357946447511
 20
217.34057461011002
 10
140.19452506435917
 20
222.25777048019927
 10
140.20201219472992
 20
222.343453227159
 10
140.70502474546086
 20
227.28240856629617
 10
140.71404154138824
 20
227.36072057026962
 10
141.3827605467671
 20
232.5658486871497
 10
141.39247906322265
 20
232.6350990367588
 10
142.3316908066953
 20
238.80423968025207
 10
142.3434255237085
 20
238.87553680834083
 10
142.41284304642969
 20
239.26776311403773
 10
142.41562769417098
 20
239.28325998348458
 10
143.79464394118548
 20
246.84360705247315
 10
143.7976364365104
 20
246.85976243618205
 10
143.909110004011
 20
247.45249932770025
 10
143.91858290993122
 20
247.50298942205603
 10
144.05470244559342
 20
248.23061536389446
 10
144.9557495448334
 20
253.05517769006497
 10
144.98356962703943
 20
253.20537156491423
 10
145.1130219987549
 20
253.91040189646827
 10
145.18564098285802
 20
254.315007226374
 10
145.2936453496313
 20
254.9314677493681
 10
145.34155592198695
 20
255.20953989589742
 10
145.790078724238
 20
257.85858549511
 10
145.79615344473322
 20
257.89539230237455
 10
145.9218763080808
 20
258.6773147381964
 10
145.92764764270322
 20
258.71418378971026
 10
146.00649160827908
 20
259.23190400504933
 10
146.01489057049076
 20
259.28956026388806
 10
146.17115647119653
 20
260.4132268287978
 10
146.3171503530311
 20
261.0084918932
  0
TEXT
  5
B3
330
17
100
AcDbEntity
  8
TEXT
100
AcDbText
 10
183.80903947362944
 20
140.46573243553354
 30
0.0
 40
10.0
  1
РН10
 72
1
 11
183.80903947362944
 21
140.46573243553354
 31
0.0
100
AcDbText
 73
2
  0
LWPOLYLINE
  5
B4
330
17
100
AcDbEntity
  8
CUT_OUT
100
AcDbPolyline
 90
226
 70
1
 10
147.6093382494064
 20
534.9884695969861
 10
147.8711638874612
 20
535.5465283219787
 10
148.24152307007054
 20
536.0392922422694
 10
148.70477914179506
 20
536.4459567444007
 10
149.2413733177742
 20
536.749352353447
 10
149.82865046041567
 20
536.9366696324528
 10
150.44181558485573
 20
537.0
 10
182.32110911638165
 20
537.0
 10
182.32110911638165
 20
546.0
 10
212.32110911638165
 20
546.0
 10
212.32110911638165
 20
537.0
 10
219.85050737735435
 20
537.0
 10
220.43577834340272
 20
536.9423558412097
 10
220.99855767444961
 20
536.7716385975339
 10
221.51721807641314
 20
536.4944088369076
 10
221.97182772091398
 20
536.1213203435597
 10
222.34491621426196
 20
535.6667106990587
 10
222.6221459748882
 20
535.1480502970953
 10
222.79286321856404
 20
534.5852709660484
 10
222.85050737735435
 20
534.0
 10
222.85050737735435
 20
289.0
 10
222.79286321856404
 20
288.41472903395163
 10
222.6221459748882
 20
287.85194970290473
 10
222.34491621426196
 20
287.3332893009412
 10
221.97182772091398
 20
286.87867965644034
 10
221.51721807641314
 20
286.5055911630924
 10
220.99855767444961
 20
286.22836140246613
 10
220.43577834340272
 20
286.0576441587903
 10
219.85050737735435
 20
286.0
 10
212.0931480644736
 20
286.0
 10
211.50787709842524
 20
286.0576441587903
 10
210.94509776737834
 20
286.22836140246613
 10
210.4264373654148
 20
286.5055911630924
 10
209.97182772091398
 20
286.87867965644034
 10
198.17535749939032
 20
298.675149877964
 10
197.80226900604234
 20
299.12975952246484
 10
197.5250392454161
 20
299.64841992442837
 10
197.3543220017403
 20
300.21119925547526
 10
197.29667784294998
 20
300.79647022152363
 10
197.29667784294998
 20
323.2538593241045
 10
197.22739722923313
 20
323.9705141869745
 10
197.06356031709498
 20
324.52131398483516
 10
196.79724928593663
 20
325.03053042779976
 10
196.43832721760495
 20
325.4793042015062
 10
196.0000871316239
 20
325.85101454322603
 10
195.49875966559725
 20
326.1318948075907
 10
194.95291195813758
 20
326.31154232737083
 10
194.23855220815744
 20
326.4014541926648
 10
193.43643705817178
 20
326.4245875412096
 10
193.2407625630291
 20
326.43663916685705
 10
191.48019733780984
 20
326.6029633856244
 10
191.24413487122672
 20
326.6347629128679
 10
191.15820685671966
 20
326.64983272360814
 10
191.07079666364723
 20
326.6650810370621
 10
190.4712837557379
 20
326.7691013754908
 10
190.23862332705426
 20
326.8190484454431
 10
189.47585112805024
 20
327.01474184922193
 10
189.3201516278079
 20
327.059198723671
 10
187.7093070051648
 20
327.56654166913336
 10
187.56205859678627
 20
327.6171545306583
 10
185.98224528464337
 20
328.20644401265923
 10
185.84916784181888
 20
328.2597390191672
 10
183.93896399567234
 20
329.0782252343752
 10
183.81985809739953
 20
329.1323635792929
 10
181.6532754208883
 20
330.1747496745916
 10
181.54900030558298
 20
330.2274431020653
 10
179.34740524939582
 20
331.39433904395474
 10
179.2280189486778
 20
331.46114699581636
 10
177.35507427470603
 20
332.56605551600694
 10
177.2194412661801
 20
332.65102661440824
 10
175.7513566817663
 20
333.6262275408658
 10
175.7117429064502
 20
333.6525083982623
 10
175.55881260619753
 20
333.76099840745263
 10
175.314420666919
 20
333.9461192358885
 10
174.55579935650408
 20
334.5210493203592
 10
174.3872625751677
 20
334.658678093546
 10
174.04942698319766
 20
334.9556172454567
 10
173.61314233714776
 20
335.339723392098
 10
173.4623039487538
 20
335.48207432191873
 10
172.75313928191395
 20
336.19927436709094
 10
172.7107424022064
 20
336.2421012951645
 10
172.4641783967833
 20
336.4908590926133
 10
172.33563232303462
 20
336.62897749793206
 10
172.3072122790343
 20
336.66150773713287
 10
172.304864972885
 20
336.6641977468218
 10
171.18183602238162
 20
337.95273429564304
 10
171.07702986014343
 20
338.07987305436194
 10
169.6524412940885
 20
339.90808174570594
 10
169.63562721725268
 20
339.92965320096505
 10
169.55247446698655
 20
340.04160559170026
 10
167.9364198288759
 20
342.3264641439133
 10
167.8573144567745
 20
342.4441079804273
 10
166.32734272314684
 20
344.83981496044385
 10
166.2536770123227
 20
344.9614242520325
 10
164.67970146227643
 20
347.704427919015
 10
164.6109296370276
 20
347.8312478799775
 10
163.86656888693636
 20
349.28633990885163
 10
163.17998358480537
 20
350.6289061655893
 10
163.1191396018425
 20
350.755062998126
 10
161.5161088316578
 20
354.287309587979
 10
161.46658134716694
 20
354.40281199240917
 10
159.86250744463234
 20
358.3711403750423
 10
159.84646380947729
 20
358.41167604796647
 10
159.8405098282967
 20
358.4270447166974
 10
159.82023804690493
 20
358.48089876572317
 10
159.78959580360115
 20
358.5647329286899
 10
158.1247766998357
 20
363.11905169479263
 10
158.0975923091786
 20
363.19670386378624
 10
156.67146871510528
 20
367.45686167987907
 10
156.32474240719608
 20
368.4902870217046
 10
156.30561024889366
 20
368.54932916835867
 10
155.93919683862302
 20
369.7212906596256
 10
155.93769508049263
 20
369.7261082069332
 10
154.54408845906022
 20
374.2099816187878
 10
154.52765794695918
 20
374.2646776851677
 10
153.30043058149224
 20
378.495790685719
 10
153.267692095286
 20
378.608232011202
 10
152.7326047530912
 20
380.43780898888923
 10
152.7184755530851
 20
380.48771715197904
 10
152.1508955873659
 20
382.5607761180395
 10
152.14911398041443
 20
382.5673123202181
 10
151.0453816120433
 20
386.6346829648294
 10
151.03296259964648
 20
386.6819694845191
 10
150.0811672560091
 20
390.4300634706949
 10
150.06201139617536
 20
390.50528935712146
 10
149.41659246804394
 20
393.03145148506945
 10
149.4043170389397
 20
393.0812698324886
 10
148.73826395941063
 20
395.8874534715462
 10
147.94281843636998
 20
399.24445712964507
 10
147.93116773024533
 20
399.295616431319
 10
147.26990701974225
 20
402.32124157061673
 10
146.6125385505518
 20
405.33954130037256
 10
146.60077632331226
 20
405.3961671324282
 10
145.93475434362261
 20
408.76530787884644
 10
145.4026600077978
 20
411.4477186890033
 10
145.3913469293148
 20
411.5079696968786
 10
144.97055737995117
 20
413.8825218898762
 10
144.34530343146946
 20
417.42519708001385
 10
144.33507212169138
 20
417.48692129608855
 10
143.74023155070398
 20
421.32306553715785
 10
143.40570211508515
 20
423.48064164021605
 10
143.3976350070408
 20
423.53608581264405
 10
143.11611331091268
 20
425.6064560804245
 10
142.55647757944845
 20
429.71999735836323
 10
142.55027020117487
 20
429.7685911120122
 10
142.03051486072314
 20
434.11980613885146
 10
141.7966195637895
 20
436.0831157226232
 10
141.79206138427568
 20
436.12373024842225
 10
141.59071539193516
 20
438.0351580437014
 10
141.11524073441035
 20
442.5660853972963
 10
141.1116892430482
 20
442.60200960430257
 10
140.6726423916226
 20
447.33368800146036
 10
140.66763087202483
 20
447.3874160504406
 10
140.50892374712
 20
449.0787593722572
 10
140.50506766116985
 20
449.12344200820803
 10
140.37755404271462
 20
450.74217708734307
 10
140.37706830875445
 20
450.74842668150217
 10
140.03165865021583
 20
455.25348522292546
 10
140.02772704160142
 20
455.312352564507
 10
139.75935765565907
 20
460.0274809685492
 10
139.75214224859795
 20
460.15184403077905
 10
139.67275428867268
 20
461.4905774566082
 10
139.66945014778673
 20
461.5598287813081
 10
139.62542512989398
 20
462.77812318649785
 10
139.625103173355
 20
462.78743311153346
 10
139.4786644232052
 20
467.22124665729586
 10
139.4770733571819
 20
467.30405701341937
 10
139.4526278551348
 20
471.8256869260255
 10
139.45135565730922
 20
472.00394060348526
 10
139.44045833487417
 20
473.21965935935333
 10
139.44077288140826
 20
473.2976392170398
 10
139.45976931107862
 20
474.41294870492754
 10
139.4599593077216
 20
474.4230956956908
 10
139.5510504952095
 20
478.88473189287754
 10
139.55347217184723
 20
478.9586657391288
 10
139.75060751566127
 20
483.3294750327202
 10
139.75646734960043
 20
483.4632611317016
 10
139.81102074439968
 20
484.7491834016515
 10
139.8152170239867
 20
484.82526629121753
 10
139.90108094991183
 20
486.0897861385894
 10
139.90133397127144
 20
486.093478687962
 10
140.1899553993254
 20
490.2678118888358
 10
140.19576556547764
 20
490.33938500399455
 10
140.55420875189841
 20
494.18379120825955
 10
140.6846018783052
 20
495.56991385737456
 10
140.692772227244
 20
495.6462722032017
 10
140.873270520679
 20
497.150870176257
 10
140.88508554875713
 20
497.25017309308214
 10
141.3212519708758
 20
500.9484765345656
 10
141.33027309603153
 20
501.0179781804824
 10
141.81832173083475
 20
504.46237002950295
 10
141.81913959051016
 20
504.46810222520185
 10
142.08407519903932
 20
506.31224766733476
 10
142.09364775122222
 20
506.37426448972553
 10
142.48080490713505
 20
508.71953804971935
 10
142.48152467349678
 20
508.7238783560133
 10
143.00852409945293
 20
511.8873946477289
 10
143.02286674999624
 20
511.9668758670009
 10
143.46784117148027
 20
514.2559850534054
 10
143.50096558199516
 20
514.4279494277134
 10
144.1081934892808
 20
517.6111834154443
 10
144.11768451486276
 20
517.6588376224151
 10
144.2701682600097
 20
518.3933522966144
 10
144.27679260241047
 20
518.4244336778091
 10
144.8951922299151
 20
521.2524058002055
 10
144.94879892569557
 20
521.5004215165611
 10
145.26376522113935
 20
522.9761943339529
 10
145.26448385971105
 20
522.9795520958104
 10
146.00888284153507
 20
526.4479760811282
 10
146.01272169809718
 20
526.4656041857197
 10
146.07574739963982
 20
526.7508907810553
 10
146.08198830889725
 20
526.779584467534
 10
146.21612828214805
 20
527.4061536371348
 10
146.22234865240824
 20
527.4356927061574
 10
146.2612580614365
 20
527.6235875837638
 10
146.26946926744694
 20
527.6641795781422
 10
146.43976175843605
 20
528.5264162588162
 10
146.44759904578922
 20
528.5670821024509
 10
146.5517754773228
 20
529.1213424804421
 10
146.55508807123528
 20
529.138685524279
 10
146.93937683697567
 20
531.1189834875327
 10
146.96372524786446
 20
531.2557027978319
 10
147.43596071001238
 20
534.1669179305832
 10
147.45609361941703
 20
534.3044370795255
 10
147.4671004985004
 20
534.3886774434025
 10
147.6093382494064
 20
534.9884695969861
  0
TEXT
  5
B5
330
17
100
AcDbEntity
  8
TEXT
100
AcDbText
 10
183.75421889153233
 20
415.6538594849451
 30
0.0
 40
10.0
  1
РН9
 72
1
 11
183.75421889153233
 21
415.6538594849451
 31
0.0
100
AcDbText
 73
2
  0
LWPOLYLINE
  5
B6
330
17
100
AcDbEntity
  8
CUT_OUT
100
AcDbPolyline
 90
226
 70
1
 10
245.01938729188657
 20
534.9884695969861
 10
245.28121292994138
 20
535.5465283219787
 10
245.65157211255072
 20
536.0392922422694
 10
246.11482818427524
 20
536.4459567444007
 10
246.65142236025437
 20
536.749352353447
 10
247.23869950289586
 20
536.9366696324528
 10
247.8518646273359
 20
537.0
 10
279.73115815886183
 20
537.0
 10
279.73115815886183
 20
546.0
 10
309.73115815886183
 20
546.0
 10
309.73115815886183
 20
537.0
 10
317.26055641983453
 20
537.0
 10
317.8458273858829
 20
536.9423558412097
 10
318.4086067169298
 20
536.7716385975339
 10
318.9272671188933
 20
536.4944088369076
 10
319.3818767633942
 20
536.1213203435597
 10
319.75496525674214
 20
535.6667106990587
 10
320.0321950173684
 20
535.1480502970953
 10
320.2029122610442
 20
534.5852709660484
 10
320.26055641983453
 20
534.0
 10
320.26055641983453
 20
289.0
 10
320.2029122610442
 20
288.41472903395163
 10
320.0321950173684
 20
287.85194970290473
 10
319.75496525674214
 20
287.3332893009412
 10
319.3818767633942
 20
286.87867965644034
 10
318.9272671188933
 20
286.5055911630924
 10
318.4086067169298
 20
286.22836140246613
 10
317.8458273858829
 20
286.0576441587903
 10
317.26055641983453
 20
286.0
 10
309.5031971069538
 20
286.0
 10
308.9179261409054
 20
286.0576441587903
 10
308.3551468098585
 20
286.22836140246613
 10
307.836486407895
 20
286.5055911630924
 10
307.3818767633942
 20
286.87867965644034
 10
295.5854065418705
 20
298.675149877964
 10
295.21231804852255
 20
299.12975952246484
 10
294.9350882878963
 20
299.64841992442837
 10
294.76437104422047
 20
300.21119925547526
 10
294.70672688543016
 20
300.79647022152363
 10
294.70672688543016
 20
323.2538593241045
 10
294.6374462717133
 20
323.9705141869745
 10
294.47360935957516
 20
324.52131398483516
 10
294.2072983284168
 20
325.03053042779976
 10
293.8483762600851
 20
325.4793042015062
 10
293.4101361741041
 20
325.85101454322603
 10
292.90880870807746
 20
326.1318948075907
 10
292.36296100061776
 20
326.31154232737083
 10
291.6486012506376
 20
326.4014541926648
 10
290.846486100652
 20
326.4245875412096
 10
290.65081160550926
 20
326.43663916685705
 10
288.89024638029
 20
326.6029633856244
 10
288.6541839137069
 20
326.6347629128679
 10
288.56825589919987
 20
326.64983272360814
 10
288.4808457061274
 20
326.6650810370621
 10
287.88133279821807
 20
326.7691013754908
 10
287.64867236953444
 20
326.8190484454431
 10
286.8859001705304
 20
327.01474184922193
 10
286.73020067028807
 20
327.059198723671
 10
285.11935604764494
 20
327.56654166913336
 10
284.9721076392664
 20
327.6171545306583
 10
283.3922943271235
 20
328.20644401265923
 10
283.25921688429906
 20
328.2597390191672
 10
281.3490130381525
 20
329.0782252343752
 10
281.22990713987974
 20
329.1323635792929
 10
279.0633244633685
 20
330.1747496745916
 10
278.95904934806316
 20
330.2274431020653
 10
276.757454291876
 20
331.39433904395474
 10
276.638067991158
 20
331.46114699581636
 10
274.76512331718624
 20
332.56605551600694
 10
274.62949030866025
 20
332.65102661440824
 10
273.1614057242465
 20
333.6262275408658
 10
273.1217919489304
 20
333.6525083982623
 10
272.9688616486777
 20
333.76099840745263
 10
272.72446970939916
 20
333.9461192358885
 10
271.96584839898424
 20
334.5210493203592
 10
271.7973116176479
 20
334.658678093546
 10
271.4594760256778
 20
334.9556172454567
 10
271.023191379628
 20
335.339723392098
 10
270.872352991234
 20
335.48207432191873
 10
270.1631883243941
 20
336.19927436709094
 10
270.1207914446866
 20
336.2421012951645
 10
269.8742274392635
 20
336.4908590926133
 10
269.74568136551477
 20
336.62897749793206
 10
269.7172613215145
 20
336.66150773713287
 10
269.7149140153652
 20
336.6641977468218
 10
268.5918850648618
 20
337.95273429564304
 10
268.4870789026236
 20
338.07987305436194
 10
267.0624903365687
 20
339.90808174570594
 10
267.04567625973283
 20
339.92965320096505
 10
266.96252350946673
 20
340.04160559170026
 10
265.3464688713561
 20
342.3264641439133
 10
265.2673634992547
 20
342.4441079804273
 10
263.737391765627
 20
344.83981496044385
 10
263.66372605480285
 20
344.9614242520325
 10
262.08975050475664
 20
347.704427919015
 10
262.0209786795078
 20
347.8312478799775
 10
261.27661792941655
 20
349.28633990885163
 10
260.59003262728555
 20
350.6289061655893
 10
260.5291886443227
 20
350.755062998126
 10
258.92615787413797
 20
354.287309587979
 10
258.8766303896471
 20
354.40281199240917
 10
257.2725564871125
 20
358.3711403750423
 10
257.25651285195744
 20
358.41167604796647
 10
257.2505588707769
 20
358.4270447166974
 10
257.2302870893851
 20
358.48089876572317
 10
257.1996448460813
 20
358.5647329286899
 10
255.5348257423159
 20
363.11905169479263
 10
255.50764135165878
 20
363.19670386378624
 10
254.08151775758546
 20
367.45686167987907
 10
253.73479144967627
 20
368.4902870217046
 10
253.71565929137384
 20
368.54932916835867
 10
253.3492458811032
 20
369.7212906596256
 10
253.3477441229728
 20
369.7261082069332
 10
251.9541375015404
 20
374.2099816187878
 10
251.93770698943936
 20
374.2646776851677
 10
250.71047962397242
 20
378.495790685719
 10
250.6777411377662
 20
378.608232011202
 10
250.1426537955714
 20
380.43780898888923
 10
250.1285245955653
 20
380.48771715197904
 10
249.5609446298461
 20
382.5607761180395
 10
249.5591630228946
 20
382.5673123202181
 10
248.45543065452347
 20
386.6346829648294
 10
248.44301164212666
 20
386.6819694845191
 10
247.4912162984893
 20
390.4300634706949
 10
247.47206043865555
 20
390.50528935712146
 10
246.82664151052413
 20
393.03145148506945
 10
246.81436608141988
 20
393.0812698324886
 10
246.1483130018908
 20
395.8874534715462
 10
245.35286747885016
 20
399.24445712964507
 10
245.34121677272552
 20
399.295616431319
 10
244.67995606222243
 20
402.32124157061673
 10
244.02258759303197
 20
405.33954130037256
 10
244.01082536579244
 20
405.3961671324282
 10
243.3448033861028
 20
408.76530787884644
 10
242.812709050278
 20
411.4477186890033
 10
242.801395971795
 20
411.5079696968786
 10
242.38060642243136
 20
413.8825218898762
 10
241.75535247394964
 20
417.42519708001385
 10
241.74512116417156
 20
417.48692129608855
 10
241.15028059318416
 20
421.32306553715785
 10
240.81575115756533
 20
423.48064164021605
 10
240.807684049521
 20
423.53608581264405
 10
240.52616235339286
 20
425.6064560804245
 10
239.96652662192864
 20
429.71999735836323
 10
239.96031924365505
 20
429.7685911120122
 10
239.44056390320333
 20
434.11980613885146
 10
239.2066686062697
 20
436.0831157226232
 10
239.20211042675587
 20
436.12373024842225
 10
239.00076443441534
 20
438.0351580437014
 10
238.52528977689053
 20
442.5660853972963
 10
238.5217382855284
 20
442.60200960430257
 10
238.08269143410277
 20
447.33368800146036
 10
238.077679914505
 20
447.3874160504406
 10
237.9189727896002
 20
449.0787593722572
 10
237.91511670365003
 20
449.12344200820803
 10
237.7876030851948
 20
450.74217708734307
 10
237.78711735123463
 20
450.74842668150217
 10
237.441707692696
 20
455.25348522292546
 10
237.4377760840816
 20
455.312352564507
 10
237.16940669813926
 20
460.0274809685492
 10
237.16219129107813
 20
460.15184403077905
 10
237.08280333115286
 20
461.4905774566082
 10
237.07949919026692
 20
461.5598287813081
 10
237.03547417237417
 20
462.77812318649785
 10
237.03515221583518
 20
462.78743311153346
 10
236.88871346568538
 20
467.22124665729586
 10
236.88712239966208
 20
467.30405701341937
 10
236.862676897615
 20
471.8256869260255
 10
236.8614046997894
 20
472.00394060348526
 10
236.85050737735435
 20
473.21965935935333
 10
236.85082192388845
 20
473.2976392170398
 10
236.8698183535588
 20
474.41294870492754
 10
236.87000835020177
 20
474.4230956956908
 10
236.96109953768968
 20
478.88473189287754
 10
236.96352121432741
 20
478.9586657391288
 10
237.16065655814145
 20
483.3294750327202
 10
237.1665163920806
 20
483.4632611317016
 10
237.22106978687987
 20
484.7491834016515
 10
237.22526606646687
 20
484.82526629121753
 10
237.311129992392
 20
486.0897861385894
 10
237.31138301375162
 20
486.093478687962
 10
237.6000044418056
 20
490.2678118888358
 10
237.60581460795783
 20
490.33938500399455
 10
237.9642577943786
 20
494.18379120825955
 10
238.09465092078537
 20
495.56991385737456
 10
238.1028212697242
 20
495.6462722032017
 10
238.28331956315918
 20
497.150870176257
 10
238.29513459123731
 20
497.25017309308214
 10
238.731301013356
 20
500.9484765345656
 10
238.74032213851171
 20
501.0179781804824
 10
239.22837077331494
 20
504.46237002950295
 10
239.22918863299034
 20
504.46810222520185
 10
239.4941242415195
 20
506.31224766733476
 10
239.5036967937024
 20
506.37426448972553
 10
239.89085394961523
 20
508.71953804971935
 10
239.89157371597696
 20
508.7238783560133
 10
240.4185731419331
 20
511.8873946477289
 10
240.43291579247642
 20
511.9668758670009
 10
240.87789021396046
 20
514.2559850534054
 10
240.91101462447534
 20
514.4279494277134
 10
241.518242531761
 20
517.6111834154443
 10
241.52773355734294
 20
517.6588376224151
 10
241.6802173024899
 20
518.3933522966144
 10
241.68684164489065
 20
518.4244336778091
 10
242.30524127239528
 20
521.2524058002055
 10
242.35884796817575
 20
521.5004215165611
 10
242.67381426361953
 20
522.9761943339529
 10
242.67453290219123
 20
522.9795520958104
 10
243.41893188401525
 20
526.4479760811282
 10
243.42277074057736
 20
526.4656041857197
 10
243.48579644212
 20
526.7508907810553
 10
243.49203735137743
 20
526.779584467534
 10
243.62617732462823
 20
527.4061536371348
 10
243.63239769488843
 20
527.4356927061574
 10
243.6713071039167
 20
527.6235875837638
 10
243.67951830992712
 20
527.6641795781422
 10
243.84981080091623
 20
528.5264162588162
 10
243.8576480882694
 20
528.5670821024509
 10
243.96182451980297
 20
529.1213424804421
 10
243.96513711371546
 20
529.138685524279
 10
244.34942587945585
 20
531.1189834875327
 10
244.37377429034464
 20
531.2557027978319
 10
244.84600975249256
 20
534.1669179305832
 10
244.86614266189721
 20
534.3044370795255
 10
244.87714954098058
 20
534.3886774434025
 10
245.01938729188657
 20
534.9884695969861
  0
TEXT
  5
B7
330
17
100
AcDbEntity
  8
TEXT
100
AcDbText
 10
281.1642679340125
 20
415.6538594849451
 30
0.0
 40
10.0
  1
РН9
 72
1
 11
281.1642679340125
 21
415.6538594849451
 31
0.0
100
AcDbText
 73
2
  0
LWPOLYLINE
  5
B8
330
17
100
AcDbEntity
  8
CUT_OUT
100
AcDbPolyline
 90
149
 70
1
 10
741.8892120000978
 20
1427.2353317244238
 10
741.7170424554675
 20
1426.670350386835
 10
741.4375178215723
 20
1426.1500502398358
 10
741.0614726677687
 20
1425.694598479248
 10
740.6034827659423
 20
1425.3216487323025
 10
740.0813001234446
 20
1425.0456567907609
 10
739.5151649029337
 20
1424.877320294365
 10
738.9270208995819
 20
1424.823164082876
 10
738.1199614290562
 20
1424.8286339584267
 10
738.1120174596577
 20
1424.8286983176815
 10
735.6293882316404
 20
1424.8520990594131
 10
735.5914128015631
 20
1424.852697433745
 10
733.2579888479711
 20
1424.9042409839724
 10
733.1154487440933
 20
1424.9072054196931
 10
722.2601720589391
 20
1425.1170467636725
 10
722.2255201254546
 20
1425.1179169034683
 10
708.4868333235747
 20
1425.5423403742998
 10
708.4803964314094
 20
1425.5425461424525
 10
708.2473024391429
 20
1425.550247917819
 10
708.2206416598499
 20
1425.5512475274525
 10
707.9345757598819
 20
1425.563247208638
 10
707.8332908124864
 20
1425.5674339717004
 10
701.2680574066212
 20
1425.8319595286393
 10
692.9193005845684
 20
1426.1766975415826
 10
692.8923670006529
 20
1426.1779309514445
 10
678.289270336362
 20
1426.9124451855846
 10
678.1359199687356
 20
1426.919930492912
 10
676.7100251090071
 20
1426.9872801070626
 10
676.6814059321212
 20
1426.9887689146865
 10
674.95825606272
 20
1427.0866641820369
 10
674.9514360433325
 20
1427.0870594303897
 10
660.2939163750982
 20
1427.9532692501268
 10
660.2650631391023
 20
1427.9551139405032
 10
646.579285699479
 20
1428.896332812856
 10
646.4913386578993
 20
1428.9023064289647
 10
643.5556133225211
 20
1429.0990366828037
 10
643.5213844361947
 20
1429.1015271890662
 10
640.4179463122407
 20
1429.3451875198848
 10
640.4149371361754
 20
1429.3454253027026
 10
627.0869721521692
 20
1430.4053383589899
 10
627.0576671210999
 20
1430.4078134631302
 10
613.7218946270198
 20
1431.6000138160537
 10
610.6299368880575
 20
1431.875038187863
 10
610.6029077516903
 20
1431.8775656955008
 10
607.5865757862906
 20
1432.1733970838618
 10
594.2903125511787
 20
1433.4807269365722
 10
594.2670831000173
 20
1433.4831022415558
 10
580.5225644500218
 20
1434.9426062818366
 10
577.9995474208026
 20
1435.210200241462
 10
577.979926715999
 20
1435.2123465289249
 10
575.4731168759344
 20
1435.49491190704
 10
561.7739731723127
 20
1437.0427620776607
 10
561.7583063952724
 20
1437.0445739674553
 10
547.8714861491148
 20
1438.6876102668944
 10
545.4499201191823
 20
1438.9730795356352
 10
545.4396161050804
 20
1438.974312309949
 10
542.9512841744402
 20
1439.2763831306393
 10
529.0276727502733
 20
1440.9764944702872
 10
529.0212291436767
 20
1440.977288329978
 10
514.904003871234
 20
1442.7320561437361
 10
514.8517192269605
 20
1442.7385279820323
 10
512.2682033577835
 20
1443.0568965655086
 10
509.63296648723355
 20
1443.3822355588027
 10
509.62860878123826
 20
1443.3827767873076
 10
495.3943293835094
 20
1445.1612581567745
 10
495.387404459826
 20
1445.1621315640077
 10
481.018873674423
 20
1446.99134834289
 10
480.9222811251736
 20
1447.0035525442427
 10
478.5726703233125
 20
1447.298030788793
 10
478.561855204839
 20
1447.299406219344
 10
476.3692958552717
 20
1447.5822979178997
 10
476.36163568910644
 20
1447.5832962876668
 10
462.61729080835056
 20
1449.3926325590066
 10
462.5976177195068
 20
1449.395288615894
 10
456.5361313845314
 20
1450.2340775810521
 10
455.9404955137996
 20
1450.3797667970498
 10
455.3869247453517
 20
1450.6435220671021
 10
454.89854649324155
 20
1451.0143240641657
 10
454.4957645191834
 20
1451.4766811983536
 10
454.19540649186666
 20
1452.0112768339388
 10
454.0100209504448
 20
1452.595776311434
 10
453.94735304408476
 20
1453.2057600584903
 10
453.94735304408476
 20
1485.133237139142
 10
454.01431924532545
 20
1485.7635646217536
 10
454.21222820097506
 20
1486.3657516796666
 10
454.53224443706614
 20
1486.9129141930775
 10
454.96008110582096
 20
1487.3806245653302
 10
455.47663780960096
 20
1487.7480022718178
 10
456.05885332162103
 20
1487.9986460529242
 10
460.6032812858618
 20
1489.4077723265123
 10
460.73771873543245
 20
1489.4460490170268
 10
467.02645457901014
 20
1491.0791798342254
 10
467.3175559413715
 20
1491.1556850457096
 10
469.3560611356681
 20
1491.698158153022
 10
469.4954212234823
 20
1491.7317001492913
 10
471.583972853956
 20
1492.1818859284595
 10
471.59930195989745
 20
1492.1851482284972
 10
477.50290485031377
 20
1493.4254273585811
 10
477.6365085954977
 20
1493.4503502467032
 10
483.08298142583504
 20
1494.3391947436633
 10
483.34447001315044
 20
1494.3825598695246
 10
486.20897095521394
 20
1494.8656178470728
 10
486.3356953698156
 20
1494.8842153831188
 10
489.20362471148195
 20
1495.2427415087066
 10
489.2184649386915
 20
1495.2445591719675
 10
494.472050091041
 20
1495.87474614159
 10
494.59080832661374
 20
1495.88660060471
 10
499.64476204290344
 20
1496.2897362069564
 10
499.92030857486856
 20
1496.3124600530548
 10
501.5878376127884
 20
1496.4547330945902
 10
501.84287031898447
 20
1496.4655930111114
 10
564.6600615869875
 20
1496.4655880894254
 10
564.7370668393734
 20
1496.464599619064
 10
566.582750393849
 20
1496.4172080834342
 10
569.8150372983555
 20
1496.333177891851
 10
569.9952570346547
 20
1496.32880829669
 10
574.206875446346
 20
1496.2345015871178
 10
574.2960147528547
 20
1496.2325829838983
 10
577.906446587896
 20
1496.1581854331428
 10
578.630859731584
 20
1496.0539663555742
 10
579.3084809715423
 20
1495.7774424433449
 10
580.6878658796038
 20
1495.006349766697
 10
581.4762844539202
 20
1494.6600761576424
 10
589.7498980362946
 20
1491.9372147455647
 10
590.5898676717077
 20
1491.7475828066977
 10
599.2308125405181
 20
1490.6518055692932
 10
600.0915281746308
 20
1490.625769865949
 10
608.7829061532843
 20
1491.1972633584796
 10
609.632801884548
 20
1491.3357787245384
 10
618.0558652116229
 20
1493.5535839837812
 10
618.863771947812
 20
1493.8515705040713
 10
623.6680530389851
 20
1496.1678988556966
 10
624.3027089179511
 20
1496.3902190318533
 10
624.9709408018008
 20
1496.4655880894254
 10
738.9473530440848
 20
1496.4655880894254
 10
739.5326240101331
 20
1496.4079439306352
 10
740.09540334118
 20
1496.2372266869593
 10
740.6140637431436
 20
1495.9599969263331
 10
741.0686733876444
 20
1495.5869084329852
 10
741.4417618809923
 20
1495.1322987884841
 10
741.7189916416187
 20
1494.6136383865207
 10
741.8897088852945
 20
1494.050859055474
 10
741.9473530440848
 20
1493.4655880894254
 10
741.9473530440848
 20
1471.5627703200983
 10
750.9473530440848
 20
1471.5627703200983
 10
750.9473530440848
 20
1441.5627703200983
 10
741.9473530440848
 20
1441.5627703200983
 10
741.9473530440848
 20
1427.8230951827347
 10
741.8892120000978
 20
1427.2353317244238
  0
TEXT
  5
B9
330
17
100
AcDbEntity
  8
TEXT
100
AcDbText
 10
602.4473530440848
 20
1462.3842651892944
 30
0.0
 40
10.0
  1
РВ7
 72
1
 11
602.4473530440848
 21
1462.3842651892944
 31
0.0
100
AcDbText
 73
2
  0
LWPOLYLINE
  5
BA
330
17
100
AcDbEntity
  8
CUT_OUT
100
AcDbPolyline
 90
149
 70
1
 10
1052.8892120000978
 20
1427.2353317244238
 10
1052.7170424554677
 20
1426.670350386835
 10
1052.4375178215723
 20
1426.1500502398358
 10
1052.0614726677688
 20
1425.694598479248
 10
1051.6034827659423
 20
1425.3216487323025
 10
1051.0813001234446
 20
1425.0456567907609
 10
1050.515164902934
 20
1424.877320294365
 10
1049.927020899582
 20
1424.823164082876
 10
1049.1199614290563
 20
1424.8286339584267
 10
1049.1120174596579
 20
1424.8286983176815
 10
1046.6293882316404
 20
1424.8520990594131
 10
1046.5914128015631
 20
1424.852697433745
 10
1044.257988847971
 20
1424.9042409839724
 10
1044.1154487440933
 20
1424.9072054196931
 10
1033.2601720589391
 20
1425.1170467636725
 10
1033.2255201254548
 20
1425.1179169034683
 10
1019.4868333235747
 20
1425.5423403742998
 10
1019.4803964314095
 20
1425.5425461424525
 10
1019.2473024391429
 20
1425.550247917819
 10
1019.22064165985
 20
1425.5512475274525
 10
1018.934575759882
 20
1425.563247208638
 10
1018.8332908124864
 20
1425.5674339717004
 10
1012.2680574066212
 20
1425.8319595286393
 10
1003.9193005845685
 20
1426.1766975415826
 10
1003.8923670006529
 20
1426.1779309514445
 10
989.2892703363622
 20
1426.9124451855846
 10
989.1359199687357
 20
1426.919930492912
 10
987.7100251090072
 20
1426.9872801070626
 10
987.6814059321213
 20
1426.9887689146865
 10
985.9582560627201
 20
1427.0866641820369
 10
985.9514360433325
 20
1427.0870594303897
 10
971.2939163750982
 20
1427.9532692501268
 10
971.2650631391024
 20
1427.9551139405032
 10
957.5792856994791
 20
1428.896332812856
 10
957.4913386578994
 20
1428.9023064289647
 10
954.5556133225211
 20
1429.0990366828037
 10
954.5213844361948
 20
1429.1015271890662
 10
951.4179463122408
 20
1429.3451875198848
 10
951.4149371361755
 20
1429.3454253027026
 10
938.0869721521692
 20
1430.4053383589899
 10
938.0576671210999
 20
1430.4078134631302
 10
924.7218946270198
 20
1431.6000138160537
 10
921.6299368880576
 20
1431.875038187863
 10
921.6029077516904
 20
1431.8775656955008
 10
918.5865757862907
 20
1432.1733970838618
 10
905.2903125511787
 20
1433.4807269365722
 10
905.2670831000173
 20
1433.4831022415558
 10
891.522564450022
 20
1434.9426062818366
 10
888.9995474208027
 20
1435.210200241462
 10
888.9799267159991
 20
1435.2123465289249
 10
886.4731168759345
 20
1435.49491190704
 10
872.7739731723128
 20
1437.0427620776607
 10
872.7583063952725
 20
1437.0445739674553
 10
858.8714861491148
 20
1438.6876102668944
 10
856.4499201191824
 20
1438.9730795356352
 10
856.4396161050804
 20
1438.974312309949
 10
853.9512841744402
 20
1439.2763831306393
 10
840.0276727502733
 20
1440.9764944702872
 10
840.0212291436768
 20
1440.977288329978
 10
825.904003871234
 20
1442.7320561437361
 10
825.8517192269605
 20
1442.7385279820323
 10
823.2682033577835
 20
1443.0568965655086
 10
820.6329664872336
 20
1443.3822355588027
 10
820.6286087812383
 20
1443.3827767873076
 10
806.3943293835094
 20
1445.1612581567745
 10
806.387404459826
 20
1445.1621315640077
 10
792.018873674423
 20
1446.99134834289
 10
791.9222811251736
 20
1447.0035525442427
 10
789.5726703233125
 20
1447.298030788793
 10
789.561855204839
 20
1447.299406219344
 10
787.3692958552717
 20
1447.5822979178997
 10
787.3616356891065
 20
1447.5832962876668
 10
773.6172908083506
 20
1449.3926325590066
 10
773.5976177195068
 20
1449.395288615894
 10
767.5361313845315
 20
1450.2340775810521
 10
766.9404955137996
 20
1450.3797667970498
 10
766.3869247453517
 20
1450.6435220671021
 10
765.8985464932416
 20
1451.0143240641657
 10
765.4957645191835
 20
1451.4766811983536
 10
765.1954064918667
 20
1452.0112768339388
 10
765.0100209504449
 20
1452.595776311434
 10
764.9473530440848
 20
1453.2057600584903
 10
764.9473530440848
 20
1485.133237139142
 10
765.0143192453255
 20
1485.7635646217536
 10
765.2122282009751
 20
1486.3657516796666
 10
765.5322444370662
 20
1486.9129141930775
 10
765.960081105821
 20
1487.3806245653302
 10
766.476637809601
 20
1487.7480022718178
 10
767.0588533216211
 20
1487.9986460529242
 10
771.6032812858618
 20
1489.4077723265123
 10
771.7377187354325
 20
1489.4460490170268
 10
778.0264545790102
 20
1491.0791798342254
 10
778.3175559413716
 20
1491.1556850457096
 10
780.3560611356681
 20
1491.698158153022
 10
780.4954212234824
 20
1491.7317001492913
 10
782.5839728539561
 20
1492.1818859284595
 10
782.5993019598975
 20
1492.1851482284972
 10
788.5029048503138
 20
1493.4254273585811
 10
788.6365085954977
 20
1493.4503502467032
 10
794.0829814258351
 20
1494.3391947436633
 10
794.3444700131505
 20
1494.3825598695246
 10
797.208970955214
 20
1494.8656178470728
 10
797.3356953698157
 20
1494.8842153831188
 10
800.203624711482
 20
1495.2427415087066
 10
800.2184649386916
 20
1495.2445591719675
 10
805.4720500910411
 20
1495.87474614159
 10
805.5908083266138
 20
1495.88660060471
 10
810.6447620429035
 20
1496.2897362069564
 10
810.9203085748686
 20
1496.3124600530548
 10
812.5878376127885
 20
1496.4547330945902
 10
812.8428703189845
 20
1496.4655930111114
 10
875.6600615869875
 20
1496.4655880894254
 10
875.7370668393735
 20
1496.464599619064
 10
877.5827503938491
 20
1496.4172080834342
 10
880.8150372983555
 20
1496.333177891851
 10
880.9952570346547
 20
1496.32880829669
 10
885.206875446346
 20
1496.2345015871178
 10
885.2960147528547
 20
1496.2325829838983
 10
888.9064465878961
 20
1496.1581854331428
 10
889.630859731584
 20
1496.0539663555742
 10
890.3084809715424
 20
1495.7774424433449
 10
891.6878658796039
 20
1495.006349766697
 10
892.4762844539202
 20
1494.6600761576424
 10
900.7498980362946
 20
1491.9372147455647
 10
901.5898676717077
 20
1491.7475828066977
 10
910.2308125405182
 20
1490.6518055692932
 10
911.0915281746309
 20
1490.625769865949
 10
919.7829061532843
 20
1491.1972633584796
 10
920.6328018845481
 20
1491.3357787245384
 10
929.0558652116229
 20
1493.5535839837812
 10
929.8637719478121
 20
1493.8515705040713
 10
934.6680530389851
 20
1496.1678988556966
 10
935.3027089179512
 20
1496.3902190318533
 10
935.9709408018009
 20
1496.4655880894254
 10
1049.9473530440848
 20
1496.4655880894254
 10
1050.532624010133
 20
1496.4079439306352
 10
1051.0954033411801
 20
1496.2372266869593
 10
1051.6140637431436
 20
1495.9599969263331
 10
1052.0686733876446
 20
1495.5869084329852
 10
1052.4417618809925
 20
1495.1322987884841
 10
1052.7189916416187
 20
1494.6136383865207
 10
1052.8897088852946
 20
1494.050859055474
 10
1052.9473530440848
 20
1493.4655880894254
 10
1052.9473530440848
 20
1471.5627703200983
 10
1061.9473530440848
 20
1471.5627703200983
 10
1061.9473530440848
 20
1441.5627703200983
 10
1052.9473530440848
 20
1441.5627703200983
 10
1052.9473530440848
 20
1427.8230951827347
 10
1052.8892120000978
 20
1427.2353317244238
  0
TEXT
  5
BB
330
17
100
AcDbEntity
  8
TEXT
100
AcDbText
 10
913.4473530440848
 20
1462.3842651892944
 30
0.0
 40
10.0
  1
РВ7
 72
1
 11
913.4473530440848
 21
1462.3842651892944
 31
0.0
100
AcDbText
 73
2
  0
LWPOLYLINE
  5
BC
330
17
100
AcDbEntity
  8
CUT_OUT
100
AcDbPolyline
 90
103
 70
1
 10
240.5631363291636
 20
12.05764415879031
 10
240.00035699811673
 20
12.228361402466135
 10
239.4816965961532
 20
12.505591163092362
 10
239.02708695165236
 20
12.878679656440355
 10
238.65399845830436
 20
13.333289300941189
 10
238.37676869767813
 20
13.851949702904733
 10
238.2060514540023
 20
14.414729033951616
 10
238.148407295212
 20
15.0
 10
238.148407295212
 20
225.0
 10
238.2060514540023
 20
225.58527096604837
 10
238.37676869767813
 20
226.14805029709527
 10
238.65399845830436
 20
226.6667106990588
 10
239.02708695165236
 20
227.12132034355966
 10
239.4816965961532
 20
227.4944088369076
 10
240.00035699811673
 20
227.77163859753387
 10
240.5631363291636
 20
227.9423558412097
 10
241.148407295212
 20
228.0
 10
266.44973126295946
 20
228.0
 10
266.44973126295946
 20
237.0
 10
296.44973126295946
 20
237.0
 10
296.44973126295946
 20
228.0
 10
327.9567968191594
 20
228.0
 10
328.5420677852078
 20
227.9423558412097
 10
329.1048471162547
 20
227.77163859753387
 10
329.6235075182182
 20
227.4944088369076
 10
330.0781171627191
 20
227.12132034355966
 10
330.45120565606703
 20
226.6667106990588
 10
330.7284354166933
 20
226.14805029709527
 10
330.8991526603691
 20
225.58527096604837
 10
330.9567968191594
 20
225.0
 10
330.9567968191594
 20
207.09006023359763
 10
330.95139197960987
 20
206.91006071969042
 10
330.6585100535011
 20
202.03747645837518
 10
330.65463039533495
 20
201.9624907997101
 10
330.44074974296507
 20
197.03171576452968
 10
330.43844589280195
 20
196.96826798271843
 10
330.2952230738773
 20
192.07157184420817
 10
330.28762254160023
 20
191.92858890019517
 10
329.91186503035175
 20
187.05657552707203
 10
329.90100065379653
 20
186.9436194523115
 10
329.3352190740465
 20
182.03693730302507
 10
329.3273116558396
 20
181.9629973021785
 10
328.83992088807554
 20
177.0195778487095
 10
328.837926462225
 20
177.00000653931517
 10
328.3155155102762
 20
172.03504532809845
 10
328.30731315752007
 20
171.96501008948957
 10
327.6698907722012
 20
167.02559980253736
 10
327.6664770943101
 20
167.00001468601482
 10
326.9832393297087
 20
162.04202768571625
 10
326.9771408847648
 20
161.9999778038152
 10
326.22997132845205
 20
157.09300889731827
 10
326.1957984810384
 20
156.90783812676295
 10
325.15499625335144
 20
152.1160355547854
 10
325.11074417546365
 20
151.88279457373903
 10
324.3184729780319
 20
147.00800613342682
 10
324.3171609666248
 20
147.00000177366138
 10
323.50835914706084
 20
142.10708628924834
 10
323.46524546557526
 20
141.89439595619683
 10
322.28816434790815
 20
137.00344389209016
 10
321.0984188663807
 20
132.03407483177494
 10
321.082634145424
 20
131.96580106401547
 10
319.98034937936643
 20
127.02303047295754
 10
319.9751228740952
 20
127.00002055428993
 10
318.8263309503824
 20
122.03293124702273
 10
318.81851650245227
 20
121.99999124307283
 10
317.6103759357722
 20
117.03232355983909
 10
317.59390954836675
 20
116.96774876959267
 10
316.2792786573703
 20
112.04146463583126
 10
316.2559650823703
 20
111.95886390442314
 10
314.79985445474074
 20
107.06852550650993
 10
314.7557990521612
 20
106.9325048447648
 10
313.03813184429464
 20
102.03089648968819
 10
313.01580530686306
 20
101.96934505237562
 10
311.1728424908557
 20
97.05645402076331
 10
311.1282314758007
 20
96.94443114019717
 10
309.0716620897748
 20
92.06766313023587
 10
309.01130794230426
 20
91.9337937598732
 10
306.68323403466
 20
87.08999811002846
 10
306.59080588933915
 20
86.91302816901847
 10
303.84439888315706
 20
82.05563249873256
 10
303.78308124731745
 20
81.943496207733
 10
301.6033520685842
 20
77.81917888603834
 10
301.2802608877849
 20
76.97275705388051
 10
301.17041057033737
 20
76.07345135678949
 10
301.17041057033737
 20
57.17648959161886
 10
301.1496793921092
 20
56.824413907115854
 10
300.610639440024
 20
52.263051127395045
 10
300.5795540022981
 20
51.73511277479024
 10
300.5795540022981
 20
47.069097269591595
 10
300.57637187930914
 20
46.930957441782425
 10
300.35384987366
 20
42.103544992139334
 10
300.34907692115
 20
41.89634493050123
 10
300.34907692115
 20
15.0
 10
300.2914327623597
 20
14.414729033951616
 10
300.1207155186839
 20
13.851949702904733
 10
299.8434857580577
 20
13.333289300941189
 10
299.4703972647097
 20
12.878679656440355
 10
299.0157876202088
 20
12.505591163092362
 10
298.4971272182453
 20
12.228361402466135
 10
297.9343478871984
 20
12.05764415879031
 10
297.34907692115
 20
12.0
 10
241.148407295212
 20
12.0
 10
240.5631363291636
 20
12.05764415879031
  0
TEXT
  5
BD
330
17
100
AcDbEntity
  8
TEXT
100
AcDbText
 10
278.7745671037254
 20
124.51647590065633
 30
0.0
 40
10.0
  1
ТН
 72
1
 11
278.7745671037254
 21
124.51647590065633
 31
0.0
100
AcDbText
 73
2
  0
LWPOLYLINE
  5
BE
330
17
100
AcDbEntity
  8
CUT_OUT
100
AcDbPolyline
 90
103
 70
1
 10
257.14733609846246
 20
560.0576441587903
 10
256.58455676741556
 20
560.2283614024661
 10
256.06589636545203
 20
560.5055911630924
 10
255.61128672095123
 20
560.8786796564403
 10
255.23819822760322
 20
561.3332893009411
 10
254.960968466977
 20
561.8519497029047
 10
254.79025122330117
 20
562.4147290339516
 10
254.73260706451086
 20
563.0
 10
254.73260706451086
 20
773.0
 10
254.79025122330117
 20
773.5852709660484
 10
254.960968466977
 20
774.1480502970953
 10
255.23819822760322
 20
774.6667106990587
 10
255.61128672095123
 20
775.1213203435597
 10
256.06589636545203
 20
775.4944088369076
 10
256.58455676741556
 20
775.7716385975339
 10
257.14733609846246
 20
775.9423558412097
 10
257.73260706451083
 20
776.0
 10
283.0339310322583
 20
776.0
 10
283.0339310322583
 20
785.0
 10
313.0339310322583
 20
785.0
 10
313.0339310322583
 20
776.0
 10
344.54099658845826
 20
776.0
 10
345.1262675545067
 20
775.9423558412097
 10
345.6890468855536
 20
775.7716385975339
 10
346.2077072875171
 20
775.4944088369076
 10
346.6623169320179
 20
775.1213203435597
 10
347.0354054253659
 20
774.6667106990587
 10
347.3126351859921
 20
774.1480502970953
 10
347.483352429668
 20
773.5852709660484
 10
347.54099658845826
 20
773.0
 10
347.54099658845826
 20
755.0900602335976
 10
347.5355917489087
 20
754.9100607196904
 10
347.2427098228
 20
750.0374764583752
 10
347.2388301646338
 20
749.9624907997102
 10
347.0249495122639
 20
745.0317157645297
 10
347.0226456621008
 20
744.9682679827184
 10
346.8794228431762
 20
740.0715718442082
 10
346.8718223108991
 20
739.9285889001951
 10
346.49606479965064
 20
735.056575527072
 10
346.4852004230954
 20
734.9436194523115
 10
345.9194188433454
 20
730.0369373030251
 10
345.9115114251384
 20
729.9629973021786
 10
345.4241206573744
 20
725.0195778487096
 10
345.4221262315239
 20
725.0000065393151
 10
344.89971527957505
 20
720.0350453280985
 10
344.8915129268189
 20
719.9650100894896
 10
344.25409054150003
 20
715.0255998025374
 10
344.250676863609
 20
715.0000146860148
 10
343.5674390990075
 20
710.0420276857162
 10
343.56134065406366
 20
709.9999778038152
 10
342.81417109775094
 20
705.0930088973182
 10
342.7799982503373
 20
704.907838126763
 10
341.73919602265033
 20
700.1160355547854
 10
341.69494394476254
 20
699.882794573739
 10
340.9026727473307
 20
695.0080061334268
 10
340.9013607359237
 20
695.0000017736613
 10
340.09255891635974
 20
690.1070862892484
 10
340.04944523487416
 20
689.8943959561968
 10
338.872364117207
 20
685.0034438920902
 10
337.68261863567955
 20
680.0340748317749
 10
337.6668339147229
 20
679.9658010640155
 10
336.56454914866526
 20
675.0230304729575
 10
336.55932264339407
 20
675.0000205542899
 10
335.4105307196813
 20
670.0329312470227
 10
335.4027162717511
 20
669.9999912430728
 10
334.1945757050711
 20
665.0323235598391
 10
334.17810931766564
 20
664.9677487695926
 10
332.8634784266692
 20
660.0414646358313
 10
332.8401648516692
 20
659.9588639044232
 10
331.3840542240396
 20
655.0685255065099
 10
331.33999882146003
 20
654.9325048447648
 10
329.6223316135935
 20
650.0308964896882
 10
329.6000050761619
 20
649.9693450523756
 10
327.7570422601546
 20
645.0564540207633
 10
327.71243124509954
 20
644.9444311401971
 10
325.65586185907364
 20
640.0676631302358
 10
325.5955077116031
 20
639.9337937598732
 10
323.26743380395885
 20
635.0899981100284
 10
323.17500565863804
 20
634.9130281690185
 10
320.42859865245595
 20
630.0556324987326
 10
320.3672810166163
 20
629.943496207733
 10
318.18755183788306
 20
625.8191788860383
 10
317.8644606570837
 20
624.9727570538805
 10
317.7546103396362
 20
624.0734513567895
 10
317.7546103396362
 20
605.1764895916189
 10
317.733879161408
 20
604.8244139071159
 10
317.1948392093229
 20
600.2630511273951
 10
317.16375377159693
 20
599.7351127747902
 10
317.16375377159693
 20
595.0690972695916
 10
317.16057164860797
 20
594.9309574417824
 10
316.9380496429589
 20
590.1035449921393
 10
316.9332766904489
 20
589.8963449305012
 10
316.9332766904489
 20
563.0
 10
316.87563253165854
 20
562.4147290339516
 10
316.7049152879827
 20
561.8519497029047
 10
316.4276855273565
 20
561.3332893009411
 10
316.0545970340085
 20
560.8786796564403
 10
315.5999873895077
 20
560.5055911630924
 10
315.0813269875441
 20
560.2283614024661
 10
314.5185476564973
 20
560.0576441587903
 10
313.9332766904489
 20
560.0
 10
257.73260706451083
 20
560.0
 10
257.14733609846246
 20
560.0576441587903
  0
TEXT
  5
BF
330
17
100
AcDbEntity
  8
TEXT
100
AcDbText
 10
295.35876687302425
 20
672.5164759006564
 30
0.0
 40
10.0
  1
ТН
 72
1
 11
295.35876687302425
 21
672.5164759006564
 31
0.0
100
AcDbText
 73
2
  0
LWPOLYLINE
  5
C0
330
17
100
AcDbEntity
  8
CUT_OUT
100
AcDbPolyline
 90
109
 70
1
 10
542.6720626265133
 20
801.39803241167
 10
542.4928730651685
 20
800.8225693554352
 10
542.2022710013347
 20
800.294538041514
 10
541.8119859941021
 20
799.835251376004
 10
541.3377711010853
 20
799.4632475276004
 10
540.7987670384097
 20
799.1935416722599
 10
540.216729604777
 20
799.0370199362732
 10
539.6151515530629
 20
799.0
 10
529.8778065267824
 20
799.3815274741938
 10
529.6500843345738
 20
799.3899456547646
 10
529.289583612467
 20
799.4024414014453
 10
529.2534154721905
 20
799.4039135833781
 10
528.9560413464818
 20
799.4178153591238
 10
528.9398917711858
 20
799.4186139485454
 10
515.2794339264678
 20
800.1310260324083
 10
515.2467656075472
 20
800.1329084341103
 10
500.89986910551863
 20
801.0381300014087
 10
500.6551488118904
 20
801.0529887856804
 10
499.90614610962416
 20
801.0965881383049
 10
499.8807216412447
 20
801.0981764308528
 10
499.1981663404706
 20
801.1437263720633
 10
499.18345379381776
 20
801.144744535436
 10
484.3713892697416
 20
802.2063830130687
 10
484.3508274869466
 20
802.2079278002915
 10
469.2865145953559
 20
803.3917716370662
 10
469.05991722507565
 20
803.4090770612514
 10
467.9948761565547
 20
803.4879259166449
 10
467.9770695588718
 20
803.4892975085404
 10
466.9967768970088
 20
803.5677425777809
 10
466.98452646387466
 20
803.5687481442708
 10
451.9035543343839
 20
804.8377654712593
 10
451.8901113180432
 20
804.8389271109095
 10
436.8706202008367
 20
806.1708288282468
 10
436.7018371324773
 20
806.1855167684574
 10
435.56325407468876
 20
806.2826080812226
 10
435.5493060553641
 20
806.28383027402
 10
434.4894457210961
 20
806.3791931263537
 10
434.4813016477224
 20
806.379937095699
 10
419.6271893974995
 20
807.7572929141637
 10
419.61680544473995
 20
807.758273981233
 10
404.64919117617796
 20
809.1986573073805
 10
404.5522649489727
 20
809.2078924869838
 10
403.55087979942175
 20
809.3022954639966
 10
403.5399559485811
 20
809.3033454427434
 10
402.5841104624061
 20
809.3969841411946
 10
402.58042128870284
 20
809.3973478497221
 10
387.6938293942427
 20
810.874275806554
 10
387.68679847187525
 20
810.8749817210288
 10
372.55219394925575
 20
812.4125232791381
 10
371.8252037249797
 20
812.4860712281701
 10
371.8158206686994
 20
812.4870353949044
 10
371.1235895725408
 20
812.5592663072482
 10
356.06412532392244
 20
814.132031502714
 10
356.0544064206564
 20
814.1330625223745
 10
340.6967234483561
 20
815.7875683740424
 10
340.6904419441563
 20
815.7882517823195
 10
340.02875593205783
 20
815.8609463266077
 10
340.02402639390766
 20
815.8614697224074
 10
324.7007923495572
 20
817.5695224343932
 10
324.6884916556737
 20
817.5709192713489
 10
313.8915829900279
 20
818.8195598059997
 10
309.1599390634095
 20
819.3699373283625
 10
309.14827682681175
 20
819.3713170035467
 10
293.21625178770694
 20
821.2877470251543
 10
293.20431564346075
 20
821.2892070732979
 10
278.26787553382906
 20
823.1466469897257
 10
277.7940363602065
 20
823.2033447838951
 10
276.2907904653907
 20
823.375802787659
 10
276.1926471622992
 20
823.3869622849201
 10
274.71994217176257
 20
823.5529036347403
 10
274.6657647288954
 20
823.5595078470639
 10
260.316632691927
 20
825.4412800206899
 10
260.27424134446164
 20
825.4471471569743
 10
257.3001301562275
 20
825.880417669791
 10
256.708434259873
 20
826.0293171094188
 10
256.1591021423617
 20
826.2948529856293
 10
255.67485632105834
 20
826.6660416996745
 10
255.27572709044685
 20
827.1275294396587
 10
254.97822399108432
 20
827.6602272740395
 10
254.79465291065824
 20
828.2421007442333
 10
254.73260706451086
 20
828.8490812957011
 10
254.73260706451086
 20
860.4228799752954
 10
254.79006087319263
 20
861.0071931720985
 10
254.96022167248307
 20
861.5691256898222
 10
255.2365718717107
 20
862.0871540862227
 10
255.60852655655825
 20
862.5414365583811
 10
256.0618389181582
 20
862.9145729341354
 10
257.9382897668213
 20
864.1727995125829
 10
258.61825260308694
 20
864.7325964685426
 10
260.7846356815228
 20
866.9053677497601
 10
261.239612854338
 20
867.2797397489878
 10
261.75898655993103
 20
867.5579655125816
 10
262.32272290277695
 20
867.7293129880326
 10
262.90907677935115
 20
867.7871727582974
 10
539.7326070645108
 20
867.7871727582974
 10
540.3178780305592
 20
867.7295285995071
 10
540.8806573616062
 20
867.5588113558313
 10
541.3993177635697
 20
867.281581595205
 10
541.8539274080705
 20
866.9084931018571
 10
542.2270159014184
 20
866.4538834573563
 10
542.5042456620447
 20
865.9352230553927
 10
542.6749629057206
 20
865.3724437243458
 10
542.7326070645108
 20
864.7871727582974
 10
542.7326070645108
 20
845.3350013948939
 10
551.7326070645108
 20
845.3350013948939
 10
551.7326070645108
 20
815.3350013948939
 10
542.7326070645108
 20
815.3350013948939
 10
542.7326070645108
 20
801.9976998186661
 10
542.6720626265133
 20
801.39803241167
  0
TEXT
  5
C1
330
17
100
AcDbEntity
  8
TEXT
100
AcDbText
 10
403.23260706451083
 20
837.0920413452975
 30
0.0
 40
10.0
  1
РВ4
 72
1
 11
403.23260706451083
 21
837.0920413452975
 31
0.0
100
AcDbText
 73
2
  0
LWPOLYLINE
  5
C2
330
17
100
AcDbEntity
  8
CUT_OUT
100
AcDbPolyline
 90
109
 70
1
 10
737.3158490790083
 20
884.1852051699674
 10
737.1366595176637
 20
883.6097421137326
 10
736.8460574538299
 20
883.0817107998114
 10
736.4557724465972
 20
882.6224241343014
 10
735.9815575535804
 20
882.2504202858978
 10
735.4425534909047
 20
881.9807144305573
 10
734.8605160572722
 20
881.8241926945706
 10
734.258938005558
 20
881.7871727582974
 10
724.5215929792774
 20
882.1687002324912
 10
724.2938707870688
 20
882.177118413062
 10
723.9333700649621
 20
882.1896141597427
 10
723.8972019246855
 20
882.1910863416755
 10
723.599827798977
 20
882.2049881174212
 10
723.5836782236809
 20
882.2057867068428
 10
709.9232203789629
 20
882.9181987907057
 10
709.8905520600424
 20
882.9200811924077
 10
695.5436555580138
 20
883.8253027597061
 10
695.2989352643856
 20
883.8401615439778
 10
694.5499325621192
 20
883.8837608966023
 10
694.5245080937398
 20
883.8853491891502
 10
693.8419527929657
 20
883.9308991303607
 10
693.8272402463128
 20
883.9319172937334
 10
679.0151757222368
 20
884.9935557713661
 10
678.9946139394417
 20
884.9951005585889
 10
663.9303010478511
 20
886.1789443953636
 10
663.7037036775707
 20
886.1962498195488
 10
662.6386626090498
 20
886.2750986749423
 10
662.6208560113669
 20
886.2764702668378
 10
661.6405633495039
 20
886.3549153360783
 10
661.6283129163699
 20
886.3559209025682
 10
646.547340786879
 20
887.6249382295567
 10
646.5338977705383
 20
887.6260998692069
 10
631.5144066533318
 20
888.9580015865442
 10
631.3456235849724
 20
888.9726895267548
 10
630.2070405271838
 20
889.06978083952
 10
630.1930925078592
 20
889.0710030323174
 10
629.1332321735912
 20
889.1663658846511
 10
629.1250881002175
 20
889.1671098539964
 10
614.2709758499946
 20
890.5444656724611
 10
614.260591897235
 20
890.5454467395303
 10
599.292977628673
 20
891.9858300656779
 10
599.1960514014678
 20
891.9950652452812
 10
598.1946662519169
 20
892.089468222294
 10
598.1837424010762
 20
892.0905182010408
 10
597.2278969149012
 20
892.184156899492
 10
597.2242077411979
 20
892.1845206080195
 10
582.3376158467378
 20
893.6614485648514
 10
582.3305849243704
 20
893.6621544793262
 10
567.1959804017508
 20
895.1996960374355
 10
566.4689901774748
 20
895.2732439864675
 10
566.4596071211945
 20
895.2742081532018
 10
565.7673760250359
 20
895.3464390655456
 10
550.7079117764176
 20
896.9192042610114
 10
550.6981928731516
 20
896.9202352806719
 10
535.3405099008512
 20
898.5747411323398
 10
535.3342283966515
 20
898.575424540617
 10
534.672542384553
 20
898.6481190849051
 10
534.6678128464027
 20
898.6486424807048
 10
519.3445788020524
 20
900.3566951926906
 10
519.3322781081688
 20
900.3580920296463
 10
508.53536944252306
 20
901.6067325642971
 10
503.80372551590466
 20
902.1571100866599
 10
503.7920632793069
 20
902.1584897618441
 10
487.8600382402021
 20
904.0749197834517
 10
487.8481020959559
 20
904.0763798315953
 10
472.9116619863242
 20
905.9338197480231
 10
472.43782281270165
 20
905.9905175421925
 10
470.93457691788586
 20
906.1629755459564
 10
470.8364336147943
 20
906.1741350432175
 10
469.3637286242577
 20
906.3400763930377
 10
469.30955118139053
 20
906.3466806053613
 10
454.96041914442213
 20
908.2284527789873
 10
454.9180277969568
 20
908.2343199152717
 10
451.94391660872265
 20
908.6675904280884
 10
451.35222071236814
 20
908.8164898677162
 10
450.8028885948568
 20
909.0820257439267
 10
450.31864277355345
 20
909.4532144579719
 10
449.91951354294196
 20
909.9147021979561
 10
449.6220104435794
 20
910.4474000323369
 10
449.43843936315335
 20
911.0292735025307
 10
449.37639351700597
 20
911.6362540539985
 10
449.37639351700597
 20
943.2100527335928
 10
449.43384732568774
 20
943.7943659303959
 10
449.6040081249782
 20
944.3562984481196
 10
449.8803583242058
 20
944.87432684452
 10
450.25231300905335
 20
945.3286093166785
 10
450.7056253706533
 20
945.7017456924328
 10
452.58207621931643
 20
946.9599722708803
 10
453.2620390555821
 20
947.51976922684
 10
455.4284221340179
 20
949.6925405080575
 10
455.88339930683316
 20
950.0669125072852
 10
456.40277301242617
 20
950.345138270879
 10
456.9665093552721
 20
950.51648574633
 10
457.5528632318463
 20
950.5743455165948
 10
734.3763935170059
 20
950.5743455165948
 10
734.9616644830544
 20
950.5167013578045
 10
735.5244438141012
 20
950.3459841141287
 10
736.0431042160648
 20
950.0687543535024
 10
736.4977138605657
 20
949.6956658601545
 10
736.8708023539136
 20
949.2410562156537
 10
737.1480321145398
 20
948.7223958136901
 10
737.3187493582157
 20
948.1596164826432
 10
737.3763935170059
 20
947.5743455165948
 10
737.3763935170059
 20
928.1221741531913
 10
746.3763935170059
 20
928.1221741531913
 10
746.3763935170059
 20
898.1221741531913
 10
737.3763935170059
 20
898.1221741531913
 10
737.3763935170059
 20
884.7848725769635
 10
737.3158490790083
 20
884.1852051699674
  0
TEXT
  5
C3
330
17
100
AcDbEntity
  8
TEXT
100
AcDbText
 10
597.8763935170059
 20
919.8792141035949
 30
0.0
 40
10.0
  1
РВ4
 72
1
 11
597.8763935170059
 21
919.8792141035949
 31
0.0
100
AcDbText
 73
2
  0
LWPOLYLINE
  5
C4
330
17
100
AcDbEntity
  8
CUT_OUT
100
AcDbPolyline
 90
111
 70
1
 10
1029.3148208949153
 20
966.965475844266
 10
1029.1326304871711
 20
966.3856117327111
 10
1028.8373009211894
 20
965.8543715045653
 10
1028.440955007476
 20
965.3935617290331
 10
1027.9598621174723
 20
965.0220979168907
 10
1027.4137703516494
 20
964.7552280687554
 10
1026.8250959112897
 20
964.6039067688313
 10
1026.2180029489605
 20
964.5743455165948
 10
1021.2148925738346
 20
964.8388629441994
 10
1021.0756158241431
 20
964.8460374996769
 10
1018.3973065917287
 20
964.9801571018634
 10
1018.3723346649545
 20
964.9815119709746
 10
1015.8696903100093
 20
965.1277591250258
 10
1015.8615988473568
 20
965.1282429358915
 10
1004.0206340271727
 20
965.8523023533847
 10
1004.0027778433371
 20
965.8534476943805
 10
989.881632054191
 20
966.8015067206076
 10
989.7794986238976
 20
966.8082621131424
 10
988.3680209145964
 20
966.9001312494725
 10
988.3530729490755
 20
966.9011416603321
 10
987.0839211482378
 20
966.990114357497
 10
987.0782218107393
 20
966.9905193586421
 10
972.1871431329724
 20
968.0629487946094
 10
972.1761001730871
 20
968.0637645775995
 10
961.9027042166806
 20
968.8417628650056
 10
961.8967083771136
 20
968.8422229706634
 10
955.9458260280314
 20
969.3048785496851
 10
955.9383919917927
 20
969.3054658103811
 10
955.2257277254972
 20
969.3626549489876
 10
938.7795696523061
 20
970.6908241115054
 10
938.7727082883482
 20
970.691386150758
 10
924.2213244406767
 20
971.900152617675
 10
922.150662950025
 20
972.0727762217987
 10
922.1464370844109
 20
972.0731315250518
 10
919.8509029132686
 20
972.2677699904342
 10
905.679899466209
 20
973.4720991293265
 10
905.675473993693
 20
973.4724785301063
 10
892.8244610332492
 20
974.5837943877955
 10
889.2902885213439
 20
974.8867601515074
 10
885.5140593227151
 20
975.2123810782625
 10
885.5104254519373
 20
975.2126966497734
 10
873.1075853252047
 20
976.297377610455
 10
861.6084543186328
 20
977.3099861027126
 10
861.5128783493185
 20
977.3183127845585
 10
856.866706911695
 20
977.718473387373
 10
851.9212730176764
 20
978.1463890757134
 10
851.9141809394521
 20
978.1470112143638
 10
840.9391413500749
 20
979.1228990797464
 10
840.9350040895705
 20
979.1232698472584
 10
830.5569805386624
 20
980.0605566948199
 10
830.3979265216041
 20
980.074673079009
 10
824.8006798929414
 20
980.5621794256451
 10
824.7972672318155
 20
980.5624786233616
 10
818.9155842277877
 20
981.081526697465
 10
818.9046769682537
 20
981.0825093103948
 10
809.0530049134607
 20
981.9881570998715
 10
809.0465408605488
 20
981.9887583833518
 10
799.5431315264958
 20
982.8831341630491
 10
799.3164138408318
 20
982.9039654856368
 10
792.9090976410497
 20
983.4775636494768
 10
792.903931427001
 20
983.4780306438049
 10
786.3404880475131
 20
984.0770472211145
 10
786.325657314448
 20
984.0784378912816
 10
777.4365347708897
 20
984.9342340267636
 10
777.4288121966678
 20
984.9349875947345
 10
768.9124310078781
 20
985.7771349060683
 10
768.623527007406
 20
985.8048818600925
 10
761.8043421297452
 20
986.4392866232205
 10
761.7972223196231
 20
986.439957556303
 10
755.0964506383709
 20
987.0794611126573
 10
755.0779356240162
 20
987.0812860871458
 10
747.339451427874
 20
987.868283441188
 10
747.3290785453602
 20
987.8693565728477
 10
744.0624887845547
 20
988.2130424957596
 10
743.4490807770168
 20
988.3434901146709
 10
742.8761948901227
 20
988.5986130763755
 10
742.3688653437457
 20
988.9672629052973
 10
741.9492616479095
 20
989.4333301788017
 10
741.635719829773
 20
989.9764484838432
 10
741.4419411778377
 20
990.5728843974546
 10
741.3763935170059
 20
991.1965746003203
 10
741.3763935170059
 20
1017.855593371691
 10
741.4333942260389
 20
1018.4376201523189
 10
741.6022302992512
 20
1018.9975296401653
 10
741.8764858860537
 20
1019.5140450100295
 10
742.2457391445105
 20
1019.9675384337053
 10
742.6959582762584
 20
1020.3407769467321
 10
743.2100347414773
 20
1020.6195773091891
 10
743.7684333914909
 20
1020.7933449755174
 10
744.3499348136501
 20
1020.8554766922582
 10
782.5192506598631
 20
1021.1921266540577
 10
823.6621078027202
 20
1021.5550029849112
 10
864.8049649455772
 20
1021.9178793157648
 10
905.9478220884344
 20
1022.2807556466183
 10
947.0906792312916
 20
1022.6436319774718
 10
988.2335363741487
 20
1023.0065083083255
 10
1026.34993481365
 20
1023.342691543317
 10
1026.9389404676479
 20
1023.2895930687004
 10
1027.5060851028288
 20
1023.1219802075182
 10
1028.029329030723
 20
1022.8463665279413
 10
1028.4883385790201
 20
1022.4734625952452
 10
1028.8652762741349
 20
1022.0177597507845
 10
1029.1454940195194
 20
1021.4969669670215
 10
1029.3181023322645
 20
1020.9313226628697
 10
1029.376393517006
 20
1020.3428082227499
 10
1029.376393517006
 20
1009.8089064931727
 10
1038.376393517006
 20
1009.8089064931727
 10
1038.376393517006
 20
979.8089064931727
 10
1029.376393517006
 20
979.8089064931727
 10
1029.376393517006
 20
967.5701613366936
 10
1029.3148208949153
 20
966.965475844266
  0
TEXT
  5
C5
330
17
100
AcDbEntity
  8
TEXT
100
AcDbText
 10
889.8763935170059
 20
1000.5027405467465
 30
0.0
 40
6.0
  1
РВ3
 72
1
 11
889.8763935170059
 21
1000.5027405467465
 31
0.0
100
AcDbText
 73
2
  0
LWPOLYLINE
  5
C6
330
17
100
AcDbEntity
  8
CUT_OUT
100
AcDbPolyline
 90
111
 70
1
 10
1029.3148208949153
 20
1039.7338218709883
 10
1029.1326304871711
 20
1039.1539577594333
 10
1028.8373009211894
 20
1038.6227175312874
 10
1028.440955007476
 20
1038.1619077557552
 10
1027.9598621174723
 20
1037.790443943613
 10
1027.4137703516494
 20
1037.5235740954777
 10
1026.8250959112897
 20
1037.3722527955535
 10
1026.2180029489605
 20
1037.342691543317
 10
1021.2148925738346
 20
1037.6072089709216
 10
1021.0756158241431
 20
1037.614383526399
 10
1018.3973065917287
 20
1037.7485031285855
 10
1018.3723346649545
 20
1037.7498579976968
 10
1015.8696903100093
 20
1037.896105151748
 10
1015.8615988473568
 20
1037.8965889626138
 10
1004.0206340271727
 20
1038.6206483801068
 10
1004.0027778433371
 20
1038.6217937211027
 10
989.881632054191
 20
1039.5698527473298
 10
989.7794986238976
 20
1039.5766081398644
 10
988.3680209145964
 20
1039.6684772761946
 10
988.3530729490755
 20
1039.6694876870542
 10
987.0839211482378
 20
1039.7584603842192
 10
987.0782218107393
 20
1039.7588653853643
 10
972.1871431329724
 20
1040.8312948213315
 10
972.1761001730871
 20
1040.8321106043218
 10
961.9027042166806
 20
1041.6101088917278
 10
961.8967083771136
 20
1041.6105689973856
 10
955.9458260280314
 20
1042.0732245764073
 10
955.9383919917927
 20
1042.0738118371032
 10
955.2257277254972
 20
1042.1310009757096
 10
938.7795696523061
 20
1043.4591701382276
 10
938.7727082883482
 20
1043.4597321774802
 10
924.2213244406767
 20
1044.668498644397
 10
922.150662950025
 20
1044.8411222485208
 10
922.1464370844109
 20
1044.841477551774
 10
919.8509029132686
 20
1045.0361160171565
 10
905.679899466209
 20
1046.2404451560485
 10
905.675473993693
 20
1046.2408245568283
 10
892.8244610332492
 20
1047.3521404145176
 10
889.2902885213439
 20
1047.6551061782295
 10
885.5140593227151
 20
1047.9807271049847
 10
885.5104254519373
 20
1047.9810426764955
 10
873.1075853252047
 20
1049.0657236371771
 10
861.6084543186328
 20
1050.0783321294348
 10
861.5128783493185
 20
1050.0866588112808
 10
856.866706911695
 20
1050.4868194140952
 10
851.9212730176764
 20
1050.9147351024355
 10
851.9141809394521
 20
1050.915357241086
 10
840.9391413500749
 20
1051.8912451064687
 10
840.9350040895705
 20
1051.8916158739805
 10
830.5569805386624
 20
1052.8289027215421
 10
830.3979265216041
 20
1052.8430191057312
 10
824.8006798929414
 20
1053.3305254523673
 10
824.7972672318155
 20
1053.3308246500837
 10
818.9155842277877
 20
1053.8498727241872
 10
818.9046769682537
 20
1053.8508553371169
 10
809.0530049134607
 20
1054.7565031265935
 10
809.0465408605488
 20
1054.757104410074
 10
799.5431315264958
 20
1055.6514801897713
 10
799.3164138408318
 20
1055.6723115123589
 10
792.9090976410497
 20
1056.2459096761988
 10
792.903931427001
 20
1056.246376670527
 10
786.3404880475131
 20
1056.8453932478367
 10
786.325657314448
 20
1056.8467839180037
 10
777.4365347708897
 20
1057.702580053486
 10
777.4288121966678
 20
1057.7033336214567
 10
768.9124310078781
 20
1058.5454809327905
 10
768.623527007406
 20
1058.5732278868145
 10
761.8043421297452
 20
1059.2076326499425
 10
761.7972223196231
 20
1059.2083035830253
 10
755.0964506383709
 20
1059.8478071393795
 10
755.0779356240162
 20
1059.849632113868
 10
747.339451427874
 20
1060.6366294679103
 10
747.3290785453602
 20
1060.6377025995698
 10
744.0624887845547
 20
1060.9813885224817
 10
743.4490807770168
 20
1061.111836141393
 10
742.8761948901227
 20
1061.3669591030975
 10
742.3688653437457
 20
1061.7356089320194
 10
741.9492616479095
 20
1062.2016762055239
 10
741.635719829773
 20
1062.7447945105653
 10
741.4419411778377
 20
1063.3412304241767
 10
741.3763935170059
 20
1063.9649206270424
 10
741.3763935170059
 20
1090.6239393984133
 10
741.4333942260389
 20
1091.205966179041
 10
741.6022302992512
 20
1091.7658756668875
 10
741.8764858860537
 20
1092.2823910367515
 10
742.2457391445105
 20
1092.7358844604275
 10
742.6959582762584
 20
1093.1091229734543
 10
743.2100347414773
 20
1093.3879233359114
 10
743.7684333914909
 20
1093.5616910022395
 10
744.3499348136501
 20
1093.6238227189804
 10
782.5192506598631
 20
1093.9604726807797
 10
823.6621078027202
 20
1094.3233490116334
 10
864.8049649455772
 20
1094.686225342487
 10
905.9478220884344
 20
1095.0491016733404
 10
947.0906792312916
 20
1095.411978004194
 10
988.2335363741487
 20
1095.7748543350476
 10
1026.34993481365
 20
1096.1110375700391
 10
1026.9389404676479
 20
1096.0579390954224
 10
1027.5060851028288
 20
1095.8903262342403
 10
1028.029329030723
 20
1095.6147125546634
 10
1028.4883385790201
 20
1095.2418086219675
 10
1028.8652762741349
 20
1094.7861057775067
 10
1029.1454940195194
 20
1094.2653129937437
 10
1029.3181023322645
 20
1093.6996686895918
 10
1029.376393517006
 20
1093.111154249472
 10
1029.376393517006
 20
1082.5772525198947
 10
1038.376393517006
 20
1082.5772525198947
 10
1038.376393517006
 20
1052.5772525198947
 10
1029.376393517006
 20
1052.5772525198947
 10
1029.376393517006
 20
1040.3385073634158
 10
1029.3148208949153
 20
1039.7338218709883
  0
TEXT
  5
C7
330
17
100
AcDbEntity
  8
TEXT
100
AcDbText
 10
889.8763935170059
 20
1073.2710865734687
 30
0.0
 40
6.0
  1
РВ3
 72
1
 11
889.8763935170059
 21
1073.2710865734687
 31
0.0
100
AcDbText
 73
2
  0
LWPOLYLINE
  5
C8
330
17
100
AcDbEntity
  8
CUT_OUT
100
AcDbPolyline
 90
197
 70
1
 10
334.29951635083705
 20
467.3482585338319
 10
334.4573851197244
 20
467.92854237817903
 10
334.72781900001246
 20
468.4656805397284
 10
335.0999510002081
 20
468.93808890399674
 10
335.55882753803
 20
469.32678442910196
 10
336.0860093283278
 20
469.61614795164525
 10
336.66031233889197
 20
469.79455182003727
 10
337.2586590399258
 20
469.8548271347373
 10
364.7648381404501
 20
469.8548271347373
 10
364.7648381404501
 20
478.8548271347373
 10
394.7648381404501
 20
478.8548271347373
 10
394.7648381404501
 20
469.8548271347373
 10
405.0040685005969
 20
469.8548271347373
 10
405.58933946664524
 20
469.797182975947
 10
406.15211879769214
 20
469.6264657322712
 10
406.67077919965567
 20
469.34923597164493
 10
407.12538884415653
 20
468.976147478297
 10
407.4984773375045
 20
468.5215378337961
 10
407.77570709813074
 20
468.0028774318326
 10
407.94642434180656
 20
467.4400981007857
 10
408.0040685005969
 20
466.8548271347373
 10
408.0040685005969
 20
253.99915456236306
 10
407.9446744974695
 20
253.40515424994163
 10
407.76884425315905
 20
252.8346739751293
 10
407.48353994238585
 20
252.3103024760769
 10
407.10005847523405
 20
251.85280276775424
 10
406.6335841846766
 20
251.48029000956583
 10
406.10258758769487
 20
251.2075142174616
 10
405.52809402665014
 20
251.04527622227442
 10
404.93285114978323
 20
251.0
 10
404.34042819528764
 20
251.07347830802985
 10
403.5130663508203
 20
251.26115138575005
 10
403.3657497073707
 20
251.29851518689196
 10
403.2075998207842
 20
251.34291922958164
 10
401.5247723432381
 20
251.81544543490335
 10
401.3825822193286
 20
251.85920288196883
 10
400.6230771926978
 20
252.11371263565147
 10
400.5943750727999
 20
252.12322353803665
 10
399.9845594796724
 20
252.32302430465458
 10
399.95579309511595
 20
252.3323424533798
 10
398.8157509964421
 20
252.69740288736546
 10
398.69033502933144
 20
252.74064302215834
 10
397.5658820903663
 20
253.15636256710195
 10
397.5573181803606
 20
253.15954354546534
 10
396.2708277117395
 20
253.63962783635066
 10
396.2411347916437
 20
253.65088784843562
 10
396.2081055192686
 20
253.6636134147231
 10
396.14905194573134
 20
253.6870869438893
 10
395.6063372525165
 20
253.90949837362604
 10
395.5991128392843
 20
253.91247002205472
 10
393.7834860227717
 20
254.66206477148165
 10
393.6886595759692
 20
254.70314015935946
 10
393.4544431045062
 20
254.80942190740979
 10
393.2714440529041
 20
254.89203231557832
 10
391.5128476143457
 20
255.68155047469838
 10
391.3698113256533
 20
255.75036932474472
 10
389.81146462495843
 20
256.55157674500225
 10
389.3344984474145
 20
256.7966052614238
 10
389.2103074195027
 20
256.86414983158056
 10
387.65615883128623
 20
257.75749439069955
 10
387.497029040768
 20
257.85568564492473
 10
386.287277132068
 20
258.65526760842727
 10
386.1375051309003
 20
258.7609726610867
 10
384.9649402332225
 20
259.6434167880999
 10
384.836451159866
 20
259.74574235622856
 10
383.51229736507923
 20
260.86084995241305
 10
383.2584790582085
 20
261.07320961710855
 10
383.1951983852041
 20
261.1258296612782
 10
383.1151472296271
 20
261.1948155409673
 10
382.79603364330836
 20
261.47976574564814
 10
382.7764329071988
 20
261.4974235964308
 10
381.97345831520465
 20
262.227226379268
 10
381.8989827242029
 20
262.2972694484651
 10
381.5888111861733
 20
262.59910445375647
 10
381.5495783551511
 20
262.6368225469199
 10
380.7118795489665
 20
263.432484087337
 10
380.6721800946819
 20
263.4697371614637
 10
379.31742205032526
 20
264.7256872299639
 10
379.29979708119777
 20
264.742159000383
 10
379.05405333310966
 20
264.97368180107003
 10
378.90379160857117
 20
265.1257106114555
 10
378.6927641759402
 20
265.3550129733057
 10
378.6415310928151
 20
265.4097603505809
 10
377.6616825392841
 20
266.43948953374365
 10
377.55511280211584
 20
266.5576032173773
 10
377.52840728660107
 20
266.5888277688456
 10
377.3210794106014
 20
266.86129808994326
 10
376.17229715805604
 20
268.56463514210293
 10
376.1698577880297
 20
268.56825776129665
 10
375.9455745240816
 20
268.901856497044
 10
375.8876991447394
 20
268.9913323704776
 10
373.46898387492257
 20
272.8804557900925
 10
373.26591195411936
 20
273.20664355562127
 10
373.20498606235844
 20
273.30897999845774
 10
371.4054492086275
 20
276.4728772338277
 10
371.3862239858475
 20
276.5063437196349
 10
371.331462615899
 20
276.60073063050356
 10
371.2818346396134
 20
276.6897174866694
 10
369.0937795220344
 20
280.77463590051065
 10
369.0704851246338
 20
280.81901123024863
 10
368.05401335780095
 20
282.79530750038816
 10
368.0446371053083
 20
282.8136926793105
 10
366.8221696445989
 20
285.23124638720867
 10
366.7773614570846
 20
285.32376194364144
 10
366.60978715367196
 20
285.6854193754635
 10
364.6896301637621
 20
289.7797065869386
 10
364.646679438368
 20
289.87562436391084
 10
364.4584657175334
 20
290.3164891567948
 10
364.4531747233035
 20
290.3289604888158
 10
363.5353067770257
 20
292.50611411982163
 10
363.49505296314805
 20
292.60133091873274
 10
362.86495940016056
 20
294.08735990197374
 10
362.83061993700187
 20
294.1719019700043
 10
361.9415338452165
 20
296.4599922001397
 10
361.93738545343035
 20
296.4707291813068
 10
361.1926837067612
 20
298.40924059467216
 10
361.16696417255497
 20
298.478742838071
 10
359.732865527342
 20
302.50628019885505
 10
359.7108417869196
 20
302.57041670779677
 10
358.47689461512675
 20
306.30058760753445
 10
358.4633602602954
 20
306.34253225700485
 10
357.71227059076085
 20
308.73012557140044
 10
357.71108910830645
 20
308.7338899598843
 10
357.27710582740764
 20
310.1198178690322
 10
357.267893117229
 20
310.14978697360505
 10
357.01069298126185
 20
311.00229928941997
 10
357.0079917900689
 20
311.01130361779576
 10
355.52778330660374
 20
315.9737653579584
 10
355.52252694325296
 20
315.9915888823922
 10
355.0286964159879
 20
317.6854102323013
 10
355.0240904863862
 20
317.70137276635194
 10
353.69185168679115
 20
322.36690515132295
 10
353.6874945542835
 20
322.38231968606794
 10
353.5342438509779
 20
322.9300681257338
 10
353.53058044906015
 20
322.94327809664776
 10
352.3211695318275
 20
327.34334320175503
 10
352.3153635722076
 20
327.3647764617933
 10
351.10370312939824
 20
331.90424273956455
 10
350.3542883427615
 20
334.71658263677875
 10
350.3447658529584
 20
334.7532466334085
 10
349.4016585238284
 20
338.4810202457699
 10
349.3946274570657
 20
338.5093921883402
 10
347.92581273343507
 20
344.56254371526666
 10
347.9111658524195
 20
344.62589323344116
 10
347.54220757303733
 20
346.3043554326882
 10
346.28460930698304
 20
352.04890410011774
 10
346.04386642510605
 20
353.14745570472473
 10
346.03253726738455
 20
353.20152905245675
 10
345.68062012414094
 20
354.9618132394193
 10
345.67973297278246
 20
354.9662682997247
 10
344.4245203013893
 20
361.2946541227401
 10
344.41480713918
 20
361.3459606511085
 10
343.7403073177704
 20
365.0866171895641
 10
343.71710669493154
 20
365.2144393259591
 10
343.00865482125187
 20
369.08817258345675
 10
343.0010098495032
 20
369.1317911603461
 10
342.40544343884665
 20
372.68378469565147
 10
342.4039399079466
 20
372.6928367069477
 10
341.844379331401
 20
376.09384262872163
 10
341.83773900743824
 20
376.13607915560175
 10
341.3550829284379
 20
379.35542754179784
 10
341.3297242433096
 20
379.5227915869531
 10
340.75343079746034
 20
383.28210740225006
 10
340.74819352735767
 20
383.3176946681477
 10
340.46705944407836
 20
385.31088448485707
 10
340.4649654572627
 20
385.3260086692899
 10
339.74500189011303
 20
390.6253035814133
 10
339.74102407719266
 20
390.65574946510003
 10
339.17807963154917
 20
395.1431315133011
 10
339.175798542695
 20
395.16178768307793
 10
338.8401921877105
 20
397.9798352779227
 10
338.83913122147084
 20
397.98886047375385
 10
338.75293167481294
 20
398.7318266684845
 10
338.74892119785096
 20
398.76834542927253
 10
338.4043714747716
 20
402.0932553605445
 10
337.5573548353926
 20
410.20048093558296
 10
337.5546995027788
 20
410.22703909059965
 10
337.3479173326849
 20
412.3925043332456
 10
337.3336210361542
 20
412.54005043539286
 10
337.158497324849
 20
414.31922850122197
 10
337.1533589222121
 20
414.3771941523047
 10
336.8830092573323
 20
417.80461112346325
 10
336.8819097606202
 20
417.81899107558286
 10
336.14668125061223
 20
427.7487256039626
 10
336.1439643205667
 20
427.7891188818232
 10
335.6967854180647
 20
435.18210590071226
 10
335.6865308258478
 20
435.34732462775116
 10
335.32940348437387
 20
440.9471050473901
 10
335.327065347068
 20
440.98820494531446
 10
335.01732518709287
 20
447.1819691976035
 10
335.0169304849628
 20
447.1900820690695
 10
334.7026914241869
 20
453.83438843204
 10
334.70096500890025
 20
453.87744189223287
 10
334.4871574067312
 20
460.37450751952827
 10
334.482518926535
 20
460.5101949894297
 10
334.26055641983453
 20
466.7481468675759
 10
334.29951635083705
 20
467.3482585338319
  0
TEXT
  5
C9
330
17
100
AcDbEntity
  8
TEXT
100
AcDbText
 10
376.04081286453606
 20
363.2162889203363
 30
0.0
 40
10.0
  1
РН5
 72
1
 11
376.04081286453606
 21
363.2162889203363
 31
0.0
100
AcDbText
 73
2
  0
LWPOLYLINE
  5
CA
330
17
100
AcDbEntity
  8
CUT_OUT
100
AcDbPolyline
 90
197
 70
1
 10
361.5799565194608
 20
709.2030856685692
 10
361.7378252883481
 20
709.7833695129164
 10
362.0082591686362
 20
710.3205076744657
 10
362.3803911688318
 20
710.7929160387341
 10
362.83926770665374
 20
711.1816115638393
 10
363.36644949695153
 20
711.4709750863826
 10
363.9407525075157
 20
711.6493789547746
 10
364.53909920854954
 20
711.7096542694746
 10
392.0452783090738
 20
711.7096542694746
 10
392.0452783090738
 20
720.7096542694746
 10
422.0452783090738
 20
720.7096542694746
 10
422.0452783090738
 20
711.7096542694746
 10
432.2845086692206
 20
711.7096542694746
 10
432.86977963526897
 20
711.6520101106844
 10
433.43255896631587
 20
711.4812928670085
 10
433.9512193682794
 20
711.2040631063823
 10
434.40582901278026
 20
710.8309746130343
 10
434.7789175061282
 20
710.3763649685334
 10
435.05614726675446
 20
709.85770456657
 10
435.2268645104303
 20
709.294925235523
 10
435.2845086692206
 20
708.7096542694746
 10
435.2845086692206
 20
495.8539816971004
 10
435.22511466609325
 20
495.25998138467895
 10
435.0492844217828
 20
494.6895011098666
 10
434.7639801110096
 20
494.16512961081423
 10
434.3804986438578
 20
493.7076299024916
 10
433.9140243533003
 20
493.3351171443031
 10
433.3830277563186
 20
493.0623413521989
 10
432.80853419527386
 20
492.90010335701174
 10
432.21329131840696
 20
492.8548271347373
 10
431.62086836391137
 20
492.92830544276717
 10
430.793506519444
 20
493.1159785204874
 10
430.6461898759944
 20
493.1533423216293
 10
430.4880399894079
 20
493.19774636431896
 10
428.80521251186184
 20
493.6702725696407
 10
428.6630223879523
 20
493.71403001670615
 10
427.9035173613215
 20
493.9685397703888
 10
427.8748152414236
 20
493.978050672774
 10
427.2649996482961
 20
494.17785143939193
 10
427.2362332637397
 20
494.1871695881171
 10
426.0961911650658
 20
494.5522300221028
 10
425.97077519795516
 20
494.59547015689566
 10
424.84632225899
 20
495.01118970183927
 10
424.8377583489843
 20
495.01437068020266
 10
423.55126788036324
 20
495.494454971088
 10
423.5215749602674
 20
495.50571498317294
 10
423.4885456878923
 20
495.5184405494604
 10
423.42949211435507
 20
495.54191407862663
 10
422.8867774211402
 20
495.76432550836336
 10
422.87955300790804
 20
495.76729715679204
 10
421.0639261913954
 20
496.516891906219
 10
420.96909974459294
 20
496.5579672940968
 10
420.7348832731299
 20
496.6642490421471
 10
420.5518842215278
 20
496.74685945031564
 10
418.7932877829694
 20
497.5363776094357
 10
418.65025149427703
 20
497.60519645948204
 10
417.09190479358216
 20
498.40640387973957
 10
416.6149386160382
 20
498.6514323961611
 10
416.49074758812645
 20
498.7189769663179
 10
414.93659899990996
 20
499.61232152543687
 10
414.7774692093917
 20
499.71051277966205
 10
413.56771730069175
 20
500.5100947431646
 10
413.41794529952404
 20
500.61579979582405
 10
412.2453804018462
 20
501.4982439228372
 10
412.1168913284897
 20
501.6005694909659
 10
410.79273753370296
 20
502.71567708715037
 10
410.5389192268322
 20
502.92803675184587
 10
410.4756385538278
 20
502.9806567960155
 10
410.3955873982508
 20
503.0496426757046
 10
410.0764738119321
 20
503.33459288038546
 10
410.0568730758225
 20
503.3522507311681
 10
409.2538984838284
 20
504.08205351400534
 10
409.1794228928266
 20
504.1520965832024
 10
408.86925135479703
 20
504.4539315884938
 10
408.8300185237748
 20
504.49164968165724
 10
407.99231971759025
 20
505.2873112220743
 10
407.9526202633056
 20
505.324564296201
 10
406.597862218949
 20
506.58051436470123
 10
406.5802372498215
 20
506.59698613512035
 10
406.3344935017334
 20
506.82850893580735
 10
406.1842317771949
 20
506.9805377461928
 10
405.97320434456395
 20
507.209840108043
 10
405.92197126143884
 20
507.2645874853182
 10
404.9421227079078
 20
508.294316668481
 10
404.83555297073957
 20
508.4124303521146
 10
404.8088474552248
 20
508.4436549035829
 10
404.6015195792251
 20
508.7161252246806
 10
403.45273732667977
 20
510.41946227684025
 10
403.4502979566534
 20
510.42308489603397
 10
403.22601469270535
 20
510.7566836317813
 10
403.1681393133631
 20
510.8461595052149
 10
400.7494240435463
 20
514.7352829248298
 10
400.5463521227431
 20
515.0614706903585
 10
400.48542623098217
 20
515.1638071331951
 10
398.6858893772512
 20
518.327704368565
 10
398.6666641544712
 20
518.3611708543723
 10
398.6119027845227
 20
518.4555577652409
 10
398.56227480823713
 20
518.5445446214067
 10
396.37421969065815
 20
522.6294630352479
 10
396.35092529325755
 20
522.673838364986
 10
395.3344535264247
 20
524.6501346351255
 10
395.32507727393204
 20
524.6685198140478
 10
394.1026098132226
 20
527.086073521946
 10
394.05780162570835
 20
527.1785890783788
 10
393.8902273222957
 20
527.5402465102009
 10
391.97007033238583
 20
531.6345337216759
 10
391.9271196069917
 20
531.7304514986482
 10
391.7389058861571
 20
532.1713162915321
 10
391.73361489192723
 20
532.1837876235531
 10
390.81574694564944
 20
534.360941254559
 10
390.7754931317718
 20
534.4561580534701
 10
390.1453995687843
 20
535.9421870367111
 10
390.1110601056256
 20
536.0267291047417
 10
389.2219740138402
 20
538.314819334877
 10
389.2178256220541
 20
538.3255563160442
 10
388.47312387538494
 20
540.2640677294095
 10
388.4474043411787
 20
540.3335699728084
 10
387.01330569596576
 20
544.3611073335924
 10
386.99128195554334
 20
544.4252438425341
 10
385.7573347837505
 20
548.1554147422718
 10
385.74380042891914
 20
548.1973593917421
 10
384.9927107593846
 20
550.5849527061378
 10
384.9915292769302
 20
550.5887170946216
 10
384.55754599603137
 20
551.9746450037695
 10
384.5483332858527
 20
552.0046141083424
 10
384.2911331498856
 20
552.8571264241573
 10
384.2884319586926
 20
552.8661307525331
 10
382.80822347522746
 20
557.8285924926957
 10
382.8029671118767
 20
557.8464160171295
 10
382.3091365846116
 20
559.5402373670386
 10
382.30453065500996
 20
559.5561999010893
 10
380.9722918554149
 20
564.2217322860603
 10
380.9679347229072
 20
564.2371468208053
 10
380.8146840196016
 20
564.7848952604711
 10
380.8110206176839
 20
564.7981052313851
 10
379.6016097004512
 20
569.1981703364924
 10
379.59580374083134
 20
569.2196035965306
 10
378.38414329802197
 20
573.7590698743019
 10
377.6347285113852
 20
576.5714097715161
 10
377.62520602158213
 20
576.6080737681458
 10
376.68209869245214
 20
580.3358473805072
 10
376.67506762568945
 20
580.3642193230776
 10
375.2062529020588
 20
586.417370850004
 10
375.19160602104324
 20
586.4807203681785
 10
374.82264774166106
 20
588.1591825674255
 10
373.56504947560677
 20
593.9037312348551
 10
373.3243065937298
 20
595.002282839462
 10
373.3129774360083
 20
595.0563561871941
 10
372.96106029276467
 20
596.8166403741566
 10
372.9601731414062
 20
596.821095434462
 10
371.704960470013
 20
603.1494812574774
 10
371.69524730780375
 20
603.2007877858458
 10
371.0207474863941
 20
606.9414443243014
 10
370.99754686355527
 20
607.0692664606964
 10
370.2890949898756
 20
610.9429997181941
 10
370.2814500181269
 20
610.9866182950834
 10
369.6858836074704
 20
614.5386118303888
 10
369.68438007657033
 20
614.547663841685
 10
369.1248195000247
 20
617.948669763459
 10
369.118179176062
 20
617.9909062903391
 10
368.63552309706165
 20
621.2102546765352
 10
368.61016441193334
 20
621.3776187216904
 10
368.03387096608407
 20
625.1369345369874
 10
368.0286336959814
 20
625.1725218028851
 10
367.7474996127021
 20
627.1657116195944
 10
367.7454056258864
 20
627.1808358040272
 10
367.02544205873676
 20
632.4801307161506
 10
367.0214642458164
 20
632.5105765998373
 10
366.4585198001729
 20
636.9979586480384
 10
366.45623871131875
 20
637.0166148178153
 10
366.1206323563342
 20
639.83466241266
 10
366.11957139009456
 20
639.8436876084911
 10
366.03337184343667
 20
640.5866538032218
 10
366.0293613664747
 20
640.6231725640098
 10
365.68481164339534
 20
643.9480824952818
 10
364.8377950040163
 20
652.0553080703203
 10
364.83513967140254
 20
652.081866225337
 10
364.62835750130864
 20
654.2473314679829
 10
364.61406120477795
 20
654.3948775701301
 10
364.43893749347274
 20
656.1740556359593
 10
364.4337990908358
 20
656.232021287042
 10
364.163449425956
 20
659.6594382582006
 10
364.16234992924393
 20
659.6738182103202
 10
363.42712141923596
 20
669.6035527386999
 10
363.4244044891904
 20
669.6439460165604
 10
362.9772255866884
 20
677.0369330354496
 10
362.9669709944715
 20
677.2021517624885
 10
362.6098436529976
 20
682.8019321821274
 10
362.60750551569174
 20
682.8430320800518
 10
362.2977653557166
 20
689.0367963323408
 10
362.29737065358654
 20
689.0449092038068
 10
361.98313159281065
 20
695.6892155667773
 10
361.981405177524
 20
695.7322690269702
 10
361.76759757535496
 20
702.2293346542656
 10
361.76295909515875
 20
702.365022124167
 10
361.54099658845826
 20
708.6029740023132
 10
361.5799565194608
 20
709.2030856685692
  0
TEXT
  5
CB
330
17
100
AcDbEntity
  8
TEXT
100
AcDbText
 10
403.3212530331598
 20
605.0711160550736
 30
0.0
 40
10.0
  1
РН5
 72
1
 11
403.3212530331598
 21
605.0711160550736
 31
0.0
100
AcDbText
 73
2
  0
LWPOLYLINE
  5
CC
330
17
100
AcDbEntity
  8
CUT_OUT
100
AcDbPolyline
 90
181
 70
1
 10
824.3777421738607
 20
1327.2989036335557
 10
824.5367418321425
 20
1327.8777039507313
 10
824.8077847625633
 20
1328.4132657383573
 10
825.1800204932648
 20
1328.8841492263723
 10
825.6385475718672
 20
1329.271503865798
 10
826.1650101048781
 20
1329.559822959567
 10
826.7383325863256
 20
1329.7375644312704
 10
827.335563598731
 20
1329.7976128810196
 10
853.9698212906087
 20
1329.7976128810196
 10
853.9698212906087
 20
1338.7976128810196
 10
883.9698212906087
 20
1338.7976128810196
 10
883.9698212906087
 20
1329.7976128810196
 10
894.0014430504344
 20
1329.7976128810196
 10
894.5867140164828
 20
1329.7399687222294
 10
895.1494933475298
 20
1329.5692514785537
 10
895.6681537494933
 20
1329.2920217179274
 10
896.1227633939941
 20
1328.9189332245794
 10
896.495851887342
 20
1328.4643235800786
 10
896.7730816479683
 20
1327.945663178115
 10
896.9437988916442
 20
1327.3828838470681
 10
897.0014430504344
 20
1326.7976128810196
 10
897.0014430504344
 20
1113.1101379849117
 10
896.9419934571021
 20
1112.5158625388033
 10
896.7660008465363
 20
1111.9451400484274
 10
896.4804403448223
 20
1111.4205899937563
 10
896.0966295890927
 20
1110.9630018997448
 10
895.6297801749105
 20
1110.5905113837953
 10
895.0983947741562
 20
1110.317881385703
 10
894.5235338174814
 20
1110.155917067146
 10
893.927980804951
 20
1110.1110375700391
 10
893.3353393261667
 20
1110.1850216062837
 10
892.9160068338904
 20
1110.280511459902
 10
892.9107407475775
 20
1110.2817156344033
 10
891.4414723583204
 20
1110.6190795397886
 10
891.2988003396373
 20
1110.6555472162734
 10
889.0280597950314
 20
1111.2957249821209
 10
888.8953814603199
 20
1111.3364659897027
 10
887.5023316968801
 20
1111.7997486221145
 10
887.496191018287
 20
1111.8017981711791
 10
886.7079623422953
 20
1112.065827556827
 10
886.583488078448
 20
1112.1105977680058
 10
884.8443207705456
 20
1112.7797919765742
 10
884.1981561568499
 20
1113.0278564541557
 10
884.0774977340776
 20
1113.0772115206976
 10
884.018488857713
 20
1113.1028593639983
 10
881.7111501364062
 20
1114.1074185992118
 10
881.5971504007268
 20
1114.1599146669173
 10
880.0019799143776
 20
1114.9353246295384
 10
879.2529113492916
 20
1115.2994951379612
 10
879.1328378670552
 20
1115.3612491902084
 10
876.9597857377255
 20
1116.5414316110919
 10
876.833886259542
 20
1116.6138072183956
 10
874.9057306257116
 20
1117.785227748344
 10
874.8242812989721
 20
1117.8346366381384
 10
874.6951024784955
 20
1117.9175936851775
 10
874.481173192883
 20
1118.0628394541463
 10
874.4766535751269
 20
1118.0659140358612
 10
873.0498959448618
 20
1119.0384037356807
 10
872.9112001016649
 20
1119.138855235287
 10
871.382363717823
 20
1120.314083933073
 10
871.2498340150996
 20
1120.415619239624
 10
871.1044593999618
 20
1120.5266101117843
 10
870.9704235640238
 20
1120.6351830605383
 10
869.6173196825978
 20
1121.7972249975057
 10
869.5028473428413
 20
1121.9007677080133
 10
868.5544545608698
 20
1122.8040411011839
 10
868.4057827003296
 20
1122.956045348418
 10
867.9772997931933
 20
1123.4263777652861
 10
867.7418738464526
 20
1123.683047207391
 10
867.251321975928
 20
1124.2140843869468
 10
867.1113111342744
 20
1124.376983060271
 10
866.9373750458046
 20
1124.5946561019014
 10
866.0337418540478
 20
1125.719005600879
 10
865.936165326966
 20
1125.8473297900925
 10
865.395472965465
 20
1126.5995221960916
 10
865.3862226638611
 20
1126.6124631477487
 10
864.5419476790771
 20
1127.8002274526243
 10
864.4636844165834
 20
1127.9159459637633
 10
862.7950856461281
 20
1130.511337469396
 10
862.7909263250253
 20
1130.5178253136733
 10
862.7841576928024
 20
1130.5284131529907
 10
862.7097903647679
 20
1130.651112088092
 10
861.0297024245459
 20
1133.5788248651131
 10
860.9652790042693
 20
1133.6971682927426
 10
859.4830025689663
 20
1136.571974815579
 10
859.2312347775932
 20
1137.061118695758
 10
859.1782598059923
 20
1137.1693270551718
 10
858.9066066851776
 20
1137.7536413005575
 10
858.8513516723732
 20
1137.872098853367
 10
857.3312409852545
 20
1141.1195654502785
 10
857.287271686927
 20
1141.2180735766988
 10
855.6805480528665
 20
1144.998965130244
 10
855.6769301351593
 20
1145.0075154323824
 10
855.6189316624464
 20
1145.1451776289196
 10
855.581650092742
 20
1145.2379592067134
 10
855.4967735992138
 20
1145.4598058346107
 10
855.4524983506252
 20
1145.5751107050194
 10
853.87462754094
 20
1149.6687714285304
 10
853.8423969683402
 20
1149.7564336558669
 10
852.3429507278234
 20
1154.0393995526176
 10
852.3419071817656
 20
1154.0423853470677
 10
852.1915218953059
 20
1154.4733971600638
 10
852.1691154469229
 20
1154.5401215796035
 10
851.9669416865163
 20
1155.1664299073675
 10
850.4506345999959
 20
1159.871822746411
 10
850.4342317290052
 20
1159.9243706823013
 10
849.329996484155
 20
1163.579444639494
 10
849.3131125687137
 20
1163.63524130488
 10
848.6053716513786
 20
1165.9690858778824
 10
848.593841684902
 20
1166.0080555907823
 10
847.5559408062651
 20
1169.605404042999
 10
846.7452461048958
 20
1172.4255436293301
 10
846.7373043521408
 20
1172.4536862534171
 10
846.1800143032298
 20
1174.46598481927
 10
846.1615495964419
 20
1174.532500939863
 10
844.8690481305143
 20
1179.1757423159834
 10
844.8628037990095
 20
1179.1985214640677
 10
844.1511551948572
 20
1181.8352626699284
 10
843.652546770797
 20
1183.6858926433115
 10
843.478665828026
 20
1184.3335742160866
 10
843.4740625026292
 20
1184.3509282741147
 10
842.2032479730187
 20
1189.200275006257
 10
842.2014835036225
 20
1189.2070402463844
 10
841.707420332367
 20
1191.1104321455323
 10
841.7040881295723
 20
1191.1233882671638
 10
841.0322648602631
 20
1193.7598956330805
 10
841.0267510545882
 20
1193.7818808110267
 10
839.6867232042526
 20
1199.2118215962728
 10
839.6845359859007
 20
1199.2207431408679
 10
838.8986175531282
 20
1202.4478169582994
 10
838.8917827403081
 20
1202.476493638141
 10
838.4593951841904
 20
1204.3310082317312
 10
838.4456945854109
 20
1204.3927017109854
 10
837.9505111291
 20
1206.739005588739
 10
837.9071077569045
 20
1206.9426228641964
 10
836.4281036096952
 20
1213.808920504399
 10
836.4171951531412
 20
1213.8618770260302
 10
835.3044919988115
 20
1219.521257544177
 10
835.3021656400482
 20
1219.5332180272144
 10
834.784603776531
 20
1222.2232907824032
 10
834.7759157897337
 20
1222.2704781782204
 10
834.3249761334147
 20
1224.8346642636143
 10
834.2837658281217
 20
1225.0660819440952
 10
833.1515558527826
 20
1231.3362681452313
 10
833.1458067730015
 20
1231.3691518008388
 10
832.3806188975467
 20
1235.894143451463
 10
832.3759916654774
 20
1235.9223220160914
 10
831.6160436560152
 20
1240.6920549273266
 10
831.6091944299192
 20
1240.7372574060896
 10
830.8891505388657
 20
1245.7467002513156
 10
830.8484771416886
 20
1246.0244165129945
 10
830.0784800406482
 20
1251.1782415377668
 10
830.0707956118521
 20
1251.2331420234832
 10
829.4456136103784
 20
1256.021547816725
 10
829.4442057826553
 20
1256.0324872913052
 10
828.8662120404081
 20
1260.5899293419825
 10
828.8596819767426
 20
1260.6455770433038
 10
828.3454919178079
 20
1265.4114671131103
 10
828.3291420205388
 20
1265.5610973065136
 10
827.7920310891448
 20
1270.4071752915766
 10
827.7864126465279
 20
1270.4625555970981
 10
827.3691473445986
 20
1274.993738905281
 10
827.3683913759616
 20
1275.0020755038304
 10
826.8689678441355
 20
1280.5963357503606
 10
826.865182572237
 20
1280.642811656035
 10
826.3756553510582
 20
1287.2915192154485
 10
826.3666788338882
 20
1287.4116004265163
 10
826.0019148101428
 20
1292.2112171278313
 10
825.9990525903387
 20
1292.2526771763555
 10
825.7049064649326
 20
1296.9909087651813
 10
825.7044409390538
 20
1296.9985659541176
 10
825.262162852829
 20
1304.4302195062305
 10
825.2600619622996
 20
1304.469965302469
 10
824.8832295983742
 20
1312.62504730912
 10
824.8777016432226
 20
1312.7418751546572
 10
824.6502911646322
 20
1317.4285944037492
 10
824.6485969381428
 20
1317.46918723438
 10
824.4886790903768
 20
1322.0440603580892
 10
824.4884352288997
 20
1322.0512860325416
 10
824.3371509097115
 20
1326.7000354946713
 10
824.3777421738607
 20
1327.2989036335557
  0
TEXT
  5
CD
330
17
100
AcDbEntity
  8
TEXT
100
AcDbText
 10
865.7759445060044
 20
1223.5525712209173
 30
0.0
 40
10.0
  1
РН6
 72
1
 11
865.7759445060044
 21
1223.5525712209173
 31
0.0
100
AcDbText
 73
2
  0
LWPOLYLINE
  5
CE
330
17
100
AcDbEntity
  8
CUT_OUT
100
AcDbPolyline
 90
181
 70
1
 10
911.0420343145837
 20
1327.2989036335557
 10
911.2010339728655
 20
1327.8777039507313
 10
911.4720769032863
 20
1328.4132657383573
 10
911.8443126339878
 20
1328.8841492263723
 10
912.3028397125902
 20
1329.271503865798
 10
912.8293022456011
 20
1329.559822959567
 10
913.4026247270485
 20
1329.7375644312704
 10
913.999855739454
 20
1329.7976128810196
 10
940.6341134313317
 20
1329.7976128810196
 10
940.6341134313317
 20
1338.7976128810196
 10
970.6341134313317
 20
1338.7976128810196
 10
970.6341134313317
 20
1329.7976128810196
 10
980.6657351911574
 20
1329.7976128810196
 10
981.2510061572058
 20
1329.7399687222294
 10
981.8137854882527
 20
1329.5692514785537
 10
982.3324458902163
 20
1329.2920217179274
 10
982.7870555347171
 20
1328.9189332245794
 10
983.1601440280651
 20
1328.4643235800786
 10
983.4373737886913
 20
1327.945663178115
 10
983.6080910323672
 20
1327.3828838470681
 10
983.6657351911574
 20
1326.7976128810196
 10
983.6657351911574
 20
1113.1101379849117
 10
983.606285597825
 20
1112.5158625388033
 10
983.4302929872592
 20
1111.9451400484274
 10
983.1447324855453
 20
1111.4205899937563
 10
982.7609217298157
 20
1110.9630018997448
 10
982.2940723156335
 20
1110.5905113837953
 10
981.7626869148792
 20
1110.317881385703
 10
981.1878259582044
 20
1110.155917067146
 10
980.5922729456739
 20
1110.1110375700391
 10
979.9996314668897
 20
1110.1850216062837
 10
979.5802989746134
 20
1110.280511459902
 10
979.5750328883005
 20
1110.2817156344033
 10
978.1057644990434
 20
1110.6190795397886
 10
977.9630924803603
 20
1110.6555472162734
 10
975.6923519357543
 20
1111.2957249821209
 10
975.5596736010428
 20
1111.3364659897027
 10
974.1666238376031
 20
1111.7997486221145
 10
974.16048315901
 20
1111.8017981711791
 10
973.3722544830183
 20
1112.065827556827
 10
973.247780219171
 20
1112.1105977680058
 10
971.5086129112685
 20
1112.7797919765742
 10
970.8624482975729
 20
1113.0278564541557
 10
970.7417898748006
 20
1113.0772115206976
 10
970.682780998436
 20
1113.1028593639983
 10
968.3754422771292
 20
1114.1074185992118
 10
968.2614425414498
 20
1114.1599146669173
 10
966.6662720551005
 20
1114.9353246295384
 10
965.9172034900146
 20
1115.2994951379612
 10
965.7971300077782
 20
1115.3612491902084
 10
963.6240778784485
 20
1116.5414316110919
 10
963.498178400265
 20
1116.6138072183956
 10
961.5700227664346
 20
1117.785227748344
 10
961.4885734396951
 20
1117.8346366381384
 10
961.3593946192185
 20
1117.9175936851775
 10
961.1454653336059
 20
1118.0628394541463
 10
961.1409457158499
 20
1118.0659140358612
 10
959.7141880855847
 20
1119.0384037356807
 10
959.5754922423879
 20
1119.138855235287
 10
958.0466558585459
 20
1120.314083933073
 10
957.9141261558226
 20
1120.415619239624
 10
957.7687515406848
 20
1120.5266101117843
 10
957.6347157047468
 20
1120.6351830605383
 10
956.2816118233208
 20
1121.7972249975057
 10
956.1671394835643
 20
1121.9007677080133
 10
955.2187467015927
 20
1122.8040411011839
 10
955.0700748410526
 20
1122.956045348418
 10
954.6415919339163
 20
1123.4263777652861
 10
954.4061659871755
 20
1123.683047207391
 10
953.915614116651
 20
1124.2140843869468
 10
953.7756032749974
 20
1124.376983060271
 10
953.6016671865276
 20
1124.5946561019014
 10
952.6980339947708
 20
1125.719005600879
 10
952.600457467689
 20
1125.8473297900925
 10
952.059765106188
 20
1126.5995221960916
 10
952.050514804584
 20
1126.6124631477487
 10
951.2062398198001
 20
1127.8002274526243
 10
951.1279765573064
 20
1127.9159459637633
 10
949.4593777868511
 20
1130.511337469396
 10
949.4552184657482
 20
1130.5178253136733
 10
949.4484498335254
 20
1130.5284131529907
 10
949.3740825054908
 20
1130.651112088092
 10
947.6939945652689
 20
1133.5788248651131
 10
947.6295711449923
 20
1133.6971682927426
 10
946.1472947096893
 20
1136.571974815579
 10
945.8955269183161
 20
1137.061118695758
 10
945.8425519467153
 20
1137.1693270551718
 10
945.5708988259006
 20
1137.7536413005575
 10
945.5156438130962
 20
1137.872098853367
 10
943.9955331259774
 20
1141.1195654502785
 10
943.95156382765
 20
1141.2180735766988
 10
942.3448401935896
 20
1144.998965130244
 10
942.3412222758823
 20
1145.0075154323824
 10
942.2832238031692
 20
1145.1451776289196
 10
942.245942233465
 20
1145.2379592067134
 10
942.1610657399368
 20
1145.4598058346107
 10
942.1167904913482
 20
1145.5751107050194
 10
940.538919681663
 20
1149.6687714285304
 10
940.5066891090631
 20
1149.7564336558669
 10
939.0072428685464
 20
1154.0393995526176
 10
939.0061993224886
 20
1154.0423853470677
 10
938.8558140360288
 20
1154.4733971600638
 10
938.8334075876458
 20
1154.5401215796035
 10
938.6312338272393
 20
1155.1664299073675
 10
937.1149267407188
 20
1159.871822746411
 10
937.0985238697282
 20
1159.9243706823013
 10
935.994288624878
 20
1163.579444639494
 10
935.9774047094367
 20
1163.63524130488
 10
935.2696637921016
 20
1165.9690858778824
 10
935.258133825625
 20
1166.0080555907823
 10
934.2202329469881
 20
1169.605404042999
 10
933.4095382456188
 20
1172.4255436293301
 10
933.4015964928637
 20
1172.4536862534171
 10
932.8443064439527
 20
1174.46598481927
 10
932.8258417371649
 20
1174.532500939863
 10
931.5333402712373
 20
1179.1757423159834
 10
931.5270959397325
 20
1179.1985214640677
 10
930.8154473355802
 20
1181.8352626699284
 10
930.31683891152
 20
1183.6858926433115
 10
930.142957968749
 20
1184.3335742160866
 10
930.1383546433522
 20
1184.3509282741147
 10
928.8675401137417
 20
1189.200275006257
 10
928.8657756443455
 20
1189.2070402463844
 10
928.3717124730899
 20
1191.1104321455323
 10
928.3683802702952
 20
1191.1233882671638
 10
927.6965570009861
 20
1193.7598956330805
 10
927.6910431953112
 20
1193.7818808110267
 10
926.3510153449756
 20
1199.2118215962728
 10
926.3488281266236
 20
1199.2207431408679
 10
925.5629096938512
 20
1202.4478169582994
 10
925.5560748810311
 20
1202.476493638141
 10
925.1236873249134
 20
1204.3310082317312
 10
925.1099867261339
 20
1204.3927017109854
 10
924.614803269823
 20
1206.739005588739
 10
924.5713998976274
 20
1206.9426228641964
 10
923.0923957504182
 20
1213.808920504399
 10
923.0814872938641
 20
1213.8618770260302
 10
921.9687841395345
 20
1219.521257544177
 10
921.9664577807712
 20
1219.5332180272144
 10
921.4488959172539
 20
1222.2232907824032
 10
921.4402079304567
 20
1222.2704781782204
 10
920.9892682741377
 20
1224.8346642636143
 10
920.9480579688446
 20
1225.0660819440952
 10
919.8158479935056
 20
1231.3362681452313
 10
919.8100989137245
 20
1231.3691518008388
 10
919.0449110382697
 20
1235.894143451463
 10
919.0402838062004
 20
1235.9223220160914
 10
918.2803357967382
 20
1240.6920549273266
 10
918.2734865706421
 20
1240.7372574060896
 10
917.5534426795887
 20
1245.7467002513156
 10
917.5127692824116
 20
1246.0244165129945
 10
916.7427721813712
 20
1251.1782415377668
 10
916.735087752575
 20
1251.2331420234832
 10
916.1099057511013
 20
1256.021547816725
 10
916.1084979233783
 20
1256.0324872913052
 10
915.530504181131
 20
1260.5899293419825
 10
915.5239741174656
 20
1260.6455770433038
 10
915.0097840585308
 20
1265.4114671131103
 10
914.9934341612618
 20
1265.5610973065136
 10
914.4563232298677
 20
1270.4071752915766
 10
914.4507047872509
 20
1270.4625555970981
 10
914.0334394853215
 20
1274.993738905281
 10
914.0326835166845
 20
1275.0020755038304
 10
913.5332599848584
 20
1280.5963357503606
 10
913.52947471296
 20
1280.642811656035
 10
913.0399474917812
 20
1287.2915192154485
 10
913.0309709746111
 20
1287.4116004265163
 10
912.6662069508658
 20
1292.2112171278313
 10
912.6633447310617
 20
1292.2526771763555
 10
912.3691986056556
 20
1296.9909087651813
 10
912.3687330797768
 20
1296.9985659541176
 10
911.9264549935519
 20
1304.4302195062305
 10
911.9243541030226
 20
1304.469965302469
 10
911.5475217390972
 20
1312.62504730912
 10
911.5419937839456
 20
1312.7418751546572
 10
911.3145833053552
 20
1317.4285944037492
 10
911.3128890788657
 20
1317.46918723438
 10
911.1529712310997
 20
1322.0440603580892
 10
911.1527273696227
 20
1322.0512860325416
 10
911.0014430504344
 20
1326.7000354946713
 10
911.0420343145837
 20
1327.2989036335557
  0
TEXT
  5
CF
330
17
100
AcDbEntity
  8
TEXT
100
AcDbText
 10
952.4402366467274
 20
1223.5525712209173
 30
0.0
 40
10.0
  1
РН6
 72
1
 11
952.4402366467274
 21
1223.5525712209173
 31
0.0
100
AcDbText
 73
2
  0
LWPOLYLINE
  5
D0
330
17
100
AcDbEntity
  8
CUT_OUT
100
AcDbPolyline
 90
173
 70
1
 10
345.0029844009233
 20
222.94529906787426
 10
345.16585069961013
 20
223.5189467309268
 10
345.43896073977163
 20
224.04904858768316
 10
345.81152372909986
 20
224.5146598972069
 10
346.268819411111
 20
224.89738399076202
 10
346.7927796740468
 20
225.18209913865167
 10
347.362702436169
 20
225.35755602164176
 10
347.95606960127714
 20
225.416822200404
 10
368.8478430673324
 20
225.416822200404
 10
368.8478430673324
 20
234.416822200404
 10
398.8478430673324
 20
234.416822200404
 10
398.8478430673324
 20
225.416822200404
 10
407.4296542166064
 20
225.416822200404
 10
408.0149251826548
 20
225.3591780416137
 10
408.5777045137017
 20
225.18846079793786
 10
409.0963649156653
 20
224.9112310373116
 10
409.5509745601661
 20
224.53814254396366
 10
409.9240630535141
 20
224.0835328994628
 10
410.2012928141403
 20
223.56487249749927
 10
410.3720100578161
 20
223.00209316645237
 10
410.4296542166064
 20
222.416822200404
 10
410.4296542166064
 20
14.99767163164536
 10
410.3690918434942
 20
14.397916316840565
 10
410.1898499248487
 20
13.82237607213662
 10
409.89916533797293
 20
13.294288286227442
 10
409.5087744484725
 20
12.83497445879722
 10
409.034439255487
 20
12.462979346774233
 10
408.49531100230837
 20
12.193322221338676
 10
407.9131569465529
 20
12.036890466119218
 10
407.3114815089762
 20
12.0
 10
406.71457728447365
 20
12.084140272429963
 10
406.1465442306163
 20
12.285914127027297
 10
405.29226225146664
 20
12.690130852317694
 10
405.26332484239333
 20
12.703697477579567
 10
404.6481925398783
 20
12.989427715930617
 10
404.6191594515368
 20
13.002788507461943
 10
403.77723058850404
 20
13.386620288755154
 10
403.5679857263363
 20
13.480979059942783
 10
403.50826147912784
 20
13.50870434079421
 10
402.61202271326243
 20
13.93677479823576
 10
402.6064184472039
 20
13.939458694968437
 10
400.60126639363074
 20
14.902285048453663
 10
400.51059982777394
 20
14.947722518996201
 10
400.37771546084673
 20
15.017151999481698
 10
400.1509258039545
 20
15.134929334361743
 10
398.29565200603133
 20
16.092253267396387
 10
398.27324538980963
 20
16.103735547214285
 10
397.7967835313732
 20
16.346217172385508
 10
397.77430047457227
 20
16.35758016274994
 10
397.24338784754906
 20
16.62404166396091
 10
397.12561060201176
 20
16.686466727978228
 10
395.65860797197377
 20
17.506272306586396
 10
395.3962646739273
 20
17.651876577131333
 10
394.7906460630475
 20
17.98559272956389
 10
394.6522849086119
 20
18.066730096402353
 10
392.7954208773988
 20
19.223423510210537
 10
392.6584207714635
 20
19.314063432981115
 10
390.97513473644733
 20
20.495239751715005
 10
390.83903737903216
 20
20.59660371248161
 10
390.08871881032854
 20
21.189150053303777
 10
389.9987568029801
 20
21.260032999474703
 10
389.0713738048293
 20
21.98897244959231
 10
388.9447969867078
 20
22.094208189955296
 10
387.21510818778876
 20
23.61442832478909
 10
387.09881508594424
 20
23.722216963877983
 10
386.85559829227736
 20
23.959901265812732
 10
385.3852869445186
 20
25.398376731805314
 10
385.2829085137744
 20
25.503562060215643
 10
383.79130343919735
 20
27.11302903392678
 10
383.677257379627
 20
27.243446098600373
 10
383.52890272465953
 20
27.4233241546777
 10
383.23222969833154
 20
27.779751835858193
 10
381.6723184905997
 20
29.635868424390253
 10
381.58755256125187
 20
29.741480991820154
 10
380.93321487838006
 20
30.595536778443346
 10
380.9066805806909
 20
30.630701743094605
 10
380.3557353506278
 20
31.37210943450873
 10
380.2724794244039
 20
31.489965190276834
 10
379.1889289033495
 20
33.10488244467031
 10
379.17464844424916
 20
33.126036051628546
 10
378.87031462183825
 20
33.574099694418024
 10
378.85591441583085
 20
33.59517196687071
 10
378.4236001460288
 20
34.22395565931657
 10
378.3231307163779
 20
34.380238986700306
 10
377.1148766274133
 20
36.394201815958965
 10
377.0476919380106
 20
36.51215759021176
 10
375.9674798326887
 20
38.512607204428306
 10
375.96387181682405
 20
38.519309227202044
 10
375.5114468655509
 20
39.3622656062133
 10
375.4503803653038
 20
39.482449298329655
 10
373.52226811635796
 20
43.4980691033047
 10
373.4762152053588
 20
43.598697798104155
 10
372.8907268452703
 20
44.94301812062412
 10
372.87591677467117
 20
44.97761415775406
 10
371.6808660856216
 20
47.81834699397433
 10
371.6332565005492
 20
47.93872099727652
 10
370.3185600311858
 20
51.48457769924819
 10
370.29522730469165
 20
51.54738257091317
 10
369.60540613162203
 20
53.40026861665238
 10
369.571879866713
 20
53.495159655741546
 10
368.9828462618075
 20
55.25580903484801
 10
368.9815086768044
 20
55.25981651622094
 10
367.6425589978593
 20
59.280812154040106
 10
367.61706487948663
 20
59.36111846845698
 10
366.63702715811286
 20
62.60552283510212
 10
366.59945091012304
 20
62.72935632833118
 10
365.6605502124467
 20
65.80877953732359
 10
365.64153167706223
 20
65.8737779592417
 10
364.59586487038405
 20
69.60316270207262
 10
364.59367120119634
 20
69.61102761034057
 10
363.7484339566768
 20
72.65744977632652
 10
363.7345239381369
 20
72.70938676271193
 10
363.18262259997385
 20
74.84652234363752
 10
363.1209881434916
 20
75.0830625438537
 10
361.67060260518235
 20
80.59261240950447
 10
361.6584627269203
 20
80.64031410163152
 10
359.883730012597
 20
87.86117291230816
 10
359.8812084944488
 20
87.87151129404914
 10
359.7135393957731
 20
88.56430023693032
 10
359.7025895911612
 20
88.61118603180581
 10
359.6093933691003
 20
89.02521599138119
 10
359.5649593454202
 20
89.22158259690518
 10
357.7549322309246
 20
97.1443220291235
 10
357.74363156444514
 20
97.19587065549699
 10
357.6423029081015
 20
97.67833603465952
 10
357.6403291329141
 20
97.68780988910423
 10
356.02788732948113
 20
105.49031755522593
 10
356.00737197668514
 20
105.58904346237712
 10
356.00447816226034
 20
105.6031389657134
 10
355.99455486541217
 20
105.65206982317697
 10
355.985387014872
 20
105.69920950290482
 10
354.42551314982967
 20
114.07712586993598
 10
354.4161384493444
 20
114.13011283778407
 10
353.1040684695672
 20
121.95449647688447
 10
352.97403177501116
 20
122.73082772468025
 10
352.96633233978775
 20
122.77921612411812
 10
352.83761911643046
 20
123.63300673957961
 10
351.6420807096573
 20
131.5452994908194
 10
351.6360184192277
 20
131.58744315805103
 10
350.59312158631974
 20
139.2214314576504
 10
350.5925940823266
 20
139.22531166000994
 10
350.43781205133735
 20
140.3694476667709
 10
350.43304508662413
 20
140.4064115599897
 10
350.2815162052024
 20
141.64184211617282
 10
350.2728378106469
 20
141.7122943608706
 10
349.333252634266
 20
149.29436057185336
 10
349.3280698186836
 20
149.33890977742334
 10
348.50741012560246
 20
156.883861345794
 10
348.5070127378519
 20
156.8875358898843
 10
348.3624434921282
 20
158.23207866857712
 10
348.3578082376853
 20
158.2785948726965
 10
348.2133466937753
 20
159.85249741224607
 10
347.49611166202834
 20
167.64340365126668
 10
347.49193400856484
 20
167.69335023704303
 10
346.90168466875235
 20
175.53864834738692
 10
346.73627118332934
 20
177.72716828804488
 10
346.7332329157162
 20
177.77178987821043
 10
346.5701583012162
 20
180.46258977328478
 10
346.5698966256928
 20
180.46696034637915
 10
346.0863872099089
 20
188.64266108716328
 10
346.08417693991953
 20
188.68514353966577
 10
345.7366646644789
 20
196.42120246333616
 10
345.73132518504804
 20
196.53723768476954
 10
345.54778100709973
 20
200.42484719397692
 10
345.546214125994
 20
200.46325767202006
 10
345.3787105941469
 20
205.33582159557983
 10
345.3784565395883
 20
205.3434980474231
 10
345.15459046917766
 20
212.38024623837651
 10
345.1535874010772
 20
212.4201101772436
 10
345.03973401560324
 20
218.57003988518744
 10
345.0361496585149
 20
218.74750043681024
 10
344.9567968191594
 20
222.3507708684889
 10
345.0029844009233
 20
222.94529906787426
  0
TEXT
  5
D1
330
17
100
AcDbEntity
  8
TEXT
100
AcDbText
 10
381.6658149723578
 20
123.20611143184887
 30
0.0
 40
10.0
  1
РН7
 72
1
 11
381.6658149723578
 21
123.20611143184887
 31
0.0
100
AcDbText
 73
2
  0
LWPOLYLINE
  5
D2
330
17
100
AcDbEntity
  8
CUT_OUT
100
AcDbPolyline
 90
173
 70
1
 10
422.05025608236076
 20
459.36212126827826
 10
422.2131223810476
 20
459.9357689313308
 10
422.4862324212091
 20
460.46587078808716
 10
422.8587954105373
 20
460.9314820976109
 10
423.31609109254845
 20
461.314206191166
 10
423.84005135548426
 20
461.59892133905566
 10
424.40997411760645
 20
461.77437822204575
 10
425.0033412827146
 20
461.833644400808
 10
445.89511474876986
 20
461.833644400808
 10
445.89511474876986
 20
470.833644400808
 10
475.89511474876986
 20
470.833644400808
 10
475.89511474876986
 20
461.833644400808
 10
484.4769258980439
 20
461.833644400808
 10
485.06219686409224
 20
461.7760002420177
 10
485.62497619513914
 20
461.60528299834186
 10
486.1436365971027
 20
461.3280532377156
 10
486.59824624160353
 20
460.95496474436766
 10
486.97133473495154
 20
460.5003550998668
 10
487.24856449557774
 20
459.98169469790327
 10
487.41928173925356
 20
459.41891536685637
 10
487.4769258980439
 20
458.833644400808
 10
487.4769258980439
 20
251.41449383204935
 10
487.4163635249316
 20
250.81473851724456
 10
487.23712160628617
 20
250.23919827254062
 10
486.9464370194104
 20
249.71111048663144
 10
486.55604612990993
 20
249.2517966592012
 10
486.0817109369244
 20
248.87980154717823
 10
485.5425826837458
 20
248.6101444217427
 10
484.9604286279903
 20
248.45371266652322
 10
484.35875319041367
 20
248.416822200404
 10
483.7618489659111
 20
248.50096247283398
 10
483.19381591205376
 20
248.7027363274313
 10
482.3395339329041
 20
249.10695305272168
 10
482.3105965238308
 20
249.12051967798357
 10
481.6954642213158
 20
249.40624991633462
 10
481.66643113297425
 20
249.41961070786596
 10
480.8245022699415
 20
249.80344248915915
 10
480.61525740777375
 20
249.8978012603468
 10
480.5555331605653
 20
249.92552654119822
 10
479.6592943946999
 20
250.35359699863977
 10
479.65369012864136
 20
250.35628089537244
 10
477.6485380750682
 20
251.31910724885768
 10
477.5578715092114
 20
251.36454471940021
 10
477.4249871422842
 20
251.4339741998857
 10
477.198197485392
 20
251.55175153476574
 10
475.3429236874688
 20
252.5090754678004
 10
475.3205170712471
 20
252.52055774761828
 10
474.84405521281064
 20
252.7630393727895
 10
474.8215721560097
 20
252.77440236315394
 10
474.2906595289865
 20
253.0408638643649
 10
474.1728822834492
 20
253.10328892838223
 10
472.7058796534112
 20
253.9230945069904
 10
472.44353635536476
 20
254.06869877753533
 10
471.83791774448497
 20
254.4024149299679
 10
471.6995565900493
 20
254.48355229680635
 10
469.84269255883623
 20
255.64024571061452
 10
469.70569245290096
 20
255.73088563338513
 10
468.0224064178848
 20
256.912061952119
 10
467.8863090604696
 20
257.0134259128856
 10
467.135990491766
 20
257.60597225370776
 10
467.04602848441755
 20
257.6768551998787
 10
466.11864548626676
 20
258.4057946499963
 10
465.99206866814524
 20
258.5110303903593
 10
464.2623798692262
 20
260.03125052519306
 10
464.1460867673817
 20
260.139039164282
 10
463.9028699737148
 20
260.37672346621673
 10
462.43255862595606
 20
261.81519893220934
 10
462.3301801952118
 20
261.92038426061964
 10
460.8385751206348
 20
263.52985123433075
 10
460.72452906106446
 20
263.6602682990044
 10
460.576174406097
 20
263.8401463550817
 10
460.279501379769
 20
264.1965740362622
 10
458.71959017203716
 20
266.05269062479425
 10
458.6348242426893
 20
266.15830319222414
 10
457.9804865598175
 20
267.0123589788474
 10
457.9539522621283
 20
267.0475239434986
 10
457.40300703206526
 20
267.78893163491273
 10
457.31975110584136
 20
267.90678739068085
 10
456.23620058478696
 20
269.5217046450743
 10
456.2219201256866
 20
269.54285825203254
 10
455.9175863032757
 20
269.990921894822
 10
455.9031860972683
 20
270.0119941672747
 10
455.4708718274662
 20
270.6407778597206
 10
455.3704023978153
 20
270.7970611871043
 10
454.16214830885076
 20
272.811024016363
 10
454.09496361944804
 20
272.92897979061576
 10
453.01475151412615
 20
274.9294294048323
 10
453.0111434982615
 20
274.936131427606
 10
452.55871854698836
 20
275.7790878066173
 10
452.4976520467412
 20
275.89927149873364
 10
450.5695397977954
 20
279.9148913037087
 10
450.52348688679626
 20
280.0155199985081
 10
449.93799852670776
 20
281.3598403210281
 10
449.9231884561086
 20
281.39443635815803
 10
448.728137767059
 20
284.23516919437833
 10
448.68052818198663
 20
284.3555431976805
 10
447.3658317126233
 20
287.9013998996522
 10
447.3424989861291
 20
287.96420477131716
 10
446.6526778130595
 20
289.8170908170564
 10
446.61915154815046
 20
289.91198185614553
 10
446.03011794324493
 20
291.672631235252
 10
446.0287803582419
 20
291.67663871662495
 10
444.68983067929673
 20
295.6976343544441
 10
444.6643365609241
 20
295.777940668861
 10
443.6842988395503
 20
299.02234503550613
 10
443.6467225915605
 20
299.14617852873516
 10
442.70782189388416
 20
302.2256017377276
 10
442.6888033584997
 20
302.2906001596457
 10
441.6431365518215
 20
306.0199849024766
 10
441.6409428826338
 20
306.02784981074456
 10
440.79570563811427
 20
309.07427197673053
 10
440.7817956195743
 20
309.1262089631159
 10
440.2298942814113
 20
311.2633445440415
 10
440.16825982492907
 20
311.4998847442577
 10
438.7178742866198
 20
317.00943460990845
 10
438.7057344083577
 20
317.05713630203553
 10
436.9310016940345
 20
324.2779951127122
 10
436.92848017588625
 20
324.2883334944531
 10
436.7608110772106
 20
324.9811224373343
 10
436.74986127259865
 20
325.0280082322098
 10
436.65666505053775
 20
325.4420381917852
 10
436.61223102685767
 20
325.6384047973092
 10
434.8022039123621
 20
333.5611442295275
 10
434.7909032458826
 20
333.612692855901
 10
434.68957458953895
 20
334.09515823506354
 10
434.6876008143515
 20
334.10463208950824
 10
433.0751590109186
 20
341.90713975562994
 10
433.0546436581226
 20
342.0058656627811
 10
433.0517498436978
 20
342.0199611661174
 10
433.0418265468496
 20
342.068892023581
 10
433.03265869630945
 20
342.1160317033088
 10
431.4727848312671
 20
350.49394807033997
 10
431.4634101307818
 20
350.54693503818805
 10
430.15134015100466
 20
358.37131867728846
 10
430.0213034564486
 20
359.14764992508424
 10
430.0136040212252
 20
359.19603832452214
 10
429.8848907978679
 20
360.0498289399836
 10
428.68935239109476
 20
367.9621216912234
 10
428.68329010066515
 20
368.00426535845503
 10
427.6403932677572
 20
375.6382536580544
 10
427.6398657637641
 20
375.64213386041394
 10
427.4850837327748
 20
376.7862698671749
 10
427.4803167680616
 20
376.8232337603937
 10
427.3287878866399
 20
378.0586643165768
 10
427.3201094920843
 20
378.1291165612746
 10
426.38052431570344
 20
385.71118277225736
 10
426.37534150012107
 20
385.75573197782734
 10
425.5546818070399
 20
393.300683546198
 10
425.55428441928933
 20
393.3043580902883
 10
425.40971517356564
 20
394.6489008689811
 10
425.4050799191227
 20
394.6954170731005
 10
425.26061837521274
 20
396.26931961265007
 10
424.5433833434658
 20
404.0602258516707
 10
424.5392056900023
 20
404.11017243744703
 10
423.9489563501898
 20
411.9554705477909
 10
423.7835428647668
 20
414.1439904884489
 10
423.78050459715365
 20
414.1886120786144
 10
423.6174299826537
 20
416.8794119736888
 10
423.61716830713027
 20
416.88378254678315
 10
423.13365889134633
 20
425.0594832875673
 10
423.131448621357
 20
425.1019657400698
 10
422.78393634591635
 20
432.83802466374016
 10
422.7785968664855
 20
432.95405988517354
 10
422.5950526885372
 20
436.8416693943809
 10
422.5934858074315
 20
436.88007987242406
 10
422.4259822755844
 20
441.75264379598383
 10
422.42572822102574
 20
441.7603202478271
 10
422.2018621506151
 20
448.7970684387805
 10
422.2008590825146
 20
448.8369323776476
 10
422.0870056970407
 20
454.98686208559144
 10
422.08342133995234
 20
455.16432263721424
 10
422.0040685005969
 20
458.7675930688929
 10
422.05025608236076
 20
459.36212126827826
  0
TEXT
  5
D3
330
17
100
AcDbEntity
  8
TEXT
100
AcDbText
 10
458.71308665379524
 20
359.62293363225285
 30
0.0
 40
10.0
  1
РН7
 72
1
 11
458.71308665379524
 21
359.62293363225285
 31
0.0
100
AcDbText
 73
2
  0
LWPOLYLINE
  5
D4
330
17
100
AcDbEntity
  8
CUT_OUT
100
AcDbPolyline
 90
187
 70
1
 10
424.8516554366293
 20
197.84014575629357
 10
424.90151221405955
 20
198.50542777381105
 10
424.9191690457807
 20
198.7487715490738
 10
425.27180898357335
 20
203.78366899642782
 10
425.2780349443533
 20
203.85895015645644
 10
425.64184142898654
 20
207.6727232022891
 10
425.64244336674
 20
207.67896429958296
 10
425.7659394558693
 20
208.9455614858174
 10
425.77465198491336
 20
209.02417438462095
 10
426.07100512362564
 20
211.41040090311873
 10
426.0713975096728
 20
211.41354679225992
 10
426.3466489047452
 20
213.61087484742677
 10
426.35658911589957
 20
213.68310014814534
 10
426.5043173477865
 20
214.66775376009252
 10
426.5210201475311
 20
214.77992462127224
 10
426.87225751861325
 20
217.1577472741381
 10
426.8912593019782
 20
217.2712746456267
 10
427.350273318365
 20
219.7237272221787
 10
427.55694514583695
 20
220.82582850324792
 10
427.56285518106085
 20
220.85646414593907
 10
427.78662592007953
 20
221.98483680207346
 10
427.9571129951152
 20
222.54794295158416
 10
428.23422353677745
 20
223.0669459632042
 10
428.60729943092304
 20
223.52188415194917
 10
429.06199158263826
 20
223.89525986827203
 10
429.5808118053534
 20
224.17271248561923
 10
430.14380544443736
 20
224.34357073307018
 10
430.7293188650941
 20
224.40126312946535
 10
448.8884603197535
 20
224.40126312946535
 10
448.8884603197535
 20
233.40126312946535
 10
478.8884603197535
 20
233.40126312946535
 10
478.8884603197535
 20
224.40126312946535
 10
486.1368477843587
 20
224.40126312946535
 10
486.7221187504071
 20
224.34361897067504
 10
487.28489808145395
 20
224.1729017269992
 10
487.80355848341753
 20
223.89567196637296
 10
488.25816812791834
 20
223.522583473025
 10
488.63125662126635
 20
223.06797382852415
 10
488.90848638189254
 20
222.54931342656062
 10
489.0792036255684
 20
221.98653409551372
 10
489.1368477843587
 20
221.40126312946535
 10
489.1368477843587
 20
14.997114188495843
 10
489.0823685291929
 20
14.427985431753186
 10
488.92090942319106
 20
13.87952714885104
 10
488.6583345809097
 20
13.371659072284103
 10
488.30418059023737
 20
12.922826718408288
 10
487.87131014825786
 20
12.549331455445909
 10
487.3754448944794
 20
12.264738445886394
 10
486.83459440869444
 20
12.079383966520524
 10
486.2684021119839
 20
12.0
 10
485.69743182741814
 20
12.029469732570234
 10
485.14242091221377
 20
12.166722838177648
 10
483.4727483959762
 20
12.753343913613662
 10
483.384874556408
 20
12.785767220971877
 10
480.05024963288434
 20
14.075655766020432
 10
479.9369255141115
 20
14.122173052611046
 10
479.8800618717854
 20
14.14688277440402
 10
479.1340033289091
 20
14.466282846444045
 10
479.0987091325403
 20
14.481215368493778
 10
476.40110298630793
 20
15.609019263564676
 10
476.261243289415
 20
15.671735325267505
 10
474.5535251210004
 20
16.49053536232995
 10
474.4964425638252
 20
16.51741421125614
 10
473.2810610432229
 20
17.0793334718428
 10
473.2236062469714
 20
17.10540978431942
 10
472.62891282070643
 20
17.370303941925272
 10
472.486704146329
 20
17.438178269978778
 10
471.6445086653238
 20
17.867658351189917
 10
471.55240900922394
 20
17.91450839465695
 10
470.08877816326606
 20
18.657086192960747
 10
469.9628864391077
 20
18.724776051276848
 10
467.847770273015
 20
19.927854953663072
 10
467.7591478413492
 20
19.978147482312735
 10
467.6741137813639
 20
20.026289394082895
 10
467.5226862130411
 20
20.11802327736666
 10
466.0921276525585
 20
21.043427068778215
 10
465.9037865174873
 20
21.175780086960543
 10
464.64666945712315
 20
22.13329457171777
 10
464.50108820514055
 20
22.251550241278863
 10
464.25947914359045
 20
22.460678509151805
 10
464.22562334180964
 20
22.490430676067902
 10
463.58713012170136
 20
23.06008966741993
 10
463.4477828893406
 20
23.19267791880607
 10
462.4315346998719
 20
24.223693939353254
 10
462.2793189024009
 20
24.39020540675847
 10
460.8456952962635
 20
26.08205065540848
 10
460.7360208652568
 20
26.219447234777604
 10
459.6835901714127
 20
27.620186455295737
 10
459.67751440653865
 20
27.6283015471501
 10
459.2190287010258
 20
28.24283919777031
 10
459.12980425778073
 20
28.36909408905457
 10
458.0068952448189
 20
30.04822512214791
 10
457.38260801261373
 20
30.97997438502594
 10
457.30344481433815
 20
31.104656702773
 10
457.1459229504559
 20
31.366798815007726
 10
455.5682301846826
 20
33.99669569083528
 10
455.50006776501186
 20
34.116470506506445
 10
453.9305858146097
 20
37.02795821809228
 10
453.8653166938052
 20
37.15632010991769
 10
451.9813779918661
 20
41.09244897618943
 10
451.93631900154503
 20
41.19113456947625
 10
450.4287224015755
 20
44.65754031750528
 10
450.03006258126527
 20
45.57546530953712
 10
449.99763689683516
 20
45.65308713213895
 10
449.3889212997168
 20
47.169694911217405
 10
447.9487576600555
 20
50.749961667859154
 10
447.9261281657951
 20
50.80794932955244
 10
446.9316013631702
 20
53.43660920016835
 10
446.9301009774141
 20
53.44058340844386
 10
445.82002749087775
 20
56.38724800095754
 10
445.80471722939905
 20
56.42881646528592
 10
444.24374551290754
 20
60.76542427126559
 10
444.22159071103954
 20
60.82686362112362
 10
443.60005589672505
 20
62.546877138777305
 10
443.5843055221052
 20
62.59156520309294
 10
443.174973296675
 20
63.78287738386258
 10
443.1728421667002
 20
63.7891019831696
 10
441.4933683538982
 20
68.71211415519416
 10
441.4766760654277
 20
68.76249818011739
 10
439.99255578756816
 20
73.3785579004692
 10
439.98721620318423
 20
73.39533439085231
 10
439.5848030330976
 20
74.67263676012253
 10
439.5740972777212
 20
74.70734989643434
 10
439.5583130466456
 20
74.75965220640576
 10
439.55099664100874
 20
74.78427636125254
 10
437.69408912816573
 20
81.13333633562742
 10
437.676322020072
 20
81.19665254465552
 10
436.3755173298514
 20
86.03557089925816
 10
435.9822509597486
 20
87.50399237950522
 10
435.96661255167595
 20
87.56493533986897
 10
435.4521532587934
 20
89.66083450052248
 10
434.4088321224465
 20
93.92018251960035
 10
434.39325184617155
 20
93.98709542228444
 10
433.6930861871884
 20
97.15807583019752
 10
433.675144600273
 20
97.23902194993558
 10
432.96521614861905
 20
100.42909249460378
 10
432.95098222032243
 20
100.49671686808777
 10
432.1240680442345
 20
104.66283567034692
 10
432.1230465963063
 20
104.66800565456894
 10
431.7115455583805
 20
106.76045167695257
 10
431.6983435816261
 20
106.83217643511311
 10
431.42592769845476
 20
108.42037746514403
 10
431.4057443225416
 20
108.53724002763086
 10
430.5608929132287
 20
113.39363978470875
 10
430.5511098906975
 20
113.45344608350761
 10
429.6464899420023
 20
119.35732844738943
 10
429.64571121083185
 20
119.3624401541676
 10
429.54810933380145
 20
120.00684274058135
 10
429.54163524214675
 20
120.05189234405854
 10
429.4656895682572
 20
120.61041318318674
 10
429.4571860991215
 20
120.67292821079717
 10
428.6002220582299
 20
126.94216970335644
 10
428.595281866652
 20
126.98011201909885
 10
427.74246048999873
 20
133.8731166764008
 10
427.7393563988311
 20
133.89913793063056
 10
427.6085907003298
 20
135.03758627506056
 10
427.6078614624313
 20
135.04399581129104
 10
426.96282144263915
 20
140.76827355595066
 10
426.9594621931274
 20
140.79955807401973
 10
426.2973927862174
 20
147.28561665128137
 10
426.29474948735606
 20
147.3127301341293
 10
426.25716562244935
 20
147.7172548874916
 10
426.2561973599379
 20
147.72788168650465
 10
425.67788087235147
 20
154.20237953767617
 10
425.67434613734946
 20
154.24545113448585
 10
425.20544576919565
 20
160.51255148525507
 10
425.2012455388954
 20
160.57842134074713
 10
425.1991695836282
 20
160.61779286210646
 10
425.1837811276128
 20
160.8952072167791
 10
424.8153738477144
 20
167.2104211617537
 10
424.8127479205442
 20
167.26352475336398
 10
424.5679489028246
 20
173.29757445549427
 10
424.5658113784126
 20
173.37480394480463
 10
424.5652364177142
 20
173.41366651531115
 10
424.55951869572584
 20
173.74050618374235
 10
424.4303125701441
 20
179.90649691561907
 10
424.4296542166064
 20
179.970018482184
 10
424.43093144232546
 20
185.67668245414205
 10
424.43242505887173
 20
185.7706678637212
 10
424.4348455592438
 20
185.84734362188948
 10
424.4458701534932
 20
186.24537618106655
 10
424.58517963141065
 20
192.1469851036445
 10
424.5875453259951
 20
192.21474108571533
 10
424.8269209590019
 20
197.3922858705484
 10
424.8280784559466
 20
197.41539052864107
 10
424.84762522636674
 20
197.77760891130856
 10
424.8516554366293
 20
197.84014575629357
  0
TEXT
  5
D5
330
17
100
AcDbEntity
  8
TEXT
100
AcDbText
 10
459.0827759315172
 20
123.8075489570768
 30
0.0
 40
10.0
  1
РН8
 72
1
 11
459.0827759315172
 21
123.8075489570768
 31
0.0
100
AcDbText
 73
2
  0
LWPOLYLINE
  5
D6
330
17
100
AcDbEntity
  8
CUT_OUT
100
AcDbPolyline
 90
187
 70
1
 10
449.7065098892435
 20
670.6737901571016
 10
449.7563666666737
 20
671.3390721746191
 10
449.77402349839485
 20
671.5824159498818
 10
450.1266634361875
 20
676.6173133972359
 10
450.13288939696747
 20
676.6925945572644
 10
450.4966958816007
 20
680.506367603097
 10
450.4972978193542
 20
680.512608700391
 10
450.62079390848345
 20
681.7792058866254
 10
450.62950643752754
 20
681.8578187854289
 10
450.9258595762398
 20
684.2440453039267
 10
450.926251962287
 20
684.2471911930679
 10
451.2015033573594
 20
686.4445192482348
 10
451.21144356851374
 20
686.5167445489533
 10
451.3591718004007
 20
687.5013981609005
 10
451.37587460014527
 20
687.6135690220802
 10
451.72711197122743
 20
689.991391674946
 10
451.7461137545924
 20
690.1049190464347
 10
452.2051277709792
 20
692.5573716229867
 10
452.4117995984511
 20
693.659472904056
 10
452.41770963367503
 20
693.6901085467471
 10
452.6414803726937
 20
694.8184812028815
 10
452.8119674477294
 20
695.3815873523922
 10
453.0890779893916
 20
695.9005903640123
 10
453.4621538835372
 20
696.3555285527572
 10
453.91684603525243
 20
696.72890426908
 10
454.43566625796757
 20
697.0063568864273
 10
454.99865989705154
 20
697.1772151338782
 10
455.5841733177083
 20
697.2349075302734
 10
473.7433147723677
 20
697.2349075302734
 10
473.7433147723677
 20
706.2349075302734
 10
503.7433147723677
 20
706.2349075302734
 10
503.7433147723677
 20
697.2349075302734
 10
510.99170223697286
 20
697.2349075302734
 10
511.5769732030213
 20
697.177263371483
 10
512.1397525340682
 20
697.0065461278073
 10
512.6584129360317
 20
696.7293163671809
 10
513.1130225805325
 20
696.356227873833
 10
513.4861110738805
 20
695.9016182293321
 10
513.7633408345067
 20
695.3829578273686
 10
513.9340580781826
 20
694.8201784963217
 10
513.9917022369729
 20
694.2349075302734
 10
513.9917022369729
 20
487.83075858930385
 10
513.937222981807
 20
487.2616298325612
 10
513.7757638758053
 20
486.713171549659
 10
513.5131890335239
 20
486.2053034730921
 10
513.1590350428515
 20
485.75647111921626
 10
512.726164600872
 20
485.3829758562539
 10
512.2302993470936
 20
485.0983828466944
 10
511.6894488613086
 20
484.91302836732854
 10
511.1232565645981
 20
484.833644400808
 10
510.5522862800323
 20
484.86311413337825
 10
509.99727536482794
 20
485.00036723898563
 10
508.3276028485904
 20
485.58698831442166
 10
508.2397290090222
 20
485.6194116217799
 10
504.9051040854985
 20
486.9093001668284
 10
504.7917799667257
 20
486.95581745341906
 10
504.7349163243996
 20
486.98052717521205
 10
503.9888577815233
 20
487.29992724725207
 10
503.9535635851545
 20
487.3148597693018
 10
501.2559574389221
 20
488.4426636643727
 10
501.1160977420292
 20
488.5053797260755
 10
499.4083795736146
 20
489.324179763138
 10
499.3512970164394
 20
489.35105861206415
 10
498.1359154958371
 20
489.9129778726508
 10
498.0784606995856
 20
489.9390541851274
 10
497.4837672733206
 20
490.20394834273327
 10
497.34155859894315
 20
490.2718226707868
 10
496.499363117938
 20
490.7013027519979
 10
496.4072634618381
 20
490.74815279546493
 10
494.94363261588023
 20
491.4907305937687
 10
494.8177408917219
 20
491.5584204520849
 10
492.70262472562916
 20
492.7614993544711
 10
492.6140022939634
 20
492.81179188312075
 10
492.5289682339781
 20
492.8599337948909
 10
492.37754066565526
 20
492.95166767817466
 10
490.94698210517265
 20
493.8770714695862
 10
490.75864097010145
 20
494.00942448776857
 10
489.50152390973733
 20
494.9669389725258
 10
489.3559426577547
 20
495.0851946420869
 10
489.11433359620463
 20
495.2943229099598
 10
489.0804777944238
 20
495.3240750768759
 10
488.44198457431554
 20
495.8937340682279
 10
488.3026373419548
 20
496.02632231961405
 10
487.2863891524861
 20
497.05733834016127
 10
487.1341733550151
 20
497.22384980756647
 10
485.7005497488777
 20
498.91569505621646
 10
485.590875317871
 20
499.0530916355856
 10
484.53844462402685
 20
500.45383085610376
 10
484.5323688591528
 20
500.4619459479581
 10
484.07388315364
 20
501.0764835985783
 10
483.9846587103949
 20
501.20273848986255
 10
482.8617496974331
 20
502.8818695229559
 10
482.2374624652279
 20
503.8136187858339
 10
482.1582992669523
 20
503.938301103581
 10
482.00077740307006
 20
504.2004432158157
 10
480.42308463729677
 20
506.8303400916433
 10
480.35492221762604
 20
506.95011490731446
 10
478.78544026722386
 20
509.8616026189003
 10
478.7201711464194
 20
509.9899645107257
 10
476.8362324444803
 20
513.9260933769974
 10
476.7911734541592
 20
514.0247789702843
 10
475.2835768541897
 20
517.4911847183133
 10
474.88491703387945
 20
518.4091097103451
 10
474.85249134944934
 20
518.4867315329469
 10
474.243775752331
 20
520.0033393120254
 10
472.80361211266967
 20
523.5836060686671
 10
472.78098261840927
 20
523.6415937303605
 10
471.7864558157844
 20
526.2702536009764
 10
471.7849554300283
 20
526.2742278092519
 10
470.6748819434919
 20
529.2208924017656
 10
470.6595716820132
 20
529.2624608660939
 10
469.0985999655217
 20
533.5990686720736
 10
469.0764451636537
 20
533.6605080219316
 10
468.45491034933923
 20
535.3805215395853
 10
468.43915997471936
 20
535.425209603901
 10
468.02982774928915
 20
536.6165217846706
 10
468.0276966193144
 20
536.6227463839776
 10
466.34822280651235
 20
541.5457585560022
 10
466.33153051804186
 20
541.5961425809254
 10
464.84741024018234
 20
546.2122023012772
 10
464.8420706557984
 20
546.2289787916603
 10
464.4396574857118
 20
547.5062811609305
 10
464.42895173033537
 20
547.5409942972424
 10
464.41316749925977
 20
547.5932966072138
 10
464.4058510936229
 20
547.6179207620605
 10
462.5489435807799
 20
553.9669807364354
 10
462.5311764726862
 20
554.0302969454635
 10
461.23037178246557
 20
558.8692153000661
 10
460.8371054123628
 20
560.3376367803132
 10
460.8214670042901
 20
560.398579740677
 10
460.30700771140755
 20
562.4944789013305
 10
459.26368657506066
 20
566.7538269204083
 10
459.24810629878573
 20
566.8207398230925
 10
458.54794063980256
 20
569.9917202310055
 10
458.52999905288715
 20
570.0726663507436
 10
457.8200706012332
 20
573.2627368954118
 10
457.8058366729366
 20
573.3303612688958
 10
456.97892249684867
 20
577.4964800711549
 10
456.9779010489205
 20
577.5016500553769
 10
456.5664000109947
 20
579.5940960777606
 10
456.55319803424027
 20
579.6658208359211
 10
456.28078215106893
 20
581.254021865952
 10
456.26059877515576
 20
581.3708844284389
 10
455.4157473658429
 20
586.2272841855167
 10
455.40596434331167
 20
586.2870904843156
 10
454.50134439461647
 20
592.1909728481975
 10
454.500565663446
 20
592.1960845549756
 10
454.4029637864156
 20
592.8404871413893
 10
454.39648969476093
 20
592.8855367448665
 10
454.32054402087135
 20
593.4440575839948
 10
454.31204055173566
 20
593.5065726116052
 10
453.4550765108441
 20
599.7758141041644
 10
453.45013631926616
 20
599.8137564199069
 10
452.5973149426129
 20
606.7067610772089
 10
452.59421085144527
 20
606.7327823314386
 10
452.46344515294396
 20
607.8712306758686
 10
452.46271591504546
 20
607.877640212099
 10
451.81767589525333
 20
613.6019179567586
 10
451.8143166457416
 20
613.6332024748277
 10
451.1522472388316
 20
620.1192610520893
 10
451.14960393997023
 20
620.1463745349373
 10
451.1120200750635
 20
620.5508992882997
 10
451.1110518125521
 20
620.5615260873126
 10
450.53273532496564
 20
627.0360239384842
 10
450.52920058996364
 20
627.0790955352938
 10
450.0603002218098
 20
633.346195886063
 10
450.0560999915096
 20
633.4120657415551
 10
450.05402403624237
 20
633.4514372629144
 10
450.038635580227
 20
633.7288516175871
 10
449.6702283003286
 20
640.0440655625616
 10
449.6676023731584
 20
640.097169154172
 10
449.42280335543876
 20
646.1312188563022
 10
449.4206658310268
 20
646.2084483456126
 10
449.42009087032835
 20
646.2473109161192
 10
449.41437314834
 20
646.5741505845504
 10
449.2851670227583
 20
652.7401413164271
 10
449.2845086692206
 20
652.8036628829921
 10
449.28578589493964
 20
658.5103268549501
 10
449.2872795114859
 20
658.6043122645292
 10
449.289700011858
 20
658.6809880226974
 10
449.3007246061074
 20
659.0790205818746
 10
449.44003408402483
 20
664.9806295044525
 10
449.4423997786093
 20
665.0483854865233
 10
449.68177541161606
 20
670.2259302713564
 10
449.68293290856076
 20
670.2490349294491
 10
449.7024796789809
 20
670.6112533121166
 10
449.7065098892435
 20
670.6737901571016
  0
TEXT
  5
D7
330
17
100
AcDbEntity
  8
TEXT
100
AcDbText
 10
483.93763038413135
 20
596.6411933578848
 30
0.0
 40
10.0
  1
РН8
 72
1
 11
483.93763038413135
 21
596.6411933578848
 31
0.0
100
AcDbText
 73
2
  0
ENDSEC
  0
SECTION
  2
OBJECTS
  0
DICTIONARY
  5
A
330
0
100
AcDbDictionary
281
1
  3
ACAD_COLOR
350
B
  3
ACAD_GROUP
350
C
  3
ACAD_LAYOUT
350
D
  3
ACAD_MATERIAL
350
E
  3
ACAD_MLEADERSTYLE
350
F
  3
ACAD_MLINESTYLE
350
10
  3
ACAD_PLOTSETTINGS
350
11
  3
ACAD_PLOTSTYLENAME
350
12
  3
ACAD_SCALELIST
350
14
  3
ACAD_TABLESTYLE
350
15
  3
ACAD_VISUALSTYLE
350
16
  3
EZDXF_META
350
2D
  0
DICTIONARY
  5
B
330
A
100
AcDbDictionary
281
1
  0
DICTIONARY
  5
C
330
A
100
AcDbDictionary
281
1
  0
DICTIONARY
  5
D
330
A
100
AcDbDictionary
281
1
  3
Model
350
1A
  3
Layout1
350
1E
  0
DICTIONARY
  5
E
330
A
100
AcDbDictionary
281
1
  3
ByBlock
350
1F
  3
ByLayer
350
20
  3
Global
350
21
  0
DICTIONARY
  5
F
330
A
100
AcDbDictionary
281
1
  3
Standard
350
2C
  0
DICTIONARY
  5
10
330
A
100
AcDbDictionary
281
1
  3
Standard
350
22
  0
DICTIONARY
  5
11
330
A
100
AcDbDictionary
281
1
  0
ACDBDICTIONARYWDFLT
  5
12
330
A
100
AcDbDictionary
281
1
  3
Normal
350
13
100
AcDbDictionaryWithDefault
340
13
  0
ACDBPLACEHOLDER
  5
13
330
12
  0
DICTIONARY
  5
14
330
A
100
AcDbDictionary
281
1
  0
DICTIONARY
  5
15
330
A
100
AcDbDictionary
281
1
  0
DICTIONARY
  5
16
330
A
100
AcDbDictionary
281
1
  3
2dWireframe
350
5A
  3
Basic
350
5B
  3
Brighten
350
5C
  3
ColorChange
350
5D
  3
Conceptual
350
5E
  3
Dim
350
5F
  3
EdgeColorOff
350
60
  3
Facepattern
350
61
  3
Flat
350
62
  3
FlatWithEdges
350
63
  3
Gouraud
350
64
  3
GouraudWithEdges
350
65
  3
Hidden
350
66
  3
JitterOff
350
67
  3
Linepattern
350
68
  3
Modeling
350
69
  3
OverhangOff
350
6A
  3
Realistic
350
6B
  3
Shaded
350
6C
  3
Shaded with edges
350
6D
  3
Shades of Gray
350
6E
  3
Sketchy
350
6F
  3
Thicken
350
70
  3
Wireframe
350
71
  3
X-Ray
350
72
  0
LAYOUT
  5
1A
330
D
100
AcDbPlotSettings
  1

  4
A3
  6

 40
7.5
 41
20.0
 42
7.5
 43
20.0
 44
420.0
 45
297.0
 46
0.0
 47
0.0
 48
0.0
 49
0.0
140
0.0
141
0.0
142
1.0
143
1.0
 70
1024
 72
1
 73
0
 74
5
  7

 75
16
 76
0
 77
2
 78
300
147
1.0
148
0.0
149
0.0
100
AcDbLayout
  1
Model
 70
1
 71
0
 10
0.0
 20
0.0
 11
420.0
 21
297.0
 12
0.0
 22
0.0
 32
0.0
 14
1e+20
 24
1e+20
 34
1e+20
 15
-1e+20
 25
-1e+20
 35
-1e+20
146
0.0
 13
0.0
 23
0.0
 33
0.0
 16
1.0
 26
0.0
 36
0.0
 17
0.0
 27
1.0
 37
0.0
 76
1
330
17
  0
LAYOUT
  5
1E
330
D
100
AcDbPlotSettings
  1

  4
A3
  6

 40
7.5
 41
20.0
 42
7.5
 43
20.0
 44
420.0
 45
297.0
 46
0.0
 47
0.0
 48
0.0
 49
0.0
140
0.0
141
0.0
142
1.0
143
1.0
 70
0
 72
1
 73
0
 74
5
  7

 75
16
 76
0
 77
2
 78
300
147
1.0
148
0.0
149
0.0
100
AcDbLayout
  1
Layout1
 70
1
 71
1
 10
0.0
 20
0.0
 11
420.0
 21
297.0
 12
0.0
 22
0.0
 32
0.0
 14
1e+20
 24
1e+20
 34
1e+20
 15
-1e+20
 25
-1e+20
 35
-1e+20
146
0.0
 13
0.0
 23
0.0
 33
0.0
 16
1.0
 26
0.0
 36
0.0
 17
0.0
 27
1.0
 37
0.0
 76
1
330
1B
  0
MATERIAL
  5
1F
102
{ACAD_REACTORS
330
E
102
}
330
E
100
AcDbMaterial
  1
ByBlock
  2

 70
0
 40
1.0
 71
1
 41
1.0
 91
-1023410177
 42
1.0
 72
1
  3

 73
1
 74
1
 75
1
 44
0.5
 73
0
 45
1.0
 46
1.0
 77
1
  4

 78
1
 79
1
170
1
 48
1.0
171
1
  6

172
1
173
1
174
1
140
1.0
141
1.0
175
1
  7

176
1
177
1
178
1
143
1.0
179
1
  8

270
1
271
1
272
1
145
1.0
146
1.0
273
1
  9

274
1
275
1
276
1
 42
1.0
 72
1
  3

 73
1
 74
1
 75
1
 94
63
  0
MATERIAL
  5
20
102
{ACAD_REACTORS
330
E
102
}
330
E
100
AcDbMaterial
  1
ByLayer
  2

 70
0
 40
1.0
 71
1
 41
1.0
 91
-1023410177
 42
1.0
 72
1
  3

 73
1
 74
1
 75
1
 44
0.5
 73
0
 45
1.0
 46
1.0
 77
1
  4

 78
1
 79
1
170
1
 48
1.0
171
1
  6

172
1
173
1
174
1
140
1.0
141
1.0
175
1
  7

176
1
177
1
178
1
143
1.0
179
1
  8

270
1
271
1
272
1
145
1.0
146
1.0
273
1
  9

274
1
275
1
276
1
 42
1.0
 72
1
  3

 73
1
 74
1
 75
1
 94
63
  0
MATERIAL
  5
21
102
{ACAD_REACTORS
330
E
102
}
330
E
100
AcDbMaterial
  1
Global
  2

 70
0
 40
1.0
 71
1
 41
1.0
 91
-1023410177
 42
1.0
 72
1
  3

 73
1
 74
1
 75
1
 44
0.5
 73
0
 45
1.0
 46
1.0
 77
1
  4

 78
1
 79
1
170
1
 48
1.0
171
1
  6

172
1
173
1
174
1
140
1.0
141
1.0
175
1
  7

176
1
177
1
178
1
143
1.0
179
1
  8

270
1
271
1
272
1
145
1.0
146
1.0
273
1
  9

274
1
275
1
276
1
 42
1.0
 72
1
  3

 73
1
 74
1
 75
1
 94
63
  0
MLINESTYLE
  5
22
102
{ACAD_REACTORS
330
10
102
}
330
10
100
AcDbMlineStyle
  2
Standard
 70
0
  3

 62
256
 51
90.0
 52
90.0
 71
2
 49
0.5
 62
256
  6
BYLAYER
 49
-0.5
 62
256
  6
BYLAYER
  0
MLEADERSTYLE
  5
2C
102
{ACAD_REACTORS
330
F
102
}
330
F
100
AcDbMLeaderStyle
179
2
170
2
171
1
172
0
 90
2
 40
0.0
 41
0.0
173
1
 91
-1056964608
 92
-2
290
1
 42
2.0
291
1
 43
8.0
  3
Standard
 44
4.0
300

342
29
174
1
175
1
176
0
178
1
 93
-1056964608
 45
4.0
292
0
297
0
 46
4.0
 94
-1056964608
 47
1.0
 49
1.0
140
1.0
294
1
141
0.0
177
0
142
1.0
295
0
296
0
143
3.75
271
0
272
9
273
9
  0
DICTIONARY
  5
2D
330
A
100
AcDbDictionary
280
1
281
1
  3
CREATED_BY_EZDXF
350
2E
  3
WRITTEN_BY_EZDXF
350
DA
  0
DICTIONARYVAR
  5
2E
330
2D
100
DictionaryVariables
280
0
  1
1.4.4 @ 2026-09-30T15:27:07.778139+00:00
  0
VISUALSTYLE
  5
5A
102
{ACAD_REACTORS
330
16
102
}
330
16
100
AcDbVisualStyle
  2
2dWireframe
 70
4
 90
0
 40
0.6
 62
7
290
0
291
0
  0
VISUALSTYLE
  5
5B
102
{ACAD_REACTORS
330
16
102
}
330
16
100
AcDbVisualStyle
  2
Basic
 70
7
 90
1
 40
0.6
 62
7
290
0
291
1
  0
VISUALSTYLE
  5
5C
102
{ACAD_REACTORS
330
16
102
}
330
16
100
AcDbVisualStyle
  2
Brighten
 70
12
 90
2
 40
0.6
 62
7
290
0
291
1
  0
VISUALSTYLE
  5
5D
102
{ACAD_REACTORS
330
16
102
}
330
16
100
AcDbVisualStyle
  2
ColorChange
 70
16
 90
2
 40
0.6
 62
8
290
0
291
1
  0
VISUALSTYLE
  5
5E
102
{ACAD_REACTORS
330
16
102
}
330
16
100
AcDbVisualStyle
  2
Conceptual
 70
9
 90
3
 40
0.6
 62
7
290
0
291
0
  0
VISUALSTYLE
  5
5F
102
{ACAD_REACTORS
330
16
102
}
330
16
100
AcDbVisualStyle
  2
Dim
 70
11
 90
2
 40
0.6
 62
7
290
0
291
1
  0
VISUALSTYLE
  5
60
102
{ACAD_REACTORS
330
16
102
}
330
16
100
AcDbVisualStyle
  2
EdgeColorOff
 70
22
 90
2
 40
0.6
 62
7
290
0
291
1
  0
VISUALSTYLE
  5
61
102
{ACAD_REACTORS
330
16
102
}
330
16
100
AcDbVisualStyle
  2
Facepattern
 70
15
 90
2
 40
0.6
 62
7
290
0
291
1
  0
VISUALSTYLE
  5
62
102
{ACAD_REACTORS
330
16
102
}
330
16
100
AcDbVisualStyle
  2
Flat
 70
0
 90
2
 40
0.6
 62
7
290
0
291
1
  0
VISUALSTYLE
  5
63
102
{ACAD_REACTORS
330
16
102
}
330
16
100
AcDbVisualStyle
  2
FlatWithEdges
 70
1
 90
2
 40
0.6
 62
7
290
0
291
1
  0
VISUALSTYLE
  5
64
102
{ACAD_REACTORS
330
16
102
}
330
16
100
AcDbVisualStyle
  2
Gouraud
 70
2
 90
2
 40
0.6
 62
7
290
0
291
1
  0
VISUALSTYLE
  5
65
102
{ACAD_REACTORS
330
16
102
}
330
16
100
AcDbVisualStyle
  2
GouraudWithEdges
 70
3
 90
2
 40
0.6
 62
7
290
0
291
1
  0
VISUALSTYLE
  5
66
102
{ACAD_REACTORS
330
16
102
}
330
16
100
AcDbVisualStyle
  2
Hidden
 70
6
 90
1
 40
0.6
 62
7
290
0
291
0
  0
VISUALSTYLE
  5
67
102
{ACAD_REACTORS
330
16
102
}
330
16
100
AcDbVisualStyle
  2
JitterOff
 70
20
 90
2
 40
0.6
 62
7
290
0
291
1
  0
VISUALSTYLE
  5
68
102
{ACAD_REACTORS
330
16
102
}
330
16
100
AcDbVisualStyle
  2
Linepattern
 70
14
 90
2
 40
0.6
 62
7
290
0
291
1
  0
VISUALSTYLE
  5
69
102
{ACAD_REACTORS
330
16
102
}
330
16
100
AcDbVisualStyle
  2
Modeling
 70
10
 90
2
 40
0.6
 62
7
290
0
291
0
  0
VISUALSTYLE
  5
6A
102
{ACAD_REACTORS
330
16
102
}
330
16
100
AcDbVisualStyle
  2
OverhangOff
 70
21
 90
2
 40
0.6
 62
7
290
0
291
1
  0
VISUALSTYLE
  5
6B
102
{ACAD_REACTORS
330
16
102
}
330
16
100
AcDbVisualStyle
  2
Realistic
 70
8
 90
2
 40
0.6
 62
7
290
0
291
0
  0
VISUALSTYLE
  5
6C
102
{ACAD_REACTORS
330
16
102
}
330
16
100
AcDbVisualStyle
  2
Shaded
 70
27
 90
2
 40
0.6
 62
7
290
0
291
0
  0
VISUALSTYLE
  5
6D
102
{ACAD_REACTORS
330
16
102
}
330
16
100
AcDbVisualStyle
  2
Shaded with edges
 70
26
 90
2
 40
0.6
 62
7
290
0
291
0
  0
VISUALSTYLE
  5
6E
102
{ACAD_REACTORS
330
16
102
}
330
16
100
AcDbVisualStyle
  2
Shades of Gray
 70
23
 90
2
 40
0.6
 62
7
290
0
291
0
  0
VISUALSTYLE
  5
6F
102
{ACAD_REACTORS
330
16
102
}
330
16
100
AcDbVisualStyle
  2
Sketchy
 70
24
 90
1
 40
0.6
 62
7
290
0
291
0
  0
VISUALSTYLE
  5
70
102
{ACAD_REACTORS
330
16
102
}
330
16
100
AcDbVisualStyle
  2
Thicken
 70
13
 90
2
 40
0.6
 62
7
290
0
291
1
  0
VISUALSTYLE
  5
71
102
{ACAD_REACTORS
330
16
102
}
330
16
100
AcDbVisualStyle
  2
Wireframe
 70
5
 90
0
 40
0.6
 62
7
290
0
291
0
  0
VISUALSTYLE
  5
72
102
{ACAD_REACTORS
330
16
102
}
330
16
100
AcDbVisualStyle
  2
X-Ray
 70
25
 90
2
 40
0.5
 62
7
290
0
291
0
  0
DICTIONARYVAR
  5
DA
330
2D
100
DictionaryVariables
280
0
  1
1.4.4 @ 2026-09-30T15:27:07.814107+00:00
  0
ENDSEC
  0
EOF
