  0
SECTION
  2
HEADER
  9
$ACADVER
  1
AC1024
  9
$ACADMAINTVER
 70
6
  9
$DWGCODEPAGE
  3
ANSI_1252
  9
$LASTSAVEDBY
  1
ezdxf
  9
$INSBASE
 10
0.0
 20
0.0
 30
0.0
  9
$EXTMIN
 10
1e+20
 20
1e+20
 30
1e+20
  9
$EXTMAX
 10
-1e+20
 20
-1e+20
 30
-1e+20
  9
$LIMMIN
 10
0.0
 20
0.0
  9
$LIMMAX
 10
420.0
 20
297.0
  9
$ORTHOMODE
 70
0
  9
$REGENMODE
 70
1
  9
$FILLMODE
 70
1
  9
$QTEXTMODE
 70
0
  9
$MIRRTEXT
 70
1
  9
$LTSCALE
 40
1.0
  9
$ATTMODE
 70
1
  9
$TEXTSIZE
 40
2.5
  9
$TRACEWID
 40
1.0
  9
$TEXTSTYLE
  7
OpenSans
  9
$CLAYER
  8
0
  9
$CELTYPE
  6
ByLayer
  9
$CECOLOR
 62
256
  9
$CELTSCALE
 40
1.0
  9
$DISPSILH
 70
0
  9
$DIMSCALE
 40
1.0
  9
$DIMASZ
 40
0.175
  9
$DIMEXO
 40
0.125
  9
$DIMDLI
 40
3.75
  9
$DIMRND
 40
0.0
  9
$DIMDLE
 40
0.0
  9
$DIMEXE
 40
0.375
  9
$DIMTP
 40
0.0
  9
$DIMTM
 40
0.0
  9
$DIMTXT
 40
0.25
  9
$DIMCEN
 40
2.5
  9
$DIMTSZ
 40
0.0
  9
$DIMTOL
 70
0
  9
$DIMLIM
 70
0
  9
$DIMTIH
 70
0
  9
$DIMTOH
 70
0
  9
$DIMSE1
 70
0
  9
$DIMSE2
 70
0
  9
$DIMTAD
 70
1
  9
$DIMZIN
 70
12
  9
$DIMBLK
  1
ARCHTICK
  9
$DIMASO
 70
1
  9
$DIMSHO
 70
1
  9
$DIMPOST
  1

  9
$DIMAPOST
  1

  9
$DIMALT
 70
0
  9
$DIMALTD
 70
3
  9
$DIMALTF
 40
0.03937007874
  9
$DIMLFAC
 40
100.0
  9
$DIMTOFL
 70
1
  9
$DIMTVP
 40
0.0
  9
$DIMTIX
 70
0
  9
$DIMSOXD
 70
0
  9
$DIMSAH
 70
0
  9
$DIMBLK1
  1

  9
$DIMBLK2
  1

  9
$DIMSTYLE
  2
EZDXF
  9
$DIMCLRD
 70
0
  9
$DIMCLRE
 70
0
  9
$DIMCLRT
 70
0
  9
$DIMTFAC
 40
0.5
  9
$DIMGAP
 40
0.1
  9
$DIMJUST
 70
0
  9
$DIMSD1
 70
0
  9
$DIMSD2
 70
0
  9
$DIMTOLJ
 70
0
  9
$DIMTZIN
 70
8
  9
$DIMALTZ
 70
0
  9
$DIMALTTZ
 70
0
  9
$DIMUPT
 70
1
  9
$DIMDEC
 70
2
  9
$DIMTDEC
 70
2
  9
$DIMALTU
 70
2
  9
$DIMALTTD
 70
3
  9
$DIMTXSTY
  7
OpenSansCondensed-Light
  9
$DIMAUNIT
 70
0
  9
$DIMADEC
 70
2
  9
$DIMALTRND
 40
0.0
  9
$DIMAZIN
 70
3
  9
$DIMDSEP
 70
46
  9
$DIMATFIT
 70
3
  9
$DIMFRAC
 70
0
  9
$DIMLDRBLK
  1

  9
$DIMLUNIT
 70
2
  9
$DIMLWD
 70
-2
  9
$DIMLWE
 70
-2
  9
$DIMTMOVE
 70
2
  9
$DIMFXL
 40
1.0
  9
$DIMFXLON
 70
0
  9
$DIMJOGANG
 40
0.785398163397
  9
$DIMTFILL
 70
0
  9
$DIMTFILLCLR
 70
0
  9
$DIMARCSYM
 70
0
  9
$DIMLTYPE
  6

  9
$DIMLTEX1
  6

  9
$DIMLTEX2
  6

  9
$DIMTXTDIRECTION
 70
0
  9
$LUNITS
 70
2
  9
$LUPREC
 70
4
  9
$SKETCHINC
 40
1.0
  9
$FILLETRAD
 40
10.0
  9
$AUNITS
 70
0
  9
$AUPREC
 70
2
  9
$MENU
  1
.
  9
$ELEVATION
 40
0.0
  9
$PELEVATION
 40
0.0
  9
$THICKNESS
 40
0.0
  9
$LIMCHECK
 70
0
  9
$CHAMFERA
 40
0.0
  9
$CHAMFERB
 40
0.0
  9
$CHAMFERC
 40
0.0
  9
$CHAMFERD
 40
0.0
  9
$SKPOLY
 70
0
  9
$TDCREATE
 40
2461314.633958333
  9
$TDUCREATE
 40
2458532.153996898
  9
$TDUPDATE
 40
2461314.633969907
  9
$TDUUPDATE
 40
2458532.1544311
  9
$TDINDWG
 40
0.0
  9
$TDUSRTIMER
 40
0.0
  9
$USRTIMER
 70
1
  9
$ANGBASE
 50
0.0
  9
$ANGDIR
 70
0
  9
$PDMODE
 70
0
  9
$PDSIZE
 40
0.0
  9
$PLINEWID
 40
0.0
  9
$SPLFRAME
 70
0
  9
$SPLINETYPE
 70
6
  9
$SPLINESEGS
 70
8
  9
$HANDSEED
  5
EE
  9
$SURFTAB1
 70
6
  9
$SURFTAB2
 70
6
  9
$SURFTYPE
 70
6
  9
$SURFU
 70
6
  9
$SURFV
 70
6
  9
$UCSBASE
  2

  9
$UCSNAME
  2

  9
$UCSORG
 10
0.0
 20
0.0
 30
0.0
  9
$UCSXDIR
 10
1.0
 20
0.0
 30
0.0
  9
$UCSYDIR
 10
0.0
 20
1.0
 30
0.0
  9
$UCSORTHOREF
  2

  9
$UCSORTHOVIEW
 70
0
  9
$UCSORGTOP
 10
0.0
 20
0.0
 30
0.0
  9
$UCSORGBOTTOM
 10
0.0
 20
0.0
 30
0.0
  9
$UCSORGLEFT
 10
0.0
 20
0.0
 30
0.0
  9
$UCSORGRIGHT
 10
0.0
 20
0.0
 30
0.0
  9
$UCSORGFRONT
 10
0.0
 20
0.0
 30
0.0
  9
$UCSORGBACK
 10
0.0
 20
0.0
 30
0.0
  9
$PUCSBASE
  2

  9
$PUCSNAME
  2

  9
$PUCSORG
 10
0.0
 20
0.0
 30
0.0
  9
$PUCSXDIR
 10
1.0
 20
0.0
 30
0.0
  9
$PUCSYDIR
 10
0.0
 20
1.0
 30
0.0
  9
$PUCSORTHOREF
  2

  9
$PUCSORTHOVIEW
 70
0
  9
$PUCSORGTOP
 10
0.0
 20
0.0
 30
0.0
  9
$PUCSORGBOTTOM
 10
0.0
 20
0.0
 30
0.0
  9
$PUCSORGLEFT
 10
0.0
 20
0.0
 30
0.0
  9
$PUCSORGRIGHT
 10
0.0
 20
0.0
 30
0.0
  9
$PUCSORGFRONT
 10
0.0
 20
0.0
 30
0.0
  9
$PUCSORGBACK
 10
0.0
 20
0.0
 30
0.0
  9
$USERI1
 70
0
  9
$USERI2
 70
0
  9
$USERI3
 70
0
  9
$USERI4
 70
0
  9
$USERI5
 70
0
  9
$USERR1
 40
0.0
  9
$USERR2
 40
0.0
  9
$USERR3
 40
0.0
  9
$USERR4
 40
0.0
  9
$USERR5
 40
0.0
  9
$WORLDVIEW
 70
1
  9
$SHADEDGE
 70
3
  9
$SHADEDIF
 70
70
  9
$TILEMODE
 70
1
  9
$MAXACTVP
 70
64
  9
$PINSBASE
 10
0.0
 20
0.0
 30
0.0
  9
$PLIMCHECK
 70
0
  9
$PEXTMIN
 10
1e+20
 20
1e+20
 30
1e+20
  9
$PEXTMAX
 10
-1e+20
 20
-1e+20
 30
-1e+20
  9
$PLIMMIN
 10
0.0
 20
0.0
  9
$PLIMMAX
 10
420.0
 20
297.0
  9
$UNITMODE
 70
0
  9
$VISRETAIN
 70
1
  9
$PLINEGEN
 70
0
  9
$PSLTSCALE
 70
1
  9
$TREEDEPTH
 70
3020
  9
$CMLSTYLE
  2
Standard
  9
$CMLJUST
 70
0
  9
$CMLSCALE
 40
20.0
  9
$PROXYGRAPHICS
 70
1
  9
$MEASUREMENT
 70
1
  9
$CELWEIGHT
370
-1
  9
$ENDCAPS
280
0
  9
$JOINSTYLE
280
0
  9
$LWDISPLAY
290
0
  9
$INSUNITS
 70
4
  9
$HYPERLINKBASE
  1

  9
$STYLESHEET
  1

  9
$XEDIT
290
1
  9
$CEPSNTYPE
380
0
  9
$PSTYLEMODE
290
1
  9
$FINGERPRINTGUID
  2
{088E435E-BD33-4BB6-A99F-E8CF81AC6582}
  9
$VERSIONGUID
  2
{B63FA9CD-DF47-4969-983B-7EB4AFE84EAA}
  9
$EXTNAMES
290
1
  9
$PSVPSCALE
 40
0.0
  9
$OLESTARTUP
290
0
  9
$SORTENTS
280
127
  9
$INDEXCTL
280
0
  9
$HIDETEXT
280
1
  9
$XCLIPFRAME
280
1
  9
$HALOGAP
280
0
  9
$OBSCOLOR
 70
257
  9
$OBSLTYPE
280
0
  9
$INTERSECTIONDISPLAY
280
0
  9
$INTERSECTIONCOLOR
 70
257
  9
$DIMASSOC
280
2
  9
$PROJECTNAME
  1

  9
$CAMERADISPLAY
290
0
  9
$LENSLENGTH
 40
50.0
  9
$CAMERAHEIGHT
 40
0.0
  9
$STEPSPERSEC
 40
24.0
  9
$STEPSIZE
 40
100.0
  9
$3DDWFPREC
 40
2.0
  9
$PSOLWIDTH
 40
0.005
  9
$PSOLHEIGHT
 40
0.08
  9
$LOFTANG1
 40
1.570796326795
  9
$LOFTANG2
 40
1.570796326795
  9
$LOFTMAG1
 40
0.0
  9
$LOFTMAG2
 40
0.0
  9
$LOFTPARAM
 70
7
  9
$LOFTNORMALS
280
1
  9
$LATITUDE
 40
37.795
  9
$LONGITUDE
 40
-122.394
  9
$NORTHDIRECTION
 40
0.0
  9
$TIMEZONE
 70
-8000
  9
$LIGHTGLYPHDISPLAY
280
1
  9
$TILEMODELIGHTSYNCH
280
1
  9
$CMATERIAL
347
20
  9
$SOLIDHIST
280
0
  9
$SHOWHIST
280
1
  9
$DWFFRAME
280
2
  9
$DGNFRAME
280
2
  9
$REALWORLDSCALE
290
1
  9
$INTERFERECOLOR
 62
256
  9
$CSHADOW
280
0
  9
$SHADOWPLANELOCATION
 40
0.0
  0
ENDSEC
  0
SECTION
  2
CLASSES
  0
CLASS
  1
ACDBDICTIONARYWDFLT
  2
AcDbDictionaryWithDefault
  3
ObjectDBX Classes
 90
0
 91
0
280
0
281
0
  0
CLASS
  1
SUN
  2
AcDbSun
  3
SCENEOE
 90
1153
 91
0
280
0
281
0
  0
CLASS
  1
VISUALSTYLE
  2
AcDbVisualStyle
  3
ObjectDBX Classes
 90
4095
 91
0
280
0
281
0
  0
CLASS
  1
MATERIAL
  2
AcDbMaterial
  3
ObjectDBX Classes
 90
1153
 91
0
280
0
281
0
  0
CLASS
  1
SCALE
  2
AcDbScale
  3
ObjectDBX Classes
 90
1153
 91
0
280
0
281
0
  0
CLASS
  1
TABLESTYLE
  2
AcDbTableStyle
  3
ObjectDBX Classes
 90
4095
 91
0
280
0
281
0
  0
CLASS
  1
MLEADERSTYLE
  2
AcDbMLeaderStyle
  3
ACDB_MLEADERSTYLE_CLASS
 90
4095
 91
0
280
0
281
0
  0
CLASS
  1
DICTIONARYVAR
  2
AcDbDictionaryVar
  3
ObjectDBX Classes
 90
0
 91
0
280
0
281
0
  0
CLASS
  1
CELLSTYLEMAP
  2
AcDbCellStyleMap
  3
ObjectDBX Classes
 90
1152
 91
0
280
0
281
0
  0
CLASS
  1
MENTALRAYRENDERSETTINGS
  2
AcDbMentalRayRenderSettings
  3
SCENEOE
 90
1024
 91
0
280
0
281
0
  0
CLASS
  1
ACDBDETAILVIEWSTYLE
  2
AcDbDetailViewStyle
  3
ObjectDBX Classes
 90
1025
 91
0
280
0
281
0
  0
CLASS
  1
ACDBSECTIONVIEWSTYLE
  2
AcDbSectionViewStyle
  3
ObjectDBX Classes
 90
1025
 91
0
280
0
281
0
  0
CLASS
  1
RASTERVARIABLES
  2
AcDbRasterVariables
  3
ISM
 90
0
 91
0
280
0
281
0
  0
CLASS
  1
ACDBPLACEHOLDER
  2
AcDbPlaceHolder
  3
ObjectDBX Classes
 90
0
 91
0
280
0
281
0
  0
CLASS
  1
LAYOUT
  2
AcDbLayout
  3
ObjectDBX Classes
 90
0
 91
0
280
0
281
0
  0
ENDSEC
  0
SECTION
  2
TABLES
  0
TABLE
  2
VPORT
  5
8
330
0
100
AcDbSymbolTable
 70
1
  0
VPORT
  5
23
330
8
100
AcDbSymbolTableRecord
100
AcDbViewportTableRecord
  2
*Active
 70
0
 10
0.0
 20
0.0
 11
1.0
 21
1.0
 12
0.0
 22
0.0
 13
0.0
 23
0.0
 14
0.5
 24
0.5
 15
0.5
 25
0.5
 16
0.0
 26
0.0
 36
1.0
 17
0.0
 27
0.0
 37
0.0
 40
1000.0
 41
1.34
 42
50.0
 43
0.0
 44
0.0
 50
0.0
 51
0.0
 71
0
 72
1000
 73
1
 74
3
 75
0
 76
0
 77
0
 78
0
281
0
 65
0
146
0.0
  0
ENDTAB
  0
TABLE
  2
LTYPE
  5
2
330
0
100
AcDbSymbolTable
 70
21
  0
LTYPE
  5
24
330
2
100
AcDbSymbolTableRecord
100
AcDbLinetypeTableRecord
  2
ByBlock
 70
0
  3

 72
65
 73
0
 40
0.0
  0
LTYPE
  5
25
330
2
100
AcDbSymbolTableRecord
100
AcDbLinetypeTableRecord
  2
ByLayer
 70
0
  3

 72
65
 73
0
 40
0.0
  0
LTYPE
  5
26
330
2
100
AcDbSymbolTableRecord
100
AcDbLinetypeTableRecord
  2
Continuous
 70
0
  3

 72
65
 73
0
 40
0.0
  0
LTYPE
  5
2F
330
2
100
AcDbSymbolTableRecord
100
AcDbLinetypeTableRecord
  2
CENTER
 70
0
  3
Center ____ _ ____ _ ____ _ ____ _ ____ _ ____
 72
65
 73
4
 40
5.08
 49
3.175
 74
0
 49
-0.635
 74
0
 49
0.635
 74
0
 49
-0.635
 74
0
  0
LTYPE
  5
30
330
2
100
AcDbSymbolTableRecord
100
AcDbLinetypeTableRecord
  2
CENTERX2
 70
0
  3
Center (2x) ________  __  ________  __  ________
 72
65
 73
4
 40
8.89
 49
6.35
 74
0
 49
-0.635
 74
0
 49
1.27
 74
0
 49
-0.635
 74
0
  0
LTYPE
  5
31
330
2
100
AcDbSymbolTableRecord
100
AcDbLinetypeTableRecord
  2
CENTER2
 70
0
  3
Center (.5x) ____ _ ____ _ ____ _ ____ _ ____
 72
65
 73
4
 40
2.54
 49
1.587
 74
0
 49
-0.318
 74
0
 49
0.318
 74
0
 49
-0.318
 74
0
  0
LTYPE
  5
32
330
2
100
AcDbSymbolTableRecord
100
AcDbLinetypeTableRecord
  2
DASHED
 70
0
  3
Dashed __ __ __ __ __ __ __ __ __ __ __ __ __ _
 72
65
 73
2
 40
1.524
 49
1.27
 74
0
 49
-0.254
 74
0
  0
LTYPE
  5
33
330
2
100
AcDbSymbolTableRecord
100
AcDbLinetypeTableRecord
  2
DASHEDX2
 70
0
  3
Dashed (2x) ____  ____  ____  ____  ____  ____
 72
65
 73
2
 40
3.048
 49
2.54
 74
0
 49
-0.508
 74
0
  0
LTYPE
  5
34
330
2
100
AcDbSymbolTableRecord
100
AcDbLinetypeTableRecord
  2
DASHED2
 70
0
  3
Dashed (.5x) _ _ _ _ _ _ _ _ _ _ _ _ _ _
 72
65
 73
2
 40
0.762
 49
0.635
 74
0
 49
-0.127
 74
0
  0
LTYPE
  5
35
330
2
100
AcDbSymbolTableRecord
100
AcDbLinetypeTableRecord
  2
PHANTOM
 70
0
  3
Phantom ______  __  __  ______  __  __  ______
 72
65
 73
6
 40
6.35
 49
3.175
 74
0
 49
-0.635
 74
0
 49
0.635
 74
0
 49
-0.635
 74
0
 49
0.635
 74
0
 49
-0.635
 74
0
  0
LTYPE
  5
36
330
2
100
AcDbSymbolTableRecord
100
AcDbLinetypeTableRecord
  2
PHANTOMX2
 70
0
  3
Phantom (2x)____________    ____    ____    ____________
 72
65
 73
6
 40
10.795
 49
6.35
 74
0
 49
-0.635
 74
0
 49
1.27
 74
0
 49
-0.635
 74
0
 49
1.27
 74
0
 49
-0.635
 74
0
  0
LTYPE
  5
37
330
2
100
AcDbSymbolTableRecord
100
AcDbLinetypeTableRecord
  2
PHANTOM2
 70
0
  3
Phantom (.5x) ___ _ _ ___ _ _ ___ _ _ ___ _ _ ___
 72
65
 73
6
 40
3.175
 49
1.587
 74
0
 49
-0.318
 74
0
 49
0.318
 74
0
 49
-0.318
 74
0
 49
0.318
 74
0
 49
-0.318
 74
0
  0
LTYPE
  5
38
330
2
100
AcDbSymbolTableRecord
100
AcDbLinetypeTableRecord
  2
DASHDOT
 70
0
  3
Dash dot __ . __ . __ . __ . __ . __ . __ . __
 72
65
 73
4
 40
3.556
 49
2.54
 74
0
 49
-0.508
 74
0
 49
0.0
 74
0
 49
-0.508
 74
0
  0
LTYPE
  5
39
330
2
100
AcDbSymbolTableRecord
100
AcDbLinetypeTableRecord
  2
DASHDOTX2
 70
0
  3
Dash dot (2x) ____  .  ____  .  ____  .  ____
 72
65
 73
4
 40
6.096
 49
5.08
 74
0
 49
-0.508
 74
0
 49
0.0
 74
0
 49
-0.508
 74
0
  0
LTYPE
  5
3A
330
2
100
AcDbSymbolTableRecord
100
AcDbLinetypeTableRecord
  2
DASHDOT2
 70
0
  3
Dash dot (.5x) _ . _ . _ . _ . _ . _ . _ . _
 72
65
 73
4
 40
1.778
 49
1.27
 74
0
 49
-0.254
 74
0
 49
0.0
 74
0
 49
-0.254
 74
0
  0
LTYPE
  5
3B
330
2
100
AcDbSymbolTableRecord
100
AcDbLinetypeTableRecord
  2
DOT
 70
0
  3
Dot .  .  .  .  .  .  .  .  .  .  .  .  .  .  .  .
 72
65
 73
2
 40
0.508
 49
0.0
 74
0
 49
-0.508
 74
0
  0
LTYPE
  5
3C
330
2
100
AcDbSymbolTableRecord
100
AcDbLinetypeTableRecord
  2
DOTX2
 70
0
  3
Dot (2x) .    .    .    .    .    .    .    . 
 72
65
 73
2
 40
1.016
 49
0.0
 74
0
 49
-1.016
 74
0
  0
LTYPE
  5
3D
330
2
100
AcDbSymbolTableRecord
100
AcDbLinetypeTableRecord
  2
DOT2
 70
0
  3
Dot (.5) . . . . . . . . . . . . . . . . . . . 
 72
65
 73
2
 40
0.254
 49
0.0
 74
0
 49
-0.254
 74
0
  0
LTYPE
  5
3E
330
2
100
AcDbSymbolTableRecord
100
AcDbLinetypeTableRecord
  2
DIVIDE
 70
0
  3
Divide __ . . __ . . __ . . __ . . __ . . __
 72
65
 73
6
 40
4.064
 49
2.54
 74
0
 49
-0.508
 74
0
 49
0.0
 74
0
 49
-0.508
 74
0
 49
0.0
 74
0
 49
-0.508
 74
0
  0
LTYPE
  5
3F
330
2
100
AcDbSymbolTableRecord
100
AcDbLinetypeTableRecord
  2
DIVIDEX2
 70
0
  3
Divide (2x) ____  . .  ____  . .  ____  . .  ____
 72
65
 73
6
 40
6.604
 49
5.08
 74
0
 49
-0.508
 74
0
 49
0.0
 74
0
 49
-0.508
 74
0
 49
0.0
 74
0
 49
-0.508
 74
0
  0
LTYPE
  5
40
330
2
100
AcDbSymbolTableRecord
100
AcDbLinetypeTableRecord
  2
DIVIDE2
 70
0
  3
Divide(.5x) _ . _ . _ . _ . _ . _ . _ . _
 72
65
 73
6
 40
2.032
 49
1.27
 74
0
 49
-0.254
 74
0
 49
0.0
 74
0
 49
-0.254
 74
0
 49
0.0
 74
0
 49
-0.254
 74
0
  0
ENDTAB
  0
TABLE
  2
LAYER
  5
1
330
0
100
AcDbSymbolTable
 70
8
  0
LAYER
  5
27
330
1
100
AcDbSymbolTableRecord
100
AcDbLayerTableRecord
  2
0
 70
0
 62
7
  6
Continuous
370
-3
390
13
347
21
  0
LAYER
  5
28
330
1
100
AcDbSymbolTableRecord
100
AcDbLayerTableRecord
  2
Defpoints
 70
0
 62
7
  6
Continuous
290
0
370
-3
390
13
347
21
  0
LAYER
  5
8A
330
1
100
AcDbSymbolTableRecord
100
AcDbLayerTableRecord
  2
CUT_OUT
 70
0
 62
7
  6
Continuous
370
-3
390
13
347
21
  0
LAYER
  5
8B
330
1
100
AcDbSymbolTableRecord
100
AcDbLayerTableRecord
  2
CUT_IN
 70
0
 62
1
  6
Continuous
370
-3
390
13
347
21
  0
LAYER
  5
8C
330
1
100
AcDbSymbolTableRecord
100
AcDbLayerTableRecord
  2
DRILL
 70
0
 62
3
  6
Continuous
370
-3
390
13
347
21
  0
LAYER
  5
8D
330
1
100
AcDbSymbolTableRecord
100
AcDbLayerTableRecord
  2
MARK
 70
0
 62
5
  6
Continuous
370
-3
390
13
347
21
  0
LAYER
  5
8E
330
1
100
AcDbSymbolTableRecord
100
AcDbLayerTableRecord
  2
TEXT
 70
0
 62
8
  6
Continuous
370
-3
390
13
347
21
  0
LAYER
  5
8F
330
1
100
AcDbSymbolTableRecord
100
AcDbLayerTableRecord
  2
SHEET
 70
0
 62
9
  6
Continuous
370
-3
390
13
347
21
  0
ENDTAB
  0
TABLE
  2
STYLE
  5
5
330
0
100
AcDbSymbolTable
 70
26
  0
STYLE
  5
29
330
5
100
AcDbSymbolTableRecord
100
AcDbTextStyleTableRecord
  2
Standard
 70
0
 40
0.0
 41
1.0
 50
0.0
 71
0
 42
2.5
  3
txt
  4

  0
STYLE
  5
41
330
5
100
AcDbSymbolTableRecord
100
AcDbTextStyleTableRecord
  2
OpenSans-Light
 70
0
 40
0.0
 41
1.0
 50
0.0
 71
0
 42
2.5
  3
OpenSans-Light.ttf
  4

  0
STYLE
  5
42
330
5
100
AcDbSymbolTableRecord
100
AcDbTextStyleTableRecord
  2
OpenSans-Light-Italic
 70
0
 40
0.0
 41
1.0
 50
0.0
 71
0
 42
2.5
  3
OpenSans-LightItalic.ttf
  4

  0
STYLE
  5
43
330
5
100
AcDbSymbolTableRecord
100
AcDbTextStyleTableRecord
  2
OpenSans
 70
0
 40
0.0
 41
1.0
 50
0.0
 71
0
 42
2.5
  3
OpenSans-Regular.ttf
  4

  0
STYLE
  5
44
330
5
100
AcDbSymbolTableRecord
100
AcDbTextStyleTableRecord
  2
OpenSans-Italic
 70
0
 40
0.0
 41
1.0
 50
0.0
 71
0
 42
2.5
  3
OpenSans-Italic.ttf
  4

  0
STYLE
  5
45
330
5
100
AcDbSymbolTableRecord
100
AcDbTextStyleTableRecord
  2
OpenSans-SemiBold
 70
0
 40
0.0
 41
1.0
 50
0.0
 71
0
 42
2.5
  3
OpenSans-SemiBold.ttf
  4

  0
STYLE
  5
46
330
5
100
AcDbSymbolTableRecord
100
AcDbTextStyleTableRecord
  2
OpenSans-SemiBoldItalic
 70
0
 40
0.0
 41
1.0
 50
0.0
 71
0
 42
2.5
  3
OpenSans-SemiBoldItalic.ttf
  4

  0
STYLE
  5
47
330
5
100
AcDbSymbolTableRecord
100
AcDbTextStyleTableRecord
  2
OpenSans-Bold
 70
0
 40
0.0
 41
1.0
 50
0.0
 71
0
 42
2.5
  3
OpenSans-Bold.ttf
  4

  0
STYLE
  5
48
330
5
100
AcDbSymbolTableRecord
100
AcDbTextStyleTableRecord
  2
OpenSans-BoldItalic
 70
0
 40
0.0
 41
1.0
 50
0.0
 71
0
 42
2.5
  3
OpenSans-BoldItalic.ttf
  4

  0
STYLE
  5
49
330
5
100
AcDbSymbolTableRecord
100
AcDbTextStyleTableRecord
  2
OpenSans-ExtraBold
 70
0
 40
0.0
 41
1.0
 50
0.0
 71
0
 42
2.5
  3
OpenSans-ExtraBold.ttf
  4

  0
STYLE
  5
4A
330
5
100
AcDbSymbolTableRecord
100
AcDbTextStyleTableRecord
  2
OpenSans-ExtraBoldItalic
 70
0
 40
0.0
 41
1.0
 50
0.0
 71
0
 42
2.5
  3
OpenSans-ExtraBoldItalic.ttf
  4

  0
STYLE
  5
4B
330
5
100
AcDbSymbolTableRecord
100
AcDbTextStyleTableRecord
  2
OpenSansCondensed-Bold
 70
0
 40
0.0
 41
1.0
 50
0.0
 71
0
 42
2.5
  3
OpenSansCondensed-Bold.ttf
  4

  0
STYLE
  5
4C
330
5
100
AcDbSymbolTableRecord
100
AcDbTextStyleTableRecord
  2
OpenSansCondensed-Light
 70
0
 40
0.0
 41
1.0
 50
0.0
 71
0
 42
2.5
  3
OpenSansCondensed-Light.ttf
  4

  0
STYLE
  5
4D
330
5
100
AcDbSymbolTableRecord
100
AcDbTextStyleTableRecord
  2
OpenSansCondensed-Italic
 70
0
 40
0.0
 41
1.0
 50
0.0
 71
0
 42
2.5
  3
OpenSansCondensed-LightItalic.ttf
  4

  0
STYLE
  5
4E
330
5
100
AcDbSymbolTableRecord
100
AcDbTextStyleTableRecord
  2
LiberationSans
 70
0
 40
0.0
 41
1.0
 50
0.0
 71
0
 42
2.5
  3
LiberationSans-Regular.ttf
  4

  0
STYLE
  5
4F
330
5
100
AcDbSymbolTableRecord
100
AcDbTextStyleTableRecord
  2
LiberationSans-Bold
 70
0
 40
0.0
 41
1.0
 50
0.0
 71
0
 42
2.5
  3
LiberationSans-Bold.ttf
  4

  0
STYLE
  5
50
330
5
100
AcDbSymbolTableRecord
100
AcDbTextStyleTableRecord
  2
LiberationSans-BoldItalic
 70
0
 40
0.0
 41
1.0
 50
0.0
 71
0
 42
2.5
  3
LiberationSans-BoldItalic.ttf
  4

  0
STYLE
  5
51
330
5
100
AcDbSymbolTableRecord
100
AcDbTextStyleTableRecord
  2
LiberationSans-Italic
 70
0
 40
0.0
 41
1.0
 50
0.0
 71
0
 42
2.5
  3
LiberationSans-Italic.ttf
  4

  0
STYLE
  5
52
330
5
100
AcDbSymbolTableRecord
100
AcDbTextStyleTableRecord
  2
LiberationSerif
 70
0
 40
0.0
 41
1.0
 50
0.0
 71
0
 42
2.5
  3
LiberationSerif-Regular.ttf
  4

  0
STYLE
  5
53
330
5
100
AcDbSymbolTableRecord
100
AcDbTextStyleTableRecord
  2
LiberationSerif-Bold
 70
0
 40
0.0
 41
1.0
 50
0.0
 71
0
 42
2.5
  3
LiberationSerif-Bold.ttf
  4

  0
STYLE
  5
54
330
5
100
AcDbSymbolTableRecord
100
AcDbTextStyleTableRecord
  2
LiberationSerif-BoldItalic
 70
0
 40
0.0
 41
1.0
 50
0.0
 71
0
 42
2.5
  3
LiberationSerif-BoldItalic.ttf
  4

  0
STYLE
  5
55
330
5
100
AcDbSymbolTableRecord
100
AcDbTextStyleTableRecord
  2
LiberationSerif-Italic
 70
0
 40
0.0
 41
1.0
 50
0.0
 71
0
 42
2.5
  3
LiberationSerif-Italic.ttf
  4

  0
STYLE
  5
56
330
5
100
AcDbSymbolTableRecord
100
AcDbTextStyleTableRecord
  2
LiberationMono
 70
0
 40
0.0
 41
1.0
 50
0.0
 71
0
 42
2.5
  3
LiberationMono-Regular.ttf
  4

  0
STYLE
  5
57
330
5
100
AcDbSymbolTableRecord
100
AcDbTextStyleTableRecord
  2
LiberationMono-Bold
 70
0
 40
0.0
 41
1.0
 50
0.0
 71
0
 42
2.5
  3
LiberationMono-Bold.ttf
  4

  0
STYLE
  5
58
330
5
100
AcDbSymbolTableRecord
100
AcDbTextStyleTableRecord
  2
LiberationMono-BoldItalic
 70
0
 40
0.0
 41
1.0
 50
0.0
 71
0
 42
2.5
  3
LiberationMono-BoldItalic.ttf
  4

  0
STYLE
  5
59
330
5
100
AcDbSymbolTableRecord
100
AcDbTextStyleTableRecord
  2
LiberationMono-Italic
 70
0
 40
0.0
 41
1.0
 50
0.0
 71
0
 42
2.5
  3
LiberationMono-Italic.ttf
  4

  0
ENDTAB
  0
TABLE
  2
VIEW
  5
7
330
0
100
AcDbSymbolTable
 70
0
  0
ENDTAB
  0
TABLE
  2
UCS
  5
6
330
0
100
AcDbSymbolTable
 70
0
  0
ENDTAB
  0
TABLE
  2
APPID
  5
3
330
0
100
AcDbSymbolTable
 70
3
  0
APPID
  5
2A
330
3
100
AcDbSymbolTableRecord
100
AcDbRegAppTableRecord
  2
ACAD
 70
0
  0
APPID
  5
EB
330
3
100
AcDbSymbolTableRecord
100
AcDbRegAppTableRecord
  2
HATCHBACKGROUNDCOLOR
 70
0
  0
APPID
  5
EC
330
3
100
AcDbSymbolTableRecord
100
AcDbRegAppTableRecord
  2
EZDXF
 70
0
  0
ENDTAB
  0
TABLE
  2
DIMSTYLE
  5
4
330
0
100
AcDbSymbolTable
 70
12
100
AcDbDimStyleTable
  0
DIMSTYLE
105
2B
330
4
100
AcDbSymbolTableRecord
100
AcDbDimStyleTableRecord
  2
Standard
 70
0
 40
1.0
 41
2.5
 42
0.625
 43
3.75
 44
1.25
 45
0.0
 46
0.0
 47
0.0
 48
0.0
 49
2.5
140
2.5
141
2.5
142
0.0
143
0.03937007874
144
1.0
145
0.0
146
1.0
147
0.625
148
0.0
 69
0
 70
0
 71
0
 72
0
 73
0
 74
0
 75
0
 76
0
 77
1
 78
8
 79
3
170
0
171
3
172
1
173
0
174
0
175
0
176
0
177
0
178
0
179
2
271
2
272
2
273
2
274
3
275
0
276
0
277
2
278
44
279
0
280
0
281
0
282
0
283
0
284
8
285
0
286
0
288
0
289
3
290
0
371
-2
372
-2
  0
DIMSTYLE
105
73
330
4
100
AcDbSymbolTableRecord
100
AcDbDimStyleTableRecord
  2
EZDXF
 70
0
 40
1.0
 41
0.175
 42
0.125
 43
3.75
 44
0.375
 45
0.0
 46
0.0
 47
0.0
 48
0.0
 49
2.5
140
0.25
141
2.5
142
0.0
143
0.03937007874
144
100.0
145
0.0
146
0.5
147
0.1
148
0.0
 69
0
 70
0
 71
0
 72
0
 73
0
 74
0
 75
0
 76
0
 77
1
 78
12
 79
3
170
0
171
3
172
1
173
0
174
0
175
0
176
0
177
0
178
0
179
2
271
2
272
2
273
2
274
3
275
0
276
0
277
2
278
46
279
2
280
0
281
0
282
0
283
0
284
8
285
0
286
0
288
1
289
3
290
0
340
4C
342
74
371
-2
372
-2
  0
DIMSTYLE
105
7C
330
4
100
AcDbSymbolTableRecord
100
AcDbDimStyleTableRecord
  2
EZ_M_100_H25_CM
 70
0
 40
1.0
 41
0.25
 42
0.125
 43
3.75
 44
0.375
 45
0.0
 46
0.0
 47
0.0
 48
0.0
 49
2.5
140
0.25
141
2.5
142
0.125
143
0.03937007874
144
100.0
145
0.0
146
0.5
147
0.1
148
0.0
 69
0
 70
0
 71
0
 72
0
 73
0
 74
0
 75
0
 76
0
 77
1
 78
12
 79
3
170
0
171
3
172
1
173
0
174
0
175
0
176
0
177
0
178
0
179
2
271
2
272
2
273
2
274
3
275
0
276
0
277
2
278
46
279
2
280
0
281
0
282
0
283
0
284
8
285
0
286
0
288
1
289
3
290
0
340
4C
371
-2
372
-2
  0
DIMSTYLE
105
7D
330
4
100
AcDbSymbolTableRecord
100
AcDbDimStyleTableRecord
  2
EZ_M_50_H25_CM
 70
0
 40
1.0
 41
0.125
 42
0.0625
 43
3.75
 44
0.1875
 45
0.0
 46
0.0
 47
0.0
 48
0.0
 49
2.5
140
0.125
141
2.5
142
0.0625
143
0.03937007874
144
100.0
145
0.0
146
0.5
147
0.05
148
0.0
 69
0
 70
0
 71
0
 72
0
 73
0
 74
0
 75
0
 76
0
 77
1
 78
12
 79
3
170
0
171
3
172
1
173
0
174
0
175
0
176
0
177
0
178
0
179
2
271
2
272
2
273
2
274
3
275
0
276
0
277
2
278
46
279
2
280
0
281
0
282
0
283
0
284
8
285
0
286
0
288
1
289
3
290
0
340
4C
371
-2
372
-2
  0
DIMSTYLE
105
7E
330
4
100
AcDbSymbolTableRecord
100
AcDbDimStyleTableRecord
  2
EZ_M_25_H25_CM
 70
0
 40
1.0
 41
0.0625
 42
0.03125
 43
3.75
 44
0.09375
 45
0.0
 46
0.0
 47
0.0
 48
0.0
 49
2.5
140
0.0625
141
2.5
142
0.03125
143
0.03937007874
144
100.0
145
0.0
146
0.5
147
0.025
148
0.0
 69
0
 70
0
 71
0
 72
0
 73
0
 74
0
 75
0
 76
0
 77
1
 78
12
 79
3
170
0
171
3
172
1
173
0
174
0
175
0
176
0
177
0
178
0
179
2
271
2
272
2
273
2
274
3
275
0
276
0
277
2
278
46
279
2
280
0
281
0
282
0
283
0
284
8
285
0
286
0
288
1
289
3
290
0
340
4C
371
-2
372
-2
  0
DIMSTYLE
105
7F
330
4
100
AcDbSymbolTableRecord
100
AcDbDimStyleTableRecord
  2
EZ_M_20_H25_CM
 70
0
 40
1.0
 41
0.05
 42
0.025
 43
3.75
 44
0.07500000000000001
 45
0.0
 46
0.0
 47
0.0
 48
0.0
 49
2.5
140
0.05
141
2.5
142
0.025
143
0.03937007874
144
100.0
145
0.0
146
0.5
147
0.020000000000000004
148
0.0
 69
0
 70
0
 71
0
 72
0
 73
0
 74
0
 75
0
 76
0
 77
1
 78
12
 79
3
170
0
171
3
172
1
173
0
174
0
175
0
176
0
177
0
178
0
179
2
271
2
272
2
273
2
274
3
275
0
276
0
277
2
278
46
279
2
280
0
281
0
282
0
283
0
284
8
285
0
286
0
288
1
289
3
290
0
340
4C
371
-2
372
-2
  0
DIMSTYLE
105
80
330
4
100
AcDbSymbolTableRecord
100
AcDbDimStyleTableRecord
  2
EZ_M_10_H25_CM
 70
0
 40
1.0
 41
0.025
 42
0.0125
 43
3.75
 44
0.037500000000000006
 45
0.0
 46
0.0
 47
0.0
 48
0.0
 49
2.5
140
0.025
141
2.5
142
0.0125
143
0.03937007874
144
100.0
145
0.0
146
0.5
147
0.010000000000000002
148
0.0
 69
0
 70
0
 71
0
 72
0
 73
0
 74
0
 75
0
 76
0
 77
1
 78
12
 79
3
170
0
171
3
172
1
173
0
174
0
175
0
176
0
177
0
178
0
179
2
271
2
272
2
273
2
274
3
275
0
276
0
277
2
278
46
279
2
280
0
281
0
282
0
283
0
284
8
285
0
286
0
288
1
289
3
290
0
340
4C
371
-2
372
-2
  0
DIMSTYLE
105
81
330
4
100
AcDbSymbolTableRecord
100
AcDbDimStyleTableRecord
  2
EZ_M_5_H25_CM
 70
0
 40
1.0
 41
0.0125
 42
0.00625
 43
3.75
 44
0.018750000000000003
 45
0.0
 46
0.0
 47
0.0
 48
0.0
 49
2.5
140
0.0125
141
2.5
142
0.00625
143
0.03937007874
144
100.0
145
0.0
146
0.5
147
0.005000000000000001
148
0.0
 69
0
 70
0
 71
0
 72
0
 73
0
 74
0
 75
0
 76
0
 77
1
 78
12
 79
3
170
0
171
3
172
1
173
0
174
0
175
0
176
0
177
0
178
0
179
2
271
2
272
2
273
2
274
3
275
0
276
0
277
2
278
46
279
2
280
0
281
0
282
0
283
0
284
8
285
0
286
0
288
1
289
3
290
0
340
4C
371
-2
372
-2
  0
DIMSTYLE
105
82
330
4
100
AcDbSymbolTableRecord
100
AcDbDimStyleTableRecord
  2
EZ_M_1_H25_CM
 70
0
 40
1.0
 41
0.0025
 42
0.00125
 43
3.75
 44
0.00375
 45
0.0
 46
0.0
 47
0.0
 48
0.0
 49
2.5
140
0.0025
141
2.5
142
0.00125
143
0.03937007874
144
100.0
145
0.0
146
0.5
147
0.001
148
0.0
 69
0
 70
0
 71
0
 72
0
 73
0
 74
0
 75
0
 76
0
 77
1
 78
12
 79
3
170
0
171
3
172
1
173
0
174
0
175
0
176
0
177
0
178
0
179
2
271
2
272
2
273
2
274
3
275
0
276
0
277
2
278
46
279
2
280
0
281
0
282
0
283
0
284
8
285
0
286
0
288
1
289
3
290
0
340
4C
371
-2
372
-2
  0
DIMSTYLE
105
83
330
4
100
AcDbSymbolTableRecord
100
AcDbDimStyleTableRecord
  2
EZ_RADIUS
 70
0
 40
1.0
 41
0.25
 42
0.125
 43
3.75
 44
0.375
 45
0.0
 46
0.0
 47
0.0
 48
0.0
 49
2.5
140
0.25
141
0.0
142
0.0
143
0.03937007874
144
100.0
145
0.0
146
0.5
147
0.1
148
0.0
 69
0
 70
0
 71
0
 72
0
 73
0
 74
0
 75
0
 76
0
 77
1
 78
12
 79
3
170
0
171
3
172
0
173
0
174
0
175
0
176
0
177
0
178
0
179
2
271
2
272
2
273
2
274
3
275
0
276
0
277
2
278
46
279
1
280
0
281
0
282
0
283
0
284
8
285
0
286
0
288
1
289
3
290
0
340
4C
342
84
371
-2
372
-2
  0
DIMSTYLE
105
88
330
4
100
AcDbSymbolTableRecord
100
AcDbDimStyleTableRecord
  2
EZ_RADIUS_INSIDE
 70
0
 40
1.0
 41
0.25
 42
0.125
 43
3.75
 44
0.375
 45
0.0
 46
0.0
 47
0.0
 48
0.0
 49
2.5
140
0.25
141
0.0
142
0.0
143
0.03937007874
144
100.0
145
0.0
146
0.5
147
0.1
148
0.0
 69
0
 70
0
 71
0
 72
0
 73
0
 74
0
 75
0
 76
0
 77
0
 78
12
 79
3
170
0
171
3
172
0
173
0
174
1
175
0
176
0
177
0
178
0
179
2
271
2
272
2
273
2
274
3
275
0
276
0
277
2
278
46
279
0
280
0
281
0
282
0
283
0
284
8
285
0
286
0
288
1
289
0
290
0
340
4C
342
84
371
-2
372
-2
  0
DIMSTYLE
105
89
330
4
100
AcDbSymbolTableRecord
100
AcDbDimStyleTableRecord
  2
EZ_CURVED
 70
0
 40
1.0
 41
0.25
 42
0.125
 43
3.75
 44
0.375
 45
0.0
 46
0.0
 47
0.0
 48
0.0
 49
2.5
140
0.25
141
2.5
142
0.0
143
0.03937007874
144
100.0
145
0.0
146
0.5
147
0.1
148
0.0
 69
0
 70
0
 71
0
 72
0
 73
0
 74
0
 75
0
 76
0
 77
1
 78
12
 79
2
 90
2
170
0
171
3
172
1
173
0
174
0
175
0
176
0
177
0
178
0
179
2
271
2
272
2
273
2
274
3
275
0
276
0
277
2
278
46
279
2
280
0
281
0
282
0
283
0
284
8
285
0
286
0
288
1
289
3
290
0
340
4C
371
-2
372
-2
  0
ENDTAB
  0
TABLE
  2
BLOCK_RECORD
  5
9
330
0
100
AcDbSymbolTable
 70
5
  0
BLOCK_RECORD
  5
17
330
9
100
AcDbSymbolTableRecord
100
AcDbBlockTableRecord
  2
*Model_Space
340
1A
 70
0
280
1
281
0
  0
BLOCK_RECORD
  5
1B
330
9
100
AcDbSymbolTableRecord
100
AcDbBlockTableRecord
  2
*Paper_Space
340
1E
 70
0
280
1
281
0
  0
BLOCK_RECORD
  5
74
330
9
100
AcDbSymbolTableRecord
100
AcDbBlockTableRecord
  2
_ARCHTICK
340
0
 70
0
280
1
281
0
  0
BLOCK_RECORD
  5
78
330
9
100
AcDbSymbolTableRecord
100
AcDbBlockTableRecord
  2
_CLOSEDFILLED
340
0
 70
0
280
1
281
0
  0
BLOCK_RECORD
  5
84
330
9
100
AcDbSymbolTableRecord
100
AcDbBlockTableRecord
  2
_CLOSEDBLANK
340
0
 70
0
280
1
281
0
  0
ENDTAB
  0
ENDSEC
  0
SECTION
  2
BLOCKS
  0
BLOCK
  5
18
330
17
100
AcDbEntity
  8
0
100
AcDbBlockBegin
  2
*Model_Space
 70
0
 10
0.0
 20
0.0
 30
0.0
  3
*Model_Space
  1

  0
ENDBLK
  5
19
330
17
100
AcDbEntity
  8
0
100
AcDbBlockEnd
  0
BLOCK
  5
1C
330
1B
100
AcDbEntity
  8
0
100
AcDbBlockBegin
  2
*Paper_Space
 70
0
 10
0.0
 20
0.0
 30
0.0
  3
*Paper_Space
  1

  0
ENDBLK
  5
1D
330
1B
100
AcDbEntity
  8
0
100
AcDbBlockEnd
  0
BLOCK
  5
75
330
74
100
AcDbEntity
  8
0
100
AcDbBlockBegin
  2
_ARCHTICK
 70
0
 10
0.0
 20
0.0
 30
0.0
  3
_ARCHTICK
  1

  0
LWPOLYLINE
  5
77
330
74
100
AcDbEntity
  8
0
  6
BYBLOCK
 62
0
100
AcDbPolyline
 90
2
 70
0
 43
0.15
 10
-0.5
 20
-0.5
 10
0.5
 20
0.5
  0
ENDBLK
  5
76
330
74
100
AcDbEntity
  8
0
100
AcDbBlockEnd
  0
BLOCK
  5
79
330
78
100
AcDbEntity
  8
0
100
AcDbBlockBegin
  2
_CLOSEDFILLED
 70
0
 10
0.0
 20
0.0
 30
0.0
  3
_CLOSEDFILLED
  1

  0
SOLID
  5
7B
330
78
100
AcDbEntity
  8
0
  6
BYBLOCK
 62
0
100
AcDbTrace
 10
-1.0
 20
0.16439898372402537
 30
0.0
 11
0.0
 21
0.0
 31
0.0
 12
-1.0
 22
-0.16439898372402537
 32
0.0
 13
-1.0
 23
-0.16439898372402537
 33
0.0
  0
ENDBLK
  5
7A
330
78
100
AcDbEntity
  8
0
100
AcDbBlockEnd
  0
BLOCK
  5
85
330
84
100
AcDbEntity
  8
0
100
AcDbBlockBegin
  2
_CLOSEDBLANK
 70
0
 10
0.0
 20
0.0
 30
0.0
  3
_CLOSEDBLANK
  1

  0
LWPOLYLINE
  5
87
330
84
100
AcDbEntity
  8
0
  6
BYBLOCK
 62
0
100
AcDbPolyline
 90
3
 70
1
 10
-1.0
 20
0.16439898372402537
 10
0.0
 20
0.0
 10
-1.0
 20
-0.16439898372402537
  0
ENDBLK
  5
86
330
84
100
AcDbEntity
  8
0
100
AcDbBlockEnd
  0
ENDSEC
  0
SECTION
  2
ENTITIES
  0
LWPOLYLINE
  5
90
330
17
100
AcDbEntity
  8
SHEET
100
AcDbPolyline
 90
4
 70
1
 10
0.0
 20
0.0
 10
1525.0
 20
0.0
 10
1525.0
 20
1525.0
 10
0.0
 20
1525.0
  0
TEXT
  5
91
330
17
100
AcDbEntity
  8
TEXT
100
AcDbText
 10
0.0
 20
-25.0
 30
0.0
 40
12.0
  1
Фанера ФК 18 мм, лист 1 из 1
 11
0.0
 21
-25.0
 31
0.0
100
AcDbText
  0
LWPOLYLINE
  5
92
330
17
100
AcDbEntity
  8
CUT_OUT
100
AcDbPolyline
 90
561
 70
1
 10
15.580840401121065
 20
507.05415882483385
 10
17.63315748622955
 20
522.7602818539004
 10
17.78004332976741
 20
523.9062847686351
 10
18.058452010536882
 20
525.8306177792982
 10
18.12720123876511
 20
526.256939715731
 10
18.15823275895599
 20
526.4474201941817
 10
20.491940762413208
 20
540.6286470129021
 10
20.952316182125003
 20
543.1015054226443
 10
23.54231195419976
 20
555.5564695642026
 10
24.3235472133332
 20
558.8455532032685
 10
26.874003630018308
 20
568.3800726512803
 10
27.89974805111251
 20
571.8029242493388
 10
30.422514226631847
 20
579.3917109863158
 10
31.72844443192986
 20
582.9420731168198
 10
34.14707278606221
 20
588.9279201901913
 10
35.75188779421899
 20
592.5504718291033
 10
37.79878694447109
 20
596.7873692949302
 10
39.703328063970616
 20
600.4088661861583
 10
41.70937717912534
 20
603.9267173557757
 10
43.54553149432468
 20
606.9374337922163
 10
45.45037337038815
 20
609.8637089019578
 10
47.146410203973744
 20
612.3321930789018
 10
48.932421343091505
 20
614.7974606741041
 10
50.388185600831946
 20
616.7240574301245
 10
50.51274913040953
 20
616.8821889086939
 10
56.084776375427964
 20
623.0288682577013
 10
56.50298792143758
 20
623.4305216932321
 10
58.02144510321983
 20
625.0360303270005
 10
61.359063433485346
 20
628.3006400567881
 10
64.94041337681858
 20
631.2958538037076
 10
65.94068055648228
 20
632.0683135336012
 10
67.6758111264511
 20
633.3590338034583
 10
70.48337799366749
 20
635.3699466464217
 10
72.6849977192831
 20
636.8739789457825
 10
76.09124302239667
 20
639.0915764290355
 10
78.81480922836187
 20
640.7631770137094
 10
82.50388545971975
 20
642.894244187183
 10
85.86171492290504
 20
644.6942691597483
 10
90.59716921050932
 20
647.0423891963301
 10
93.3775197091245
 20
648.3336392865561
 10
99.96845089140703
 20
651.1922433839839
 10
102.39380686793874
 20
652.181836503854
 10
110.06280112642642
 20
655.1173398314065
 10
112.28908394839465
 20
655.9195390889577
 10
120.50749415304182
 20
658.6990361233035
 10
122.62637420113225
 20
659.3721677062197
 10
131.60509880481297
 20
662.0424574420518
 10
133.62951379438766
 20
662.6061294923297
 10
143.02766697097303
 20
665.0464181433854
 10
144.77586295089947
 20
665.4724724126845
 10
155.11001843099564
 20
667.8274360028936
 10
156.5644116287114
 20
668.1399516019097
 10
167.85782446246967
 20
670.4205599391872
 10
168.99898379631364
 20
670.6395285985485
 10
181.07622123804123
 20
672.8359084678823
 10
182.40487888089118
 20
673.0621536872181
 10
185.4487071852504
 20
673.5453468152872
 10
194.76624234199787
 20
675.0364493868537
 10
195.89772546462075
 20
675.2064742423878
 10
206.64702082444632
 20
676.7170788429539
 10
209.87593298291793
 20
677.1718803788824
 10
211.06286220565212
 20
677.3270043607351
 10
213.4945605264631
 20
677.6201715365639
 10
213.5984881396305
 20
677.6326091609831
 10
225.5229629385497
 20
679.0491317863872
 10
226.96894386579822
 20
679.2031561579108
 10
239.24409119779938
 20
680.3604367849327
 10
239.48488204512694
 20
680.3826487077339
 10
241.7963071937284
 20
680.591171217065
 10
242.74538080407842
 20
680.6692031769138
 10
245.96817082427236
 20
680.9084462214255
 10
258.0749770264777
 20
681.8184522181955
 10
258.93051215393785
 20
681.8766133903691
 10
270.0095246781493
 20
682.5502902098704
 10
273.4809541833625
 20
682.761668482006
 10
274.2942489269276
 20
682.8056522554108
 10
289.16917136938656
 20
683.5088806577661
 10
289.5150024236334
 20
683.5242304650219
 10
290.2809986548748
 20
683.5560156237185
 10
290.59515673533576
 20
683.5682272603972
 10
305.81355727915127
 20
684.1198536756823
 10
306.33779249494023
 20
684.136561783645
 10
320.6339019899217
 20
684.5296573085656
 10
321.0815950034534
 20
684.5402955626716
 10
331.36582685886793
 20
684.7462759274797
 10
331.49176305524645
 20
684.7486660325916
 10
333.8794166058497
 20
684.79147351754
 10
334.44193277502177
 20
684.7989209355583
 10
337.4775585449735
 20
684.8248781036514
 10
343.5005150536903
 20
684.8822137922157
 10
344.4000347149159
 20
684.8840336626868
 10
347.57063089995404
 20
684.8666810466962
 10
347.68239770476157
 20
684.8659652446626
 10
348.47766617135574
 20
684.8601312525792
 10
349.8364859426425
 20
684.8347707502663
 10
350.1624965761108
 20
684.8249916824694
 10
351.4639798597468
 20
684.7670631222252
 10
353.79439140202464
 20
684.783462935952
 10
354.5295866264159
 20
684.7841323459284
 10
355.7556574637262
 20
684.7777369210269
 10
356.634113449719
 20
684.8024706266795
 10
359.5869378590407
 20
684.9457694444335
 10
359.58890484159014
 20
684.9052376788841
 10
360.93523507530824
 20
684.9985457794331
 10
366.0571108866189
 20
684.9155287953081
 10
367.78799281791163
 20
684.8134482832319
 10
368.65214332000966
 20
684.7814699488115
 10
369.32651915065446
 20
684.7814240630217
 10
369.7473069475399
 20
684.7895503005584
 10
371.42639091782826
 20
684.7984773016611
 10
373.41437932868615
 20
684.7812281253832
 10
375.0653785560244
 20
684.8459549245433
 10
376.0420962797467
 20
684.8616469673008
 10
376.65864795659047
 20
684.8683839601844
 10
379.29564410927844
 20
684.88364758135
 10
380.2479324248971
 20
684.881602404285
 10
385.7436509639914
 20
684.826184563145
 10
388.6792447996588
 20
684.7996045477112
 10
389.26696687667624
 20
684.7914039265917
 10
391.91325862121425
 20
684.7415140825706
 10
392.0363076015648
 20
684.7390680247056
 10
400.77923084630254
 20
684.5562992180767
 10
401.0716235368477
 20
684.5494738262253
 10
401.6671755765534
 20
684.5341193151327
 10
401.85922327988123
 20
684.5288602596245
 10
415.58653286214815
 20
684.1309552375676
 10
416.1132286768414
 20
684.1133729466143
 10
430.68647355017737
 20
683.562804400237
 10
431.31789140717433
 20
683.5391708546338
 10
431.9351617181443
 20
683.5128836676508
 10
432.5261179043066
 20
683.4846682858057
 10
446.9313311332369
 20
682.7856228877479
 10
447.33674109397555
 20
682.7645739887535
 10
448.0781162446086
 20
682.7235665009716
 10
448.43686526917674
 20
682.7026453113368
 10
448.7864130263425
 20
682.6812101897106
 10
449.095544433313
 20
682.6614523903227
 10
452.2082987170872
 20
682.4544347743341
 10
464.5468948155933
 20
681.663274361259
 10
465.3937830972501
 20
681.6029517322688
 10
476.2363501524964
 20
680.7535070980111
 10
476.3556073012188
 20
680.7440444452518
 10
480.1824144185983
 20
680.4365608042458
 10
481.21323990917676
 20
680.3447800876795
 10
485.24618275186873
 20
679.9506175968011
 10
495.4551607293182
 20
678.9664898091577
 10
496.7629545808031
 20
678.8259365823245
 10
506.38247680890316
 20
677.6853024393292
 10
510.4451959902086
 20
677.2007186608646
 10
511.62274369902434
 20
677.0484298777819
 10
515.6218128644435
 20
676.4909574130847
 10
525.0318680048152
 20
675.1763914367368
 10
526.2085804882028
 20
675.0000943830285
 10
535.0808090839823
 20
673.5807576565289
 10
538.3729182180987
 20
673.0588150351927
 10
539.7074156504268
 20
672.8317781254798
 10
551.5197104610743
 20
670.6847835009125
 10
552.6560403578458
 20
670.4669062088253
 10
564.1865829971478
 20
668.1405838516075
 10
565.6543059308267
 20
667.8253077633017
 10
575.6574941888878
 20
665.5452828692321
 10
577.3606770819396
 20
665.1308148713999
 10
587.148687621007
 20
662.596910617764
 10
589.177041110031
 20
662.0336675430747
 10
597.7309101187665
 20
659.4959440490225
 10
599.8631111458014
 20
658.8198814868197
 10
608.4492665425951
 20
655.9202311812612
 10
610.7014788770314
 20
655.109230329527
 10
618.348016364999
 20
652.1821885020852
 10
620.7718975225912
 20
651.1931912789971
 10
627.3657472141191
 20
648.3334090094736
 10
630.1445079974817
 20
647.0429854074152
 10
634.8838124900558
 20
644.6931984618134
 10
638.2397792005611
 20
642.894429819736
 10
641.9340236216026
 20
640.7607629200874
 10
644.6561234634801
 20
639.0904152568769
 10
648.0662270379554
 20
636.8708402731938
 10
650.2665684013778
 20
635.3680842164739
 10
653.0787675774434
 20
633.3544476883408
 10
654.8129947713101
 20
632.0648063388543
 10
655.2698716111747
 20
631.712100135671
 10
660.5693835361014
 20
626.9802849265986
 10
660.5933849891348
 20
627.0059310594509
 10
663.6472735263262
 20
624.1478875985938
 10
666.8379965014138
 20
620.9271971624144
 10
669.7764292270849
 20
617.4747816158506
 10
670.3713074469086
 20
616.7198229542116
 10
671.8276924720548
 20
614.7929789673486
 10
673.6131928791627
 20
612.3291350950324
 10
675.3101593348077
 20
609.859983633198
 10
677.2151903232348
 20
606.9341900485583
 10
679.0525282714282
 20
603.9222567555112
 10
681.0573313264513
 20
600.4073507004418
 10
682.9631910454921
 20
596.7839994391779
 10
685.0175478585069
 20
592.5322670114022
 10
686.6153208508779
 20
588.9277183871623
 10
689.0073978326803
 20
583.014010813164
 10
690.3216055972966
 20
579.4432867140183
 10
692.86155417091
 20
571.8030982534616
 10
693.8874671819989
 20
568.3797707671227
 10
696.4378183561224
 20
558.8457501320421
 10
697.2190731343288
 20
555.5566184257862
 10
699.809072111928
 20
543.1017578529052
 10
700.2694565516955
 20
540.6288741224766
 10
702.6031956103315
 20
526.4475879677468
 10
702.6342282249573
 20
526.2571024745724
 10
702.7029588007842
 20
525.8308999359313
 10
702.9840619850676
 20
523.8855362255035
 10
703.0901017351379
 20
523.0558986401007
 10
705.180803806668
 20
507.05285294525834
 10
705.369034749342
 20
505.44308227077624
 10
706.8794397176647
 20
490.8158523833264
 10
706.897575699779
 20
490.6376137521693
 10
707.173644562653
 20
487.8836148309258
 10
707.2965500997616
 20
486.49522664292465
 10
707.5432530156513
 20
483.2841602407907
 10
708.7446839526563
 20
468.1895006807688
 10
708.761549859174
 20
467.9473308251694
 10
632.3854824867466
 20
467.9473308251694
 10
632.3854824867466
 20
437.9473308251694
 10
647.3854824867466
 20
437.9473308251694
 10
647.3854824867466
 20
407.9473308251694
 10
632.3854824867466
 20
407.9473308251694
 10
632.3854824867466
 20
302.9473308251694
 10
647.3854824867466
 20
302.9473308251694
 10
647.3854824867466
 20
272.9473308251694
 10
632.3854824867466
 20
272.9473308251694
 10
632.3854824867466
 20
84.27564004115754
 10
647.3854824867466
 20
84.27564004115754
 10
647.3854824867466
 20
54.275640041157544
 10
632.3854824867466
 20
54.275640041157544
 10
632.3854824867466
 20
18.53225905789833
 10
631.8270177026669
 20
18.334949149674685
 10
631.4564505061558
 20
18.200605006377316
 10
630.7236102548507
 20
17.929015764128906
 10
630.152284053637
 20
17.715666290346462
 10
624.0036927417793
 20
15.788922689406434
 10
617.6839414071268
 20
14.532634867220452
 10
611.2659134878195
 20
13.961291143174208
 10
604.8236258107969
 20
14.08148062066175
 10
598.431374982132
 20
14.89181719730584
 10
594.72628865435
 20
15.565329152622212
 10
593.161634288545
 20
15.765162635708577
 10
591.4357338569948
 20
15.80219764051185
 10
590.7937036488021
 20
15.789269797880365
 10
588.3880659905396
 20
15.767776977208428
 10
586.6271322141542
 20
15.665233940799283
 10
585.0187339140414
 20
15.593211076515729
 10
584.5528258097572
 20
15.578608372021847
 10
583.4061513833853
 20
15.481922563304352
 10
581.4580753373309
 20
15.351819713318832
 10
579.8473028691319
 20
15.173230322472989
 10
576.0695607432322
 20
14.874788213224974
 10
574.1575539884523
 20
14.784375013280737
 10
572.3538314677089
 20
14.644459019498584
 10
571.1612565344833
 20
14.515665227774491
 10
570.539454177024
 20
14.45178773587645
 10
569.9622265362405
 20
14.395526286929396
 10
563.2781828765371
 20
14.118752642019501
 10
556.6048740127231
 20
14.58778580020578
 10
554.1911876349499
 20
14.893398955941962
 10
554.1922054728225
 20
14.901437685171004
 10
553.9249182993597
 20
14.923185112196506
 10
552.7572639121347
 20
15.076329976164345
 10
552.6063475563865
 20
15.088010157486963
 10
551.0848762413076
 20
15.197066464834904
 10
549.8673178124038
 20
15.258897297893498
 10
547.1316287764977
 20
15.341682279666202
 10
546.5178274890186
 20
15.34767605412128
 10
545.2566082108339
 20
15.308283406248108
 10
542.1867315920131
 20
15.129333562366924
 10
540.3404190564661
 20
14.97763618154562
 10
534.8260745348842
 20
14.779147915762564
 10
533.7468906263939
 20
14.789961145625853
 10
530.9107020764725
 20
14.758158772456682
 10
530.1048821216065
 20
14.73200502362954
 10
529.2402247150752
 20
14.672027440183456
 10
526.3439588343374
 20
14.409263899515793
 10
520.8074348377864
 20
14.163958227405828
 10
516.9841509487211
 20
14.171304881375022
 10
516.4335236646483
 20
14.159740830027545
 10
514.5098197942184
 20
14.042261132994213
 10
508.64194233157144
 20
13.971422267321941
 10
506.99525164245017
 20
14.032130837776322
 10
506.72813740119216
 20
14.030678013141028
 10
505.300862306082
 20
13.999080989333379
 10
503.891130642274
 20
13.984439381464313
 10
501.8816502094521
 20
13.987178195572483
 10
501.3217000102138
 20
13.986221463418701
 10
500.81660960572407
 20
13.982240871299723
 10
499.9933897993423
 20
13.970212214819526
 10
497.4731401354652
 20
13.986325335267338
 10
496.5027190579761
 20
14.012919032099944
 10
494.9589605543158
 20
13.984909734315238
 10
490.9808034390126
 20
13.791505850874046
 10
488.2951622180937
 20
13.58020136285245
 10
488.2928836526946
 20
13.609161510446427
 10
485.30400897711
 20
13.351634633287176
 10
479.8148643316915
 20
13.382207033906354
 10
476.4602273145467
 20
13.554548924205676
 10
475.5808755439744
 20
13.578607725872416
 10
474.7904606080442
 20
13.566563772126017
 10
472.0948165384753
 20
13.4642854860939
 10
470.239678267668
 20
13.355497938368615
 10
470.2379993102903
 20
13.384128954983964
 10
465.3529639731995
 20
13.198718961583381
 10
460.39248772269383
 20
13.496418475176142
 10
460.39059716704105
 20
13.473515239540347
 10
456.0672547918534
 20
13.830387058718202
 10
455.1142126674257
 20
13.883655936662535
 10
454.0742607658731
 20
13.892086489491362
 10
451.40379584028307
 20
13.84175002266204
 10
449.2781863187195
 20
13.839342248718083
 10
448.40951070919175
 20
13.85374760550576
 10
447.624527982791
 20
13.860358086687029
 10
447.2469480145772
 20
13.861161526653234
 10
445.2673235886429
 20
13.852915840919763
 10
443.3640525670626
 20
13.837607946291598
 10
441.2599054717331
 20
13.812985752450288
 10
441.13846989707383
 20
13.811687655038554
 10
440.78882752013754
 20
13.80830400096238
 10
440.09514045645085
 20
13.805601127469401
 10
439.2756800782746
 20
13.807145348284223
 10
438.75366703365074
 20
13.80358711655117
 10
437.9493431846047
 20
13.79110545864819
 10
435.58761308165674
 20
13.800943471896119
 10
432.32120810581716
 20
13.878855787439136
 10
431.54624998521604
 20
13.865803338362639
 10
428.9450725553743
 20
13.878385962722177
 10
428.26530367870174
 20
13.896414717193693
 10
427.19513723442253
 20
13.90801332066195
 10
426.61523388889907
 20
13.911540790400068
 10
423.88537706818295
 20
13.909991234986705
 10
422.936351876515
 20
13.916958349959828
 10
421.0860823862011
 20
13.945177230969307
 10
419.8961383510065
 20
13.975133913056311
 10
419.20493026487844
 20
13.999397710482867
 10
418.730477627943
 20
14.014206090317487
 10
416.75581233787557
 20
14.06512787621358
 10
413.1149564040333
 20
14.14474326508332
 10
410.0774019222767
 20
14.200173419676844
 10
409.74723760768427
 20
14.207107307526314
 10
408.2964772092915
 20
14.24156966180675
 10
406.5913354674965
 20
14.278292419142531
 10
403.4333285072776
 20
14.331888919220376
 10
403.3534940798201
 20
14.333296975908866
 10
400.65921669202766
 20
14.382609841578358
 10
399.22891457754633
 20
14.40936269232202
 10
398.002432743755
 20
14.429673082612851
 10
397.5805117068839
 20
14.438144323270535
 10
395.6349548679274
 20
14.484052055919165
 10
395.1320705393742
 20
14.498027864558992
 10
392.9376265343013
 20
14.568222386113518
 10
392.0282015268711
 20
14.59068257020732
 10
390.543830441963
 20
14.61326762743164
 10
389.6907778904872
 20
14.621288037040642
 10
388.54454070709374
 20
14.643018221599789
 10
387.12859995534274
 20
14.683396798103843
 10
386.3497503333997
 20
14.700641052578192
 10
383.3854313375259
 20
14.74002947514731
 10
382.40946606340253
 20
14.745186171302066
 10
381.85983278008825
 20
14.743843655627188
 10
381.00571954300506
 20
14.752530472143462
 10
379.3020036000489
 20
14.683744241035129
 10
375.38417411530537
 20
14.653588225753708
 10
372.7726433409487
 20
14.718781337060875
 10
372.3545317722477
 20
14.709502745027521
 10
368.34109447262546
 20
14.754718635064705
 10
366.6018406753127
 20
14.832548774961708
 10
365.94118548939406
 20
14.85087464282742
 10
365.77153645229805
 20
14.853323270451995
 10
362.329961891189
 20
14.89638396622155
 10
359.54688485263443
 20
14.995839063398762
 10
359.3924194450321
 20
15.004952208391842
 10
359.225750520144
 20
15.004861253131367
 10
358.7583015645044
 20
15.002178196619525
 10
358.7582979727393
 20
15.002803963100575
 10
358.4629308814865
 20
15.001022194127017
 10
355.74572732002133
 20
14.997949279265697
 10
354.3402682152736
 20
14.954028179392594
 10
353.64932610192375
 20
14.936418860292122
 10
351.6056214989034
 20
14.896110378067647
 10
350.9802148834818
 20
14.860406358635771
 10
349.5975559984305
 20
14.797461569394102
 10
347.7150946398801
 20
14.733511052396693
 10
347.71497224370756
 20
14.737113932811155
 10
346.6581678346487
 20
14.702436450721791
 10
345.1135575746511
 20
14.673226376758919
 10
339.5690777563227
 20
14.39483237355654
 10
338.9688530000612
 20
14.403281417779567
 10
338.2317018119177
 20
14.408869116823155
 10
337.8899769516417
 20
14.409513091115059
 10
337.2764109750787
 20
14.407174766465346
 10
336.3909575006856
 20
14.410333963689652
 10
336.00669000389485
 20
14.414540617294847
 10
335.46326276605504
 20
14.422951304622416
 10
334.8192067405034
 20
14.435837364615793
 10
334.78953818603816
 20
14.436276363355944
 10
332.0962592369384
 20
14.436699700657869
 10
326.3285501392607
 20
14.275640041157544
 10
325.2771835700938
 20
14.301131909202752
 10
324.6439019763636
 20
14.307903562074898
 10
323.09996827061445
 20
14.306574017431046
 10
322.6925248123586
 20
14.301515415807785
 10
322.6419234070661
 20
14.30088717562927
 10
319.8674046852887
 20
14.330602144948102
 10
317.31058570831857
 20
14.417142381233532
 10
310.90687517026265
 20
14.377242359062791
 10
310.61838996398814
 20
14.37613842980545
 10
308.36860694101716
 20
14.37293797899008
 10
307.44114334725987
 20
14.333296921195767
 10
305.98710975329385
 20
14.288800591488894
 10
303.9739612602315
 20
14.25161445174433
 10
303.0453798156341
 20
14.241649618805866
 10
301.9164772698279
 20
14.23827178623577
 10
300.32779265697104
 20
14.2218642779157
 10
299.84801329007865
 20
14.214430125873434
 10
298.8751117849205
 20
14.194135059404573
 10
295.8306538610905
 20
14.231375135654616
 10
293.81100430999373
 20
14.232987892817675
 10
292.77338621056805
 20
14.141184903261944
 10
285.39827613958926
 20
13.944038449737718
 10
284.4916780584245
 20
13.97559630681343
 10
283.84505499879145
 20
13.989290074111125
 10
282.27802817010473
 20
14.004094409311676
 10
281.6227464752231
 20
14.002600399593518
 10
281.3885382304659
 20
13.998942479891241
 10
281.082967128379
 20
13.992684251596359
 10
279.4763428000372
 20
13.950400063194138
 10
278.75005207368264
 20
13.926582220219814
 10
277.9703838781304
 20
13.895534750373429
 10
272.95617622833845
 20
13.90554791957561
 10
270.8755810013698
 20
13.996724372385472
 10
268.97446196726463
 20
13.918761494741602
 10
268.7001010550184
 20
13.894024192674351
 10
265.90264725093
 20
13.707566357804922
 10
265.775517439533
 20
13.702072422779054
 10
262.85976934275175
 20
13.67323045055167
 10
262.85979120140246
 20
13.671076044159975
 10
260.359547056298
 20
13.64570851666491
 10
260.05961781536917
 20
13.627399776798484
 10
258.22997481643216
 20
13.47869772867449
 10
255.3441789445772
 20
13.314012182300871
 10
254.05683985193
 20
13.271622755550766
 10
253.7262252415712
 20
13.258910833974824
 10
252.9389953593124
 20
13.224293873182603
 10
252.71037431310316
 20
13.214677446005851
 10
252.59979719454918
 20
13.210237481226159
 10
251.68351073130157
 20
13.18045569026043
 10
250.0801425376887
 20
13.140601473382787
 10
249.82513530734093
 20
13.131141891162201
 10
249.61862194393447
 20
13.123481205862731
 10
246.31758024194653
 20
13.117391817050304
 10
246.3175554977962
 20
13.110952721887429
 10
245.9157299790151
 20
13.112496856707253
 10
245.29862156315588
 20
13.10681584684312
 10
245.2770750385169
 20
13.106375966964606
 10
244.94925454400908
 20
13.09678798965598
 10
242.0687214871361
 20
13.081716233604368
 10
241.41377863408076
 20
13.094014128677543
 10
240.04547476712958
 20
13.099292410390035
 10
239.43078925265814
 20
13.09866930025288
 10
238.57695019107493
 20
13.092572342166306
 10
238.40074578040492
 20
13.091572877959607
 10
236.06987311022976
 20
13.08177445849816
 10
235.4930519487043
 20
13.07380302940311
 10
234.58474890479383
 20
13.052514249795252
 10
232.69100886322076
 20
13.038024212788457
 10
232.15717636794514
 20
13.042364840956168
 10
231.67612190400897
 20
13.042419247888972
 10
230.83357459849358
 20
13.035759034001558
 10
229.9555236966602
 20
13.029256264438857
 10
229.85705508503042
 20
13.027939406427151
 10
225.81157075087944
 20
13.110289188522472
 10
222.81843205219369
 20
13.27231284981059
 10
222.07941112011596
 20
13.298011562262161
 10
221.15849542934478
 20
13.29935668720384
 10
219.7601884504434
 20
13.272921148936746
 10
215.2458523728823
 20
13.357492745086688
 10
214.4590883622587
 20
13.401887114761905
 10
213.75924249551332
 20
13.432349690385479
 10
213.00168818496337
 20
13.445145953026156
 10
211.62780042376352
 20
13.449468852177745
 10
209.4061342922739
 20
13.49761044924361
 10
204.07723439058847
 20
13.711867845700226
 10
202.2341682142067
 20
13.764647995161681
 10
198.52590389630532
 20
13.832029204106277
 10
197.37390043629924
 20
13.79910432728525
 10
197.37139842859563
 20
13.886646690683847
 10
190.6305310426756
 20
13.951427732235118
 10
187.50547150723108
 20
14.201651529207027
 10
185.70098680585383
 20
14.116185576331986
 10
182.15932293243566
 20
14.053120016714956
 10
182.15315489780744
 20
14.053192296771044
 10
177.35359753771604
 20
14.301929254690663
 10
176.54541057931354
 20
14.37636200995712
 10
173.38614829819318
 20
14.48423718545007
 10
171.90190505677492
 20
14.493711832470524
 10
169.31079049883382
 20
14.565722288454026
 10
165.5067150285447
 20
14.792509426179322
 10
164.6965058494901
 20
14.866694824625597
 10
164.178030378684
 20
14.90963816077641
 10
163.55198185780563
 20
14.95602936424325
 10
163.14678884510582
 20
14.983298501209845
 10
162.24386084458598
 20
15.037928212349982
 10
161.83833582085194
 20
15.059709821534739
 10
160.75389642090713
 20
15.110598588127004
 10
159.7710495785427
 20
15.148964713394435
 10
157.97852416564405
 20
15.200546799739584
 10
157.87691178459738
 20
15.203556972335491
 10
157.11211097053567
 20
15.22686196695571
 10
156.60154297410955
 20
15.23807113262518
 10
155.2661616331592
 20
15.256018409623778
 10
154.95516071922287
 20
15.259603460643348
 10
153.03999166964093
 20
15.31227125002232
 10
152.77200815066078
 20
15.323925114085398
 10
151.1663789784751
 20
15.365057901727198
 10
151.16647623713646
 20
15.36885441912591
 10
149.3983101852166
 20
15.418384308352188
 10
146.34672983681307
 20
15.565721264176602
 10
144.91036724794287
 20
15.51229747448383
 10
144.07380401310303
 20
15.451788665510776
 10
140.0053724477916
 20
15.296015628220175
 10
139.23202788748705
 20
15.292663480503961
 10
138.06353475343082
 20
15.241912467456132
 10
136.90256906793334
 20
15.100100807977071
 10
131.75586654984303
 20
14.266261642153381
 10
129.60480966552151
 20
13.830915844935873
 10
129.52042524072948
 20
13.809434970538405
 10
123.32813503216266
 20
12.575938789917473
 10
117.04050707203439
 20
12.0
 10
110.72716980284568
 20
12.087996478289483
 10
104.4580363689214
 20
12.838953762275253
 10
98.30253040658408
 20
14.244555840513726
 10
92.3288172550811
 20
16.289237243148136
 10
90.30851373856888
 20
17.101849629517403
 10
89.98084417119736
 20
17.223974877375042
 10
89.29940719092838
 20
17.468627965694452
 10
88.38548248674658
 20
17.78435242725618
 10
88.38548248674658
 20
54.275640041157544
 10
73.38548248674658
 20
54.275640041157544
 10
73.38548248674658
 20
84.27564004115754
 10
88.38548248674658
 20
84.27564004115754
 10
88.38548248674658
 20
272.9473308251694
 10
73.38548248674658
 20
272.9473308251694
 10
73.38548248674658
 20
302.9473308251694
 10
88.38548248674658
 20
302.9473308251694
 10
88.38548248674658
 20
407.9473308251694
 10
73.38548248674658
 20
407.9473308251694
 10
73.38548248674658
 20
437.9473308251694
 10
88.38548248674658
 20
437.9473308251694
 10
88.38548248674658
 20
467.9473308251694
 10
12.0
 20
467.9473308251694
 10
12.017035195452763
 20
468.1919228025792
 10
13.194749008039366
 20
482.983765364467
 10
13.465455634088698
 20
486.50194231392163
 10
13.587821374964733
 20
487.88333584128696
 10
13.863895626565068
 20
490.6374282717626
 10
13.882030883575226
 20
490.81566237938307
 10
15.392402505430482
 20
505.44278532639373
 10
15.580840401121065
 20
507.05415882483385
  0
LWPOLYLINE
  5
93
330
17
100
AcDbEntity
  8
CUT_IN
100
AcDbPolyline
 90
69
 70
1
 10
585.5757960876288
 20
110.24384151624818
 10
587.3295708558229
 20
112.60853305056946
 10
588.8431204171973
 20
115.1337379363776
 10
590.1018684620851
 20
117.79513707020485
 10
591.0936925587129
 20
120.56709972352368
 10
591.8090408988435
 20
123.4229303806737
 10
592.2410242869125
 20
126.33512583127072
 10
592.3854824867466
 20
129.27564004115754
 10
592.3854824867466
 20
499.9473308251694
 10
592.2410242869125
 20
502.8878450350562
 10
591.8090408988435
 20
505.8000404856532
 10
591.0936925587129
 20
508.6558711428032
 10
590.1018684620851
 20
511.42783379612206
 10
588.8431204171973
 20
514.0892329299493
 10
587.3295708558229
 20
516.6144378157575
 10
585.5757960876288
 20
518.9791293500788
 10
583.5986859223431
 20
521.1605342607659
 10
581.417281011656
 20
523.1376444260516
 10
579.0525894773347
 20
524.8914191942457
 10
576.5273845915265
 20
526.4049687556201
 10
573.8659854576993
 20
527.6637168005079
 10
571.0940228043804
 20
528.6555408971357
 10
568.2381921472304
 20
529.3708892372663
 10
565.3259966966334
 20
529.8028726253353
 10
562.3854824867466
 20
529.9473308251694
 10
158.38548248674658
 20
529.9473308251694
 10
155.44496827685975
 20
529.8028726253353
 10
152.53277282626274
 20
529.3708892372663
 10
149.67694216911272
 20
528.6555408971357
 10
146.90497951579388
 20
527.6637168005079
 10
144.24358038196664
 20
526.4049687556201
 10
141.71837549615853
 20
524.8914191942457
 10
139.35368396183722
 20
523.1376444260516
 10
137.17227905115016
 20
521.1605342607659
 10
135.19516888586446
 20
518.9791293500788
 10
133.44139411767023
 20
516.6144378157575
 10
131.92784455629592
 20
514.0892329299493
 10
130.669096511408
 20
511.42783379612206
 10
129.6772724147803
 20
508.6558711428032
 10
128.96192407464966
 20
505.80004048565326
 10
128.5299406865807
 20
502.8878450350562
 10
128.38548248674658
 20
499.9473308251694
 10
128.38548248674658
 20
129.27564004115754
 10
128.5299406865807
 20
126.33512583127072
 10
128.96192407464966
 20
123.42293038067368
 10
129.6772724147803
 20
120.56709972352368
 10
130.669096511408
 20
117.79513707020485
 10
131.92784455629592
 20
115.1337379363776
 10
133.44139411767023
 20
112.60853305056946
 10
135.19516888586446
 20
110.24384151624818
 10
137.17227905115016
 20
108.06243660556112
 10
139.35368396183722
 20
106.08532644027542
 10
141.71837549615853
 20
104.33155167208119
 10
144.24358038196664
 20
102.81800211070689
 10
146.90497951579388
 20
101.55925406581895
 10
149.67694216911272
 20
100.56742996919127
 10
152.53277282626274
 20
99.85208162906062
 10
155.44496827685975
 20
99.42009824099165
 10
158.38548248674658
 20
99.27564004115754
 10
562.3854824867466
 20
99.27564004115754
 10
565.3259966966334
 20
99.42009824099165
 10
568.2381921472304
 20
99.85208162906062
 10
571.0940228043804
 20
100.56742996919127
 10
573.8659854576993
 20
101.55925406581895
 10
576.5273845915265
 20
102.81800211070689
 10
579.0525894773347
 20
104.33155167208119
 10
581.417281011656
 20
106.08532644027542
 10
583.5986859223431
 20
108.06243660556112
 10
585.5757960876288
 20
110.24384151624818
  0
LWPOLYLINE
  5
94
330
17
100
AcDbEntity
  8
CUT_IN
100
AcDbPolyline
 90
54
 70
1
 10
231.24724647297384
 20
64.57197785904677
 10
230.47254543466306
 20
64.68675341409636
 10
229.69453559454664
 20
64.59711070396986
 10
228.96623703750652
 20
64.30915873122086
 10
228.3372821066347
 20
63.84252094692903
 10
221.52345603531595
 20
63.95281246118495
 10
220.90993303332542
 20
64.43956152674673
 10
220.1913353923271
 20
64.75093358257132
 10
219.41663435401628
 20
64.86570913762091
 10
218.63862451389988
 20
64.77606642749441
 10
217.91032595685977
 20
64.48811445474541
 10
217.28137102598794
 20
64.02147667045358
 10
216.79462196042613
 20
63.40795366846302
 10
216.48324990460156
 20
62.689356027464726
 10
216.36847434955197
 20
61.91465498915392
 10
216.45811705967847
 20
61.13664514903752
 10
216.74606903242747
 20
60.40834659199737
 10
217.2127068167193
 20
59.779391661125544
 10
216.85965066247007
 20
37.9675302074786
 10
216.37290159690826
 20
37.354007205488074
 10
216.0615295410837
 20
36.63540956448975
 10
215.9467539860341
 20
35.86070852617894
 10
216.0363966961606
 20
35.08269868606254
 10
216.3243486689096
 20
34.35440012902245
 10
216.7909864532014
 20
33.725445198150624
 10
217.40450945519197
 20
33.238696132588814
 10
218.1231070961903
 20
32.927324076764194
 10
218.89780813450108
 20
32.81254852171463
 10
219.6758179746175
 20
32.90219123184113
 10
220.40411653165762
 20
33.19014320459013
 10
221.03307146252945
 20
33.65678098888196
 10
227.8468975338482
 20
33.54648947462607
 10
227.8468975338482
 20
33.546489474626014
 10
228.46042053583872
 20
33.05974040906426
 10
229.17901817683705
 20
32.7483683532397
 10
229.95371921514786
 20
32.63359279819008
 10
230.73172905526425
 20
32.72323550831658
 10
231.46002761230437
 20
33.011187481065576
 10
232.0889825431762
 20
33.47782526535741
 10
232.575731608738
 20
34.09134826734794
 10
232.88710366456257
 20
34.809945908346265
 10
233.00187921961214
 20
35.584646946657074
 10
232.91223650948567
 20
36.36265678677347
 10
232.62428453673667
 20
37.09095534381362
 10
232.15764675244483
 20
37.719910274685446
 10
232.51070290669406
 20
59.53177172833239
 10
232.99745197225587
 20
60.14529473032292
 10
233.30882402808044
 20
60.86389237132124
 10
233.42359958313003
 20
61.63859340963205
 10
233.33395687300356
 20
62.41660324974845
 10
233.04600490025453
 20
63.14490180678857
 10
232.57936711596273
 20
63.773856737660395
 10
231.96584411397217
 20
64.26060580322218
 10
231.24724647297384
 20
64.57197785904677
  0
LWPOLYLINE
  5
95
330
17
100
AcDbEntity
  8
CUT_IN
100
AcDbPolyline
 90
53
 70
1
 10
240.31193962205413
 20
76.47050324940963
 10
240.41416214318696
 20
77.2469603847172
 10
240.31193962205413
 20
78.02341752002474
 10
240.01223835454027
 20
78.7469603847172
 10
239.5354824867466
 20
79.36828072827683
 10
239.5354824867466
 20
89.18299935403826
 10
240.01223835454027
 20
89.80431969759789
 10
240.31193962205413
 20
90.52786256229035
 10
240.41416214318696
 20
91.30431969759789
 10
240.31193962205413
 20
92.08077683290546
 10
240.01223835454027
 20
92.80431969759792
 10
239.5354824867466
 20
93.42564004115755
 10
238.91416214318696
 20
93.90239590895123
 10
238.1906192784945
 20
94.20209717646512
 10
237.41416214318696
 20
94.30431969759789
 10
236.6377050078794
 20
94.20209717646512
 10
235.91416214318696
 20
93.9023959089512
 10
235.2928417996273
 20
93.42564004115755
 10
213.47812317386587
 20
93.42564004115755
 10
212.8568028303062
 20
93.90239590895123
 10
212.13325996561377
 20
94.20209717646512
 10
211.35680283030624
 20
94.30431969759789
 10
210.58034569499867
 20
94.20209717646512
 10
209.8568028303062
 20
93.9023959089512
 10
209.23548248674658
 20
93.42564004115755
 10
208.75872661895292
 20
92.80431969759789
 10
208.459025351439
 20
92.08077683290546
 10
208.3568028303062
 20
91.30431969759789
 10
208.459025351439
 20
90.52786256229035
 10
208.75872661895292
 20
89.80431969759789
 10
209.23548248674658
 20
89.18299935403826
 10
209.23548248674658
 20
79.36828072827683
 10
208.75872661895292
 20
78.7469603847172
 10
208.459025351439
 20
78.02341752002474
 10
208.3568028303062
 20
77.2469603847172
 10
208.459025351439
 20
76.47050324940963
 10
208.75872661895292
 20
75.74696038471717
 10
209.23548248674658
 20
75.12564004115754
 10
209.85680283030624
 20
74.64888417336388
 10
210.58034569499867
 20
74.34918290584997
 10
211.35680283030624
 20
74.2469603847172
 10
212.13325996561377
 20
74.34918290584997
 10
212.85680283030624
 20
74.64888417336388
 10
213.47812317386587
 20
75.12564004115754
 10
235.2928417996273
 20
75.12564004115754
 10
235.91416214318696
 20
74.64888417336388
 10
236.6377050078794
 20
74.34918290584997
 10
237.41416214318696
 20
74.2469603847172
 10
238.19061927849452
 20
74.34918290584997
 10
238.91416214318696
 20
74.64888417336388
 10
239.5354824867466
 20
75.12564004115754
 10
240.01223835454027
 20
75.7469603847172
 10
240.31193962205413
 20
76.47050324940963
  0
LWPOLYLINE
  5
96
330
17
100
AcDbEntity
  8
CUT_IN
100
AcDbPolyline
 90
53
 70
1
 10
107.30782206788064
 20
515.6397427637007
 10
107.53624046522245
 20
516.3888490062008
 10
107.56299273205022
 20
517.1715491039498
 10
107.38625574558989
 20
517.9345033387592
 10
107.01807383939706
 20
518.6257176403683
 10
108.13784993442613
 20
525.3478074527185
 10
108.71021919046589
 20
525.8823432901861
 10
109.12473738202209
 20
526.5468053249675
 10
109.35315577936387
 20
527.2959115674676
 10
109.37990804619167
 20
528.0786116652166
 10
109.20317105973135
 20
528.8415659000261
 10
108.83498915353852
 20
529.5327802016352
 10
108.30045331607084
 20
530.105149457675
 10
107.6359912812895
 20
530.5196676492311
 10
106.88688503878942
 20
530.7480860465729
 10
106.10418494104039
 20
530.7748383134007
 10
105.34123070623093
 20
530.5981013269404
 10
104.6500164046218
 20
530.2299194207476
 10
83.13181354307216
 20
533.8144548621038
 10
82.59727770560448
 20
534.3868241181436
 10
81.93281567082317
 20
534.8013423096999
 10
81.18370942832308
 20
535.0297607070416
 10
80.40100933057403
 20
535.0565129738694
 10
79.63805509576457
 20
534.8797759874091
 10
78.94684079415549
 20
534.5115940812162
 10
78.3744715381157
 20
533.9770582437486
 10
77.95995334655953
 20
533.3125962089673
 10
77.73153494921775
 20
532.5634899664672
 10
77.70478268238992
 20
531.7807898687181
 10
77.88151966885027
 20
531.0178356339087
 10
78.2497015750431
 20
530.3266213322995
 10
77.12992548001404
 20
523.6045315199494
 10
76.5575562239743
 20
523.0699956824817
 10
76.14303803241808
 20
522.4055336477004
 10
75.91461963507629
 20
521.6564274052004
 10
75.88786736824852
 20
520.8737273074513
 10
76.06460435470882
 20
520.1107730726419
 10
76.43278626090165
 20
519.4195587710327
 10
76.96732209836932
 20
518.847189514993
 10
77.63178413315069
 20
518.4326713234368
 10
78.38089037565072
 20
518.204252926095
 10
79.16359047339978
 20
518.1775006592673
 10
79.92654470820924
 20
518.3542376457275
 10
80.61775900981837
 20
518.7224195519204
 10
102.13596187136801
 20
515.1378841105641
 10
102.67049770883568
 20
514.5655148545243
 10
103.33495974361699
 20
514.150996662968
 10
104.08406598611708
 20
513.9225782656263
 10
104.86676608386611
 20
513.8958259987985
 10
105.62972031867557
 20
514.0725629852589
 10
106.3209346202847
 20
514.4407448914517
 10
106.89330387632444
 20
514.9752807289193
 10
107.30782206788064
 20
515.6397427637007
  0
LWPOLYLINE
  5
97
330
17
100
AcDbEntity
  8
CUT_IN
100
AcDbPolyline
 90
55
 70
1
 10
66.07598165304285
 20
526.4431058276954
 10
66.31644101373348
 20
527.1884342268947
 10
66.35580173582895
 20
527.970601638868
 10
66.19138145116511
 20
528.7363046470819
 10
65.8343851304245
 20
529.4333618569108
 10
67.0623312998348
 20
536.136535594278
 10
67.64323941437033
 20
536.6617792418014
 10
68.06841050560291
 20
537.3194757295347
 10
68.30886986629349
 20
538.0648041287341
 10
68.34823058838896
 20
538.8469715407073
 10
68.18381030372518
 20
539.6126745489212
 10
67.8268139829845
 20
540.3097317587501
 10
67.30157033546124
 20
540.8906398732856
 10
66.64387384772783
 20
541.3158109645182
 10
65.89854544852847
 20
541.5562703252087
 10
65.11637803655526
 20
541.5956310473043
 10
64.35067502834136
 20
541.4312107626404
 10
63.65361781851249
 20
541.0742144418998
 10
42.19596754554584
 20
545.0050150580844
 10
42.19596754554584
 20
545.0050150580844
 10
41.670723898022516
 20
545.5859231726199
 10
41.01302741028911
 20
546.0110942638524
 10
40.2676990110898
 20
546.251553624543
 10
39.48553159911654
 20
546.2909143466386
 10
38.71982859090264
 20
546.1264940619747
 10
38.02277138107377
 20
545.7694977412341
 10
37.44186326653829
 20
545.2442540937108
 10
37.01669217530571
 20
544.5865576059774
 10
36.77623281461507
 20
543.841229206778
 10
36.736872092519604
 20
543.0590617948048
 10
36.90129237718344
 20
542.2933587865909
 10
37.25828869792406
 20
541.596301576762
 10
36.030342528513756
 20
534.8931278393948
 10
35.449434413978224
 20
534.3678841918714
 10
35.02426332274564
 20
533.7101877041381
 10
34.78380396205506
 20
532.9648593049387
 10
34.744443239959594
 20
532.1826918929655
 10
34.90886352462337
 20
531.4169888847516
 10
35.26585984536405
 20
530.7199316749227
 10
35.791103492887316
 20
530.1390235603872
 10
36.44879998062072
 20
529.7138524691546
 10
37.194128379820086
 20
529.473393108464
 10
37.97629579179329
 20
529.4340323863685
 10
38.741998800007195
 20
529.5984526710324
 10
39.439056009836065
 20
529.955448991773
 10
60.89670628280271
 20
526.0246483755884
 10
60.89670628280271
 20
526.0246483755884
 10
61.421949930326036
 20
525.4437402610529
 10
62.07964641805944
 20
525.0185691698204
 10
62.82497481725875
 20
524.7781098091298
 10
63.60714222923201
 20
524.7387490870342
 10
64.37284523744592
 20
524.9031693716981
 10
65.06990244727479
 20
525.2601656924387
 10
65.65081056181026
 20
525.785409339962
 10
66.07598165304285
 20
526.4431058276954
  0
LWPOLYLINE
  5
98
330
17
100
AcDbEntity
  8
CUT_IN
100
AcDbPolyline
 90
56
 70
1
 10
124.71500641626469
 20
561.3546829790806
 10
125.46139502922551
 20
561.5918309608118
 10
126.12097265275284
 20
562.0140779091001
 10
126.64879016180677
 20
562.592648392216
 10
127.00887766540501
 20
563.2881137878678
 10
133.1787380886673
 20
566.1817641305597
 10
133.1787380886673
 20
566.1817641305597
 10
133.9437035794524
 20
566.0139460007147
 10
134.72603803133902
 20
566.0498337728393
 10
135.47242664429984
 20
566.2869817545704
 10
136.13200426782717
 20
566.7092287028588
 10
136.6598217768811
 20
567.2877991859746
 10
137.01990928047934
 20
567.9832645816264
 10
137.18772741032438
 20
568.7482300724115
 10
137.15183963819985
 20
569.5305645242981
 10
136.9146916564687
 20
570.2769531372589
 10
136.49244470818033
 20
570.9365307607862
 10
135.91387422506452
 20
571.4643482698402
 10
135.21840882941268
 20
571.8244357734384
 10
125.95549256042142
 20
591.5748871838442
 10
125.95549256042145
 20
591.5748871838442
 10
126.12331069026646
 20
592.3398526746294
 10
126.08742291814195
 20
593.1221871265159
 10
125.85027493641078
 20
593.8685757394768
 10
125.42802798812241
 20
594.5281533630041
 10
124.8494575050066
 20
595.055970872058
 10
124.15399210935479
 20
595.4160583756562
 10
123.38902661856969
 20
595.5838765055013
 10
122.60669216668308
 20
595.5479887333768
 10
121.86030355372225
 20
595.3108407516456
 10
121.20072593019492
 20
594.8885938033573
 10
120.67290842114099
 20
594.3100233202415
 10
120.31282091754275
 20
593.6145579245896
 10
114.14296049428046
 20
590.7209075818976
 10
113.37799500349536
 20
590.8887257117426
 10
112.59566055160874
 20
590.8528379396182
 10
111.84927193864792
 20
590.6156899578871
 10
111.18969431512059
 20
590.1934430095987
 10
110.66187680606666
 20
589.6148725264828
 10
110.30178930246842
 20
588.9194071308309
 10
110.13397117262338
 20
588.1544416400459
 10
110.16985894474792
 20
587.3721071881594
 10
110.40700692647906
 20
586.6257185751984
 10
110.82925387476743
 20
585.9661409516712
 10
111.40782435788324
 20
585.4383234426172
 10
112.10328975353508
 20
585.0782359390189
 10
121.36620602252634
 20
565.3277845286132
 10
121.36620602252631
 20
565.3277845286132
 10
121.1983878926813
 20
564.562819037828
 10
121.2342756648058
 20
563.7804845859414
 10
121.47142364653698
 20
563.0340959729806
 10
121.89367059482535
 20
562.3745183494533
 10
122.47224107794113
 20
561.8467008403993
 10
123.16770647359297
 20
561.4866133368012
 10
123.93267196437807
 20
561.3187952069561
 10
124.71500641626469
 20
561.3546829790806
  0
LWPOLYLINE
  5
99
330
17
100
AcDbEntity
  8
CUT_IN
100
AcDbPolyline
 90
54
 70
1
 10
227.75446904358452
 20
586.6388063615277
 10
228.537427437624
 20
586.6211632325555
 10
229.2982735491297
 20
586.8067658225251
 10
229.98515697296023
 20
587.1829656216527
 10
230.55126773891
 20
587.7241252353274
 10
237.32600960170828
 20
588.4611887609128
 10
237.99524989656663
 20
588.0544301660009
 10
238.74696325248595
 20
587.83474366817
 10
239.5299216465254
 20
587.8171005391978
 10
240.2907677580311
 20
588.0027031291672
 10
240.97765118186163
 20
588.3789029282948
 10
241.54376194781145
 20
588.9200625419695
 10
241.95052054272332
 20
589.5893028368279
 10
242.17020704055437
 20
590.3410161927472
 10
242.18785016952654
 20
591.1239745867866
 10
242.002247579557
 20
591.8848206982923
 10
241.62604778042942
 20
592.5717041221228
 10
241.08488816675475
 20
593.1378148880726
 10
238.72546082969984
 20
614.824563177346
 10
238.72546082969984
 20
614.824563177346
 10
239.13221942461172
 20
615.4938034722044
 10
239.35190592244277
 20
616.2455168281238
 10
239.36954905141494
 20
617.0284752221631
 10
239.18394646144543
 20
617.7893213336688
 10
238.8077466623178
 20
618.4762047574993
 10
238.26658704864317
 20
619.0423155234491
 10
237.59734675378482
 20
619.4490741183611
 10
236.8456333978655
 20
619.6687606161921
 10
236.06267500382603
 20
619.6864037451643
 10
235.30182889232032
 20
619.5008011551947
 10
234.6149454684898
 20
619.1246013560672
 10
234.04883470254
 20
618.5834417423926
 10
227.27409283974174
 20
617.846378216807
 10
226.60485254488339
 20
618.2531368117188
 10
225.85313918896406
 20
618.47282330955
 10
225.07018079492462
 20
618.4904664385222
 10
224.30933468341888
 20
618.3048638485526
 10
223.6224512595884
 20
617.9286640494249
 10
223.05634049363857
 20
617.3875044357503
 10
222.64958189872672
 20
616.718264140892
 10
222.42989540089565
 20
615.9665507849727
 10
222.41225227192348
 20
615.1835923909332
 10
222.597854861893
 20
614.4227462794274
 10
222.9740546610206
 20
613.7358628555969
 10
223.51521427469527
 20
613.1697520896472
 10
225.87464161175018
 20
591.4830038003738
 10
225.4678830168383
 20
590.8137635055155
 10
225.24819651900725
 20
590.0620501495962
 10
225.23055339003508
 20
589.2790917555567
 10
225.4161559800046
 20
588.5182456440509
 10
225.79235577913218
 20
587.8313622202204
 10
226.33351539280685
 20
587.2652514542706
 10
227.0027556876652
 20
586.8584928593588
 10
227.75446904358452
 20
586.6388063615277
  0
LWPOLYLINE
  5
9A
330
17
100
AcDbEntity
  8
CUT_IN
100
AcDbPolyline
 90
56
 70
1
 10
353.54959614268137
 20
592.938738916135
 10
354.3254372071841
 20
592.8319411192103
 10
355.10248343230205
 20
592.929584812436
 10
355.82778040192295
 20
593.2250157394824
 10
356.45190032617705
 20
593.6981007708941
 10
363.2665005501126
 20
593.6579294348712
 10
363.2665005501126
 20
593.6579294348712
 10
363.8849997228088
 20
593.1775192974148
 10
364.6067633402886
 20
592.8735581037085
 10
365.3826044047914
 20
592.7667603067839
 10
366.15965062990927
 20
592.8644040000095
 10
366.88494759953016
 20
593.159834927056
 10
367.5090675237843
 20
593.6329199584677
 10
367.98947766124064
 20
594.2514191311639
 10
368.2934388549469
 20
594.9731827486437
 10
368.4002366518715
 20
595.7490238131464
 10
368.3025929586459
 20
596.5260700382644
 10
368.0071620315995
 20
597.2513670078853
 10
367.5340770001878
 20
597.8754869321394
 10
367.6626701880049
 20
619.6898265396817
 10
367.6626701880049
 20
619.6898265396817
 10
368.1430803254612
 20
620.308325712378
 10
368.44704151916744
 20
621.0300893298577
 10
368.5538393160921
 20
621.8059303943605
 10
368.45619562286646
 20
622.5829766194784
 10
368.16076469582003
 20
623.3082735890994
 10
367.68767966440834
 20
623.9323935133534
 10
367.0691804917121
 20
624.4128036508098
 10
366.34741687423235
 20
624.7167648445161
 10
365.57157580972955
 20
624.8235626414407
 10
364.7945295846116
 20
624.725918948215
 10
364.0692326149907
 20
624.4304880211687
 10
363.4451126907366
 20
623.9574029897569
 10
356.63051246680106
 20
623.9975743257799
 10
356.63051246680106
 20
623.9975743257799
 10
356.01201329410486
 20
624.4779844632362
 10
355.2902496766251
 20
624.7819456569425
 10
354.51440861212234
 20
624.8887434538672
 10
353.7373623870044
 20
624.7910997606416
 10
353.0120654173835
 20
624.4956688335951
 10
352.3879454931294
 20
624.0225838021834
 10
351.907535355673
 20
623.4040846294872
 10
351.6035741619668
 20
622.6823210120074
 10
351.49677636504214
 20
621.9064799475046
 10
351.59442005826776
 20
621.1294337223867
 10
351.8898509853142
 20
620.4041367527658
 10
352.3629360167259
 20
619.7800168285116
 10
352.2343428289088
 20
597.9656772209694
 10
351.75393269145246
 20
597.3471780482731
 10
351.4499714977462
 20
596.6254144307934
 10
351.3431737008216
 20
595.8495733662905
 10
351.4408173940472
 20
595.0725271411727
 10
351.7362483210936
 20
594.3472301715517
 10
352.2093333525053
 20
593.7231102472977
 10
352.8278325252016
 20
593.2427001098413
 10
353.54959614268137
 20
592.938738916135
  0
LWPOLYLINE
  5
9B
330
17
100
AcDbEntity
  8
CUT_IN
100
AcDbPolyline
 90
53
 70
1
 10
106.667316413473
 20
603.7436759243992
 10
107.45011793526388
 20
603.7672747438323
 10
108.20013831810886
 20
603.9926733953675
 10
108.86626491238428
 20
604.4045113333914
 10
109.40310229151657
 20
604.9747224830221
 10
109.77406587528358
 20
605.6644478967307
 10
115.9886028683498
 20
608.4608598674731
 10
116.75083889901725
 20
608.2810506342588
 10
117.53364042080813
 20
608.304649453692
 10
118.2836608036531
 20
608.5300481052271
 10
118.94978739792856
 20
608.9418860432511
 10
119.48662477706083
 20
609.5120971928817
 10
119.85758836082783
 20
610.2018226065903
 10
120.03739759404212
 20
610.9640586372577
 10
120.01379877460894
 20
611.7468601590487
 10
119.78840012307379
 20
612.4968805418937
 10
119.37656218504989
 20
613.1630071361691
 10
118.8063510354192
 20
613.6998445153014
 10
118.1166256217106
 20
614.0708080990684
 10
109.16498085785372
 20
633.9642744823525
 10
109.344790091068
 20
634.72651051302
 10
109.32119127163483
 20
635.5093120348108
 10
109.09579262009967
 20
636.2593324176557
 10
108.68395468207578
 20
636.9254590119313
 10
108.11374353244508
 20
637.4622963910635
 10
107.42401811873648
 20
637.8332599748305
 10
106.66178208806903
 20
638.0130692080448
 10
105.87898056627816
 20
637.9894703886116
 10
105.12896018343318
 20
637.7640717370765
 10
104.46283358915775
 20
637.3522337990526
 10
103.92599621002546
 20
636.7820226494218
 10
103.55503262625848
 20
636.0922972357133
 10
97.34049563319223
 20
633.2958852649709
 10
96.57825960252478
 20
633.4756944981852
 10
95.79545808073391
 20
633.4520956787521
 10
95.04543769788893
 20
633.2266970272169
 10
94.37931110361347
 20
632.8148590891931
 10
93.84247372448118
 20
632.2446479395624
 10
93.4715101407142
 20
631.5549225258537
 10
93.29170090749994
 20
630.7926864951862
 10
93.31529972693312
 20
630.0098849733954
 10
93.54069837846828
 20
629.2598645905505
 10
93.95253631649217
 20
628.593737996275
 10
94.52274746612284
 20
628.0569006171427
 10
95.21247287983147
 20
627.6859370333757
 10
104.16411764368831
 20
607.7924706500916
 10
103.98430841047406
 20
607.0302346194242
 10
104.00790722990723
 20
606.2474330976331
 10
104.23330588144233
 20
605.4974127147882
 10
104.64514381946626
 20
604.8312861205128
 10
105.21535496909692
 20
604.2944487413805
 10
105.90508038280555
 20
603.9234851576135
 10
106.667316413473
 20
603.7436759243992
  0
LWPOLYLINE
  5
9C
330
17
100
AcDbEntity
  8
CUT_IN
100
AcDbPolyline
 90
54
 70
1
 10
223.62568844547235
 20
630.6845087663063
 10
224.376657121919
 20
630.4622900141886
 10
225.1595516064599
 20
630.4420081781723
 10
225.92101893376793
 20
630.6250454318645
 10
226.60916636387125
 20
630.9989280889092
 10
227.17709778662575
 20
631.5381766640996
 10
233.9542852999794
 20
632.2524030687803
 10
234.6221508940664
 20
631.8433912412843
 10
235.37311957051304
 20
631.6211724891666
 10
236.15601405505396
 20
631.6008906531503
 10
236.91748138236198
 20
631.7839279068423
 10
237.60562881246528
 20
632.1578105638873
 10
238.1735602352198
 20
632.6970591390776
 10
238.58257206271583
 20
633.3649247331646
 10
238.8047908148335
 20
634.1158934096113
 10
238.82507265084985
 20
634.8987878941522
 10
238.6420353971577
 20
635.6602552214601
 10
238.2681527401128
 20
636.3484026515634
 10
237.72890416492248
 20
636.916334074318
 10
235.4425811472268
 20
658.6109111796661
 10
235.85159297472282
 20
659.2787767737532
 10
236.0738117268405
 20
660.0297454501998
 10
236.09409356285684
 20
660.8126399347407
 10
235.9110563091647
 20
661.5741072620488
 10
235.5371736521198
 20
662.262254692152
 10
234.99792507692945
 20
662.8301861149066
 10
234.3300594828425
 20
663.2391979424026
 10
233.57909080639584
 20
663.4614166945203
 10
232.79619632185495
 20
663.4816985305366
 10
232.03472899454692
 20
663.2986612768445
 10
231.3465815644436
 20
662.9247786197996
 10
230.7786501416891
 20
662.3855300446093
 10
224.00146262833542
 20
661.6713036399285
 10
224.00146262833542
 20
661.6713036399286
 10
223.33359703424847
 20
662.0803154674246
 10
222.5826283578018
 20
662.3025342195423
 10
221.7997338732609
 20
662.3228160555586
 10
221.0382665459529
 20
662.1397788018664
 10
220.35011911584957
 20
661.7658961448217
 10
219.78218769309504
 20
661.2266475696313
 10
219.37317586559902
 20
660.5587819755443
 10
219.15095711348135
 20
659.8078132990977
 10
219.130675277465
 20
659.0249188145567
 10
219.31371253115714
 20
658.2634514872487
 10
219.68759518820204
 20
657.5753040571453
 10
220.22684376339237
 20
657.0073726343909
 10
222.51316678108805
 20
635.3127955290427
 10
222.10415495359203
 20
634.6449299349557
 10
221.88193620147436
 20
633.8939612585091
 10
221.861654365458
 20
633.1110667739681
 10
222.04469161915014
 20
632.3495994466601
 10
222.41857427619505
 20
631.6614520165568
 10
222.95782285138537
 20
631.0935205938023
 10
223.62568844547235
 20
630.6845087663063
  0
LWPOLYLINE
  5
9D
330
17
100
AcDbEntity
  8
CUT_IN
100
AcDbPolyline
 90
57
 70
1
 10
353.80511801855783
 20
636.2850550946769
 10
354.58095908306063
 20
636.1782572977522
 10
355.3580053081786
 20
636.2759009909779
 10
356.0833022777995
 20
636.5713319180243
 10
356.7074222020536
 20
637.044416949436
 10
363.52202242598906
 20
637.0042456134131
 10
363.52202242598906
 20
637.0042456134131
 10
364.1405215986853
 20
636.5238354759567
 10
364.8622852161651
 20
636.2198742822504
 10
365.63812628066785
 20
636.1130764853258
 10
366.4151725057858
 20
636.2107201785514
 10
367.1404694754067
 20
636.5061511055978
 10
367.7645893996608
 20
636.9792361370096
 10
368.24499953711717
 20
637.5977353097057
 10
368.5489607308234
 20
638.3194989271856
 10
368.65575852774805
 20
639.0953399916883
 10
368.5581148345224
 20
639.8723862168063
 10
368.26268390747595
 20
640.5976831864272
 10
367.78959887606425
 20
641.2218031106813
 10
367.91819206388135
 20
663.0361427182236
 10
367.91819206388135
 20
663.0361427182236
 10
368.3986022013377
 20
663.6546418909198
 10
368.70256339504397
 20
664.3764055083996
 10
368.8093611919686
 20
665.1522465729024
 10
368.711717498743
 20
665.9292927980202
 10
368.41628657169656
 20
666.6545897676413
 10
367.94320154028486
 20
667.2787096918953
 10
367.3247023675886
 20
667.7591198293517
 10
366.6029387501088
 20
668.063081023058
 10
365.8270976856061
 20
668.1698788199826
 10
365.05005146048813
 20
668.0722351267569
 10
364.32475449086724
 20
667.7768041997106
 10
363.70063456661313
 20
667.3037191682988
 10
356.8860343426776
 20
667.3438905043217
 10
356.8860343426776
 20
667.3438905043217
 10
356.2675351699814
 20
667.8243006417781
 10
355.5457715525016
 20
668.1282618354844
 10
354.7699304879988
 20
668.235059632409
 10
353.9928842628809
 20
668.1374159391835
 10
353.26758729326
 20
667.841985012137
 10
352.64346736900586
 20
667.3688999807252
 10
352.16305723154954
 20
666.7504008080291
 10
351.8590960378433
 20
666.0286371905493
 10
351.75229824091866
 20
665.2527961260465
 10
351.8499419341443
 20
664.4757499009286
 10
352.1453728611907
 20
663.7504529313077
 10
352.6184578926024
 20
663.1263330070535
 10
352.4898647047853
 20
641.3119933995113
 10
352.4898647047853
 20
641.3119933995113
 10
352.009454567329
 20
640.693494226815
 10
351.70549337362274
 20
639.9717306093353
 10
351.5986955766981
 20
639.1958895448324
 10
351.6963392699237
 20
638.4188433197146
 10
351.99177019697015
 20
637.6935463500936
 10
352.46485522838185
 20
637.0694264258395
 10
353.0833544010781
 20
636.5890162883832
 10
353.80511801855783
 20
636.2850550946769
  0
LWPOLYLINE
  5
9E
330
17
100
AcDbEntity
  8
CUT_IN
100
AcDbPolyline
 90
53
 70
1
 10
502.13234045959325
 20
64.77606642749441
 10
501.35433061947685
 20
64.86570913762091
 10
500.57962958116605
 20
64.75093358257132
 10
499.8610319401678
 20
64.43956152674673
 10
499.24750893817725
 20
63.95281246118495
 10
492.4336828668585
 20
63.84252094692903
 10
491.80472793598665
 20
64.30915873122086
 10
491.0764293789465
 20
64.59711070396986
 10
490.2984195388301
 20
64.68675341409636
 10
489.5237185005193
 20
64.57197785904677
 10
488.805120859521
 20
64.26060580322218
 10
488.19159785753044
 20
63.773856737660395
 10
487.72496007323866
 20
63.14490180678857
 10
487.4370081004896
 20
62.41660324974845
 10
487.34736539036317
 20
61.63859340963205
 10
487.4621409454127
 20
60.86389237132124
 10
487.7735130012373
 20
60.14529473032292
 10
488.2602620667991
 20
59.53177172833239
 10
488.6133182210483
 20
37.719910274685446
 10
488.14668043675647
 20
37.09095534381362
 10
487.8587284640075
 20
36.36265678677347
 10
487.76908575388103
 20
35.584646946657074
 10
487.8838613089306
 20
34.809945908346265
 10
488.19523336475515
 20
34.09134826734794
 10
488.68198243031696
 20
33.47782526535741
 10
489.3109373611888
 20
33.011187481065576
 10
490.0392359182289
 20
32.72323550831658
 10
490.8172457583453
 20
32.63359279819008
 10
491.5919467966561
 20
32.7483683532397
 10
492.31054443765447
 20
33.05974040906426
 10
492.924067439645
 20
33.54648947462607
 10
499.7378935109637
 20
33.65678098888196
 10
500.36684844183554
 20
33.19014320459013
 10
501.09514699887563
 20
32.90219123184113
 10
501.8731568389921
 20
32.81254852171463
 10
502.64785787730284
 20
32.927324076764194
 10
503.3664555183012
 20
33.238696132588814
 10
503.97997852029175
 20
33.725445198150624
 10
504.4466163045836
 20
34.35440012902245
 10
504.7345682773325
 20
35.08269868606254
 10
504.8242109874591
 20
35.86070852617894
 10
504.70943543240946
 20
36.63540956448975
 10
504.3980633765849
 20
37.354007205488074
 10
503.9113143110231
 20
37.9675302074786
 10
503.55825815677383
 20
59.779391661125544
 10
504.02489594106567
 20
60.40834659199737
 10
504.3128479138147
 20
61.13664514903752
 10
504.40249062394116
 20
61.91465498915392
 10
504.2877150688916
 20
62.689356027464726
 10
503.97634301306704
 20
63.40795366846305
 10
503.4895939475052
 20
64.02147667045358
 10
502.8606390166334
 20
64.48811445474541
 10
502.13234045959325
 20
64.77606642749441
  0
LWPOLYLINE
  5
9F
330
17
100
AcDbEntity
  8
CUT_IN
100
AcDbPolyline
 90
56
 70
1
 10
367.7318840524822
 20
64.72802841312631
 10
366.9578357441678
 20
64.84712645338075
 10
366.1793376513194
 20
64.76182788230179
 10
365.44944313243553
 20
64.4779456565459
 10
364.8178932927706
 20
64.0148258806608
 10
358.0047890039085
 20
64.16314950450112
 10
357.3939925252791
 20
64.65331558705958
 10
356.67714411453517
 20
64.9686939040229
 10
355.9030958062208
 20
65.08779194427734
 10
355.12459771337234
 20
65.00249337319838
 10
354.3947031944885
 20
64.71861114744249
 10
353.7631533548235
 20
64.25549137155738
 10
353.272987272265
 20
63.64469489292799
 10
352.95760895530174
 20
62.92784648218404
 10
352.83851091504727
 20
62.15379817386969
 10
352.92380948612623
 20
61.37530008102124
 10
353.20769171188215
 20
60.6454055621374
 10
353.67081148776725
 20
60.013855722472385
 10
353.1960100620123
 20
38.20430477965738
 10
353.1960100620123
 20
38.20430477965738
 10
352.70584397945385
 20
37.59350830102801
 10
352.39046566249056
 20
36.87665989028403
 10
352.2713676222361
 20
36.102611581969654
 10
352.35666619331505
 20
35.3241134891212
 10
352.64054841907097
 20
34.59421897023742
 10
353.1036681949561
 20
33.96266913057241
 10
353.71446467358544
 20
33.47250304801395
 10
354.4313130843294
 20
33.1571247310506
 10
355.2053613926438
 20
33.03802669079613
 10
355.9838594854922
 20
33.123325261875095
 10
356.713754004376
 20
33.40720748763101
 10
357.34530384404104
 20
33.87032726351612
 10
364.1584081329031
 20
33.72200363967579
 10
364.1584081329031
 20
33.72200363967579
 10
364.7692046115325
 20
33.23183755711733
 10
365.48605302227645
 20
32.91645924015398
 10
366.2601013305908
 20
32.79736119989957
 10
367.0385994234393
 20
32.882659770978535
 10
367.76849394232306
 20
33.166541996734395
 10
368.4000437819881
 20
33.6296617726195
 10
368.89020986454653
 20
34.240458251248924
 10
369.2055881815099
 20
34.9573066619929
 10
369.3246862217643
 20
35.73135497030722
 10
369.2393876506854
 20
36.509853063155674
 10
368.95550542492947
 20
37.23974758203951
 10
368.49238564904437
 20
37.871297421704526
 10
368.96718707479926
 20
59.680848364519534
 10
368.96718707479926
 20
59.680848364519534
 10
369.4573531573577
 20
60.2916448431489
 10
369.77273147432106
 20
61.00849325389288
 10
369.8918295145755
 20
61.78254156220726
 10
369.80653094349657
 20
62.56103965505568
 10
369.52264871774065
 20
63.29093417393952
 10
369.05952894185555
 20
63.9224840136045
 10
368.4487324632262
 20
64.41265009616299
 10
367.7318840524822
 20
64.72802841312631
  0
LWPOLYLINE
  5
A0
330
17
100
AcDbEntity
  8
CUT_IN
100
AcDbPolyline
 90
53
 70
1
 10
512.0122383545403
 20
75.7469603847172
 10
512.3119396220542
 20
76.47050324940963
 10
512.414162143187
 20
77.2469603847172
 10
512.3119396220542
 20
78.02341752002474
 10
512.0122383545403
 20
78.7469603847172
 10
511.53548248674656
 20
79.36828072827683
 10
511.53548248674656
 20
89.18299935403826
 10
512.0122383545403
 20
89.80431969759789
 10
512.3119396220542
 20
90.52786256229035
 10
512.414162143187
 20
91.30431969759789
 10
512.3119396220542
 20
92.08077683290546
 10
512.0122383545403
 20
92.80431969759792
 10
511.53548248674656
 20
93.42564004115755
 10
510.9141621431869
 20
93.90239590895123
 10
510.1906192784945
 20
94.20209717646512
 10
509.4141621431869
 20
94.30431969759789
 10
508.6377050078794
 20
94.20209717646512
 10
507.9141621431869
 20
93.9023959089512
 10
507.2928417996273
 20
93.42564004115755
 10
485.47812317386587
 20
93.42564004115755
 10
484.8568028303062
 20
93.90239590895123
 10
484.1332599656138
 20
94.20209717646512
 10
483.3568028303062
 20
94.30431969759789
 10
482.58034569499864
 20
94.20209717646512
 10
481.8568028303062
 20
93.9023959089512
 10
481.2354824867466
 20
93.42564004115755
 10
480.7587266189529
 20
92.80431969759789
 10
480.45902535143904
 20
92.08077683290546
 10
480.3568028303062
 20
91.30431969759789
 10
480.45902535143904
 20
90.52786256229035
 10
480.7587266189529
 20
89.80431969759789
 10
481.2354824867466
 20
89.18299935403826
 10
481.2354824867466
 20
79.36828072827683
 10
480.7587266189529
 20
78.7469603847172
 10
480.45902535143904
 20
78.02341752002474
 10
480.3568028303062
 20
77.2469603847172
 10
480.45902535143904
 20
76.47050324940963
 10
480.7587266189529
 20
75.74696038471717
 10
481.2354824867466
 20
75.12564004115754
 10
481.8568028303062
 20
74.64888417336388
 10
482.58034569499864
 20
74.34918290584997
 10
483.3568028303062
 20
74.2469603847172
 10
484.1332599656138
 20
74.34918290584997
 10
484.8568028303062
 20
74.64888417336388
 10
485.47812317386587
 20
75.12564004115754
 10
507.2928417996273
 20
75.12564004115754
 10
507.9141621431869
 20
74.64888417336388
 10
508.6377050078794
 20
74.34918290584997
 10
509.4141621431869
 20
74.2469603847172
 10
510.1906192784945
 20
74.34918290584997
 10
510.9141621431869
 20
74.64888417336388
 10
511.53548248674656
 20
75.12564004115754
 10
512.0122383545403
 20
75.7469603847172
  0
LWPOLYLINE
  5
A1
330
17
100
AcDbEntity
  8
CUT_IN
100
AcDbPolyline
 90
53
 70
1
 10
611.5677939137618
 20
528.841565900026
 10
611.3910569273015
 20
528.0786116652166
 10
611.4178091941293
 20
527.2959115674676
 10
611.6462275914711
 20
526.5468053249674
 10
612.0607457830273
 20
525.8823432901861
 10
612.633115039067
 20
525.3478074527185
 10
613.7528911340961
 20
518.6257176403683
 10
613.3847092279033
 20
517.9345033387592
 10
613.2079722414429
 20
517.1715491039497
 10
613.2347245082708
 20
516.3888490062008
 10
613.4631429056126
 20
515.6397427637007
 10
613.8776610971687
 20
514.9752807289193
 10
614.4500303532085
 20
514.4407448914517
 10
615.1412446548176
 20
514.0725629852589
 10
615.9041988896271
 20
513.8958259987985
 10
616.686898987376
 20
513.9225782656263
 10
617.4360052298762
 20
514.150996662968
 10
618.1004672646575
 20
514.5655148545243
 10
618.6350031021252
 20
515.1378841105641
 10
640.1532059636747
 20
518.7224195519204
 10
640.8444202652839
 20
518.3542376457275
 10
641.6073745000933
 20
518.1775006592673
 10
642.3900745978424
 20
518.204252926095
 10
643.1391808403425
 20
518.4326713234368
 10
643.8036428751238
 20
518.847189514993
 10
644.3381787125916
 20
519.4195587710327
 10
644.7063606187844
 20
520.1107730726419
 10
644.8830976052446
 20
520.8737273074513
 10
644.8563453384169
 20
521.6564274052004
 10
644.6279269410751
 20
522.4055336477004
 10
644.2134087495189
 20
523.0699956824817
 10
643.6410394934792
 20
523.6045315199494
 10
642.5212633984501
 20
530.3266213322995
 10
642.8894453046429
 20
531.0178356339087
 10
643.0661822911032
 20
531.7807898687181
 10
643.0394300242754
 20
532.5634899664672
 10
642.8110116269336
 20
533.3125962089673
 10
642.3964934353775
 20
533.9770582437486
 10
641.8241241793377
 20
534.5115940812162
 10
641.1329098777286
 20
534.8797759874091
 10
640.3699556429191
 20
535.0565129738694
 10
639.5872555451701
 20
535.0297607070416
 10
638.83814930267
 20
534.8013423096999
 10
638.1736872678887
 20
534.3868241181436
 10
637.639151430421
 20
533.8144548621038
 10
616.1209485688713
 20
530.2299194207476
 10
615.4297342672622
 20
530.5981013269404
 10
614.6667800324528
 20
530.7748383134007
 10
613.8840799347038
 20
530.7480860465729
 10
613.1349736922036
 20
530.5196676492311
 10
612.4705116574223
 20
530.1051494576749
 10
611.9359758199546
 20
529.5327802016352
 10
611.5677939137618
 20
528.841565900026
  0
LWPOLYLINE
  5
A2
330
17
100
AcDbEntity
  8
CUT_IN
100
AcDbPolyline
 90
53
 70
1
 10
652.4227343851041
 20
538.8469715407073
 10
652.4620951071997
 20
538.0648041287341
 10
652.7025544678902
 20
537.3194757295347
 10
653.1277255591228
 20
536.6617792418014
 10
653.7086336736584
 20
536.136535594278
 10
654.9365798430687
 20
529.4333618569108
 10
654.579583522328
 20
528.7363046470819
 10
654.4151632376643
 20
527.970601638868
 10
654.4545239597596
 20
527.1884342268947
 10
654.6949833204503
 20
526.4431058276954
 10
655.120154411683
 20
525.785409339962
 10
655.7010625262184
 20
525.2601656924387
 10
656.3981197360472
 20
524.9031693716981
 10
657.1638227442611
 20
524.7387490870342
 10
657.9459901562344
 20
524.7781098091298
 10
658.6913185554338
 20
525.0185691698204
 10
659.3490150431671
 20
525.4437402610529
 10
659.8742586906905
 20
526.0246483755884
 10
681.331908963657
 20
529.955448991773
 10
682.028966173486
 20
529.5984526710324
 10
682.7946691816999
 20
529.4340323863685
 10
683.5768365936731
 20
529.473393108464
 10
684.3221649928724
 20
529.7138524691546
 10
684.9798614806059
 20
530.1390235603872
 10
685.5051051281291
 20
530.7199316749227
 10
685.8621014488698
 20
531.4169888847516
 10
686.0265217335336
 20
532.1826918929655
 10
685.987161011438
 20
532.9648593049387
 10
685.7467016507476
 20
533.7101877041381
 10
685.3215305595149
 20
534.3678841918714
 10
684.7406224449794
 20
534.8931278393948
 10
683.5126762755691
 20
541.596301576762
 10
683.8696725963098
 20
542.2933587865909
 10
684.0340928809735
 20
543.0590617948048
 10
683.9947321588782
 20
543.841229206778
 10
683.7542727981875
 20
544.5865576059774
 10
683.3291017069548
 20
545.2442540937108
 10
682.7481935924194
 20
545.7694977412341
 10
682.0511363825906
 20
546.1264940619747
 10
681.2854333743767
 20
546.2909143466386
 10
680.5032659624034
 20
546.251553624543
 10
679.757937563204
 20
546.0110942638524
 10
679.1002410754706
 20
545.5859231726199
 10
678.5749974279473
 20
545.0050150580844
 10
657.1173471549807
 20
541.0742144418998
 10
656.4202899451518
 20
541.4312107626404
 10
655.6545869369379
 20
541.5956310473043
 10
654.8724195249647
 20
541.5562703252087
 10
654.1270911257653
 20
541.3158109645182
 10
653.4693946380319
 20
540.8906398732856
 10
652.9441509905087
 20
540.3097317587501
 10
652.587154669768
 20
539.6126745489212
 10
652.4227343851041
 20
538.8469715407073
  0
LWPOLYLINE
  5
A3
330
17
100
AcDbEntity
  8
CUT_IN
100
AcDbPolyline
 90
53
 70
1
 10
584.638960705666
 20
566.7092287028588
 10
585.2985383291933
 20
566.2869817545704
 10
586.0449269421541
 20
566.0498337728393
 10
586.8272613940408
 20
566.0139460007147
 10
587.5922268848259
 20
566.1817641305597
 10
593.7620873080882
 20
563.2881137878678
 10
594.1221748116864
 20
562.592648392216
 10
594.6499923207404
 20
562.0140779091001
 10
595.3095699442677
 20
561.5918309608118
 10
596.0559585572285
 20
561.3546829790806
 10
596.8382930091151
 20
561.3187952069561
 10
597.6032584999002
 20
561.4866133368012
 10
598.298723895552
 20
561.8467008403993
 10
598.8772943786678
 20
562.3745183494533
 10
599.2995413269562
 20
563.0340959729806
 10
599.5366893086873
 20
563.7804845859415
 10
599.5725770808119
 20
564.562819037828
 10
599.4047589509669
 20
565.3277845286132
 10
608.667675219958
 20
585.0782359390189
 10
609.36314061561
 20
585.4383234426172
 10
609.9417110987257
 20
585.9661409516712
 10
610.3639580470141
 20
586.6257185751984
 10
610.6011060287452
 20
587.3721071881594
 10
610.6369938008697
 20
588.1544416400459
 10
610.4691756710247
 20
588.9194071308309
 10
610.1090881674265
 20
589.6148725264828
 10
609.5812706583725
 20
590.1934430095987
 10
608.9216930348452
 20
590.6156899578871
 10
608.1753044218844
 20
590.8528379396182
 10
607.3929699699978
 20
590.8887257117426
 10
606.6280044792127
 20
590.7209075818976
 10
600.4581440559505
 20
593.6145579245896
 10
600.0980565523522
 20
594.3100233202415
 10
599.5702390432982
 20
594.8885938033573
 10
598.9106614197709
 20
595.3108407516456
 10
598.1642728068101
 20
595.5479887333768
 10
597.3819383549235
 20
595.5838765055013
 10
596.6169728641383
 20
595.4160583756562
 10
595.9215074684865
 20
595.055970872058
 10
595.3429369853708
 20
594.5281533630041
 10
594.9206900370824
 20
593.8685757394768
 10
594.6835420553512
 20
593.1221871265159
 10
594.6476542832268
 20
592.3398526746294
 10
594.8154724130717
 20
591.5748871838442
 10
585.5525561440804
 20
571.8244357734384
 10
584.8570907484286
 20
571.4643482698402
 10
584.2785202653129
 20
570.9365307607862
 10
583.8562733170245
 20
570.2769531372589
 10
583.6191253352933
 20
569.5305645242981
 10
583.5832375631687
 20
568.7482300724115
 10
583.7510556930138
 20
567.9832645816264
 10
584.111143196612
 20
567.2877991859746
 10
584.638960705666
 20
566.7092287028588
  0
LWPOLYLINE
  5
A4
330
17
100
AcDbEntity
  8
CUT_IN
100
AcDbPolyline
 90
53
 70
1
 10
480.48019721546206
 20
588.0027031291672
 10
481.24104332696777
 20
587.8171005391978
 10
482.0240017210072
 20
587.83474366817
 10
482.77571507692653
 20
588.0544301660009
 10
483.4449553717849
 20
588.4611887609128
 10
490.2196972345831
 20
587.7241252353274
 10
490.78580800053294
 20
587.1829656216527
 10
491.47269142436346
 20
586.8067658225251
 10
492.2335375358692
 20
586.6211632325555
 10
493.0164959299086
 20
586.6388063615277
 10
493.768209285828
 20
586.8584928593589
 10
494.43744958068635
 20
587.2652514542706
 10
494.97860919436096
 20
587.8313622202204
 10
495.3548089934886
 20
588.5182456440509
 10
495.5404115834581
 20
589.2790917555567
 10
495.5227684544859
 20
590.0620501495962
 10
495.30308195665486
 20
590.8137635055155
 10
494.896323361743
 20
591.4830038003738
 10
497.2557506987979
 20
613.1697520896472
 10
497.79691031247256
 20
613.7358628555969
 10
498.1731101116002
 20
614.4227462794274
 10
498.3587127015697
 20
615.1835923909332
 10
498.3410695725975
 20
615.9665507849727
 10
498.1213830747664
 20
616.718264140892
 10
497.7146244798546
 20
617.3875044357503
 10
497.1485137139048
 20
617.9286640494249
 10
496.46163029007425
 20
618.3048638485526
 10
495.70078417856854
 20
618.4904664385222
 10
494.9178257845291
 20
618.47282330955
 10
494.1661124286098
 20
618.2531368117188
 10
493.4968721337514
 20
617.846378216807
 10
486.72213027095313
 20
618.5834417423926
 10
486.15601950500337
 20
619.1246013560672
 10
485.46913608117285
 20
619.5008011551947
 10
484.70828996966713
 20
619.6864037451643
 10
483.92533157562764
 20
619.6687606161921
 10
483.1736182197084
 20
619.4490741183611
 10
482.50437792485
 20
619.0423155234491
 10
481.9632183111753
 20
618.4762047574993
 10
481.58701851204773
 20
617.7893213336688
 10
481.40141592207823
 20
617.0284752221631
 10
481.4190590510504
 20
616.2455168281238
 10
481.63874554888145
 20
615.4938034722044
 10
482.0455041437933
 20
614.824563177346
 10
479.6860768067384
 20
593.1378148880726
 10
479.14491719306375
 20
592.5717041221228
 10
478.7687173939362
 20
591.8848206982923
 10
478.5831148039666
 20
591.1239745867866
 10
478.6007579329388
 20
590.3410161927471
 10
478.82044443076984
 20
589.5893028368278
 10
479.2272030256817
 20
588.9200625419695
 10
479.79331379163153
 20
588.3789029282948
 10
480.48019721546206
 20
588.0027031291672
  0
LWPOLYLINE
  5
A5
330
17
100
AcDbEntity
  8
CUT_IN
100
AcDbPolyline
 90
53
 70
1
 10
601.2843401964324
 20
609.5120971928817
 10
601.8211775755647
 20
608.9418860432511
 10
602.4873041698401
 20
608.5300481052271
 10
603.2373245526851
 20
608.304649453692
 10
604.0201260744759
 20
608.2810506342588
 10
604.7823621051434
 20
608.4608598674731
 10
610.9968990982096
 20
605.6644478967307
 10
611.3678626819766
 20
604.9747224830221
 10
611.9047000611089
 20
604.4045113333914
 10
612.5708266553843
 20
603.9926733953675
 10
613.3208470382293
 20
603.7672747438323
 10
614.1036485600201
 20
603.7436759243992
 10
614.8658845906876
 20
603.9234851576135
 10
615.5556100043963
 20
604.2944487413805
 10
616.1258211540269
 20
604.8312861205128
 10
616.5376590920508
 20
605.4974127147882
 10
616.7630577435859
 20
606.2474330976332
 10
616.786656563019
 20
607.0302346194242
 10
616.6068473298049
 20
607.7924706500916
 10
625.5584920936617
 20
627.6859370333757
 10
626.2482175073703
 20
628.0569006171427
 10
626.818428657001
 20
628.593737996275
 10
627.2302665950249
 20
629.2598645905505
 10
627.4556652465601
 20
630.0098849733954
 10
627.4792640659932
 20
630.7926864951862
 10
627.299454832779
 20
631.5549225258537
 10
626.928491249012
 20
632.2446479395624
 10
626.3916538698797
 20
632.8148590891931
 10
625.7255272756042
 20
633.2266970272169
 10
624.9755068927593
 20
633.4520956787521
 10
624.1927053709684
 20
633.4756944981852
 10
623.430469340301
 20
633.2958852649709
 10
617.2159323472347
 20
636.0922972357133
 10
616.8449687634677
 20
636.7820226494218
 10
616.3081313843354
 20
637.3522337990526
 10
615.64200479006
 20
637.7640717370765
 10
614.891984407215
 20
637.9894703886116
 10
614.1091828854242
 20
638.0130692080448
 10
613.3469468547567
 20
637.8332599748305
 10
612.657221441048
 20
637.4622963910635
 10
612.0870102914174
 20
636.9254590119313
 10
611.6751723533935
 20
636.2593324176557
 10
611.4497737018584
 20
635.5093120348108
 10
611.4261748824251
 20
634.72651051302
 10
611.6059841156394
 20
633.9642744823525
 10
602.6543393517826
 20
614.0708080990684
 10
601.964613938074
 20
613.6998445153014
 10
601.3944027884432
 20
613.1630071361691
 10
600.9825648504194
 20
612.4968805418937
 10
600.7571661988842
 20
611.7468601590487
 10
600.7335673794511
 20
610.9640586372577
 10
600.9133766126654
 20
610.2018226065903
 10
601.2843401964324
 20
609.5120971928817
  0
LWPOLYLINE
  5
A6
330
17
100
AcDbEntity
  8
CUT_IN
100
AcDbPolyline
 90
53
 70
1
 10
483.1653361610279
 20
632.1578105638873
 10
483.8534835911312
 20
631.7839279068423
 10
484.6149509184392
 20
631.6008906531503
 10
485.3978454029801
 20
631.6211724891666
 10
486.14881407942676
 20
631.8433912412843
 10
486.8166796735137
 20
632.2524030687803
 10
493.5938671868674
 20
631.5381766640996
 10
494.1617986096219
 20
630.9989280889092
 10
494.84994603972524
 20
630.6250454318645
 10
495.61141336703326
 20
630.4420081781723
 10
496.3943078515741
 20
630.4622900141886
 10
497.1452765280208
 20
630.6845087663063
 10
497.8131421221078
 20
631.0935205938023
 10
498.3523906972981
 20
631.6614520165568
 10
498.726273354343
 20
632.3495994466601
 10
498.9093106080352
 20
633.1110667739681
 10
498.88902877201883
 20
633.8939612585091
 10
498.66681001990116
 20
634.6449299349557
 10
498.2577981924051
 20
635.3127955290427
 10
500.5441212101008
 20
657.0073726343909
 10
501.0833697852911
 20
657.5753040571453
 10
501.457252442336
 20
658.2634514872487
 10
501.64028969602816
 20
659.0249188145567
 10
501.6200078600118
 20
659.8078132990977
 10
501.39778910789414
 20
660.5587819755443
 10
500.98877728039815
 20
661.2266475696313
 10
500.4208458576436
 20
661.7658961448217
 10
499.7326984275403
 20
662.1397788018664
 10
498.9712311002323
 20
662.3228160555586
 10
498.18833661569136
 20
662.3025342195423
 10
497.4373679392447
 20
662.0803154674246
 10
496.7695023451578
 20
661.6713036399285
 10
489.9923148318041
 20
662.3855300446093
 10
489.4243834090496
 20
662.9247786197996
 10
488.73623597894624
 20
663.2986612768445
 10
487.9747686516382
 20
663.4816985305366
 10
487.19187416709735
 20
663.4614166945203
 10
486.44090549065066
 20
663.2391979424026
 10
485.7730398965637
 20
662.8301861149066
 10
485.23379132137336
 20
662.262254692152
 10
484.8599086643285
 20
661.5741072620488
 10
484.6768714106363
 20
660.8126399347407
 10
484.6971532466527
 20
660.0297454501998
 10
484.9193719987704
 20
659.2787767737532
 10
485.32838382626636
 20
658.6109111796662
 10
483.0420608085707
 20
636.916334074318
 10
482.5028122333803
 20
636.3484026515634
 10
482.12892957633545
 20
635.6602552214601
 10
481.9458923226433
 20
634.8987878941522
 10
481.96617415865967
 20
634.1158934096113
 10
482.18839291077734
 20
633.3649247331646
 10
482.5974047382733
 20
632.6970591390776
 10
483.1653361610279
 20
632.1578105638873
  0
TEXT
  5
A7
330
17
100
AcDbEntity
  8
TEXT
100
AcDbText
 10
108.38548248674658
 20
355.4473308251694
 30
0.0
 40
10.0
  1
П3
 72
1
 11
108.38548248674658
 21
355.4473308251694
 31
0.0
100
AcDbText
 73
2
  0
LWPOLYLINE
  5
A8
330
17
100
AcDbEntity
  8
CUT_OUT
100
AcDbPolyline
 90
1468
 70
1
 10
750.9752805510519
 20
15.053849539572724
 10
750.2817605504124
 20
14.066671900230261
 10
749.4047712788854
 20
13.238191664780402
 10
748.379769648602
 20
12.601904511978319
 10
747.2481967511688
 20
12.183535702553655
 10
746.0558023831879
 20
12.0
 10
744.8507953696743
 20
12.058717802137068
 10
743.6818944682948
 20
12.357315132431154
 10
742.5963586568907
 20
12.883719620504877
 10
741.6380764402936
 20
13.616648591318665
 10
740.8457914262689
 20
14.52646952944687
 10
740.2515359110342
 20
15.576398129646833
 10
739.8793358049073
 20
16.723985496213658
 10
739.5524107821025
 20
18.236135665213112
 10
739.5397246524171
 20
18.29630490458868
 10
739.5249361928034
 20
18.368270188409724
 10
739.5103822454681
 20
18.441395755950282
 10
738.6492747716132
 20
22.91293428105024
 10
738.6310400536046
 20
23.01210353005135
 10
738.4650689006139
 20
23.959421643723118
 10
738.4385441975487
 20
24.109543873358774
 10
737.9389669856175
 20
26.91074675481815
 10
737.6416274403016
 20
28.570626928291546
 10
737.6304408379626
 20
28.635099077996728
 10
737.2144501475959
 20
31.112727786124225
 10
736.6008999451359
 20
34.77453057606263
 10
736.5935706022751
 20
34.81931210937876
 10
736.4691080518207
 20
35.598232688295525
 10
735.967038095001
 20
38.75919468658503
 10
735.9636718120255
 20
38.7806387499804
 10
735.6221950530726
 20
40.981914205155846
 10
735.6133182276462
 20
41.04108328395927
 10
735.0896428347512
 20
44.654373949665654
 10
735.0838239364765
 20
44.695527217689914
 10
735.0762213594227
 20
44.75067242724279
 10
735.0698623360931
 20
44.79820054429669
 10
735.0341040883889
 20
45.07383727770588
 10
735.0284408147322
 20
45.11882336344053
 10
734.1409224099837
 20
52.39040911211214
 10
734.12980209621
 20
52.48817979420562
 10
734.0670845550552
 20
53.08299698241197
 10
734.0643561139318
 20
53.10943509795379
 10
733.3717305882004
 20
59.96962107756701
 10
733.3675292039296
 20
60.01279513221698
 10
733.2600777899165
 20
61.15998483059508
 10
733.2566020894294
 20
61.198423773097204
 10
732.9005306216822
 20
65.28276530322233
 10
732.8970129184011
 20
65.32482457615174
 10
732.7737330992793
 20
66.86397443954255
 10
732.7717273486733
 20
66.88971185109267
 10
732.3404584997631
 20
72.58172771113786
 10
732.3376011931476
 20
72.6211637076845
 10
732.2605821280545
 20
73.73507665357147
 10
732.2584832061683
 20
73.7666420386578
 10
732.1656185737259
 20
75.22113000413793
 10
732.1405543881855
 20
75.5927768738371
 10
731.7246443932769
 20
81.40842407381328
 10
731.7235479505744
 20
81.42404192737092
 10
731.3241142180086
 20
87.22189050013992
 10
731.3205517179026
 20
87.27734471842521
 10
731.2627900572531
 20
88.24660263444471
 10
731.2610539953271
 20
88.27703593094259
 10
731.2157076183385
 20
89.10913017451384
 10
731.2123977818833
 20
89.1664940931719
 10
731.1778639399031
 20
89.7335304062617
 10
731.1741379331329
 20
89.79161446727451
 10
730.8905390113644
 20
93.99956032791485
 10
730.8887756514619
 20
94.02663688909198
 10
730.7797531896967
 20
95.76115707629273
 10
730.776258856953
 20
95.82162438888759
 10
730.538934507404
 20
100.32271247381826
 10
730.5328227475056
 20
100.42709265892708
 10
730.4668827354988
 20
101.45126480810492
 10
730.4595129267136
 20
101.55616916696349
 10
730.083509715596
 20
106.49536565556627
 10
730.0787984637404
 20
106.56217786468733
 10
729.6743700802381
 20
112.7930015798427
 10
729.6531520845733
 20
113.10541112509117
 10
729.5105812026679
 20
115.10434465292605
 10
729.5101030499759
 20
115.11110241514936
 10
729.2956663620362
 20
118.16624740699405
 10
729.2945219477838
 20
118.18288317040094
 10
728.9289786250349
 20
123.60666625807431
 10
728.6265442597205
 20
128.09194177319162
 10
728.621645706543
 20
128.16383941479478
 10
728.3293681123736
 20
132.40448402029256
 10
728.3285609163534
 20
132.4163675354868
 10
728.0213869825686
 20
137.00594364786744
 10
728.0209453902189
 20
137.01259709460692
 10
727.7464751580605
 20
141.1830936130392
 10
727.7452022798767
 20
141.20293632190493
 10
727.4909854498866
 20
145.2713946392725
 10
727.483937716355
 20
145.3822724940744
 10
727.1759795752564
 20
150.1361333238849
 10
727.1750516084954
 20
150.1507339961804
 10
726.8849471099415
 20
154.80488415244702
 10
726.8842905142383
 20
154.8155715014858
 10
726.6507618660463
 20
158.6729279244804
 10
726.3856726707037
 20
163.10733956578702
 10
726.1637767622431
 20
166.85873376618747
 10
726.1623371674118
 20
166.88397384599898
 10
726.0294652607519
 20
169.30322674474723
 10
726.0198531788135
 20
169.47315562033893
 10
725.7096021820221
 20
174.78312547203382
 10
725.7083619915759
 20
174.8050397310989
 10
725.6579309267049
 20
175.72601929551854
 10
725.6546298895827
 20
175.79319834869074
 10
725.5033055810075
 20
179.27025474754822
 10
725.4994192821396
 20
179.351167698612
 10
725.4574410742043
 20
180.1501077925415
 10
725.4527673647284
 20
180.2319447655982
 10
725.2179017447852
 20
184.0397529613769
 10
725.2142571717361
 20
184.10454122091403
 10
725.0023683919419
 20
188.27307708351321
 10
724.9906607114942
 20
188.49430339068232
 10
724.9539093115314
 20
189.15887495915376
 10
724.9533129477088
 20
189.1698409655315
 10
724.9159519911912
 20
189.86863233562374
 10
724.9152705362926
 20
189.88164307143444
 10
724.7323007687179
 20
193.44915903063796
 10
724.7319932071512
 20
193.45521565303886
 10
724.5660287708178
 20
196.7563889965164
 10
724.5641891327732
 20
196.79552909104615
 10
724.4945792124674
 20
198.38736376573218
 10
724.4938244188054
 20
198.40523460656095
 10
724.4485569285857
 20
199.51628642791997
 10
724.4471221114036
 20
199.5544955561989
 10
724.4374392196465
 20
199.83629264448814
 10
724.4363792595948
 20
199.86988055305386
 10
724.3841249570314
 20
201.6871150362155
 10
724.3756081869356
 20
201.95868055052227
 10
724.3515561310926
 20
202.66061249169667
 10
724.3497671468706
 20
202.7219998598647
 10
724.2875497097108
 20
205.3121147692128
 10
724.2869301132537
 20
205.34075672785298
 10
724.2438611034061
 20
207.57879544531818
 10
724.2428526211436
 20
207.6250260830482
 10
724.2317897298277
 20
208.0787112758406
 10
724.2305360473138
 20
208.12519620607583
 10
724.1690549821932
 20
210.20541052448127
 10
724.168548639022
 20
210.2234626336272
 10
724.0776717575922
 20
213.64723375939263
 10
724.0769666709477
 20
213.6764869754046
 10
724.0329042991857
 20
215.71046787644983
 10
724.0313279518246
 20
215.78108567424206
 10
723.9800619549417
 20
218.00107482372496
 10
723.9766328801958
 20
218.14127189826294
 10
723.8427525808473
 20
223.29242398578555
 10
723.8425173831679
 20
223.3017527069888
 10
723.6957069299613
 20
229.3101799039453
 10
723.6414412746208
 20
231.5733322151068
 10
723.5715131085218
 20
234.43388330342958
 10
723.5712840456229
 20
234.44357398140704
 10
723.4358213204912
 20
240.37731441555246
 10
723.4354495967544
 20
240.39470153148463
 10
723.3592386898007
 20
244.21874819702947
 10
723.3542839039013
 20
244.44289286683696
 10
723.2256524804498
 20
249.68227720752773
 10
723.2253082719845
 20
249.69703756190083
 10
723.1499096090838
 20
253.11047193003154
 10
723.1490407753014
 20
253.15852030279024
 10
723.1076392979611
 20
256.0996463162045
 10
723.1066262438961
 20
256.1581153830185
 10
723.0947673969467
 20
256.73445140227784
 10
723.0933585758404
 20
256.793498599876
 10
723.0046839953993
 20
260.060473756429
 10
723.003518960254
 20
260.11135040881635
 10
722.9654426611648
 20
262.15226069967616
 10
722.9652880587162
 20
262.1608794385746
 10
722.8920577752292
 20
266.41366291911186
 10
722.8663613428492
 20
267.8322289435374
 10
722.8658096343028
 20
267.8688619327772
 10
722.848267711782
 20
269.32986483449224
 10
722.846511068979
 20
269.4625807037898
 10
722.7986371418853
 20
272.7231025164329
 10
722.7982684494541
 20
272.75343652965574
 10
722.7664764607105
 20
276.0561234968569
 10
722.7662931237161
 20
276.0801796526876
 10
722.7650044494349
 20
276.30962886292303
 10
722.7649177389128
 20
276.3530745150146
 10
722.7653563068886
 20
276.62302042336125
 10
722.7654214075635
 20
276.79785832599873
 10
722.761549859174
 20
279.32558601884205
 10
722.7620069669968
 20
279.4094050870561
 10
722.7896372219491
 20
281.63063365174634
 10
722.7909352577217
 20
281.74290177639944
 10
722.7966586219849
 20
282.29586100263333
 10
722.7971399999237
 20
282.33190609480516
 10
722.8116980322736
 20
283.22178437978033
 10
722.812063666231
 20
283.2420427368496
 10
722.8623215259238
 20
285.78834000748213
 10
722.8627207665463
 20
285.8070831970154
 10
722.9018105265033
 20
287.5167757399813
 10
722.9066889468255
 20
287.7539437173006
 10
722.9577751943486
 20
290.59383048823906
 10
723.0455573568554
 20
295.27929442039965
 10
723.045723492786
 20
295.2878371482941
 10
723.0604128160655
 20
296.01647595435827
 10
723.0633155972719
 20
296.1720961942125
 10
723.0749343637868
 20
296.8565821115001
 10
723.1795828941165
 20
302.72105801537896
 10
723.1797087561243
 20
302.72789287254295
 10
723.3065688437703
 20
309.41015884535153
 10
723.3082630797308
 20
309.50390158535475
 10
723.3166967755708
 20
309.9982628262235
 10
723.3169049408082
 20
310.0098129648346
 10
723.3281103411617
 20
310.6000136622513
 10
723.3283602352028
 20
310.6124920098672
 10
723.4739243481929
 20
317.5221625513507
 10
723.474490180329
 20
317.54664818988715
 10
723.5865924740822
 20
322.00382921258273
 10
723.5908368562235
 20
322.1852585917975
 10
723.6642603001537
 20
325.6137091938334
 10
723.6651002251716
 20
325.6482756768695
 10
723.8179272005596
 20
331.2706075667548
 10
723.8199621246404
 20
331.3333747957437
 10
723.8678193048331
 20
332.60414500985263
 10
723.8779531286893
 20
332.893263755686
 10
723.9226401515009
 20
334.2929338635329
 10
723.9246092257147
 20
334.3469724267319
 10
724.1589477922386
 20
340.0693460117603
 10
724.1611421661772
 20
340.1180834652082
 10
724.3453891086525
 20
343.87064522392893
 10
724.3487458943339
 20
343.93990701398974
 10
724.5752463251783
 20
348.68768869903465
 10
724.5768893854267
 20
348.7202686861843
 10
724.9748146261566
 20
356.20607089420275
 10
725.0331259181673
 20
357.30686972031725
 10
725.0337123929539
 20
357.3177540016935
 10
725.0769323676469
 20
358.1065296226415
 10
725.0773544091494
 20
358.1141434209025
 10
725.4977149862107
 20
365.6114021264565
 10
725.8847080205547
 20
372.5634831929921
 10
725.8893915146846
 20
372.64890035097665
 10
725.9347638472636
 20
373.49070848955864
 10
725.9472602317692
 20
373.7332344249001
 10
725.9881152725526
 20
374.5685301357323
 10
725.9886799308902
 20
374.5798554384081
 10
726.2772835650956
 20
380.2604182436736
 10
726.2835398529603
 20
380.3866161490489
 10
726.4743446328221
 20
384.34575692446043
 10
726.4819761081671
 20
384.5095473593191
 10
726.5525392767436
 20
386.0843341054047
 10
726.5528669192494
 20
386.091549124773
 10
726.6413003758164
 20
388.0134179625978
 10
726.6420224689645
 20
388.0286871305989
 10
726.7512969526388
 20
390.2786282066729
 10
726.7531065489534
 20
390.31376142527046
 10
726.8419426494429
 20
391.9453806655699
 10
726.9177529709231
 20
393.36259074191315
 10
726.9241997749148
 20
393.4662727448344
 10
727.0110827126543
 20
394.69215246978627
 10
727.027748492
 20
394.9332966180371
 10
727.1186034468902
 20
396.2998387790052
 10
727.1234791109838
 20
396.3674081634775
 10
727.2527918355602
 20
398.0287757413481
 10
727.2561719497676
 20
398.0703352774451
 10
727.3133144455152
 20
398.74394254157835
 10
727.3199272598544
 20
398.8166420377787
 10
727.3724249343506
 20
399.3573084780645
 10
727.423957852455
 20
399.9155414960788
 10
727.4285026061586
 20
399.96652268330274
 10
727.6234935283957
 20
402.2276218009225
 10
727.6274058270301
 20
402.2711370515792
 10
727.8255741806663
 20
404.38881958416664
 10
727.8284856199353
 20
404.4191041424614
 10
727.9079048412435
 20
405.2237934395257
 10
727.9325656975846
 20
405.48002787648386
 10
728.138720354461
 20
407.68665611962206
 10
728.1402216300884
 20
407.70249853615826
 10
728.2693718499654
 20
409.04639609525077
 10
728.2741636917272
 20
409.0942441193504
 10
728.3100825074323
 20
409.43896685513016
 10
728.3172129197206
 20
409.5101423335899
 10
728.3897469238685
 20
410.26438155490735
 10
728.40071687962
 20
410.3788771268165
 10
728.4102224012552
 20
410.4706501914319
 10
728.7176130213323
 20
413.23113247507507
 10
728.72004301607
 20
413.25260316558206
 10
728.8129668613421
 20
414.0606268763881
 10
728.8247215799549
 20
414.15609227090715
 10
728.886688606066
 20
414.62812837157594
 10
728.8942739608301
 20
414.6874359697073
 10
729.0068526914258
 20
415.59150923561526
 10
729.0129764257094
 20
415.63913169118564
 10
729.4323322566845
 20
418.80029468838745
 10
729.438439280638
 20
418.8450380462991
 10
729.9847681524534
 20
422.73833922887127
 10
729.9915675496513
 20
422.7877898462601
 10
730.0570854627695
 20
423.27428155774885
 10
730.0636593798697
 20
423.32414806541624
 10
730.207114813443
 20
424.4363052832356
 10
730.2100900461801
 20
424.4590290368477
 10
730.3437603697703
 20
425.4650255087454
 10
730.3496185249862
 20
425.5079275035867
 10
730.9043228102892
 20
429.46374788238893
 10
730.9385248971734
 20
429.7119983603219
 10
731.5639383561617
 20
434.3449702139842
 10
731.5697869316749
 20
434.3871652421013
 10
731.6193693644084
 20
434.73577745889463
 10
731.644915751486
 20
434.9158272059028
 10
731.6521149436132
 20
434.9676509720514
 10
731.7198454382074
 20
435.465835857413
 10
731.7266452197712
 20
435.51694736862027
 10
731.7936645465402
 20
436.03198932977205
 10
731.7955620585817
 20
436.0464345812893
 10
732.5050023534836
 20
441.39689956549535
 10
732.6523631460591
 20
442.5107031071767
 10
732.6639865822511
 20
442.6021572788882
 10
732.772819621155
 20
443.4950028085533
 10
732.7835040554373
 20
443.586556881014
 10
732.852321471386
 20
444.20368020011233
 10
732.859980103113
 20
444.2690974178601
 10
733.1808120565267
 20
446.88511848659715
 10
733.1851782758811
 20
446.91987979644625
 10
733.4037231148762
 20
448.6196598959035
 10
733.4108044959702
 20
448.6728549538293
 10
733.4974428913829
 20
449.30215114429546
 10
733.503670505615
 20
449.34826736692537
 10
733.5676051181449
 20
449.83111991906617
 10
733.5740126000513
 20
449.8805630873685
 10
734.0091970555616
 20
453.3132253133323
 10
734.0166316430257
 20
453.36971697430374
 10
734.5065819863485
 20
456.96071238692775
 10
734.5126629759567
 20
457.0040986621793
 10
734.5668942913203
 20
457.38100915105065
 10
734.5683096975904
 20
457.39078915932186
 10
734.6702525356854
 20
458.0911129887686
 10
734.6865020525066
 20
458.20361153617625
 10
735.2170486958858
 20
461.9091599119956
 10
735.2204090660716
 20
461.93230836846635
 10
735.6300337283981
 20
464.7158984999033
 10
735.6330192906385
 20
464.735951511811
 10
735.8101984365851
 20
465.91235493222746
 10
735.814696863914
 20
465.9417287047994
 10
736.0126450414764
 20
467.21323753208026
 10
736.0644199459018
 20
467.55318385203634
 10
736.4792673216173
 20
470.3469880276972
 10
736.4831232998671
 20
470.37257632419914
 10
736.9325062616842
 20
473.3116568364468
 10
736.9421645715902
 20
473.37271756245195
 10
736.9491453148382
 20
473.4154235812656
 10
736.9743660596662
 20
473.5587726369855
 10
736.9961213429876
 20
473.6742025844624
 10
737.0182503616388
 20
473.79622892252235
 10
737.2259773174445
 20
474.98842759948855
 10
737.246422791396
 20
475.11074727591927
 10
737.7616160812463
 20
478.3292263769051
 10
737.773295667861
 20
478.3995137072425
 10
738.1452661758024
 20
480.55865776751057
 10
738.1868183077484
 20
480.77584996422934
 10
738.3249669353221
 20
481.43217551525504
 10
738.3319282750831
 20
481.4647977395199
 10
738.9178045106296
 20
484.17341829089673
 10
739.0000552262941
 20
484.5607791771238
 10
739.0155783815609
 20
484.6350294011954
 10
739.0646574692059
 20
484.8499869977645
 10
739.2937117522126
 20
485.7745752053046
 10
739.3496718989713
 20
485.98415417366925
 10
739.9012678695756
 20
487.909614063465
 10
739.9052922943654
 20
487.9235980773273
 10
740.0656261090221
 20
488.4781924427733
 10
740.137528659078
 20
488.7093227105851
 10
741.4290944471854
 20
492.5837245276179
 10
741.4350465992395
 20
492.60148714761624
 10
742.6549281279345
 20
496.2231235828516
 10
742.7114155914894
 20
496.39175641479983
 10
742.8202946552009
 20
496.71877298243146
 10
742.8821454904391
 20
496.89531042427484
 10
743.1968725272654
 20
497.7506509054907
 10
743.2059587674224
 20
497.7751796600037
 10
746.0558536133884
 20
505.4174287408754
 10
746.136840934962
 20
505.6229639320776
 10
748.6867454604587
 20
511.7605328837071
 10
748.8089647844898
 20
512.0572438895771
 10
749.6456327331939
 20
514.1079675647513
 10
749.757119232017
 20
514.3640223506284
 10
750.6119808110625
 20
516.2088748730903
 10
750.6281902457581
 20
516.2435653854043
 10
752.7943109115865
 20
520.8410656979759
 10
752.9781480313368
 20
521.1995219672838
 10
755.118994867486
 20
525.0497857062196
 10
755.2264306076419
 20
525.243963104211
 10
755.9485391570986
 20
526.5562811881779
 10
756.1348325534897
 20
526.8716489179503
 10
756.6692579733335
 20
527.7163652766076
 10
756.6792267074353
 20
527.7320680021022
 10
758.7474171191652
 20
530.9787439539751
 10
758.922508443065
 20
531.2383929837858
 10
760.6279047138164
 20
533.6302643437174
 10
760.6970090254517
 20
533.7274164082351
 10
761.3386943993671
 20
534.6319413785137
 10
761.4954803208461
 20
534.8429925011058
 10
761.8034914446458
 20
535.2391721578199
 10
761.8107000617023
 20
535.248425569039
 10
763.3153404910119
 20
537.1759824549536
 10
763.4240081705736
 20
537.3111213313416
 10
764.1899563964399
 20
538.2359609180392
 10
764.2278161616796
 20
538.2810033816565
 10
764.8218065222093
 20
539.0507426189934
 10
765.6888258957974
 20
539.959185238901
 10
768.3490501371953
 20
542.2175835432722
 10
769.6254261588247
 20
543.5493608474828
 10
770.9602675965286
 20
545.2642955104195
 10
771.9561884312782
 20
546.2715801922621
 10
772.0435847422998
 20
546.3412127834252
 10
772.196743236376
 20
546.4592569834421
 10
773.7832993594698
 20
547.6418088428303
 10
773.8262229684208
 20
547.6735063656972
 10
774.097001397952
 20
547.8716118203492
 10
774.3280549996186
 20
548.032469931843
 10
775.3094169077515
 20
548.6820451763176
 10
775.349637357132
 20
548.708823123671
 10
775.7555810262415
 20
548.9806676297369
 10
775.7956571310038
 20
549.0076611259623
 10
777.9635833161983
 20
550.4763557169845
 10
778.2359315830581
 20
550.6503489405345
 10
780.9798931431634
 20
552.3010259066062
 10
781.0359005396895
 20
552.3343053509458
 10
781.8752181786311
 20
552.8268798296372
 10
782.2086163644972
 20
553.0086114946744
 10
783.6897334866599
 20
553.7561619209212
 10
783.7387872555958
 20
553.7811088454976
 10
784.2339994986168
 20
554.0348640167513
 10
784.2828998064304
 20
554.0601104261864
 10
787.6919631856667
 20
555.8333746615137
 10
788.0750025875977
 20
556.0157123427417
 10
792.0965698601001
 20
557.7584868759941
 10
792.1687487493264
 20
557.7892072316807
 10
793.8203668028359
 20
558.4794418544788
 10
794.115991644426
 20
558.5939109811236
 10
796.2362490025233
 20
559.3511171684517
 10
796.2926485764303
 20
559.3714712015451
 10
796.8622190154081
 20
559.5791703889631
 10
796.9184817352636
 20
559.599899714952
 10
802.7414663550609
 20
561.7673660215595
 10
802.9855611559983
 20
561.8522852302237
 10
809.1571760586594
 20
563.8514239503779
 10
809.2131339869441
 20
563.8692479891502
 10
811.709913956377
 20
564.6510983817624
 10
811.918557272081
 20
564.7123051667286
 10
813.8589573263704
 20
565.243543916063
 10
814.3289198020358
 20
565.3745379199287
 10
815.0917687061932
 20
565.5912632279797
 10
815.1451981344675
 20
565.6061759519528
 10
820.5769133213034
 20
567.0951953972851
 10
820.6227596607365
 20
567.107568603252
 10
821.4869478638877
 20
567.3371344202458
 10
821.6948015804195
 20
567.3883976542133
 10
822.5938212452426
 20
567.5931816578967
 10
822.6391227058909
 20
567.6036250374473
 10
823.0815349782802
 20
567.7068204343193
 10
823.1268447135055
 20
567.7175128478698
 10
832.2086589275715
 20
569.8854959454331
 10
832.3815621217772
 20
569.9240820170887
 10
842.0928498321543
 20
571.9412785589091
 10
842.1495650477881
 20
571.9527742352338
 10
842.6596000371088
 20
572.0535956910369
 10
842.7834747221118
 20
572.0767337230361
 10
843.4661149196653
 20
572.1968365316225
 10
843.8166414702098
 20
572.25976001701
 10
854.6138357585135
 20
574.2413089876575
 10
854.7274719221643
 20
574.2610369556724
 10
866.7999686473098
 20
576.2375637288387
 10
866.8631825822569
 20
576.2475673225177
 10
867.1302464778768
 20
576.2883713221622
 10
867.1553829509741
 20
576.2921573857288
 10
880.240598587829
 20
578.2347180068668
 10
880.3189280091558
 20
578.2458190937909
 10
893.8515734873451
 20
580.0727819435483
 10
893.9219159120089
 20
580.0818554587445
 10
903.9194866706696
 20
581.3114201849139
 10
908.1004652423718
 20
581.8244705879758
 10
908.1700161127216
 20
581.8325935398047
 10
922.2821664195967
 20
583.3973565475477
 10
922.3123342974626
 20
583.4006243766031
 10
922.5795478277741
 20
583.4288858954972
 10
922.6188384545741
 20
583.432910700489
 10
936.7321249929407
 20
584.8317065501087
 10
936.8008643111336
 20
584.8381203085166
 10
943.8763515097123
 20
585.4572629528149
 10
951.1107407922357
 20
586.0880251353421
 10
951.1401548227902
 20
586.0905168346712
 10
951.38423076703
 20
586.1105882146685
 10
951.4237652429279
 20
586.1137077977686
 10
965.7705487239028
 20
587.1980865760422
 10
965.8436208162682
 20
587.2031612315468
 10
977.1431911299303
 20
587.9186080241539
 10
977.2687920178199
 20
587.9267109668134
 10
980.688616700127
 20
588.1520484605596
 10
980.7674462708083
 20
588.1567218731652
 10
991.0717152669336
 20
588.6995884505689
 10
996.1796670003971
 20
588.9646550084246
 10
996.2304252496815
 20
588.9670735069292
 10
997.8198137349834
 20
589.0360592444199
 10
997.9807075391893
 20
589.0432775872922
 10
999.5931150150368
 20
589.1184420873376
 10
999.6147913228777
 20
589.1194132806017
 10
1008.7684660675523
 20
589.5129545684357
 10
1012.6165015399255
 20
589.677817915114
 10
1013.1789096408959
 20
589.7014167882026
 10
1013.1873348764844
 20
589.7017643485735
 10
1014.3592677961246
 20
589.7492843853261
 10
1014.3805400208443
 20
589.7501091439013
 10
1021.3305645328198
 20
590.0072256729736
 10
1021.3372699028735
 20
590.007469984125
 10
1026.5308252617133
 20
590.1937901619975
 10
1026.5476411013149
 20
590.1943698271594
 10
1029.0168289089931
 20
590.2760200059727
 10
1029.0293714012241
 20
590.2764216262906
 10
1031.6460778310147
 20
590.3574714743795
 10
1031.8134548364887
 20
590.3629279937195
 10
1035.548688655487
 20
590.4915235736972
 10
1035.5605122010372
 20
590.4919189617768
 10
1038.7929421179601
 20
590.596823662341
 10
1040.065301811298
 20
590.5023938283553
 10
1041.462482190177
 20
590.2472784821491
 10
1043.0563916700423
 20
590.101020817918
 10
1050.064986506487
 20
590.0841668016251
 10
1051.659580977906
 20
590.2227568664589
 10
1053.2688119939467
 20
590.5086004614398
 10
1054.5136354607212
 20
590.5978870751186
 10
1058.23763046637
 20
590.4764921688829
 10
1063.986370525436
 20
590.2838817649564
 10
1064.0911713238684
 20
590.2804773211351
 10
1065.0193369408642
 20
590.2513835970215
 10
1065.0291492505553
 20
590.2510679905354
 10
1065.8337180483827
 20
590.2245306358463
 10
1065.846746712042
 20
590.2240867375615
 10
1072.7036215390467
 20
589.9830089404857
 10
1074.1583270349743
 20
589.9304816350177
 10
1074.1745315184535
 20
589.9298745573011
 10
1079.736797324214
 20
589.7139649083722
 10
1079.7439048352126
 20
589.7136847977293
 10
1081.9340735577916
 20
589.6260688537575
 10
1081.941242251536
 20
589.6257777829057
 10
1092.545083440461
 20
589.188878989969
 10
1095.3962715468028
 20
589.0708257893422
 10
1095.4171926570248
 20
589.0699229780139
 10
1096.006363179571
 20
589.0434683027853
 10
1096.162534647205
 20
589.0366859619421
 10
1096.6766199963859
 20
589.0152234226091
 10
1096.726505642856
 20
589.0129327479406
 10
1098.9759674876666
 20
588.9002580193121
 10
1112.869512964562
 20
588.1945891845169
 10
1112.944364445117
 20
588.1903183663818
 10
1117.1433540890064
 20
587.9244060272126
 10
1117.2247097056231
 20
587.9193113637912
 10
1128.32308551704
 20
587.2342229097351
 10
1128.3983853213679
 20
587.2290991534155
 10
1142.984896748497
 20
586.1443558068707
 10
1143.0188045950686
 20
586.141737560102
 10
1143.4344761219475
 20
586.1084555125402
 10
1143.4744281687795
 20
586.1051222579408
 10
1151.6215861392195
 20
585.397977447794
 10
1157.7376662942206
 20
584.8650890432784
 10
1157.8089438725247
 20
584.8584500246357
 10
1171.9934020079527
 20
583.4518642311109
 10
1172.0292681864992
 20
583.4481987524885
 10
1172.300118277989
 20
583.4196957097085
 10
1172.3335577831724
 20
583.4160818946611
 10
1186.491709147418
 20
581.8458482303465
 10
1186.5564980399645
 20
581.8383059946035
 10
1190.456725770367
 20
581.36276976246
 10
1200.3186762880146
 20
580.1577204625762
 10
1200.381900070403
 20
580.14965399056
 10
1213.8346763897023
 20
578.3606016461504
 10
1213.9055389591733
 20
578.3507474975307
 10
1226.1384789763647
 20
576.5752282927259
 10
1226.4276333380508
 20
576.5333949716303
 10
1226.5092635593332
 20
576.5210111584138
 10
1237.0080888097996
 20
574.8542968764318
 10
1237.0794391141496
 20
574.8425286034438
 10
1246.2237262375168
 20
573.2776397786802
 10
1246.2760593771886
 20
573.2688425813757
 10
1246.7910891349334
 20
573.1838266590757
 10
1246.8438866750582
 20
573.1752724548684
 10
1247.1210164116335
 20
573.1312168644508
 10
1247.254316861058
 20
573.1084830046248
 10
1255.0525422619228
 20
571.6879145700643
 10
1255.0825030645055
 20
571.6823781108124
 10
1256.9547927895278
 20
571.3314791306034
 10
1256.9756728908444
 20
571.3275275559988
 10
1261.0999611378852
 20
570.5394351434802
 10
1261.1934013483685
 20
570.5208098723245
 10
1261.465238912638
 20
570.4643772361624
 10
1261.4851257570892
 20
570.4602136535525
 10
1262.9735291837426
 20
570.1459645403344
 10
1263.344144584154
 20
570.0691391724819
 10
1266.8347581878422
 20
569.3605178867865
 10
1266.9907035211718
 20
569.3266945938689
 10
1270.3834061781972
 20
568.5434666518247
 10
1270.5639994561589
 20
568.4988156711956
 10
1273.3191508739837
 20
567.7721123504148
 10
1273.357850421046
 20
567.7617665959763
 10
1274.6510679377254
 20
567.4114141967863
 10
1274.8063012339624
 20
567.3671091456238
 10
1278.0726519174707
 20
566.3871537406924
 10
1278.0955340563137
 20
566.3802390334241
 10
1282.4447587432846
 20
565.0564950713072
 10
1282.5891356358604
 20
565.0127750084491
 10
1283.0815955287105
 20
564.8644906605521
 10
1283.2399054523244
 20
564.8144227478479
 10
1284.139234522057
 20
564.516246543925
 10
1284.1644470045808
 20
564.5078252086009
 10
1291.8373922667429
 20
561.9260430975828
 10
1292.0502925321766
 20
561.8499117989303
 10
1298.082511030804
 20
559.5637576683836
 10
1298.460759745456
 20
559.4220504794826
 10
1300.4028418164614
 20
558.7037983141464
 10
1300.6731003606183
 20
558.5963312256456
 10
1302.3669237808708
 20
557.8747688589153
 10
1302.4196122145888
 20
557.852025476665
 10
1306.6034898635592
 20
556.022235267413
 10
1306.9992950779388
 20
555.8315772586918
 10
1310.3732888856966
 20
554.0513112999757
 10
1310.7523214747482
 20
553.8532693959528
 10
1312.159918372342
 20
553.125761504017
 10
1312.5024875113666
 20
552.9342581127328
 10
1313.3162661189708
 20
552.4437366245161
 10
1313.3508349109602
 20
552.4227404172065
 10
1316.2184189601762
 20
550.667784824509
 10
1316.4945864756078
 20
550.4881673185293
 10
1318.5955044204939
 20
549.0381447039103
 10
1318.8159509806276
 20
548.8868160381733
 10
1319.8759603863668
 20
548.1635020358615
 10
1320.100348730347
 20
548.0026988577602
 10
1320.5219103969305
 20
547.6856671262296
 10
1320.5413461957414
 20
547.6709887524588
 10
1322.2926692648366
 20
546.3427577061298
 10
1322.4302068775148
 20
546.2352599377489
 10
1323.3215297916881
 20
545.5174833273552
 10
1323.398901403261
 20
545.4553887157465
 10
1323.4704061061868
 20
545.3970931477153
 10
1323.4934567100559
 20
545.378003833029
 10
1323.5140743604297
 20
545.3652218435966
 10
1323.7743384534153
 20
545.1671344910637
 10
1324.3511174149116
 20
544.6671262269242
 10
1324.4249238282143
 20
544.5944217868378
 10
1324.8445695155622
 20
544.1358430043605
 10
1326.2870938792123
 20
542.385445407193
 10
1327.6006964095
 20
541.0892499886113
 10
1329.2856759556814
 20
539.7379717170274
 10
1329.9160365505631
 20
539.1535164194797
 10
1330.1209294284554
 20
538.934227076922
 10
1330.3638929546628
 20
538.6576495324034
 10
1330.6413267591395
 20
538.3215754424747
 10
1330.6945633773569
 20
538.257086372543
 10
1331.5195830943867
 20
537.2600001532799
 10
1331.6279365942646
 20
537.1251361152122
 10
1333.0870196838719
 20
535.2544553746699
 10
1333.0923153427032
 20
535.2476557811276
 10
1333.4231563487563
 20
534.8222280218038
 10
1333.5858696480711
 20
534.6028694250156
 10
1334.2260501328522
 20
533.6974609242908
 10
1334.299074750483
 20
533.5944430194593
 10
1335.9621988527983
 20
531.2548324574207
 10
1336.140162650252
 20
530.9898243365865
 10
1338.1702656361936
 20
527.7857839993139
 10
1338.1824187940365
 20
527.7665223332347
 10
1338.732725472396
 20
526.8906564549352
 10
1338.9204596848474
 20
526.5702590618521
 10
1339.6447791867222
 20
525.2414587560788
 10
1339.7769111977132
 20
525.0005475819332
 10
1341.9734314371456
 20
521.0230533215718
 10
1342.1550293669843
 20
520.6666289056024
 10
1344.371287927406
 20
515.9329489038653
 10
1344.3891351861428
 20
515.8944756520494
 10
1345.2209812643086
 20
514.084539324987
 10
1345.344567550118
 20
513.7959751805653
 10
1346.1703531462504
 20
511.71933608433324
 10
1346.2258526250441
 20
511.5803432654544
 10
1348.774012511968
 20
505.2278883953802
 10
1348.8807122102348
 20
504.9409074191
 10
1351.8462665851648
 20
496.29554721138334
 10
1351.8806231028627
 20
496.1957131495577
 10
1352.222918281472
 20
495.2046363787965
 10
1352.3072647771282
 20
494.9408410824747
 10
1352.3262632869396
 20
494.8763263039767
 10
1352.3384376596887
 20
494.8344230987695
 10
1353.8277382656395
 20
489.6379157644961
 10
1353.8316745795894
 20
489.6241188084358
 10
1355.1548633726059
 20
484.9651766787338
 10
1355.2372493476005
 20
484.6409637549345
 10
1356.451430143706
 20
479.2357552869038
 10
1356.493324067444
 20
479.0329486653584
 10
1357.286743015999
 20
474.8269149614948
 10
1357.3129215350061
 20
474.67784000302845
 10
1357.375873683535
 20
474.2907569764401
 10
1357.4098452174342
 20
474.08451828065694
 10
1358.9970696839212
 20
464.58382088526776
 10
1359.0125176997715
 20
464.49186800348724
 10
1359.4846917083453
 20
461.6986893534681
 10
1359.4986938549969
 20
461.6120037642785
 10
1360.98821284259
 20
451.941578021532
 10
1360.9906591973313
 20
451.92555164259295
 10
1361.5960917316634
 20
447.9230441421988
 10
1361.5978456695407
 20
447.91137124528825
 10
1362.8167110651168
 20
439.7448548665292
 10
1362.8246305250827
 20
439.69006355410437
 10
1362.8755633685917
 20
439.32582024026715
 10
1362.879615448361
 20
439.2963080356567
 10
1362.9666120088243
 20
438.65080589010876
 10
1363.016043733284
 20
438.2933289266699
 10
1364.7204953590801
 20
426.3149117779643
 10
1364.729080197972
 20
426.2522106877651
 10
1366.2123344856905
 20
414.9768260056476
 10
1366.2277950888074
 20
414.8486474293403
 10
1366.2404258690576
 20
414.733524619405
 10
1367.3192689644584
 20
405.0867735192676
 10
1367.3305022537254
 20
404.97723747142084
 10
1368.054625474851
 20
397.21511231553166
 10
1368.062952650462
 20
397.11718467499884
 10
1368.643964993617
 20
389.55094664601984
 10
1368.6492137795747
 20
389.4765382321697
 10
1368.9411448801
 20
384.9361000148864
 10
1368.956805614924
 20
384.7006676367035
 10
1369.118118230016
 20
382.36595678233647
 10
1369.6071586246185
 20
375.3469706855958
 10
1369.6095092143942
 20
375.3117388249804
 10
1370.0635600752728
 20
368.1907892241574
 10
1370.2268991268638
 20
365.665137475988
 10
1370.2421626186122
 20
365.43703040933065
 10
1370.5654593418953
 20
360.7797362405538
 10
1370.5689427329562
 20
360.72607623822927
 10
1371.0086419886763
 20
353.4483681474613
 10
1371.0093185198211
 20
353.43699100928563
 10
1371.0294432236433
 20
353.09304373057154
 10
1371.033069846862
 20
353.02430132466293
 10
1371.0550501583436
 20
352.55669372223485
 10
1371.4558234285262
 20
344.08710701375213
 10
1371.4592243317077
 20
344.0026343967309
 10
1371.7870987
 20
334.1286077471958
 10
1371.7873853513934
 20
334.11977924265483
 10
1371.8094566175578
 20
333.42422682402224
 10
1371.811462001274
 20
333.3441854308082
 10
1371.8321920770122
 20
332.2162576098185
 10
1371.8336821181456
 20
332.13682832116973
 10
1372.0672840316877
 20
320.2394756948122
 10
1372.0680457348292
 20
320.1904958262494
 10
1372.2044102592106
 20
308.30007961937565
 10
1372.204531272482
 20
308.28856401886304
 10
1372.2275014114412
 20
305.88302530092346
 10
1372.2277224697655
 20
305.85082612401203
 10
1372.2417753930526
 20
302.49043124600763
 10
1372.3007346139589
 20
290.9035202578545
 10
1372.3008122548204
 20
290.8736295835175
 10
1372.3015848370487
 20
283.6253342701459
 10
1372.3033475626492
 20
276.33420317818593
 10
1372.3033210271437
 20
276.3148492618758
 10
1372.2808066374805
 20
268.76956730610186
 10
1372.280636484956
 20
268.73886692266996
 10
1372.2491122449233
 20
264.8474111476575
 10
1372.2481396821324
 20
264.702398880744
 10
1372.228988387884
 20
260.96595558509455
 10
1372.2286849615077
 20
260.9289831452853
 10
1372.1544442039426
 20
254.3521754071055
 10
1372.1542643677692
 20
254.3377753091058
 10
1372.062940633145
 20
247.66637765012635
 10
1371.997420248248
 20
242.54898971840404
 10
1371.9969051106077
 20
242.51588906613438
 10
1371.862383225392
 20
235.17390629357382
 10
1371.7860946592536
 20
230.8248402937559
 10
1371.7853970401477
 20
230.7906326023043
 10
1371.6978430497768
 20
227.02425885589352
 10
1371.69753467031
 20
227.01157068618798
 10
1371.4992267079351
 20
219.19271941187753
 10
1371.4979162866052
 20
219.14771491145643
 10
1371.2304687091562
 20
211.01196813876908
 10
1371.2266252691359
 20
210.8907594365944
 10
1371.1074142709087
 20
206.96742883242604
 10
1371.1056788497824
 20
206.91723566680685
 10
1370.944312346864
 20
202.7546316292961
 10
1370.9437578810494
 20
202.74074420852963
 10
1370.6057487323474
 20
194.51384831432864
 10
1370.603951054039
 20
194.4734187982443
 10
1370.2340750120866
 20
186.74256699752726
 10
1370.2284591601365
 20
186.62227356512872
 10
1370.0154532011775
 20
181.92717689538887
 10
1370.0139192392517
 20
181.89524441643377
 10
1369.735273710282
 20
176.40017465593942
 10
1369.734411591034
 20
176.38362501720047
 10
1369.4039238970374
 20
170.20371937912975
 10
1369.4019217686853
 20
170.1682503318441
 10
1369.1800484113808
 20
166.43411502999044
 10
1369.1661451179807
 20
166.1904486026334
 10
1368.805741352138
 20
159.56403184893315
 10
1368.8037679628453
 20
159.52957654432103
 10
1368.689321293909
 20
157.6271984514887
 10
1368.6858419050518
 20
157.57339639780147
 10
1368.390137109729
 20
153.29916828627125
 10
1368.3593275004216
 20
152.82192525610745
 10
1368.139564428698
 20
149.11917997549
 10
1368.1345390300246
 20
149.04275813244493
 10
1368.0310001755322
 20
147.60813230448167
 10
1367.585063451054
 20
141.45983448597786
 10
1367.5796275475705
 20
141.38411293492715
 10
1367.4053585380457
 20
138.9280831449316
 10
1367.4045503501127
 20
138.91684262205266
 10
1367.1299333119478
 20
135.14688547038946
 10
1366.7149179262553
 20
129.42207821727203
 10
1366.3333015768412
 20
124.16331714243776
 10
1365.9960100324845
 20
119.57434311966293
 10
1365.6624283458686
 20
114.96566234780224
 10
1365.2613081253082
 20
109.41740411600199
 10
1364.8398914916695
 20
103.54182234398988
 10
1364.8328901120378
 20
103.44286611622724
 10
1364.5499537308988
 20
99.38142977680883
 10
1364.3016210982628
 20
95.79416431920063
 10
1364.300030420795
 20
95.77179328343644
 10
1363.8760955525272
 20
89.96311281202719
 10
1363.8748771832397
 20
89.94672798225236
 10
1363.3942965603987
 20
83.60129662985668
 10
1363.3802430825465
 20
83.411060929613
 10
1363.1767784773397
 20
80.5767568074252
 10
1363.1752825181475
 20
80.55640256288117
 10
1363.007671094108
 20
78.32771525439568
 10
1363.0049525984155
 20
78.2929215201255
 10
1362.5075925843787
 20
72.15710629286815
 10
1362.5040233638701
 20
72.11492222235478
 10
1361.9013510999807
 20
65.27918010515577
 10
1361.8716288109163
 20
64.92841233946274
 10
1361.7641841833579
 20
63.60066230631722
 10
1361.760768358716
 20
63.560158196304855
 10
1361.6898277628652
 20
62.751674132967935
 10
1361.6839962205104
 20
62.6889923825386
 10
1361.0471485935866
 20
56.21223988707149
 10
1361.0409441479285
 20
56.15223913492295
 10
1360.402373527583
 20
50.266215798060074
 10
1360.4010350280796
 20
50.25399495773081
 10
1360.241556722975
 20
48.811573178598735
 10
1360.2321781296757
 20
48.731657027230085
 10
1360.2107873944012
 20
48.559371531835836
 10
1360.2094099397027
 20
48.548360505335836
 10
1360.1973937059292
 20
48.45302162258096
 10
1359.22886187473
 20
40.6922612009067
 10
1359.218163899013
 20
40.61105394314586
 10
1358.844161109253
 20
37.91431979896561
 10
1358.8152317507547
 20
37.72742295974271
 10
1358.4306504638284
 20
35.47797727517772
 10
1358.3905334351266
 20
35.24007134341298
 10
1357.3646032690338
 20
29.060175519936394
 10
1357.3529392360822
 20
28.992326568167698
 10
1356.9248363443955
 20
26.584877291702497
 10
1356.9157924098506
 20
26.5352305812971
 10
1356.3284993046536
 20
23.386443411097048
 10
1356.314949140672
 20
23.316124676970333
 10
1355.875118624614
 20
21.10473074333251
 10
1355.8737677104682
 20
21.09795894350205
 10
1355.4198747615103
 20
18.829509974164637
 10
1355.4071528977993
 20
18.76762452331178
 10
1355.3940536062764
 20
18.705561584583336
 10
1355.3753782750753
 20
18.6201635623527
 10
1355.03777013414
 20
17.12850824116913
 10
1354.9848922031802
 20
16.892650949023277
 10
1354.9645056214263
 20
16.800777092929934
 10
1354.6048785837443
 20
15.697815645687484
 10
1354.0397133149604
 20
14.684680028262221
 10
1353.2901384489496
 20
13.79924619076769
 10
1352.3841767496374
 20
13.074615968023323
 10
1351.3556974834257
 20
12.537879571542106
 10
1350.2431502208453
 20
12.209102825314005
 10
1349.0881274041044
 20
12.100577007450681
 10
1347.9338094187647
 20
12.21635934226913
 10
1346.8233503003526
 20
12.552121321460902
 10
1345.798264426064
 20
13.09531052484138
 10
1344.8968745048915
 20
13.825619891030556
 10
1344.1528788878747
 20
14.71574689443807
 10
1343.5940917594037
 20
15.73241424681558
 10
1343.436594545634
 20
16.09905945232839
 10
1343.2356145420786
 20
16.63642753535504
 10
1341.7992045807066
 20
21.119503266208284
 10
1341.6699471325496
 20
21.58723019257428
 10
1340.0984548587905
 20
28.323966247694614
 10
1340.016137668323
 20
28.7440742034033
 10
1339.4490039360662
 20
32.30798495126018
 10
1339.4391902513364
 20
32.36833279512973
 10
1339.3414197607526
 20
32.956931009250155
 10
1339.3311956365533
 20
33.01721476199751
 10
1338.413539258402
 20
38.3186246546239
 10
1338.3685672412669
 20
38.62540405371729
 10
1337.5971971577003
 20
45.03791643490672
 10
1337.5812685607993
 20
45.18576200218888
 10
1337.3035317887854
 20
48.10260653945437
 10
1337.2919076430903
 20
48.24184968510315
 10
1337.0656683735806
 20
51.39428943365658
 10
1337.0610160429792
 20
51.45613055109635
 10
1337.0135386507836
 20
52.0594307834092
 10
1337.0084603024816
 20
52.12123842725856
 10
1336.4995285226794
 20
58.06438751544559
 10
1336.487738041667
 20
58.228521123610165
 10
1336.324821302188
 20
61.03437699464919
 10
1336.3201035812813
 20
61.128358567523236
 10
1336.1185877719126
 20
65.88784822414868
 10
1336.1160276895337
 20
65.94414278726839
 10
1336.0918401125405
 20
66.44168423598134
 10
1336.0888512236872
 20
66.49935105045327
 10
1335.752812326787
 20
72.60387773900544
 10
1335.7477982765668
 20
72.71308280571037
 10
1335.5126448880635
 20
79.10515200591036
 10
1335.510732404129
 20
79.1653647412088
 10
1335.4041043301092
 20
83.153319755587
 10
1335.4022304288342
 20
83.25680562392267
 10
1335.3641194266027
 20
87.27663085534604
 10
1335.3585754258147
 20
87.68177316942197
 10
1335.2311847555077
 20
94.5140972145866
 10
1335.230175969983
 20
94.6057852462475
 10
1335.2057720744324
 20
101.8672690194249
 10
1335.205854228296
 20
101.92474859805512
 10
1335.2262940070989
 20
105.21123657779484
 10
1335.2273879114696
 20
105.29441124730445
 10
1335.287807131758
 20
108.3024807547971
 10
1335.2888509207858
 20
108.36540392119437
 10
1335.2961494818296
 20
108.92291564503049
 10
1335.2967634627496
 20
108.98754361095891
 10
1335.3479274663287
 20
117.64561044264377
 10
1335.3481821936614
 20
117.67583358646661
 10
1335.4961083689614
 20
131.1885952216678
 10
1335.497095720487
 20
131.25003927959062
 10
1335.50475037011
 20
131.61124526548116
 10
1335.5124522894112
 20
132.062420177467
 10
1335.5131086651113
 20
132.1085650948067
 10
1335.5178910072013
 20
132.52013943575054
 10
1335.5194883024976
 20
132.60542187698474
 10
1335.894170625742
 20
147.10483237363712
 10
1335.9003018986466
 20
147.37150339316003
 10
1336.0746071086107
 20
156.21147008413982
 10
1336.0774183969247
 20
156.36742435213569
 10
1336.1405898428961
 20
160.28797281291125
 10
1336.2153230694385
 20
164.7632505442985
 10
1336.3362425703024
 20
171.95259956761254
 10
1336.3374400815178
 20
172.02739116279648
 10
1336.4264879951106
 20
177.92766050383264
 10
1336.4266171207717
 20
177.93584619101568
 10
1336.5015321187907
 20
182.48802103274778
 10
1336.5025365098186
 20
182.55171138883932
 10
1336.5646081337254
 20
186.69330796321609
 10
1336.6356968392975
 20
191.61905355288445
 10
1336.6379377044045
 20
191.79841817891617
 10
1336.680189902926
 20
195.90297225480344
 10
1336.6804818110227
 20
195.92675110560913
 10
1336.730802200248
 20
199.45601877747967
 10
1336.7715889489348
 20
202.264818254204
 10
1336.772311086003
 20
202.33162993003918
 10
1336.77639926832
 20
202.90773414508618
 10
1336.7766253813884
 20
202.97454993791592
 10
1336.775299127923
 20
207.01912328758593
 10
1336.7750304140827
 20
207.08578159328357
 10
1336.7705849763663
 20
207.660526489201
 10
1336.769822565404
 20
207.727180976336
 10
1336.675035845876
 20
213.98695526495374
 10
1336.6747117138543
 20
214.14385225505941
 10
1336.6821474731578
 20
214.81923439509396
 10
1336.7276895765535
 20
220.30590814784327
 10
1336.7278875283282
 20
220.42529931953993
 10
1336.7233792741613
 20
221.33124505961655
 10
1336.7222299796613
 20
221.43709588878426
 10
1336.6640030165634
 20
224.91544723290832
 10
1336.6631637560586
 20
225.0197095968017
 10
1336.664996917078
 20
227.88586317443367
 10
1336.669594485773
 20
228.11689667260416
 10
1336.6803209179752
 20
228.39070338154477
 10
1336.6870484225485
 20
228.6875989442545
 10
1336.702809552226
 20
231.24782631720947
 10
1336.6997378829976
 20
231.544782205055
 10
1336.6930777839912
 20
231.79283527847267
 10
1336.6911188178788
 20
232.00317500950595
 10
1336.701632036835
 20
233.28260993538336
 10
1336.7040473012667
 20
233.41052912961302
 10
1336.742476122065
 20
234.7110161713938
 10
1336.7456515311294
 20
234.86055832219074
 10
1336.7485925652823
 20
235.08816052329314
 10
1336.7502980475304
 20
235.17333583643733
 10
1336.8586515970871
 20
239.1677011808264
 10
1336.8609522761813
 20
239.2769995783889
 10
1336.8752438876338
 20
240.23142806258707
 10
1336.8762205046426
 20
240.34210253775194
 10
1336.8893947821366
 20
245.2668308799557
 10
1336.8914478420543
 20
245.4085459499719
 10
1336.8957173797728
 20
245.57086485824416
 10
1336.8985599548391
 20
245.65595926032435
 10
1336.9099222081961
 20
245.93644019557757
 10
1336.9172971516005
 20
246.30358400747676
 10
1336.9162437928853
 20
249.61108889667682
 10
1336.9079563413088
 20
249.994367794794
 10
1336.9070231219298
 20
250.01609776907452
 10
1336.9020053988072
 20
250.19548092978658
 10
1336.8823758218996
 20
251.70422543011372
 10
1336.882247894204
 20
251.84979365493334
 10
1336.958877970412
 20
258.6597538700014
 10
1336.9593606466624
 20
258.72143319265507
 10
1336.9617000437224
 20
259.2532715482806
 10
1336.9617599932787
 20
259.31495275893917
 10
1336.9515857037782
 20
263.4595614719892
 10
1336.95134477266
 20
263.5069289235065
 10
1336.948192563667
 20
263.9153466265823
 10
1336.947702336106
 20
263.96271215403306
 10
1336.8770023590973
 20
269.40879472783627
 10
1336.795113053568
 20
275.69358470667567
 10
1336.7932254055058
 20
275.8242939415702
 10
1336.7287434688947
 20
279.8429360025867
 10
1336.7274822589054
 20
279.90721034857415
 10
1336.7146259405727
 20
280.46145771558764
 10
1336.712905311004
 20
280.5257315709019
 10
1336.4977706796742
 20
287.615293454974
 10
1336.4951691076496
 20
287.7535972161454
 10
1336.4653802489097
 20
291.8449851075147
 10
1336.4662923831575
 20
292.00203928935116
 10
1336.4932659396088
 20
293.4293327989907
 10
1336.4944373699796
 20
293.68789752563197
 10
1336.4725126783437
 20
295.9170490294623
 10
1336.466255765166
 20
296.1755408746493
 10
1336.4388355543235
 20
296.88617655560495
 10
1336.434900403671
 20
297.0380419241955
 10
1336.4246070353133
 20
297.8150732412479
 10
1336.4206227277443
 20
297.98895842505794
 10
1336.3717840691488
 20
299.48781151153014
 10
1336.3644401749978
 20
299.6615875134445
 10
1336.2868731445028
 20
301.1548327700047
 10
1336.2794117109254
 20
301.38002966714583
 10
1336.178771486312
 20
308.3962241656613
 10
1336.1782053688066
 20
308.5070269090557
 10
1336.1984099085996
 20
313.40551959811654
 10
1336.198736653961
 20
313.5082604562498
 10
1336.2023213293555
 20
315.3730716247554
 10
1336.2022221989457
 20
315.43595146248197
 10
1336.199472416557
 20
315.9782438929835
 10
1336.1989337535801
 20
316.0411354780559
 10
1336.0900837676002
 20
325.067261208654
 10
1336.0899553027184
 20
325.078840566975
 10
1336.0713628629724
 20
326.9143720855488
 10
1335.9897646944457
 20
335.28213093794574
 10
1335.9013747326767
 20
345.32797532974735
 10
1335.9012231150123
 20
345.34966315665247
 10
1335.8776813626255
 20
349.8913524125396
 10
1335.8733708439217
 20
350.1270936610521
 10
1335.8095647602293
 20
352.15960618274437
 10
1335.799075816929
 20
352.39523048123164
 10
1335.5475504457993
 20
356.7579239051939
 10
1335.540633459749
 20
356.91261154592837
 10
1335.2423129838855
 20
366.2958562774693
 10
1335.2395169661331
 20
366.43352167988013
 10
1335.237283846721
 20
366.6863387385757
 10
1335.2362508382616
 20
366.7901226469844
 10
1335.231239353218
 20
367.23715886875266
 10
1335.2300219749422
 20
367.3153180401972
 10
1335.2165870390666
 20
367.989667106616
 10
1335.2146890338583
 20
368.0678683965116
 10
1335.0860124679873
 20
372.5639633606681
 10
1335.085309724771
 20
372.5905836129011
 10
1334.930379624774
 20
378.9984077269587
 10
1334.9238450717708
 20
379.242179622575
 10
1334.6507718588932
 20
388.4053249805632
 10
1334.6452896961996
 20
388.55010399771396
 10
1334.5879678419276
 20
389.79813214875446
 10
1334.5801547009937
 20
389.9428196415842
 10
1334.4316907399316
 20
392.3344175626472
 10
1334.4290643592453
 20
392.37946434843514
 10
1334.2234003655226
 20
396.15096049077573
 10
1334.2200066395774
 20
396.22064437906215
 10
1333.9699221261678
 20
402.053435163307
 10
1333.968992504035
 20
402.0761197618734
 10
1333.8559743433545
 20
404.96769563386545
 10
1333.8509416958727
 20
405.0788461936384
 10
1333.8015674713438
 20
406.0380597084518
 10
1333.7951529501556
 20
406.14926724822726
 10
1333.4832677800446
 20
411.03070717038827
 10
1333.1787170433774
 20
415.8088834817784
 10
1333.1733115176999
 20
415.90611641905
 10
1333.1523526172582
 20
416.34775966391385
 10
1333.134694243411
 20
416.7019406894876
 10
1333.0990859590497
 20
417.3603474218815
 10
1333.074409127913
 20
417.78001662295014
 10
1332.8864148658674
 20
420.719947112771
 10
1332.8833968940673
 20
420.7704913907022
 10
1332.6854921983852
 20
424.3378892014646
 10
1332.6723816267386
 20
424.5659413232069
 10
1332.5586301550027
 20
426.4625806747975
 10
1332.524387499197
 20
426.87469087367595
 10
1332.0979827411918
 20
430.8868606218462
 10
1332.044835828433
 20
431.2970137308922
 10
1332.0271688922194
 20
431.41247046249987
 10
1331.980559047261
 20
431.8017670379212
 10
1331.7628030658216
 20
434.3134133481881
 10
1331.7478976408474
 20
434.5313919307121
 10
1331.732710560765
 20
434.8344818119308
 10
1331.726352746041
 20
434.9472105411247
 10
1331.7080013885547
 20
435.23992183243894
 10
1331.7027668957694
 20
435.33565679044943
 10
1331.5820951417109
 20
437.92149211726894
 10
1331.5758868525563
 20
438.1397707688665
 10
1331.551846313604
 20
440.488287093512
 10
1331.5513243268263
 20
440.5162046268474
 10
1331.6259461226205
 20
441.57827377301817
 10
1331.8871117774424
 20
442.61043257107053
 10
1332.1777823251978
 20
443.44093853177503
 10
1332.6014514231313
 20
445.2061186620594
 10
1333.6669136612004
 20
453.08291670169575
 10
1333.7274265691644
 20
454.89721948372056
 10
1333.189182105623
 20
462.82750636601156
 10
1332.8840727448624
 20
464.6169936319261
 10
1332.0077428591715
 20
467.783576530795
 10
1331.9917422042595
 20
467.8425612882562
 10
1329.9720504018935
 20
475.44089270417396
 10
1329.3277373539988
 20
477.14583580422095
 10
1326.247433205755
 20
483.3189493188473
 10
1325.2791101926125
 20
484.85060531354986
 10
1321.0203388939872
 20
490.2851263169456
 10
1319.7645983754392
 20
491.5915471120817
 10
1317.3977842130537
 20
493.6023363616029
 10
1316.6636254825626
 20
494.3453671629487
 10
1316.0694565757153
 20
495.2044638533398
 10
1315.6332854946409
 20
496.15358903019444
 10
1315.0359268130337
 20
497.8230947033081
 10
1314.6980017599403
 20
498.6389179495517
 10
1312.5585095493138
 20
503.16249416428076
 10
1312.142247036105
 20
503.94126655125535
 10
1309.569669060625
 20
508.23335360184734
 10
1309.0790779228535
 20
508.96757512574914
 10
1306.098189514739
 20
512.9868378676132
 10
1305.537994413247
 20
513.6694375737986
 10
1302.177503157386
 20
517.3771683095802
 10
1301.5530990772352
 20
518.0015723897309
 10
1297.8453683414523
 20
521.3620636455929
 10
1297.1627686352679
 20
521.9222587470845
 10
1293.1435058934026
 20
524.9031471551996
 10
1292.4092843695016
 20
525.3937382929707
 10
1288.1171973189098
 20
527.9663162684506
 10
1287.3384249319352
 20
528.3825787816594
 10
1282.8148487172052
 20
530.5220709922864
 10
1281.9990254709628
 20
530.8599960453793
 10
1277.2875246038861
 20
532.5457980115978
 10
1276.4425073222108
 20
532.8021312015849
 10
1271.5884561317007
 20
534.0180077289086
 10
1270.7223827929486
 20
534.1902804270443
 10
1265.7725284454684
 20
534.9245219598487
 10
1264.8937398093349
 20
535.0110750858757
 10
1259.674892140117
 20
535.2674606312912
 10
1259.2333052419078
 20
535.2783009811835
 10
835.6751582557679
 20
535.2783009811835
 10
835.2335713575587
 20
535.2674606312912
 10
830.0147236883407
 20
535.0110750858757
 10
829.1359350522073
 20
534.9245219598487
 10
824.1860807047271
 20
534.1902804270443
 10
823.3200073659748
 20
534.0180077289086
 10
818.4659561754661
 20
532.8021312015851
 10
817.6209388937905
 20
532.545798011598
 10
812.9094380267122
 20
530.8599960453789
 10
812.0936147804696
 20
530.522070992286
 10
807.5700385657406
 20
528.3825787816594
 10
806.7912661787651
 20
527.9663162684501
 10
802.4991791281739
 20
525.3937382929707
 10
801.7649576042736
 20
524.9031471552
 10
797.745694862408
 20
521.9222587470845
 10
797.0630951562231
 20
521.3620636455928
 10
793.3553644204409
 20
518.0015723897312
 10
792.7309603402898
 20
517.3771683095802
 10
789.3704690844289
 20
513.6694375737986
 10
788.8102739829367
 20
512.9868378676132
 10
785.8293855748223
 20
508.96757512574914
 10
785.3387944370505
 20
508.23335360184734
 10
782.7662164615708
 20
503.94126655125535
 10
782.349953948362
 20
503.16249416428076
 10
780.2104617377352
 20
498.63891794955134
 10
779.8725366846421
 20
497.82309470330836
 10
778.4050155710568
 20
493.7216479511606
 10
777.9753989484176
 20
492.78405530933674
 10
777.3915634241116
 20
491.9338868054457
 10
776.6707589117932
 20
491.19626138596004
 10
775.5975605148378
 20
490.27217220344744
 10
774.348619379338
 20
488.9550008436844
 10
770.1206985504396
 20
483.4816122477815
 10
769.1617237879016
 20
481.94045626744116
 10
768.0159554624814
 20
479.6015552789673
 10
767.9516411462562
 20
479.4741274010539
 10
767.54533098669
 20
478.6923521602829
 10
767.2979387230419
 20
478.1429922451975
 10
767.2152902707787
 20
477.9671261329772
 10
766.0662403770142
 20
475.62152679091463
 10
765.6440810142942
 20
474.60729980551986
 10
765.5272092633824
 20
474.2697707495712
 10
765.3283302821903
 20
473.76927453122755
 10
764.2937715926664
 20
471.4719307685473
 10
763.7391372273892
 20
469.8365018613898
 10
762.0093582334184
 20
462.4754286048871
 10
761.7775471417937
 20
460.76413943957607
 10
761.4866625287664
 20
453.2081536668601
 10
761.5862226893789
 20
451.4841076222516
 10
762.7449587578594
 20
444.011834502297
 10
763.1722189135883
 20
442.3386053641224
 10
763.4022246644706
 20
441.7009308440886
 10
763.5947597206018
 20
441.05582522868923
 10
763.7180789726366
 20
440.5382614741892
 10
763.773401189266
 20
440.34051496429936
 10
763.8830060572645
 20
439.87919680248723
 10
763.8942517499529
 20
439.8218801871536
 10
764.0042106358926
 20
438.8327010332916
 10
764.0177185762998
 20
438.34469018019945
 10
764.0196264089932
 20
438.11032589954186
 10
764.0039027602872
 20
436.73014560326055
 10
763.9906734372535
 20
436.39446829569005
 10
763.9376984842918
 20
435.6095510138704
 10
763.8948263898511
 20
435.1921787892726
 10
763.8860729377236
 20
435.1288403027325
 10
763.8714591791203
 20
435.01797124374036
 10
763.7353935975887
 20
433.93366450609165
 10
763.7221413458005
 20
433.82246120267473
 10
763.4557503263607
 20
431.4622172529863
 10
763.4477854237482
 20
431.38895766837715
 10
763.3729896366681
 20
430.67376352407246
 10
763.3656248405699
 20
430.6004411796765
 10
762.9270671814538
 20
426.04685945725055
 10
762.9194409208194
 20
425.9636270115078
 10
762.8487946602866
 20
425.1510930554549
 10
762.8419416837
 20
425.06779337605496
 10
762.7580626981155
 20
423.98682077391334
 10
762.7416817082384
 20
423.80976947970936
 10
762.1487411984056
 20
418.29339935965675
 10
762.1395601246154
 20
418.21308008360984
 10
761.7458199375242
 20
414.9627232409882
 10
761.7163296368888
 20
414.6826347155287
 10
761.4987404606079
 20
412.2512816641555
 10
761.4779431254775
 20
411.9689339610595
 10
761.3479655029964
 20
409.7225492395225
 10
761.3406744546993
 20
409.61370646024136
 10
761.1067975603343
 20
406.5414023309038
 10
761.0951234305417
 20
406.40779399037535
 10
760.9864206864617
 20
405.3058824285598
 10
760.9563253128092
 20
404.9128955792718
 10
760.7711365303452
 20
401.5203459637303
 10
760.7582766754424
 20
401.1264182808245
 10
760.7442020301264
 20
399.8153055052044
 10
760.738159402895
 20
399.602909883075
 10
760.6275700179068
 20
397.2083040259669
 10
760.6244443270357
 20
397.1339541568365
 10
760.6001437474498
 20
396.4927687001501
 10
760.597632903675
 20
396.418395161165
 10
760.4593514989223
 20
391.750119166887
 10
760.4575655248257
 20
391.6808053519866
 10
760.4444683823715
 20
391.0830964246667
 10
760.4432164579221
 20
391.01377090754966
 10
760.4092261877594
 20
388.621028700808
 10
760.4081688441868
 20
388.5650126140189
 10
760.332756469079
 20
385.36233679982973
 10
760.3302594125483
 20
385.25089285218314
 10
760.2324124224468
 20
380.599933324123
 10
760.2288121308277
 20
380.4103156888085
 10
760.1347366122246
 20
374.7634465607181
 10
760.1329079722129
 20
374.6847121339063
 10
760.069226733197
 20
372.54726094295427
 10
760.0671236851578
 20
372.4868852898404
 10
760.0130147678005
 20
371.12989220479284
 10
760.0089740755514
 20
371.00772088289284
 10
759.9808515098665
 20
369.93748144115045
 10
759.9784466723241
 20
369.8133737510811
 10
759.9205610823487
 20
365.1747328810919
 10
759.9191534647451
 20
365.0996231880805
 10
759.8745129809042
 20
363.31429814880687
 10
759.8694443663917
 20
363.17570705784806
 10
759.6660146161595
 20
358.9508379298298
 10
759.657879146042
 20
358.72053368717513
 10
759.6131644638931
 20
356.734169282411
 10
759.6109282721105
 20
356.5037322421873
 10
759.6233615823825
 20
352.49216700574016
 10
759.623390185692
 20
352.4751760062214
 10
759.6249072612313
 20
346.80425166872624
 10
759.6243396630906
 20
346.72010304581806
 10
759.6178881015169
 20
346.25119029385746
 10
759.6133104123807
 20
345.78227254563086
 10
759.6129804101442
 20
345.7338858717687
 10
759.6124555052786
 20
345.60572154992747
 10
759.6122005789807
 20
345.52723444018096
 10
759.598421025953
 20
339.4936839501685
 10
759.5992604237482
 20
339.08966901804155
 10
759.6119339603612
 20
337.27174685013415
 10
759.6120223093246
 20
337.2036631592397
 10
759.6020368893973
 20
334.9218303565735
 10
759.6019565552256
 20
334.8721945478261
 10
759.6024594568889
 20
334.4306978316866
 10
759.6026632314681
 20
334.3795248669577
 10
759.6056302635832
 20
333.9448032058168
 10
759.6054600606694
 20
333.8428677465225
 10
759.5778421136138
 20
331.1258486079839
 10
759.5743983089519
 20
330.97462936382607
 10
759.479074442705
 20
328.2810749420258
 10
759.462597811256
 20
327.8069898098179
 10
759.4589112324129
 20
327.7193679734613
 10
759.4440193408536
 20
327.41789687172337
 10
759.4380155023571
 20
327.29778565083564
 10
759.238960306513
 20
323.18887079737027
 10
759.2380318112695
 20
323.17030013302025
 10
759.001337995488
 20
318.5788897025172
 10
758.997899728973
 20
318.50653117684135
 10
758.9707431111121
 20
317.88201544930735
 10
758.9678853634443
 20
317.80957524951475
 10
758.951707222227
 20
317.3527784888595
 10
758.9409033064435
 20
317.01162363519205
 10
758.9403096639637
 20
316.9937227714543
 10
758.936473180537
 20
316.88302430379935
 10
758.9323123801895
 20
316.7857673391193
 10
758.731796899257
 20
312.8472654732685
 10
758.7302910830867
 20
312.8190014051224
 10
758.5688504253364
 20
309.91760368515025
 10
758.5597844105032
 20
309.7125348207623
 10
758.5017274148852
 20
307.94187673449386
 10
758.4973386161364
 20
307.7364500953778
 10
758.4799017803408
 20
305.98326827320415
 10
758.4792710249783
 20
305.91475163839226
 10
758.4583288125193
 20
303.41117005199783
 10
758.4543523051982
 20
303.237260835129
 10
758.4320616258083
 20
302.64086357324425
 10
758.4315860522062
 20
302.628481940292
 10
758.4118653471864
 20
302.1285113633263
 10
758.4052391705873
 20
301.8550391100791
 10
758.3839336821509
 20
299.49485899763715
 10
758.3856263907857
 20
299.2211007662771
 10
758.3893848003688
 20
299.0454443631427
 10
758.3894304614487
 20
298.79089877046044
 10
758.3804308032586
 20
298.36310639557496
 10
758.374049817045
 20
298.1852640011846
 10
758.3438864430173
 20
297.5907756112597
 10
758.3334582477983
 20
297.2775821415229
 10
758.2905766814251
 20
294.576336400365
 10
758.2910584002229
 20
294.2629690661182
 10
758.3052549718615
 20
293.5138150136954
 10
758.3062802310567
 20
293.37520906400675
 10
758.3002905654421
 20
291.9334074545491
 10
758.2985487329286
 20
291.8116358289932
 10
758.2618268162034
 20
290.3101369079494
 10
758.2592046601726
 20
290.12513647764376
 10
758.2583097229765
 20
289.8952967774164
 10
758.2580787425861
 20
289.8345413480722
 10
758.2570505316774
 20
289.7439601737346
 10
758.1912913990327
 20
286.2650123118831
 10
758.1900154998013
 20
286.17216519548003
 10
758.1830113397166
 20
285.3560757196136
 10
758.182696659665
 20
285.26145898267754
 10
758.1895188314013
 20
281.72798458383227
 10
758.187286722693
 20
281.55234394940925
 10
758.1868267874711
 20
281.5355291145826
 10
758.1974758917752
 20
281.13475203758753
 10
758.1987200870722
 20
280.8730468737543
 10
758.1438598297914
 20
277.6569911953267
 10
758.1452122919943
 20
277.28463592137234
 10
758.147181173581
 20
277.20369764598246
 10
758.1489454567136
 20
277.0688233152146
 10
758.1506348296866
 20
276.1504217814391
 10
758.1478731274132
 20
275.9570266584442
 10
758.0335685421978
 20
272.19788536077203
 10
758.031732690577
 20
272.12877203513074
 10
758.0181922067749
 20
271.5327888793732
 10
758.0168873305529
 20
271.46366332912316
 10
757.9724220162209
 20
268.506167686593
 10
757.9688853749421
 20
268.2063811952124
 10
757.9362616323763
 20
264.1932066883255
 10
757.935900608775
 20
264.16006026644413
 10
757.8783426410062
 20
259.94477030397957
 10
757.8777740550711
 20
259.8916437322851
 10
757.874210186076
 20
259.4318236276407
 10
757.8739548699683
 20
259.3784982820313
 10
757.8675115557306
 20
255.84849519239884
 10
757.8675602205624
 20
255.79821741155877
 10
757.869190739867
 20
255.36470165296413
 10
757.8695202759627
 20
255.31442492854532
 10
757.9290066384056
 20
248.9507781216102
 10
757.9283168308477
 20
248.78781819534314
 10
757.8931461081368
 20
246.81364078660113
 10
757.8876188170269
 20
246.64175321317273
 10
757.8644008346882
 20
246.14255673021833
 10
757.8548185305968
 20
245.77392154818804
 10
757.8373366329404
 20
242.59502966126806
 10
757.8428639688545
 20
242.22631070926525
 10
757.8804573958025
 20
241.16713972702382
 10
757.8834129936599
 20
241.05351658611397
 10
757.9337678199765
 20
238.00835121269105
 10
757.93452488226
 20
237.88163458118532
 10
757.8965140721211
 20
229.59274903263116
 10
757.8964207177617
 20
229.5466864560324
 10
757.8966321569
 20
229.14951228336847
 10
757.8967745548223
 20
229.1034498322625
 10
757.9338192216029
 20
222.54745387616404
 10
757.9352648047972
 20
222.35928737633745
 10
757.9904023427898
 20
216.84053640542697
 10
757.9905646643529
 20
216.82115647867693
 10
758.0251299600899
 20
211.70841082849626
 10
758.0273949067674
 20
211.46661151858137
 10
758.1165302848519
 20
204.2396589821636
 10
758.121623465478
 20
203.9176794282614
 10
758.3656691971873
 20
191.57478864216606
 10
758.3667988693162
 20
191.478841562647
 10
758.369504018649
 20
190.7626541852403
 10
758.3693418591331
 20
190.69039833890332
 10
758.3691935872141
 20
190.67246033324693
 10
758.3701886699084
 20
190.66200970270663
 10
758.3695225340191
 20
190.43299437200216
 10
758.4041086010998
 20
187.87376131259336
 10
758.4100910887635
 20
187.6454795240123
 10
758.4123879063686
 20
187.58644659344577
 10
758.4150120837643
 20
187.50464058005556
 10
758.4234711546723
 20
187.1696503194596
 10
758.425275538813
 20
187.054129133228
 10
758.4978482308439
 20
174.9389357400566
 10
758.5004675323978
 20
174.64936527630277
 10
758.6106644957216
 20
165.90186852335856
 10
758.6144536637058
 20
165.653938924898
 10
758.6810241233923
 20
162.01999914871462
 10
758.6814763189416
 20
161.99165984577974
 10
758.7289504057441
 20
158.49939104455063
 10
758.7312824956048
 20
158.34629380174061
 10
758.8876301028529
 20
149.21036222582512
 10
758.8938093494235
 20
148.90730803794048
 10
759.2262867825834
 20
135.11911305947115
 10
759.2276794082729
 20
135.0393705163649
 10
759.2317907009552
 20
134.65927233234333
 10
759.2318835266416
 20
134.65003253537563
 10
759.2345571670346
 20
134.3618066107502
 10
759.2352699478
 20
134.30458248154238
 10
759.2429849019361
 20
133.81117122001683
 10
759.2440615910689
 20
133.75395043728625
 10
759.2521392619112
 20
133.3867373420585
 10
759.2533431968009
 20
133.3092470012395
 10
759.3672035102302
 20
120.7657339978083
 10
759.4403628970601
 20
112.0852784890534
 10
759.4411418245288
 20
112.02051199190038
 10
759.449867711958
 20
111.46208400333362
 10
759.4511127544633
 20
111.3973236354795
 10
759.5086479348424
 20
108.87666407170187
 10
759.5098098578385
 20
108.80906858354746
 10
759.5385722161247
 20
106.31976067635156
 10
759.5388859879271
 20
106.28269384692041
 10
759.5849172501668
 20
97.7201096989752
 10
759.5849680490971
 20
97.70861035332695
 10
759.6295241888752
 20
84.82830799597627
 10
759.6257870642248
 20
84.59480385524714
 10
759.1674667728414
 20
71.67725663234165
 10
759.1613087202395
 20
71.5449339960341
 10
758.7488315485145
 20
64.38477373498134
 10
758.7443631553199
 20
64.30029383957168
 10
758.70925877676
 20
63.571700783040114
 10
758.705584665142
 20
63.48718259968237
 10
758.5720670585115
 20
60.04275687736819
 10
758.5654697530856
 20
59.91036521284033
 10
758.5576765856597
 20
59.782424349074915
 10
758.5455368981031
 20
59.61964568310296
 10
757.8719231473735
 20
51.98846635213579
 10
757.8661364737325
 20
51.91992100781431
 10
757.8122254638497
 20
51.25082954396407
 10
757.8069628618678
 20
51.182241933064745
 10
757.5833203872153
 20
48.11381863879862
 10
757.5684644230186
 20
47.94349957588233
 10
757.2520854358645
 20
44.82950801065877
 10
757.2359810303907
 20
44.6877743161873
 10
756.4744038398319
 20
38.6282246677562
 10
756.4254971298678
 20
38.30885422792838
 10
755.6121195363035
 20
33.810451052335026
 10
755.6015858775247
 20
33.75105822615345
 10
755.5007370764297
 20
33.17113816276765
 10
755.490601547584
 20
33.111675053090835
 10
754.6846786520744
 20
28.285908939338583
 10
754.6027833138648
 20
27.881614324974635
 10
753.7038674112828
 20
24.11449999920788
 10
753.6953651382938
 20
24.07933908629923
 10
752.7958701384
 20
20.40798323284693
 10
752.6862584831428
 20
20.01804869910876
 10
751.7444104065755
 20
17.055274127090996
 10
751.7398304744042
 20
17.04092939058515
 10
751.4572920806421
 20
16.15981272532835
 10
750.9752805510519
 20
15.053849539572724
  0
LWPOLYLINE
  5
A9
330
17
100
AcDbEntity
  8
CUT_IN
100
AcDbPolyline
 90
53
 70
1
 10
915.1635679786821
 20
549.232765307733
 10
915.7314994014365
 20
549.7720138829234
 10
922.5086869147901
 20
550.486240287604
 10
923.1765525088772
 20
550.077228460108
 10
923.9275211853238
 20
549.8550097079903
 10
924.7104156698647
 20
549.8347278719739
 10
925.4718829971728
 20
550.0177651256661
 10
926.1600304272761
 20
550.391647782711
 10
926.7279618500306
 20
550.9308963579012
 10
927.1369736775266
 20
551.5987619519883
 10
927.3591924296443
 20
552.3497306284348
 10
927.3794742656606
 20
553.1326251129758
 10
927.1964370119684
 20
553.8940924402839
 10
926.8225543549236
 20
554.5822398703872
 10
926.2833057797332
 20
555.1501712931417
 10
925.3014568134271
 20
564.4667892602752
 10
925.7104686409232
 20
565.1346548543622
 10
925.9326873930409
 20
565.8856235308089
 10
925.9529692290571
 20
566.6685180153497
 10
925.769931975365
 20
567.4299853426578
 10
925.3960493183201
 20
568.1181327727611
 10
924.8568007431297
 20
568.6860641955157
 10
924.1889351490428
 20
569.0950760230116
 10
923.4379664725961
 20
569.3172947751293
 10
922.6550719880553
 20
569.3375766111457
 10
921.8936046607472
 20
569.1545393574535
 10
921.2054572306439
 20
568.7806567004086
 10
920.6375258078895
 20
568.2414081252182
 10
913.8603382945357
 20
567.5271817205376
 10
913.1924727004488
 20
567.9361935480335
 10
912.4415040240021
 20
568.1584123001512
 10
911.6586095394612
 20
568.1786941361677
 10
910.8971422121532
 20
567.9956568824755
 10
910.2089947820499
 20
567.6217742254306
 10
909.6410633592953
 20
567.0825256502403
 10
909.2320515317994
 20
566.4146600561533
 10
909.0098327796817
 20
565.6636913797067
 10
908.9895509436653
 20
564.8807968951658
 10
909.1725881973574
 20
564.1193295678577
 10
909.5464708544023
 20
563.4311821377544
 10
910.0857194295927
 20
562.8632507149998
 10
911.0675683958988
 20
553.5466327478664
 10
910.6585565684028
 20
552.8787671537793
 10
910.4363378162851
 20
552.1277984773327
 10
910.4160559802688
 20
551.3449039927918
 10
910.599093233961
 20
550.5834366654838
 10
910.9729758910058
 20
549.8952892353805
 10
911.5122244661961
 20
549.3273578126259
 10
912.1800900602831
 20
548.9183459851299
 10
912.9310587367297
 20
548.6961272330122
 10
913.7139532212707
 20
548.6758453969959
 10
914.4754205485787
 20
548.8588826506881
 10
915.1635679786821
 20
549.232765307733
  0
LWPOLYLINE
  5
AA
330
17
100
AcDbEntity
  8
CUT_IN
100
AcDbPolyline
 90
53
 70
1
 10
1170.980942312352
 20
549.8550097079903
 10
1171.7319109887985
 20
550.077228460108
 10
1172.3997765828856
 20
550.486240287604
 10
1179.1769640962393
 20
549.7720138829234
 10
1179.7448955189936
 20
549.232765307733
 10
1180.433042949097
 20
548.8588826506881
 10
1181.194510276405
 20
548.6758453969959
 10
1181.977404760946
 20
548.6961272330122
 10
1182.7283734373927
 20
548.9183459851299
 10
1183.3962390314796
 20
549.3273578126259
 10
1183.93548760667
 20
549.8952892353805
 10
1184.3093702637148
 20
550.5834366654838
 10
1184.492407517407
 20
551.3449039927918
 10
1184.4721256813905
 20
552.1277984773327
 10
1184.249906929273
 20
552.8787671537793
 10
1183.8408951017768
 20
553.5466327478664
 10
1184.822744068083
 20
562.8632507149998
 10
1185.3619926432734
 20
563.4311821377544
 10
1185.7358753003182
 20
564.1193295678577
 10
1185.9189125540104
 20
564.8807968951658
 10
1185.898630717994
 20
565.6636913797067
 10
1185.6764119658765
 20
566.4146600561533
 10
1185.2674001383803
 20
567.0825256502403
 10
1184.6994687156257
 20
567.6217742254306
 10
1184.0113212855226
 20
567.9956568824755
 10
1183.2498539582145
 20
568.1786941361677
 10
1182.4669594736736
 20
568.1584123001512
 10
1181.7159907972268
 20
567.9361935480335
 10
1181.04812520314
 20
567.5271817205376
 10
1174.2709376897863
 20
568.2414081252182
 10
1173.703006267032
 20
568.7806567004086
 10
1173.0148588369284
 20
569.1545393574535
 10
1172.2533915096205
 20
569.3375766111457
 10
1171.4704970250796
 20
569.3172947751293
 10
1170.719528348633
 20
569.0950760230116
 10
1170.051662754546
 20
568.6860641955157
 10
1169.5124141793556
 20
568.1181327727611
 10
1169.1385315223106
 20
567.4299853426578
 10
1168.9554942686186
 20
566.6685180153497
 10
1168.9757761046349
 20
565.8856235308089
 10
1169.1979948567525
 20
565.1346548543622
 10
1169.6070066842485
 20
564.4667892602752
 10
1168.6251577179426
 20
555.1501712931417
 10
1168.0859091427521
 20
554.5822398703872
 10
1167.7120264857072
 20
553.8940924402839
 10
1167.5289892320152
 20
553.1326251129758
 10
1167.5492710680314
 20
552.3497306284348
 10
1167.771489820149
 20
551.5987619519883
 10
1168.180501647645
 20
550.9308963579012
 10
1168.7484330703996
 20
550.391647782711
 10
1169.436580500503
 20
550.0177651256661
 10
1170.198047827811
 20
549.8347278719739
 10
1170.980942312352
 20
549.8550097079903
  0
LWPOLYLINE
  5
AB
330
17
100
AcDbEntity
  8
CUT_IN
100
AcDbPolyline
 90
57
 70
1
 10
1042.313413484077
 20
549.3798732969009
 10
1043.038710453698
 20
549.6753042239473
 10
1043.662830377952
 20
550.148389255359
 10
1050.4774306018876
 20
550.108217919336
 10
1050.4774306018876
 20
550.108217919336
 10
1051.095929774584
 20
549.6278077818797
 10
1051.8176933920636
 20
549.3238465881734
 10
1052.5935344565664
 20
549.2170487912488
 10
1053.3705806816843
 20
549.3146924844743
 10
1054.0958776513053
 20
549.6101234115208
 10
1054.7199975755593
 20
550.0832084429326
 10
1055.2004077130157
 20
550.7017076156287
 10
1055.504368906722
 20
551.4234712331086
 10
1055.6111667036466
 20
552.1993122976113
 10
1055.513523010421
 20
552.9763585227292
 10
1055.2180920833746
 20
553.7016554923501
 10
1054.7450070519628
 20
554.3257754166043
 10
1054.8430245624443
 20
570.9533067611717
 10
1054.8430245624443
 20
570.9533067611717
 10
1055.3234346999006
 20
571.5718059338678
 10
1055.6273958936067
 20
572.2935695513477
 10
1055.7341936905314
 20
573.0694106158504
 10
1055.6365499973058
 20
573.8464568409684
 10
1055.3411190702593
 20
574.5717538105891
 10
1054.8680340388478
 20
575.1958737348434
 10
1054.2495348661514
 20
575.6762838722997
 10
1053.5277712486718
 20
575.9802450660059
 10
1052.751930184169
 20
576.0870428629305
 10
1051.9748839590509
 20
575.9893991697049
 10
1051.24958698943
 20
575.6939682426585
 10
1050.625467065176
 20
575.2208832112468
 10
1043.8108668412406
 20
575.2610545472699
 10
1043.8108668412406
 20
575.2610545472699
 10
1043.1923676685442
 20
575.7414646847262
 10
1042.4706040510646
 20
576.0454258784324
 10
1041.6947629865617
 20
576.152223675357
 10
1040.9177167614437
 20
576.0545799821314
 10
1040.1924197918229
 20
575.759149055085
 10
1039.5682998675688
 20
575.2860640236734
 10
1039.0878897301122
 20
574.667564850977
 10
1038.7839285364062
 20
573.9458012334974
 10
1038.6771307394815
 20
573.1699601689945
 10
1038.774774432707
 20
572.3929139438766
 10
1039.0702053597536
 20
571.6676169742557
 10
1039.5432903911653
 20
571.0434970500016
 10
1039.445272880684
 20
554.4159657054342
 10
1039.445272880684
 20
554.4159657054342
 10
1038.9648627432275
 20
553.797466532738
 10
1038.6609015495212
 20
553.0757029152583
 10
1038.5541037525966
 20
552.2998618507554
 10
1038.6517474458224
 20
551.5228156256376
 10
1038.9471783728686
 20
550.7975186560166
 10
1039.4202634042804
 20
550.1733987317625
 10
1040.0387625769768
 20
549.6929885943061
 10
1040.7605261944564
 20
549.3890274005998
 10
1041.5363672589592
 20
549.2822296036752
 10
1042.313413484077
 20
549.3798732969009
  0
TEXT
  5
AC
330
17
100
AcDbEntity
  8
TEXT
100
AcDbText
 10
1354.265570487268
 20
301.26743121857527
 30
0.0
 40
10.0
  1
П4
 72
1
 11
1354.265570487268
 21
301.26743121857527
 31
0.0
100
AcDbText
 73
2
  0
LWPOLYLINE
  5
AD
330
17
100
AcDbEntity
  8
CUT_OUT
100
AcDbPolyline
 90
1211
 70
1
 10
723.3419369333494
 20
853.2108239927503
 10
723.1954783577437
 20
854.1576136906024
 10
722.7868103272276
 20
858.0554213377075
 10
722.761549859174
 20
861.9745125489133
 10
723.1199394527184
 20
865.8772642592115
 10
723.1737759296773
 20
866.257691226894
 10
723.2724036342843
 20
867.0757897750168
 10
723.3461751732666
 20
867.8157069321833
 10
723.3702416962562
 20
868.0666894674209
 10
723.424867814047
 20
868.7823574428762
 10
723.4546333361488
 20
869.297249876741
 10
723.4853984792192
 20
870.7709895429902
 10
723.4771468619319
 20
871.2866756059867
 10
723.4580721967977
 20
871.8403717623105
 10
723.4674184573624
 20
874.8435101173277
 10
723.7020515431988
 20
877.8374831711467
 10
723.7315264654403
 20
878.0909727220716
 10
723.8628566660025
 20
880.0876535178027
 10
723.8659609486815
 20
880.286598601632
 10
723.7969907984336
 20
882.2864048272422
 10
723.737881300544
 20
882.9838289407652
 10
723.723206157159
 20
883.1172012575494
 10
723.4980361512403
 20
886.4043501007834
 10
723.5441670108632
 20
889.6988790493481
 10
723.8612857367312
 20
892.9784346233312
 10
723.9068204579473
 20
893.307280729286
 10
723.9889442006821
 20
893.9888472561493
 10
724.1285302130866
 20
895.9827080065149
 10
724.1334315866163
 20
896.2293078506433
 10
724.0666193982066
 20
898.3067833286075
 10
723.9617585722827
 20
899.5496380892528
 10
723.9851706388753
 20
899.5516133873464
 10
723.8045890222071
 20
903.044295612367
 10
724.0120283739254
 20
907.1317780312899
 10
724.6360595674066
 20
911.1766672361023
 10
724.6783667866846
 20
911.3809119415582
 10
724.8323968780833
 20
912.2127325574099
 10
724.9745831970813
 20
913.0830332753204
 10
725.0140564195876
 20
913.3347051950723
 10
725.0372038654657
 20
913.4886879805699
 10
725.12603367119
 20
914.2607728651428
 10
725.1824830834875
 20
914.8752125550561
 10
725.2662776123498
 20
916.6659825368641
 10
725.2666171359367
 20
916.8444428842855
 10
725.1896371244999
 20
918.6355187421591
 10
725.1346382878137
 20
919.2602531871755
 10
725.0508778527646
 20
920.0169937202693
 10
725.0360464458793
 20
920.1194458593639
 10
725.0030202706251
 20
920.338983065267
 10
724.8362561701065
 20
921.4071887047758
 10
724.3873449052803
 20
926.0333499896753
 10
724.4781035177325
 20
930.68035466278
 10
724.5715180915447
 20
931.8808100418062
 10
724.6410053060941
 20
933.376364924962
 10
724.6564546892082
 20
934.3927761313605
 10
724.6429738093542
 20
934.8804455826823
 10
724.7021223888705
 20
938.4246774562739
 10
725.0748134643367
 20
941.9497561065324
 10
725.2416815031859
 20
943.0564159888594
 10
725.2604631892657
 20
943.2358083846447
 10
725.3672696210182
 20
945.0447766194218
 10
725.3697284723671
 20
945.2251327600097
 10
725.3122770236992
 20
947.0363403735491
 10
725.2750508484778
 20
947.518519834253
 10
725.1564142340101
 20
950.5394027937289
 10
725.2662725909208
 20
953.5606177219591
 10
725.3913414918377
 20
955.244330447875
 10
725.4163527423339
 20
957.5959307851879
 10
725.38122852575
 20
958.3007610606508
 10
725.3653289988056
 20
961.9326504392259
 10
725.6789236693423
 20
965.551010791067
 10
725.8190008068191
 20
966.6071132196566
 10
725.9762284188167
 20
968.4279201102177
 10
725.9835764352954
 20
968.609669239968
 10
725.9738501408908
 20
970.4372259843351
 10
725.9412255773941
 20
971.0757242278801
 10
725.873382468714
 20
971.9918916499632
 10
725.8493600516797
 20
972.2488646192058
 10
725.8062704062563
 20
972.7282624427153
 10
725.7188072351976
 20
973.5246970800686
 10
725.4831618767233
 20
977.3699449460815
 10
725.6185215121786
 20
981.2200277575464
 10
726.1236305574388
 20
985.0392324834605
 10
726.2405405377604
 20
985.6829219374741
 10
726.3598575699095
 20
986.4173142733288
 10
726.5192500487894
 20
987.5285939156494
 10
726.5287125736141
 20
987.5943694541734
 10
726.6506097681685
 20
988.633303890456
 10
726.7167861064316
 20
989.3614358270529
 10
726.7968640983372
 20
991.4502335732429
 10
726.7866286793951
 20
992.1812948983295
 10
726.7401506279978
 20
993.3380282020348
 10
726.8023299335026
 20
997.6908485458526
 10
727.337163564787
 20
1002.0111337445908
 10
727.4408963826211
 20
1002.5890212822976
 10
727.5696515724105
 20
1003.4303605001257
 10
727.6516234440221
 20
1004.0618563517335
 10
727.8035103079475
 20
1005.8758306989907
 10
727.8103916138936
 20
1006.056881764635
 10
727.7966334480125
 20
1007.8771518722879
 10
727.7628320293547
 20
1008.5130479820643
 10
727.6592617319882
 20
1009.8753621738515
 10
727.6740981605731
 20
1009.8764901172655
 10
727.5049617650387
 20
1013.2954781436463
 10
727.6978328486148
 20
1017.2270466736383
 10
728.0512051963597
 20
1019.6059664155904
 10
728.0273710237063
 20
1019.6094722340083
 10
728.204080416351
 20
1020.8108242927058
 10
728.3968397530518
 20
1022.8252040787306
 10
728.4058414729398
 20
1023.0261917392473
 10
728.3939304567732
 20
1025.0497381834691
 10
728.382563332085
 20
1025.25060594872
 10
728.1661040551542
 20
1027.2625769886872
 10
728.0476565770764
 20
1028.006871972485
 10
727.8820044816516
 20
1028.9128435622993
 10
727.8654303816888
 20
1028.9930087320008
 10
727.2625623579581
 20
1032.8496690997465
 10
727.0384781218302
 20
1036.7467276445077
 10
727.1953116945774
 20
1040.6470715109683
 10
727.3193412095125
 20
1042.0369546469508
 10
727.4236964958966
 20
1043.3231632656277
 10
727.4862618161686
 20
1044.4233798013593
 10
727.5207355481218
 20
1045.4525406406763
 10
727.5224948066693
 20
1045.5610882368633
 10
727.5545061710936
 20
1046.9996908671487
 10
727.5587216865697
 20
1047.2732677514678
 10
727.5605704518679
 20
1047.4890556736982
 10
727.7176680433099
 20
1050.7044714521417
 10
728.1328280251985
 20
1053.8968405521891
 10
728.2887370164472
 20
1054.8074302148875
 10
728.3764437820234
 20
1055.3697320449046
 10
728.427724905338
 20
1055.7284490611146
 10
728.526382515337
 20
1056.6775904033589
 10
728.5822457902277
 20
1057.3933869133425
 10
728.6152317845169
 20
1058.6372547069832
 10
728.802323966044
 20
1061.5833070215874
 10
729.2061762999688
 20
1064.5075387184877
 10
729.2347050036722
 20
1064.6697003466793
 10
729.3499018312937
 20
1065.428968692815
 10
729.424756858164
 20
1066.0019172482166
 10
729.5708860672962
 20
1067.6470279257696
 10
729.5786609992062
 20
1067.8113680268425
 10
729.5884972529342
 20
1069.4629267255498
 10
729.5587152751261
 20
1070.3047446280516
 10
729.6034930539862
 20
1074.0807780257278
 10
730.004159672577
 20
1077.8357613187122
 10
730.0957663183306
 20
1078.4277676321456
 10
730.143896721358
 20
1078.747655420858
 10
730.2649935552768
 20
1079.7233597806878
 10
730.3337273415119
 20
1080.4191189424691
 10
730.4305273151126
 20
1082.415540423362
 10
730.4294278944199
 20
1083.114685569843
 10
730.4028434431884
 20
1084.1144978307032
 10
730.4018712481577
 20
1084.1333243468189
 10
730.3394599389728
 20
1085.2225804924942
 10
730.3064269047111
 20
1089.121973076265
 10
730.6532441658306
 20
1093.0060523096363
 10
731.3766155811168
 20
1096.8379040159612
 10
731.6518591812782
 20
1097.9857574116265
 10
731.8457070825673
 20
1098.8848790597115
 10
732.0056950369765
 20
1099.7197024869245
 10
732.1246971567434
 20
1100.3641084743188
 10
732.2555588165868
 20
1101.1786812748062
 10
732.3382337695763
 20
1101.7750075232652
 10
732.5009684277286
 20
1103.4881509816169
 10
732.5098161289183
 20
1103.6592896647498
 10
732.5231498672081
 20
1105.2099762294818
 10
732.764293027692
 20
1109.265008164117
 10
733.4154697838012
 20
1113.274671846655
 10
734.4699642916149
 20
1117.1976140266715
 10
734.781464305353
 20
1118.1588142628577
 10
734.8377777449817
 20
1118.3724862430154
 10
735.4152892686245
 20
1121.1926302103611
 10
736.2410519737005
 20
1124.5007088786988
 10
737.3455379203159
 20
1127.7264458975415
 10
737.6902319099322
 20
1128.6085482443732
 10
739.0197028009112
 20
1131.6354192378717
 10
740.5945879035692
 20
1134.5421661781243
 10
741.0077039111068
 20
1135.2346969457674
 10
741.3099611978655
 20
1135.7592767434821
 10
741.5894147881634
 20
1136.2617107794786
 10
742.0623316177798
 20
1137.1654989177337
 10
742.3914188765914
 20
1137.8354787925896
 10
743.2149330344118
 20
1139.7608956136653
 10
743.6478897403828
 20
1140.940580456972
 10
743.6766433821829
 20
1140.930027568962
 10
744.4176828248653
 20
1142.9707357299076
 10
746.1085797652562
 20
1146.504496031237
 10
748.1370375550538
 20
1149.855906678306
 10
750.4835999949981
 20
1152.9928222088424
 10
753.1257597464414
 20
1155.8851545165362
 10
753.5144648173657
 20
1156.270904014064
 10
754.1962236440382
 20
1156.988923450932
 10
754.575981264164
 20
1157.4097214932376
 10
755.7137251998976
 20
1158.7898601234947
 10
756.3586947283336
 20
1159.647726378036
 10
756.3847353691776
 20
1159.628148244782
 10
757.3680416347322
 20
1160.943282700689
 10
759.6038912277372
 20
1163.4607645840347
 10
762.0435415394104
 20
1165.781291419102
 10
762.0584194916739
 20
1165.794295143081
 10
762.4606714789993
 20
1166.1816295714762
 10
765.682667520414
 20
1168.969154091144
 10
769.1828695856532
 20
1171.3981738401658
 10
772.9215688635716
 20
1173.441132270466
 10
776.8563508590084
 20
1175.0748525913982
 10
777.221181776671
 20
1175.2040132751831
 10
777.5427864070878
 20
1175.3253222459803
 10
777.545651256605
 20
1175.317727186323
 10
777.7799131640061
 20
1175.4177729622584
 10
778.1668165910554
 20
1175.5609073786022
 10
778.7330341222012
 20
1175.784507702819
 10
780.3221865299325
 20
1176.4934961896588
 10
781.0507505991659
 20
1176.8573517345062
 10
784.7109493708391
 20
1178.462139674608
 10
788.5130188321307
 20
1179.6936701015024
 10
792.4190038755975
 20
1180.5396489552973
 10
796.389912030558
 20
1180.9916310409167
 10
800.3861027151652
 20
1181.0451043343712
 10
804.3676829584085
 20
1180.6995350251607
 10
805.3340174580579
 20
1180.5667530934793
 10
805.4927967594205
 20
1180.5490917734273
 10
806.7095479069801
 20
1180.438704613165
 10
807.4546579614778
 20
1180.391443628003
 10
809.6030967280394
 20
1180.3708929454544
 10
810.3538254510211
 20
1180.4041066466307
 10
811.919510990477
 20
1180.5156183601896
 10
817.7951198450477
 20
1180.5014623188208
 10
818.8566630229402
 20
1180.42071390894
 10
819.8661117612018
 20
1180.3695461646912
 10
820.1776520650956
 20
1180.361640657516
 10
821.1213530015468
 20
1180.339161388888
 10
821.9885353567488
 20
1180.3373868230506
 10
822.5956112896145
 20
1180.3493271481389
 10
824.3277858597116
 20
1180.4587567655817
 10
824.9315379783641
 20
1180.5233101454319
 10
825.7927346867232
 20
1180.6343489956148
 10
826.800211213098
 20
1180.7865528498187
 10
827.0820999821253
 20
1180.8290832179287
 10
828.4355927803499
 20
1181.065107911409
 10
828.4380616757401
 20
1181.0509499346272
 10
831.9310957076367
 20
1181.5618122622204
 10
835.9514290202289
 20
1181.7411230734238
 10
837.3729962195385
 20
1181.7329433948476
 10
838.0082257135971
 20
1181.7443306126115
 10
840.7755523138551
 20
1181.9221434608069
 10
840.7763596888211
 20
1181.9095781695892
 10
844.3694111298317
 20
1182.1012136710438
 10
848.2122079485107
 20
1181.8666561709324
 10
848.2136561905521
 20
1181.8839188512943
 10
850.269091534356
 20
1181.7114793566138
 10
850.5350335286093
 20
1181.6983549507618
 10
850.6531486263078
 20
1181.6923508427803
 10
851.1208704512337
 20
1181.6678819911176
 10
852.0198330844817
 20
1181.6411042756909
 10
852.648664202606
 20
1181.636520158625
 10
854.444973163151
 20
1181.7042511144396
 10
854.6233017589362
 20
1181.7190263759844
 10
856.4062632953899
 20
1181.9478527810338
 10
857.0257652211347
 20
1182.0558664526075
 10
857.3146557694347
 20
1182.1129579423755
 10
860.7260337203058
 20
1182.6353660186455
 10
864.1697452178774
 20
1182.8617745947527
 10
867.6201552528371
 20
1182.790498283881
 10
868.2599969591457
 20
1182.7496163268916
 10
868.3568169265495
 20
1182.7465672714038
 10
868.6871153696412
 20
1182.7384409891306
 10
868.7588234047194
 20
1182.737170608339
 10
869.3576642010007
 20
1182.7591930275576
 10
870.7856513103524
 20
1182.7415176362726
 10
870.9911284724964
 20
1182.7496180784533
 10
872.8048913866908
 20
1182.9154597080942
 10
873.4064095066184
 20
1182.9576925975375
 10
873.8885196794199
 20
1183.0172792803985
 10
874.2351183845684
 20
1183.0644513308566
 10
874.9841313249598
 20
1183.1919736588177
 10
875.562863701037
 20
1183.3031001880577
 10
877.2022426054451
 20
1183.6901512627928
 10
877.5954530474006
 20
1183.8006676551959
 10
881.2853583078734
 20
1184.6515705596616
 10
885.0391923424309
 20
1185.149733811108
 10
888.8233127353943
 20
1185.2906927968147
 10
890.1865506331302
 20
1185.2768976036582
 10
890.4004916544861
 20
1185.2862820333896
 10
892.5457967820878
 20
1185.4967470823092
 10
892.7574826410876
 20
1185.5291187557273
 10
894.1403611360391
 20
1185.817662487096
 10
898.6564203825537
 20
1186.4936971834804
 10
903.2201020550763
 20
1186.6506163366362
 10
907.0612905610695
 20
1186.3432409654629
 10
907.0638918471016
 20
1186.367200071566
 10
907.974053508861
 20
1186.2683820769594
 10
908.4008731524414
 20
1186.2249891993033
 10
908.5235824042578
 20
1186.213674803635
 10
909.6570612606481
 20
1186.1444998193845
 10
910.4741993833788
 20
1186.1185966773692
 10
912.8111436916215
 20
1186.1813329133824
 10
914.2089072827148
 20
1186.3009467206143
 10
914.20980419757
 20
1186.2904656987503
 10
917.2522722868033
 20
1186.5005184088182
 10
920.9061089957091
 20
1186.4184030874571
 10
924.5371990986787
 20
1186.0031317478883
 10
924.553152882423
 20
1186.0005641545945
 10
925.3894362053204
 20
1185.8840950062934
 10
926.7575685805498
 20
1185.7254697581047
 10
927.8138050244296
 20
1185.6313943343225
 10
928.5542186157268
 20
1185.5852154896197
 10
930.6751493805217
 20
1185.5657014140797
 10
931.4162873104623
 20
1185.5982489282455
 10
932.4751010283946
 20
1185.6729461335183
 10
934.0392835655
 20
1185.825110417158
 10
934.6472567191811
 20
1185.8886643701176
 10
938.4937544419273
 20
1186.1042187121943
 10
942.3431482845176
 20
1185.9487341466986
 10
946.1597302870972
 20
1185.4236529881478
 10
946.9408607395778
 20
1185.2775565290885
 10
948.8816641764482
 20
1185.0122142201146
 10
949.0757554031857
 20
1184.9953139404292
 10
951.0332115454991
 20
1184.9212195923164
 10
951.228024980159
 20
1184.9233989100649
 10
954.1621639396386
 20
1185.100267650374
 10
954.1637344517112
 20
1185.0742138624037
 10
957.3742572964803
 20
1185.2433424282863
 10
961.8912629981517
 20
1184.9694477971848
 10
963.0674426690953
 20
1184.831014195633
 10
964.656038028048
 20
1184.7139089078455
 10
964.8195844683336
 20
1184.7085934283768
 10
966.4620969625656
 20
1184.722724862745
 10
967.0360539266526
 20
1184.7512720662023
 10
967.9214039177083
 20
1184.8135643706146
 10
968.3460567737478
 20
1184.8489891480172
 10
968.4481368104456
 20
1184.8567278984779
 10
970.5201061723817
 20
1185.0864508201291
 10
970.5227407689401
 20
1185.0626882660451
 10
973.3734022892604
 20
1185.339806932789
 10
977.2333554882354
 20
1185.3412398979858
 10
978.5807708046016
 20
1185.2766534575321
 10
980.2630121560574
 20
1185.275746200342
 10
980.437338365142
 20
1185.2833006326491
 10
982.1831717886946
 20
1185.4358455197353
 10
982.8813614884089
 20
1185.527836921261
 10
983.5683285036498
 20
1185.6305164863197
 10
984.4191631519589
 20
1185.772836539712
 10
988.4868820164738
 20
1186.2407705723517
 10
992.5811261124609
 20
1186.2904123099313
 10
996.6589946733393
 20
1185.9212415908419
 10
996.6980254838165
 20
1185.9156820359854
 10
997.0235211121127
 20
1185.882010419422
 10
998.846161551566
 20
1185.7772764199842
 10
999.0278558671098
 20
1185.7751470885119
 10
1001.7657000710553
 20
1185.8681658592395
 10
1001.7662665009215
 20
1185.851493990608
 10
1004.0648798247557
 20
1185.9311728409066
 10
1007.6575991168743
 20
1185.7321628597247
 10
1011.217898265762
 20
1185.2110996629808
 10
1011.8681228673363
 20
1185.0858361148512
 10
1012.0572385070652
 20
1185.058749990012
 10
1013.9691680741003
 20
1184.878110856739
 10
1014.1600102257448
 20
1184.8692985639286
 10
1016.0804507092181
 20
1184.872974868224
 10
1016.2712577234977
 20
1184.882517753042
 10
1017.6281686595785
 20
1185.015962083974
 10
1021.4857031792287
 20
1185.207960758863
 10
1025.3437723751044
 20
1185.027023915497
 10
1026.8916995126162
 20
1184.8792744353004
 10
1027.0833306309191
 20
1184.8702800823717
 10
1029.0118657140401
 20
1184.8729007887641
 10
1029.2034716796047
 20
1184.8824159265544
 10
1031.1227778583666
 20
1185.0708787268427
 10
1031.3125750155348
 20
1185.0988147791463
 10
1033.2047855115472
 20
1185.4713652773275
 10
1033.4629395255388
 20
1185.5352682130213
 10
1033.7356033325975
 20
1185.6017485931816
 10
1034.0794434253485
 20
1185.6843061790764
 10
1034.4693071259685
 20
1185.7944107439607
 10
1034.8586184518667
 20
1185.9144907634736
 10
1035.20795037215
 20
1186.027470083292
 10
1038.6096073048175
 20
1186.964076365692
 10
1042.0805652468443
 20
1187.5972842150436
 10
1045.593819058129
 20
1187.9221670759189
 10
1049.1220345234588
 20
1187.9361972578886
 10
1050.694127101503
 20
1187.8730582782944
 10
1052.2576081290008
 20
1187.8103321925878
 10
1052.3907485585182
 20
1187.8047685192219
 10
1053.12281633267
 20
1187.772955237911
 10
1054.100841145184
 20
1187.7332385016562
 10
1054.2356312403185
 20
1187.7275370947646
 10
1055.5688430445905
 20
1187.6688918615773
 10
1055.886018858198
 20
1187.6536783345828
 10
1056.9999541170773
 20
1187.595815220409
 10
1057.401852009778
 20
1187.5776056505815
 10
1058.6153204495156
 20
1187.534484516816
 10
1059.0974283275978
 20
1187.519769111244
 10
1062.3726008146875
 20
1187.284964472045
 10
1065.6174793880414
 20
1186.7823203802986
 10
1068.8101978492361
 20
1186.0152239937047
 10
1069.462988256263
 20
1185.8297347734544
 10
1070.086918715965
 20
1185.664187319032
 10
1071.3134581988343
 20
1185.3651461230174
 10
1072.294527170577
 20
1185.1498631858356
 10
1072.8654345788595
 20
1185.0374411949533
 10
1073.0924565197615
 20
1185.001087110571
 10
1073.7823688108251
 20
1184.9016590776873
 10
1074.3717538476994
 20
1184.825639273438
 10
1075.113535575682
 20
1184.7411472813426
 10
1076.2423165793373
 20
1184.6448738089525
 10
1077.7172499566373
 20
1184.5610778081289
 10
1078.6122072309956
 20
1184.5303144480395
 10
1079.412094997083
 20
1184.5207403284296
 10
1079.651617354222
 20
1184.5193078474908
 10
1080.377797277839
 20
1184.5193134781475
 10
1080.908047768582
 20
1184.5277604321645
 10
1081.1079965758859
 20
1184.5351963776247
 10
1081.4199600448528
 20
1184.549730513186
 10
1081.7136414979757
 20
1184.56557777703
 10
1083.1388146501502
 20
1184.652995157889
 10
1083.7309933472152
 20
1184.6981531914128
 10
1084.4405878914476
 20
1184.7628757624498
 10
1085.0311645825313
 20
1184.8255976023706
 10
1086.0524778723884
 20
1184.9494272632746
 10
1086.3667621282532
 20
1184.9862720033254
 10
1086.5499829903683
 20
1185.007017334673
 10
1087.3105977685984
 20
1185.1079520349726
 10
1087.8177993524284
 20
1185.1851869469356
 10
1091.5947023744302
 20
1185.5780017396933
 10
1095.3918351696145
 20
1185.6109021158695
 10
1099.1749777401496
 20
1185.2835915752203
 10
1100.1967167437278
 20
1185.146074692239
 10
1101.1189039705719
 20
1185.049476241612
 10
1101.8596217828654
 20
1184.990760031224
 10
1103.9392313302844
 20
1184.9345222777129
 10
1104.145933086413
 20
1184.9396975564323
 10
1107.258624824367
 20
1185.180163534209
 10
1107.2601113702292
 20
1185.1609210656243
 10
1110.5305175002686
 20
1185.3969900067568
 10
1115.0927696890421
 20
1185.204524839636
 10
1115.9097061695834
 20
1185.1231589923514
 10
1118.1298903406332
 20
1185.026203876729
 10
1118.3505551454282
 20
1185.0288491356691
 10
1120.5677771077458
 20
1185.1789984534926
 10
1121.3391058572577
 20
1185.2745455607296
 10
1122.4386658743701
 20
1185.4419203526409
 10
1123.1562384666165
 20
1185.571662716255
 10
1123.8236832420318
 20
1185.7041057368565
 10
1124.2539136316993
 20
1185.7971120726056
 10
1128.64938447208
 20
1186.494024087729
 10
1133.0950682507168
 20
1186.6983424809964
 10
1137.5359333755798
 20
1186.407538065219
 10
1138.6966962346564
 20
1186.2663387746147
 10
1139.7445780921332
 20
1186.168134093693
 10
1140.0429126639906
 20
1186.1421124916437
 10
1141.379503287095
 20
1186.0865977479716
 10
1143.0579661659021
 20
1186.0757101857212
 10
1145.1579180391518
 20
1186.1356541700834
 10
1145.1582586018217
 20
1186.1237236115094
 10
1148.4497743672257
 20
1186.1720767960787
 10
1152.4993763721154
 20
1185.8189563088931
 10
1154.9653316833762
 20
1185.476948160966
 10
1155.135414305137
 20
1185.4607605587844
 10
1156.8487281038
 20
1185.3716472626234
 10
1157.4489070747186
 20
1185.3662204619877
 10
1158.2274048152422
 20
1185.3758899966151
 10
1158.5159162765203
 20
1185.3888712969033
 10
1159.0469212443186
 20
1185.4186629279038
 10
1159.489170622077
 20
1185.4483945811521
 10
1160.8702013825255
 20
1185.55662437815
 10
1160.9474125969618
 20
1185.5626001366106
 10
1161.5721799190355
 20
1185.6103456066526
 10
1162.7167479778755
 20
1185.7199138189708
 10
1162.7195085843882
 20
1185.6910760568971
 10
1166.1273214916969
 20
1185.906340322294
 10
1170.2437391256294
 20
1185.7417847349952
 10
1174.3213988179828
 20
1185.1547037255805
 10
1175.008113306714
 20
1185.0194194091875
 10
1175.2691174850004
 20
1184.9705176725088
 10
1175.5305012011747
 20
1184.9233392156705
 10
1177.550496328557
 20
1184.5725741662886
 10
1178.658484312031
 20
1184.387715666122
 10
1179.0392371022822
 20
1184.328719079287
 10
1179.5278578989357
 20
1184.25814757067
 10
1179.9356630536547
 20
1184.2035245118263
 10
1180.7130960876875
 20
1184.107521741037
 10
1182.7369306833352
 20
1183.8574476061392
 10
1183.4782292547543
 20
1183.7798448513581
 10
1184.369097617905
 20
1183.7033382089348
 10
1185.1127731256217
 20
1183.6534132777188
 10
1187.1145336539048
 20
1183.556461031973
 10
1187.3452218082507
 20
1183.5446202526932
 10
1188.0759318998666
 20
1183.5049985773057
 10
1188.366614539444
 20
1183.4921355771007
 10
1188.6546212200446
 20
1183.4814695901396
 10
1188.9075027838428
 20
1183.4739285412556
 10
1189.396714940232
 20
1183.4628632847343
 10
1189.7206251624164
 20
1183.4581320215652
 10
1194.0514360748368
 20
1183.1592825606788
 10
1198.324356582707
 20
1182.3928724271113
 10
1200.357981341854
 20
1181.9129189252144
 10
1201.311924954664
 20
1181.7186119434589
 10
1201.4431802125318
 20
1181.6969910458806
 10
1202.7380581531033
 20
1181.4913690920562
 10
1203.7241527270407
 20
1181.3598367928926
 10
1204.4155466669026
 20
1181.2850653618893
 10
1206.400323731841
 20
1181.1698728039873
 10
1207.0957255440371
 20
1181.1641573365932
 10
1208.090415768023
 20
1181.1807287811812
 10
1209.195846852871
 20
1181.2266698196026
 10
1209.1959732190767
 20
1181.223629201969
 10
1209.2992702032257
 20
1181.2327547547225
 10
1209.7656211951921
 20
1181.2509263609786
 10
1210.664260652803
 20
1181.3014678271993
 10
1211.3006344592368
 20
1181.3490375685785
 10
1211.4440409389688
 20
1181.3631347852383
 10
1212.49146167929
 20
1181.4722716837537
 10
1216.5449249393366
 20
1181.6875493687198
 10
1220.5993348889372
 20
1181.4909054194832
 10
1221.3203216639386
 20
1181.419129962976
 10
1222.2370079397206
 20
1181.3389430499137
 10
1222.4044956877199
 20
1181.323937282914
 10
1222.7126189317833
 20
1181.295678535746
 10
1223.6443653290844
 20
1181.2321250178475
 10
1224.7634026767473
 20
1181.1820141334847
 10
1225.6971002346086
 20
1181.162032417713
 10
1225.991669573418
 20
1181.1626085155362
 10
1227.5285715904574
 20
1181.1740181458404
 10
1228.0006798298227
 20
1181.1835232606536
 10
1228.5813666407685
 20
1181.2022492561528
 10
1229.0651099802012
 20
1181.2237139882095
 10
1230.743747587973
 20
1181.3185726596757
 10
1230.7936707869023
 20
1181.3213624845316
 10
1231.3653871513743
 20
1181.3529528951765
 10
1231.7884782088881
 20
1181.3800547980532
 10
1232.609126881932
 20
1181.438141716134
 10
1235.5652165704905
 20
1181.53775035927
 10
1238.5205851345213
 20
1181.4186504880322
 10
1239.0819667242502
 20
1181.375192644378
 10
1239.1972227352808
 20
1181.367078040159
 10
1240.6918878693436
 20
1181.2749436210975
 10
1241.1282419127015
 20
1181.2517379725568
 10
1242.1574124784051
 20
1181.2078391570922
 10
1242.4946142431327
 20
1181.192030232769
 10
1242.8540179688284
 20
1181.1736602146634
 10
1243.5269956515035
 20
1181.1506140061624
 10
1244.3347196122413
 20
1181.1365618587765
 10
1245.0080916842273
 20
1181.136185331163
 10
1245.4976635259623
 20
1181.1441548574278
 10
1245.9618439390065
 20
1181.1490171021292
 10
1246.357017829449
 20
1181.1508633338572
 10
1246.8116202578412
 20
1181.1564321730139
 10
1246.8117416365437
 20
1181.1465236352874
 10
1250.8982449024575
 20
1181.008002138447
 10
1255.150254172453
 20
1180.4031347770283
 10
1259.3129028015726
 20
1179.345872393546
 10
1263.33820209222
 20
1177.8484035365227
 10
1267.1797467655433
 20
1175.927991632816
 10
1268.3001765064164
 20
1175.290511394658
 10
1269.6795919580527
 20
1174.5526090739036
 10
1269.6671625468953
 20
1174.529373855199
 10
1272.5101522439636
 20
1172.9172106405886
 10
1275.8176613458963
 20
1170.5694226069736
 10
1278.8704022177733
 20
1167.8987488569019
 10
1281.0792945982862
 20
1165.7591492620068
 10
1281.8970983127126
 20
1165.0441752222664
 10
1284.638324191184
 20
1162.407428824782
 10
1287.1167180787975
 20
1159.522239988798
 10
1289.3098710337042
 20
1156.414695781899
 10
1289.8670827961744
 20
1155.5396265871104
 10
1290.440789059101
 20
1154.679658922289
 10
1292.3946795416546
 20
1151.4264728744624
 10
1294.0314903422673
 20
1148.0027675888714
 10
1295.3364892353763
 20
1144.4393583549254
 10
1295.3404810791665
 20
1144.4266164375283
 10
1295.4538434696265
 20
1144.0893700005945
 10
1295.7466175697318
 20
1143.2769094175537
 10
1295.966338175942
 20
1142.7061300793343
 10
1296.6610928824193
 20
1141.111888932802
 10
1296.7371115839323
 20
1140.9563037601797
 10
1297.5677948957612
 20
1139.4284771434081
 10
1297.6570480512798
 20
1139.280087577907
 10
1298.617373451409
 20
1137.8302379093775
 10
1298.9750781208872
 20
1137.3381155384527
 10
1299.5018094074744
 20
1136.6456403252582
 10
1299.7562317775564
 20
1136.3258439297797
 10
1300.0816367976786
 20
1135.9183789987594
 10
1300.0662378225222
 20
1135.9060812439366
 10
1301.770673532592
 20
1133.6815452527946
 10
1303.6526450807414
 20
1130.7195736557996
 10
1305.267763877637
 20
1127.604050598372
 10
1306.3015822895038
 20
1125.092632995901
 10
1306.3100131306746
 20
1125.096024754021
 10
1307.1128947521156
 20
1123.100314214012
 10
1307.594626097641
 20
1122.0167997826095
 10
1307.694757676189
 20
1121.7940234811097
 10
1309.0019056703136
 20
1118.503624610687
 10
1310.012974545816
 20
1115.1105286300212
 10
1310.7200429821023
 20
1111.6413190901649
 10
1310.7651657918334
 20
1111.3558855459185
 10
1310.946613289935
 20
1110.36925344105
 10
1311.0907091207391
 20
1109.6829720334108
 10
1311.3673826786787
 20
1108.6307920067022
 10
1312.252896043229
 20
1104.304821004504
 10
1312.6561901031137
 20
1099.907604506318
 10
1312.692324396292
 20
1098.910845659404
 10
1312.7587509167483
 20
1097.8533578290708
 10
1312.794591464778
 20
1097.4527597683923
 10
1312.8148635113134
 20
1097.2184132085779
 10
1312.912958237017
 20
1096.0442311460201
 10
1312.9631665186018
 20
1095.5249716879598
 10
1313.0315281363796
 20
1094.9027917839417
 10
1313.0952631545824
 20
1094.38501856738
 10
1313.10353526696
 20
1094.3243535006231
 10
1313.4248843055504
 20
1090.8255197005583
 10
1313.4379561309404
 20
1087.3119841176363
 10
1313.1426498849842
 20
1083.810856101385
 10
1313.0916005777458
 20
1083.4144658814002
 10
1313.0161251708068
 20
1082.6798911989556
 10
1312.9345875947645
 20
1081.6818116557151
 10
1312.883995745831
 20
1080.84852390906
 10
1312.8261287153805
 20
1079.39405708626
 10
1312.7983830760352
 20
1077.6738173302151
 10
1312.8140365914242
 20
1076.8897350881452
 10
1312.851349605235
 20
1076.0043768088303
 10
1312.9271594408924
 20
1074.8265913005473
 10
1313.0591075154064
 20
1073.484576495059
 10
1313.2714496269573
 20
1071.8820111049915
 10
1313.6046727981873
 20
1069.8865296524937
 10
1313.5866660499114
 20
1069.8835227261418
 10
1313.9926855976792
 20
1067.280186147698
 10
1314.2264303336544
 20
1063.731012069687
 10
1314.1439649054262
 20
1060.1751053371124
 10
1314.0750728272753
 20
1059.158485904848
 10
1314.0634725681089
 20
1058.8904445551964
 10
1314.0507472663367
 20
1058.5356842463998
 10
1314.0423292555834
 20
1058.2399661562872
 10
1314.037633445188
 20
1058.017053018005
 10
1314.0341588044312
 20
1057.7919422189952
 10
1314.0315098142848
 20
1057.521797559446
 10
1314.0305694190122
 20
1057.2966619100775
 10
1314.030805133209
 20
1057.1342710357144
 10
1314.0349506853852
 20
1056.7550806289996
 10
1314.0442383095601
 20
1056.3001555352348
 10
1314.0449230993975
 20
1056.2772547611776
 10
1314.106074213701
 20
1055.2091158900982
 10
1314.1510865681998
 20
1054.6676646444978
 10
1314.2108196757447
 20
1053.9473855686656
 10
1314.2465513333038
 20
1053.596581021287
 10
1314.2833560427594
 20
1053.2704562485562
 10
1314.5304502382864
 20
1049.4310539599128
 10
1314.407541105331
 20
1045.5856724677144
 10
1314.3525538401207
 20
1044.9003344965545
 10
1314.293166384281
 20
1043.7330101706407
 10
1314.2755206329145
 20
1042.9161957208037
 10
1314.2882365573905
 20
1041.751741351051
 10
1314.31431674051
 20
1041.1006018421017
 10
1314.502204430687
 20
1039.052855872504
 10
1314.6046821092984
 20
1038.3409320071605
 10
1314.7586781901925
 20
1037.4367435328845
 10
1314.7713758583916
 20
1037.3751085806525
 10
1314.802217181602
 20
1037.1811042076147
 10
1314.8638653889805
 20
1036.8191365637126
 10
1314.85986823767
 20
1036.8184557923312
 10
1315.3428940702381
 20
1033.7800283173015
 10
1315.5852120099278
 20
1030.1478778272317
 10
1315.5100709222015
 20
1027.0715892644535
 10
1315.5227575865197
 20
1027.071024098138
 10
1315.438902858023
 20
1025.1886812142607
 10
1315.4301521222962
 20
1024.5761869118817
 10
1315.5041406482756
 20
1022.5489982427432
 10
1315.5659700114375
 20
1021.8421503916854
 10
1315.7371257670493
 20
1020.3290055434738
 10
1315.7149919640808
 20
1020.3265019313602
 10
1316.0392834582665
 20
1016.3092338398035
 10
1315.8734532934245
 20
1011.6651235395939
 10
1315.7899605461107
 20
1010.7777500417803
 10
1315.7218124322317
 20
1009.7627987547885
 10
1315.6783783109156
 20
1008.6161470691303
 10
1315.6710445564295
 20
1007.8138773678918
 10
1315.781800943437
 20
1005.5222974631455
 10
1315.8664751183974
 20
1004.7244281225295
 10
1315.8701920238693
 20
1004.6969490774977
 10
1316.2090881168756
 20
1000.6641536076962
 10
1316.13875299458
 20
996.6177548589719
 10
1316.0518136928247
 20
995.3410116246537
 10
1316.0484382501995
 20
995.1365735999645
 10
1316.1203566798558
 20
993.080893299014
 10
1316.1380110017244
 20
992.8771910052824
 10
1316.5624253845003
 20
989.8197362876377
 10
1316.5352300033444
 20
989.8159612158955
 10
1316.8781316452726
 20
987.3573976425522
 10
1317.0281400930892
 20
983.2952424508626
 10
1317.0216804804827
 20
982.8312838637933
 10
1317.091553070432
 20
980.8602522476863
 10
1317.1499798684392
 20
980.1728421702808
 10
1317.2560682901976
 20
979.2076084605371
 10
1317.458423922391
 20
977.7640148188696
 10
1317.4200020411802
 20
977.7586290345062
 10
1317.77130723892
 20
974.8344665093448
 10
1317.8419003050428
 20
970.7445797357765
 10
1317.823168588447
 20
970.1921489785144
 10
1317.816382961904
 20
969.5318216144949
 10
1317.8861431675864
 20
967.6453453977803
 10
1317.9416802031005
 20
966.987322670144
 10
1317.9455324286457
 20
966.9517327090426
 10
1318.1749339098433
 20
963.1267698520313
 10
1318.0372876144784
 20
959.297407059808
 10
1317.876193762484
 20
957.3805999822794
 10
1317.7963238256125
 20
955.8292902414382
 10
1317.759326461657
 20
953.8858104023002
 10
1317.7261209801936
 20
953.8864425237446
 10
1317.6650283878191
 20
950.9604580392789
 10
1317.0409409886038
 20
946.400206442083
 10
1316.8629867633388
 20
945.4924143620508
 10
1316.7618058930423
 20
944.931112204252
 10
1316.5176459060044
 20
943.090586355011
 10
1316.496387647118
 20
942.8423526405948
 10
1316.4251479625636
 20
940.8797262166038
 10
1316.4276607738277
 20
940.684418915127
 10
1316.549370571397
 20
938.7242749668476
 10
1316.571038059665
 20
938.5301570228469
 10
1316.8845223402286
 20
936.5914189851949
 10
1317.1295578629588
 20
935.4387050974817
 10
1317.093332751565
 20
935.4310046271387
 10
1317.7198837836809
 20
931.9651644658919
 10
1318.0218204224627
 20
927.5632418955831
 10
1318.0345474301173
 20
926.6066252032755
 10
1318.0468958641466
 20
926.4102826567871
 10
1318.3399957625807
 20
923.8116585778639
 10
1318.418943703481
 20
923.1845576999153
 10
1318.614709128958
 20
921.8670579362208
 10
1318.9709603942665
 20
918.4870807175521
 10
1319.038996766206
 20
915.089061880811
 10
1318.8183270578497
 20
911.6975333400836
 10
1318.7592982244632
 20
911.1503904935837
 10
1318.6811030582367
 20
910.0862849280531
 10
1318.6456437980878
 20
909.3053810376528
 10
1318.6692793728196
 20
907.0703641066414
 10
1318.7058070425235
 20
906.522102862563
 10
1318.7308387772573
 20
906.1151278971261
 10
1318.7444450779099
 20
905.8738483698248
 10
1318.7830244307206
 20
902.2113913327115
 10
1318.486435315689
 20
898.5607592214178
 10
1318.4170417137009
 20
898.0167067344045
 10
1318.401286076889
 20
897.7930571712546
 10
1318.3701249749768
 20
895.5349728056085
 10
1318.4038656795205
 20
894.7458988095391
 10
1318.4840483197122
 20
893.6184676814944
 10
1318.5061516751791
 20
893.3965329517385
 10
1318.5995106611344
 20
892.6832075043308
 10
1318.9139182733343
 20
888.8730549629863
 10
1318.8631407743044
 20
885.0502894482686
 10
1318.855974285306
 20
884.9331234083704
 10
1318.825410920999
 20
883.1941472653937
 10
1318.8299030863848
 20
883.0210226709912
 10
1318.9086963806599
 20
881.8884326964054
 10
1318.995429104279
 20
878.2308601574596
 10
1318.7476091126084
 20
874.5806622594375
 10
1318.6534717205036
 20
873.7550913852805
 10
1318.566842960453
 20
872.8528412746093
 10
1318.5230019250828
 20
872.2672170333622
 10
1318.468076576927
 20
870.5895075019218
 10
1318.4696263556712
 20
870.4223204524324
 10
1318.5556434204047
 20
868.7459174190502
 10
1318.6103331459803
 20
868.1612065313168
 10
1318.697738874671
 20
867.3995637460132
 10
1318.6997290764107
 20
867.3853291026369
 10
1318.8226526508936
 20
866.5357504971307
 10
1319.1741078537198
 20
864.6047238445656
 10
1319.6417151254107
 20
861.2209584060192
 10
1319.8189138560701
 20
857.8096352443281
 10
1319.7044117658004
 20
854.39563255321
 10
1319.626081912124
 20
853.3701908901354
 10
1319.625639456959
 20
853.370224687717
 10
1319.6067146235644
 20
853.1035691915874
 10
1319.546964594623
 20
852.3642451913593
 10
1319.5271992397898
 20
852.0974670406345
 10
1319.4822493571282
 20
851.4302357465289
 10
1319.4560791354127
 20
850.9588711182156
 10
1319.4186211483093
 20
850.1014733996533
 10
1319.4074869206083
 20
849.7915131742711
 10
1319.3970109628015
 20
849.4194880567615
 10
1319.3906848671083
 20
849.1093924378664
 10
1319.3891070283366
 20
848.9846040408585
 10
1319.3889826943105
 20
848.4889317154121
 10
1319.3962035493169
 20
847.8942486753936
 10
1319.4083633349264
 20
847.3987255081418
 10
1319.416741185949
 20
847.1719524017733
 10
1319.4423334685387
 20
846.4774606689139
 10
1319.4877286800263
 20
845.6793987260002
 10
1319.5613062072762
 20
844.7233387157132
 10
1319.6416658832509
 20
843.8957269271875
 10
1319.6755143928042
 20
843.5933216832113
 10
1319.750500499657
 20
842.889574072162
 10
1319.7732867577663
 20
842.6949720525674
 10
1319.9013245530864
 20
841.7725511055423
 10
1320.2538078728594
 20
837.7527685993201
 10
1320.199497434049
 20
833.7179270579106
 10
1320.1361833066553
 20
832.7287713823515
 10
1320.1110735140314
 20
832.1461151770116
 10
1320.110148918248
 20
831.4683075427856
 10
1319.8476068968198
 20
826.9471319950554
 10
1319.118276506292
 20
822.7308522722653
 10
1319.1220929183357
 20
822.7300576199291
 10
1319.0987310951252
 20
822.6178596946265
 10
1319.075681889706
 20
822.4846115827994
 10
1319.056721864945
 20
822.4028716483933
 10
1318.8045077904062
 20
821.1017773154142
 10
1318.6969873829053
 20
820.4443852089026
 10
1318.4680323876023
 20
818.3685176180711
 10
1318.4560879319179
 20
818.1613013827082
 10
1318.4450027493936
 20
816.0728752376735
 10
1318.5038359461485
 20
814.8210408286438
 10
1318.4859357406526
 20
814.8201995621758
 10
1318.6246401726999
 20
811.5355616053425
 10
1318.369251133075
 20
807.9876209879671
 10
1318.37949775055
 20
807.9867947455683
 10
1318.1460931676288
 20
805.0922356169965
 10
1318.1399277249827
 20
804.8998353112581
 10
1318.1716516357417
 20
802.9648830191364
 10
1318.184120948518
 20
802.7727882337578
 10
1318.512288274263
 20
799.8874361834095
 10
1318.5006101775332
 20
799.886107967751
 10
1318.801954954114
 20
797.2350925740327
 10
1318.8647860877766
 20
793.3578431484877
 10
1318.5518878785563
 20
789.4927292342657
 10
1318.3212020655233
 20
787.7181436041822
 10
1317.7681532538977
 20
784.4985385404726
 10
1317.0947900976598
 20
781.8811724050316
 10
1317.104577691955
 20
781.8784924348248
 10
1316.783029662727
 20
780.7041578663
 10
1316.3472007147902
 20
778.7224673121859
 10
1316.3139272535075
 20
778.5235038763464
 10
1316.0812619996389
 20
776.5078374347524
 10
1316.0683323237072
 20
776.3065257472945
 10
1316.04122858877
 20
774.2776566752063
 10
1316.0487759501382
 20
774.0760714342703
 10
1316.2275130625171
 20
772.0549090536628
 10
1316.2554596788325
 20
771.8551277766039
 10
1316.5334685642365
 20
770.4077389721938
 10
1317.2017265475235
 20
764.8579577884167
 10
1317.302493753256
 20
762.8404256244222
 10
1317.3236354206238
 20
759.3312384509829
 10
1317.0371266131715
 20
755.8337029913225
 10
1316.44517252501
 20
752.3747389924006
 10
1315.7324596893538
 20
749.0853801145497
 10
1315.7087213071875
 20
748.9358752233277
 10
1315.4879862160062
 20
746.831267286602
 10
1315.4225751935937
 20
745.5631134238513
 10
1315.4073309385822
 20
745.5638997182715
 10
1315.2578034363848
 20
742.6701763032812
 10
1314.5913104402543
 20
738.4801423634614
 10
1313.4847644429283
 20
734.3842720912805
 10
1311.9506144999852
 20
730.428645556419
 10
1311.1115554446346
 20
728.5649896092975
 10
1311.0330782951992
 20
728.3614932869921
 10
1310.356691331925
 20
726.2722656986972
 10
1310.1606312358062
 20
725.5296759105768
 10
1309.909383839782
 20
724.4597469026914
 10
1309.8799014981355
 20
724.3166321633714
 10
1309.7432052910287
 20
723.6339490794508
 10
1309.449777258617
 20
721.650284286121
 10
1309.372377976217
 20
720.850541850476
 10
1309.3175953904858
 20
720.067271063434
 10
1309.3083425543423
 20
719.5964895065584
 10
1309.0443801428914
 20
715.7283613217069
 10
1309.022209670863
 20
715.5391116159465
 10
1309.0208565801122
 20
715.5261510165054
 10
1308.2321852393154
 20
710.7699490778514
 10
1306.8770256717576
 20
706.1431789396763
 10
1306.5710575190149
 20
705.2923903004772
 10
1306.2314611419063
 20
704.2609672889976
 10
1305.857943515245
 20
703.0134565949246
 10
1305.5748381920487
 20
701.9651195766254
 10
1305.4301013650168
 20
701.3648528417157
 10
1305.3870472087247
 20
701.1359498091844
 10
1305.2504997294652
 20
700.565513385482
 10
1305.105104918803
 20
699.8833730002309
 10
1304.7872316852759
 20
697.914922947165
 10
1304.7105257429196
 20
697.221690407136
 10
1304.6867638395975
 20
696.9436375801962
 10
1304.1653405254535
 20
693.0769500107281
 10
1303.3839224238125
 20
689.7638258089767
 10
1303.3954749005989
 20
689.7608072367746
 10
1303.0943930357985
 20
688.6085269462508
 10
1302.6886000401498
 20
686.6657141003743
 10
1302.6578882864585
 20
686.4707470998754
 10
1302.4467758321782
 20
684.4972676241605
 10
1302.39821359508
 20
683.6447213907581
 10
1302.3712289673422
 20
682.9712817955947
 10
1302.3657824314496
 20
682.7365284373722
 10
1302.3675117198063
 20
682.528707155577
 10
1302.190620946445
 20
678.4235759016217
 10
1301.5935265336511
 20
674.3582504263233
 10
1301.3642020577083
 20
673.2105601938072
 10
1301.252419250094
 20
672.5244808828442
 10
1301.178039588553
 20
672.0289283580593
 10
1301.0338587051779
 20
670.9788672281044
 10
1300.96357519524
 20
670.4057117286922
 10
1300.886192321594
 20
669.6891762302394
 10
1300.8551713715906
 20
669.3556097143959
 10
1300.3291951779988
 20
665.620469839826
 10
1299.4537264181113
 20
661.9514815202361
 10
1298.2365501545603
 20
658.3812710527321
 10
1298.107758354998
 20
658.0547828621523
 10
1297.961919233659
 20
657.6620437903737
 10
1297.938313291236
 20
657.5967283026603
 10
1296.5292195991572
 20
654.1961810554596
 10
1294.813493986811
 20
650.9395643699041
 10
1292.8056657190455
 20
647.8544562258252
 10
1290.5227376711825
 20
644.9669822187077
 10
1287.984042343709
 20
642.3015943205277
 10
1285.211078149027
 20
639.8808638133233
 10
1283.3049325191555
 20
638.5037926012811
 10
1283.3134119983815
 20
638.4921125913438
 10
1282.3751426264805
 20
637.8109457353264
 10
1280.8682077729486
 20
636.6015282858235
 10
1280.0000927250003
 20
635.8329491008923
 10
1279.9770333168651
 20
635.858994848151
 10
1277.9139115045068
 20
634.0509238241984
 10
1274.42079181377
 20
631.5949023808341
 10
1270.6857623655785
 20
629.525245035952
 10
1270.3996383273588
 20
629.3861128610104
 10
1269.705102082815
 20
629.0239718627918
 10
1267.7803492559833
 20
627.8788448278667
 10
1267.1306960229595
 20
627.44126355039
 10
1266.2189188018858
 20
626.7892456171572
 10
1265.5291619978361
 20
626.2661670851043
 10
1264.8054218002862
 20
625.7180057400346
 10
1263.9427497265324
 20
625.0394416108511
 10
1263.9316361836104
 20
625.0535704790112
 10
1261.4311198335051
 20
623.1953426461807
 10
1258.3105185918075
 20
621.292024631912
 10
1255.029201202274
 20
619.6815191950166
 10
1251.614568247467
 20
618.3772748325318
 10
1249.988263507717
 20
617.8398685460405
 10
1248.033958800267
 20
617.2489531676083
 10
1246.226737024654
 20
616.7524803632098
 10
1242.436854368699
 20
615.7153854790369
 10
1240.9747988481877
 20
615.3447868009353
 10
1234.264855373002
 20
613.7779834287962
 10
1234.0367219499976
 20
613.7247250902375
 10
1232.7844715529573
 20
613.453457524826
 10
1228.5140142708758
 20
612.5997412952495
 10
1227.9760099938135
 20
612.4960145613774
 10
1225.5606890429233
 20
612.0474778621926
 10
1224.1584771636617
 20
611.8127783804788
 10
1217.427487599407
 20
610.8087839253146
 10
1216.1397519969296
 20
610.6145492690052
 10
1214.6156676839742
 20
610.4145347043432
 10
1212.0017779446093
 20
610.1224687914065
 10
1211.9565740340406
 20
610.117443900521
 10
1206.0087521321525
 20
609.4597039144719
 10
1204.442071032244
 20
609.3175746579932
 10
1200.3972799782114
 20
609.0306951104665
 10
1194.8346786860543
 20
608.6251394761023
 10
1193.315428128139
 20
608.5433865123824
 10
1183.8391107622824
 20
608.2140441596844
 10
1183.7692547803967
 20
608.2116774721705
 10
1182.1673829346582
 20
608.1588079364265
 10
1181.3177579875367
 20
608.139798909157
 10
1180.3640254831118
 20
608.1285953444212
 10
1171.6005874827674
 20
608.002068915086
 10
1171.1937269788195
 20
607.9982642572282
 10
1168.5275612534879
 20
607.9868930297833
 10
1168.2501143419613
 20
607.9866719347401
 10
1157.0481472445645
 20
608.0165947370307
 10
1154.0737959864157
 20
608.0149751017177
 10
1149.8063749631133
 20
607.9961822751291
 10
1149.726758502034
 20
607.9959108973933
 10
1139.4261069411305
 20
607.9710518927675
 10
1139.0994798612217
 20
607.9684310913963
 10
1131.132239463203
 20
607.8329104643298
 10
1124.3512939102407
 20
607.7023255513059
 10
1124.12112566942
 20
607.6969738939877
 10
1115.936448167883
 20
607.4543524000599
 10
1115.876649393326
 20
607.4526245179845
 10
1109.5093298987372
 20
607.273406529553
 10
1103.527570649588
 20
607.0665005712187
 10
1094.5369261792605
 20
606.7364960283289
 10
1084.8951841896608
 20
606.3514638317969
 10
1084.8069826365972
 20
606.3480390694575
 10
1079.752779160221
 20
606.1573750343434
 10
1079.708478712679
 20
606.1557284337039
 10
1074.8298571688233
 20
605.9771023553348
 10
1065.097072259191
 20
605.5904184977194
 10
1064.89845329859
 20
605.5830215521769
 10
1055.451458221168
 20
605.2546987125245
 10
1055.3256199124953
 20
605.2505235802005
 10
1050.661621624717
 20
605.1031270040626
 10
1050.3056790015248
 20
605.0934637790133
 10
1045.5450789924087
 20
604.985424068013
 10
1036.2280707943332
 20
604.7526462089227
 10
1035.6551473476507
 20
604.7424377827526
 10
1026.6152971155598
 20
604.6461280349605
 10
1021.8736500766547
 20
604.5989893993097
 10
1021.2117825210946
 20
604.5978870751186
 10
1016.5285595439386
 20
604.6288341522566
 10
1016.4590119440288
 20
604.6293541934003
 10
1007.441928773341
 20
604.7046189662161
 10
1006.8802273657911
 20
604.7132523617597
 10
997.7108187800716
 20
604.918599131616
 10
992.7528512127237
 20
605.0141168234148
 10
992.4131630002246
 20
605.0221045008078
 10
987.7479937704014
 20
605.1516320850099
 10
987.5973701118367
 20
605.1560980760652
 10
978.1301330510353
 20
605.4546510410632
 10
977.9686991605637
 20
605.4600682111488
 10
968.383119158643
 20
605.8011045438332
 10
963.2664094964839
 20
605.9664741130443
 10
958.1446192223561
 20
606.133828108495
 10
958.0717361466166
 20
606.1362761015127
 10
948.5879763269027
 20
606.4634711044267
 10
939.4417438915873
 20
606.7473574810567
 10
933.7473034210445
 20
606.9183408946828
 10
926.9581840660421
 20
607.0853717622251
 10
918.9374624709026
 20
607.2852619836852
 10
911.7952782451223
 20
607.4044113190755
 10
903.9500366659505
 20
607.5279692455736
 10
903.6900415165842
 20
607.5308986362254
 10
893.1473620352652
 20
607.5736058225451
 10
888.9950334076834
 20
607.5940960960077
 10
886.0603948996643
 20
607.6042436514305
 10
874.7774959550593
 20
607.6216362513183
 10
874.4406636892109
 20
607.6235737268885
 10
871.8428178046802
 20
607.6494555464078
 10
871.4157613976964
 20
607.6559905857498
 10
862.8435149131719
 20
607.8329484384412
 10
861.754470418001
 20
607.8531858470678
 10
860.9021224427757
 20
607.8781153416421
 10
859.3213483864762
 20
607.9412198132709
 10
859.2451405188555
 20
607.9443348046589
 10
849.8074197290945
 20
608.3391142508857
 10
848.2888814109419
 20
608.4315913251795
 10
842.8957261926528
 20
608.8631071435464
 10
838.6549987437918
 20
609.1883400620394
 10
837.1353073576689
 20
609.3341087605481
 10
831.2175930135397
 20
610.0159340906691
 10
831.1225625658686
 20
610.026998450588
 10
828.5122596024569
 20
610.3340794942528
 10
827.0446996536874
 20
610.5343381154482
 10
825.8451290558502
 20
610.7207119541744
 10
818.9457740948709
 20
611.7707956041718
 10
817.5878324229916
 20
612.0014629558166
 10
815.0606382621636
 20
612.4756511392334
 10
814.5360616320834
 20
612.5777119449622
 10
810.2535731819038
 20
613.4406360739679
 10
809.0572532653546
 20
613.7008077536566
 10
808.8650456619843
 20
613.7456996521053
 10
802.1549629314964
 20
615.314147913115
 10
800.6802970275165
 20
615.6885590729164
 10
796.9015685405645
 20
616.724843823213
 10
795.091129379442
 20
617.2228775378653
 10
793.1321767944911
 20
617.8160929250894
 10
791.1745657019479
 20
618.4640256661382
 10
787.8095806143956
 20
619.7485900242134
 10
784.5737901219833
 20
621.3306425260919
 10
781.4934308841061
 20
623.1973554646852
 10
778.5934792817535
 20
625.3335930295403
 10
778.3954659064736
 20
625.4936984191028
 10
777.843083572139
 20
625.9245527680525
 10
777.0624148071089
 20
626.5117699519355
 10
776.315555790498
 20
627.0711005808251
 10
775.4184153225734
 20
627.7050767228213
 10
774.7783728228479
 20
628.1314574685359
 10
772.8840434900407
 20
629.2480544958606
 10
771.7121614883099
 20
629.8545450183103
 10
771.7285264002136
 20
629.8861658681175
 10
768.781976534925
 20
631.5109117991651
 10
765.2556705246702
 20
633.9842076398465
 10
763.1219882798865
 20
635.8532778816362
 10
763.1004654406115
 20
635.8289793734177
 10
762.232469607829
 20
636.5978222436191
 10
760.7257076519918
 20
637.8076828112705
 10
760.0079647254021
 20
638.3290049128788
 10
756.755059293326
 20
640.9623110239148
 10
753.7951030690806
 20
643.9210867800346
 10
751.1604996088645
 20
647.172941547989
 10
748.8800907315482
 20
650.6822762679476
 10
746.9788407783627
 20
654.4106731674157
 10
745.4775633205363
 20
658.3173163324709
 10
744.5663675790868
 20
661.7123447578213
 10
744.5472264543938
 20
661.7077094639178
 10
744.1657085026332
 20
663.2831613854647
 10
743.9287017155414
 20
664.1593550925029
 10
743.3170330841303
 20
666.7631014661184
 10
742.8168014537372
 20
669.2655576723429
 10
742.6255122604649
 20
670.0079905646248
 10
742.3787619814279
 20
670.8673744484535
 10
742.2786716672497
 20
671.1722784470332
 10
742.0898853785488
 20
671.7168195599121
 10
741.9262387002173
 20
672.1692518867758
 10
741.1450409715035
 20
674.0450204060702
 10
741.1698868603721
 20
674.0553679259014
 10
740.1197768973307
 20
676.6809485057614
 10
739.0369246661407
 20
680.3945941209784
 10
738.3178531773458
 20
684.1954715070583
 10
737.9692874269194
 20
688.0480335932086
 10
737.9944873178125
 20
691.9162499361129
 10
738.0328447296097
 20
692.6143900033688
 10
738.0628261271145
 20
693.6443965562995
 10
738.0674455490836
 20
695.033623002965
 10
738.0397570374294
 20
696.1541391934156
 10
737.9976637574716
 20
696.9515862863811
 10
737.9810995597534
 20
697.240279748293
 10
737.9798413933254
 20
697.2600633428456
 10
737.9115009146283
 20
698.0583064237535
 10
737.8503514045099
 20
698.6327057655252
 10
737.6079168874224
 20
700.2659043124914
 10
737.4995767846566
 20
700.8332986097362
 10
737.3357315602246
 20
701.6045620787816
 10
737.3254059908675
 20
701.6482959287118
 10
737.2348658342207
 20
702.0188264707627
 10
737.0537092786738
 20
702.7415069149656
 10
736.745866256156
 20
703.8365188490794
 10
736.3395184517045
 20
705.1385719877114
 10
736.1878646217804
 20
705.5799558283207
 10
735.2636001817939
 20
708.6702257176368
 10
734.591331958873
 20
711.8249187582173
 10
734.424070575778
 20
712.8014777697002
 10
734.3144514368742
 20
713.3858240099643
 10
734.2086283827377
 20
713.9110146113132
 10
734.1619012301907
 20
714.1278745232879
 10
734.0875178060519
 20
714.4808069893306
 10
734.037648473158
 20
714.7228278981779
 10
733.7615564997802
 20
715.8857258690821
 10
733.3889786984329
 20
717.269595143018
 10
733.0438993541284
 20
718.4139197100151
 10
732.9171039518197
 20
718.7930090069301
 10
731.8778693869671
 20
722.4776613900334
 10
731.1956490723587
 20
726.244788559035
 10
731.0963599096655
 20
726.996735891689
 10
731.0600980806155
 20
727.2174696471833
 10
730.8837263878912
 20
728.2537117402087
 10
730.7069092809052
 20
729.1643412518538
 10
730.568550843476
 20
729.7979836897022
 10
730.0894588330796
 20
731.5890401201445
 10
729.8929876528719
 20
732.2071379049626
 10
729.5809807993259
 20
733.1151946673945
 10
729.0335410322864
 20
734.610554953567
 10
727.7292660421615
 20
738.9059817254489
 10
726.9145077958099
 20
743.3205024698183
 10
726.5995280839261
 20
747.7985167823866
 10
726.5921408495255
 20
748.3231242959553
 10
726.5627920277743
 20
749.2009216185755
 10
726.5101652959461
 20
750.3438537939951
 10
726.4702784511276
 20
750.9310561875643
 10
726.2818620424345
 20
752.628450775491
 10
726.255894368564
 20
752.7965366534304
 10
725.9232894420797
 20
754.471655482965
 10
725.7820027759121
 20
755.0521836383698
 10
725.7240750796134
 20
755.2698527898665
 10
724.7792907745368
 20
759.909763035025
 10
724.3894268775705
 20
764.6288085537808
 10
724.3608193575934
 20
765.8614492254336
 10
724.2971379587875
 20
766.7690924867665
 10
724.2627245971273
 20
767.1945110637045
 10
724.2273602237933
 20
767.5804031431038
 10
724.0827566505317
 20
768.7668631664294
 10
723.8535617888275
 20
770.2714146725929
 10
723.8273328941577
 20
770.4136370652916
 10
723.3336107404541
 20
773.9882616881168
 10
723.1640506023248
 20
777.5928354657949
 10
723.3200324558437
 20
781.1980223431341
 10
723.4454777762935
 20
782.6140119031999
 10
723.4747530484142
 20
783.103325593059
 10
723.5164584156591
 20
784.2380345171775
 10
723.5211052943583
 20
784.6929716126319
 10
723.7526216584026
 20
788.6010917170323
 10
724.3650753171767
 20
792.467860793806
 10
724.5815414035646
 20
793.5035499060064
 10
724.7076487036846
 20
794.1927918023097
 10
724.9690103886405
 20
796.1792162588284
 10
724.9850662844119
 20
796.3777881346897
 10
725.0462453954747
 20
798.3803987229446
 10
725.042340742759
 20
798.5795803871587
 10
724.9027225453317
 20
800.5782546504564
 10
724.8163007420427
 20
801.2956808589354
 10
724.553923547673
 20
804.6735181622446
 10
724.5783346845316
 20
808.0614424140763
 10
724.665887326185
 20
809.826308121727
 10
724.6665366393613
 20
810.0093501423061
 10
724.5884429323929
 20
811.8468952382414
 10
724.5315807993445
 20
812.487770006234
 10
724.4291856825605
 20
813.4022663674114
 10
724.3522197163285
 20
813.9709859520784
 10
724.2733887535609
 20
814.554407118516
 10
724.1537947129304
 20
815.3257551031243
 10
724.0578138754836
 20
815.8739191303305
 10
723.6097491276123
 20
819.2963717246522
 10
723.5071825783525
 20
821.6333401672368
 10
723.5066923163497
 20
821.633315907093
 10
723.356011382577
 20
824.6783570634673
 10
723.3311518941234
 20
828.041429267312
 10
723.588894387874
 20
831.3947025113758
 10
723.6635377380264
 20
832.0202458723344
 10
723.753420050471
 20
832.9624679796553
 10
723.7963377111932
 20
833.4211508762626
 10
723.8605082170847
 20
834.3330272627388
 10
723.8908324346928
 20
834.9731457424757
 10
723.8935803833997
 20
836.8050333106485
 10
723.8651767353945
 20
837.445239885945
 10
723.8035799436327
 20
838.3597144315872
 10
723.7724275010119
 20
838.7042453070703
 10
723.6951829928095
 20
839.5647953986254
 10
723.6448349160901
 20
839.9968422121856
 10
723.3884192238395
 20
843.6288759181912
 10
723.4633358045396
 20
847.2691788389286
 10
723.5877994444812
 20
849.149223997762
 10
723.5913261290646
 20
849.337604448098
 10
723.5370442033519
 20
851.2305377707078
 10
723.4867106595573
 20
851.8910626766383
 10
723.3953317019739
 20
852.8041120722938
 10
723.3419369333494
 20
853.2108239927503
  0
LWPOLYLINE
  5
AE
330
17
100
AcDbEntity
  8
CUT_IN
100
AcDbPolyline
 90
53
 70
1
 10
901.5815612490919
 20
639.5372608476571
 10
901.4793387279592
 20
640.3137179829646
 10
901.1796374604453
 20
641.0372608476571
 10
900.7028815926516
 20
641.6585811912167
 10
900.7028815926516
 20
651.4732998169782
 10
901.1796374604453
 20
652.0946201605378
 10
901.4793387279592
 20
652.8181630252302
 10
901.5815612490919
 20
653.5946201605378
 10
901.4793387279592
 20
654.3710772958453
 10
901.1796374604453
 20
655.0946201605378
 10
900.7028815926516
 20
655.7159405040975
 10
900.0815612490919
 20
656.1926963718911
 10
899.3580183843995
 20
656.492397639405
 10
898.5815612490919
 20
656.5946201605378
 10
897.8051041137844
 20
656.492397639405
 10
897.0815612490919
 20
656.1926963718911
 10
896.4602409055324
 20
655.7159405040975
 10
874.6455222797708
 20
655.7159405040975
 10
874.0242019362113
 20
656.1926963718911
 10
873.3006590715188
 20
656.492397639405
 10
872.5242019362113
 20
656.5946201605378
 10
871.7477448009037
 20
656.492397639405
 10
871.0242019362113
 20
656.1926963718911
 10
870.4028815926516
 20
655.7159405040975
 10
869.9261257248579
 20
655.0946201605378
 10
869.626424457344
 20
654.3710772958453
 10
869.5242019362113
 20
653.5946201605378
 10
869.626424457344
 20
652.8181630252302
 10
869.9261257248579
 20
652.0946201605378
 10
870.4028815926516
 20
651.4732998169782
 10
870.4028815926516
 20
641.6585811912167
 10
869.9261257248579
 20
641.0372608476571
 10
869.626424457344
 20
640.3137179829646
 10
869.5242019362113
 20
639.5372608476571
 10
869.626424457344
 20
638.7608037123496
 10
869.9261257248579
 20
638.0372608476571
 10
870.4028815926516
 20
637.4159405040974
 10
871.0242019362113
 20
636.9391846363038
 10
871.7477448009037
 20
636.6394833687899
 10
872.5242019362113
 20
636.5372608476571
 10
873.3006590715188
 20
636.6394833687899
 10
874.0242019362113
 20
636.9391846363038
 10
874.6455222797708
 20
637.4159405040974
 10
896.4602409055324
 20
637.4159405040974
 10
897.0815612490919
 20
636.9391846363038
 10
897.8051041137844
 20
636.6394833687899
 10
898.5815612490919
 20
636.5372608476571
 10
899.3580183843995
 20
636.6394833687899
 10
900.0815612490919
 20
636.9391846363038
 10
900.7028815926516
 20
637.4159405040974
 10
901.1796374604453
 20
638.0372608476571
 10
901.4793387279592
 20
638.7608037123496
 10
901.5815612490919
 20
639.5372608476571
  0
LWPOLYLINE
  5
AF
330
17
100
AcDbEntity
  8
CUT_IN
100
AcDbPolyline
 90
55
 70
1
 10
735.7477448009037
 20
850.7469962787854
 10
736.5242019362113
 20
850.6447737576527
 10
737.3006590715188
 20
850.7469962787854
 10
738.0242019362113
 20
851.0466975462994
 10
738.6455222797708
 20
851.523453414093
 10
745.4602409055324
 20
851.523453414093
 10
745.4602409055324
 20
851.523453414093
 10
746.0815612490919
 20
851.0466975462994
 10
746.8051041137844
 20
850.7469962787854
 10
747.5815612490919
 20
850.6447737576527
 10
748.3580183843995
 20
850.7469962787854
 10
749.0815612490919
 20
851.0466975462994
 10
749.7028815926516
 20
851.523453414093
 10
750.1796374604453
 20
852.1447737576527
 10
750.4793387279592
 20
852.8683166223451
 10
750.5815612490919
 20
853.6447737576527
 10
750.4793387279592
 20
854.4212308929602
 10
750.1796374604453
 20
855.1447737576527
 10
749.7028815926516
 20
855.7660941012123
 10
749.7028815926516
 20
877.5808127269738
 10
750.1796374604453
 20
878.2021330705334
 10
750.4793387279592
 20
878.9256759352259
 10
750.5815612490919
 20
879.7021330705334
 10
750.4793387279592
 20
880.4785902058409
 10
750.1796374604453
 20
881.2021330705334
 10
749.7028815926516
 20
881.823453414093
 10
749.0815612490919
 20
882.3002092818867
 10
748.3580183843995
 20
882.5999105494006
 10
747.5815612490919
 20
882.7021330705334
 10
746.8051041137844
 20
882.5999105494006
 10
746.0815612490919
 20
882.3002092818867
 10
745.4602409055324
 20
881.823453414093
 10
738.6455222797708
 20
881.823453414093
 10
738.6455222797708
 20
881.823453414093
 10
738.0242019362113
 20
882.3002092818867
 10
737.3006590715188
 20
882.5999105494006
 10
736.5242019362113
 20
882.7021330705334
 10
735.7477448009037
 20
882.5999105494006
 10
735.0242019362113
 20
882.3002092818867
 10
734.4028815926516
 20
881.823453414093
 10
733.9261257248579
 20
881.2021330705334
 10
733.626424457344
 20
880.4785902058409
 10
733.5242019362113
 20
879.7021330705334
 10
733.626424457344
 20
878.9256759352259
 10
733.9261257248579
 20
878.2021330705334
 10
734.4028815926516
 20
877.5808127269737
 10
734.4028815926516
 20
855.7660941012123
 10
733.9261257248579
 20
855.1447737576527
 10
733.626424457344
 20
854.4212308929602
 10
733.5242019362113
 20
853.6447737576527
 10
733.626424457344
 20
852.8683166223451
 10
733.9261257248579
 20
852.1447737576527
 10
734.4028815926516
 20
851.523453414093
 10
735.0242019362113
 20
851.0466975462994
 10
735.7477448009037
 20
850.7469962787854
  0
LWPOLYLINE
  5
B0
330
17
100
AcDbEntity
  8
CUT_IN
100
AcDbPolyline
 90
53
 70
1
 10
901.4793387279592
 20
1062.4324944963614
 10
901.5815612490919
 20
1063.208951631669
 10
901.4793387279592
 20
1063.9854087669764
 10
901.1796374604453
 20
1064.708951631669
 10
900.7028815926516
 20
1065.3302719752287
 10
900.7028815926516
 20
1075.14499060099
 10
901.1796374604453
 20
1075.7663109445498
 10
901.4793387279592
 20
1076.489853809242
 10
901.5815612490919
 20
1077.2663109445498
 10
901.4793387279592
 20
1078.042768079857
 10
901.1796374604453
 20
1078.7663109445498
 10
900.7028815926516
 20
1079.3876312881093
 10
900.0815612490919
 20
1079.864387155903
 10
899.3580183843995
 20
1080.1640884234168
 10
898.5815612490919
 20
1080.2663109445498
 10
897.8051041137844
 20
1080.1640884234168
 10
897.0815612490919
 20
1079.864387155903
 10
896.4602409055324
 20
1079.3876312881093
 10
874.6455222797708
 20
1079.3876312881093
 10
874.0242019362113
 20
1079.864387155903
 10
873.3006590715188
 20
1080.1640884234168
 10
872.5242019362113
 20
1080.2663109445498
 10
871.7477448009037
 20
1080.1640884234168
 10
871.0242019362113
 20
1079.864387155903
 10
870.4028815926516
 20
1079.3876312881093
 10
869.9261257248579
 20
1078.7663109445498
 10
869.626424457344
 20
1078.042768079857
 10
869.5242019362113
 20
1077.2663109445498
 10
869.626424457344
 20
1076.489853809242
 10
869.9261257248579
 20
1075.7663109445498
 10
870.4028815926516
 20
1075.14499060099
 10
870.4028815926516
 20
1065.3302719752287
 10
869.9261257248579
 20
1064.708951631669
 10
869.626424457344
 20
1063.9854087669764
 10
869.5242019362113
 20
1063.208951631669
 10
869.626424457344
 20
1062.4324944963614
 10
869.9261257248579
 20
1061.708951631669
 10
870.4028815926516
 20
1061.0876312881092
 10
871.0242019362113
 20
1060.6108754203156
 10
871.7477448009037
 20
1060.3111741528019
 10
872.5242019362113
 20
1060.208951631669
 10
873.3006590715188
 20
1060.3111741528019
 10
874.0242019362113
 20
1060.6108754203156
 10
874.6455222797708
 20
1061.0876312881092
 10
896.4602409055324
 20
1061.0876312881092
 10
897.0815612490919
 20
1060.6108754203156
 10
897.8051041137844
 20
1060.3111741528019
 10
898.5815612490919
 20
1060.208951631669
 10
899.3580183843995
 20
1060.3111741528019
 10
900.0815612490919
 20
1060.6108754203156
 10
900.7028815926516
 20
1061.0876312881092
 10
901.1796374604453
 20
1061.708951631669
 10
901.4793387279592
 20
1062.4324944963614
  0
LWPOLYLINE
  5
B1
330
17
100
AcDbEntity
  8
CUT_IN
100
AcDbPolyline
 90
53
 70
1
 10
782.3734461300224
 20
1076.402011996178
 10
782.4001983968502
 20
1077.1847120939271
 10
782.2234614103899
 20
1077.9476663287367
 10
781.855279504197
 20
1078.6388806303457
 10
782.9750555992262
 20
1085.3609704426958
 10
783.547424855266
 20
1085.8955062801635
 10
783.9619430468221
 20
1086.5599683149449
 10
784.1903614441638
 20
1087.309074557445
 10
784.2171137109917
 20
1088.091774655194
 10
784.0403767245314
 20
1088.8547288900036
 10
783.6721948183385
 20
1089.5459431916124
 10
783.1376589808708
 20
1090.1183124476524
 10
782.4731969460895
 20
1090.5328306392084
 10
781.7240907035894
 20
1090.7612490365505
 10
780.9413906058404
 20
1090.7880013033782
 10
780.1784363710309
 20
1090.6112643169176
 10
779.4872220694218
 20
1090.243082410725
 10
767.1182261932249
 20
1092.3035288326446
 10
766.5836903557572
 20
1092.8758980886842
 10
765.9192283209759
 20
1093.2904162802404
 10
765.1701220784757
 20
1093.5188346775822
 10
764.3874219807267
 20
1093.54558694441
 10
763.6244677459173
 20
1093.3688499579498
 10
762.9332534443081
 20
1093.0006680517567
 10
762.3608841882684
 20
1092.4661322142892
 10
761.9463659967122
 20
1091.8016701795077
 10
761.7179475993704
 20
1091.0525639370078
 10
761.6911953325426
 20
1090.2698638392587
 10
761.8679323190029
 20
1089.5069096044492
 10
762.2361142251957
 20
1088.8156953028401
 10
761.1163381301667
 20
1082.09360549049
 10
760.5439688741269
 20
1081.5590696530223
 10
760.1294506825708
 20
1080.894607618241
 10
759.9010322852289
 20
1080.1455013757409
 10
759.8742800184011
 20
1079.3628012779918
 10
760.0510170048615
 20
1078.5998470431823
 10
760.4191989110543
 20
1077.9086327415735
 10
760.953734748522
 20
1077.3362634855334
 10
761.6181967833033
 20
1076.9217452939774
 10
762.3673030258035
 20
1076.6933268966354
 10
763.1500031235524
 20
1076.6665746298077
 10
763.912957358362
 20
1076.8433116162682
 10
764.604171659971
 20
1077.2114935224608
 10
776.9731675361679
 20
1075.1510471005413
 10
777.5077033736356
 20
1074.5786778445017
 10
778.172165408417
 20
1074.1641596529455
 10
778.9212716509171
 20
1073.9357412556037
 10
779.7039717486662
 20
1073.908988988776
 10
780.4669259834756
 20
1074.085725975236
 10
781.1581402850848
 20
1074.4539078814291
 10
781.7305095411244
 20
1074.9884437188966
 10
782.1450277326807
 20
1075.6529057536782
 10
782.3734461300224
 20
1076.402011996178
  0
LWPOLYLINE
  5
B2
330
17
100
AcDbEntity
  8
CUT_IN
100
AcDbPolyline
 90
53
 70
1
 10
790.7787708256114
 20
1113.2049209169002
 10
791.5251594385722
 20
1113.4420688986313
 10
792.1847370620997
 20
1113.8643158469197
 10
792.7125545711535
 20
1114.4428863300354
 10
793.0726420747518
 20
1115.1383517256872
 10
799.2425024980141
 20
1118.0320020683794
 10
800.0074679887991
 20
1117.864183938534
 10
800.7898024406858
 20
1117.9000717106587
 10
801.5361910536467
 20
1118.1372196923899
 10
802.1957686771739
 20
1118.5594666406782
 10
802.7235861862279
 20
1119.1380371237942
 10
803.0836736898261
 20
1119.833502519446
 10
803.2514918196712
 20
1120.598468010231
 10
803.2156040475467
 20
1121.3808024621176
 10
802.9784560658154
 20
1122.1271910750784
 10
802.556209117527
 20
1122.7867686986058
 10
801.9776386344113
 20
1123.3145862076599
 10
801.2821732387595
 20
1123.674673711258
 10
792.4528508618381
 20
1142.5006133536103
 10
792.6206689916831
 20
1143.2655788443956
 10
792.5847812195586
 20
1144.0479132962823
 10
792.3476332378274
 20
1144.7943019092431
 10
791.9253862895391
 20
1145.4538795327703
 10
791.3468158064233
 20
1145.9816970418242
 10
790.6513504107714
 20
1146.3417845454223
 10
789.8863849199863
 20
1146.5096026752676
 10
789.1040504680997
 20
1146.473714903143
 10
788.3576618551389
 20
1146.2365669214118
 10
787.6980842316116
 20
1145.8143199731235
 10
787.1702667225576
 20
1145.2357494900075
 10
786.8101792189593
 20
1144.5402840943557
 10
780.6403187956971
 20
1141.646633751664
 10
779.875353304912
 20
1141.8144518815088
 10
779.0930188530253
 20
1141.7785641093842
 10
778.3466302400645
 20
1141.541416127653
 10
777.6870526165372
 20
1141.1191691793647
 10
777.1592351074833
 20
1140.5405986962492
 10
776.7991476038851
 20
1139.8451333005974
 10
776.6313294740401
 20
1139.080167809812
 10
776.6672172461646
 20
1138.2978333579254
 10
776.9043652278957
 20
1137.5514447449646
 10
777.3266121761841
 20
1136.8918671214374
 10
777.9051826592998
 20
1136.3640496123835
 10
778.6006480549518
 20
1136.0039621087853
 10
787.4299704318731
 20
1117.1780224664326
 10
787.2621523020281
 20
1116.4130569756476
 10
787.2980400741526
 20
1115.630722523761
 10
787.5351880558837
 20
1114.8843339108003
 10
787.9574350041721
 20
1114.2247562872728
 10
788.5360054872879
 20
1113.6969387782187
 10
789.2314708829398
 20
1113.3368512746206
 10
789.9964363737249
 20
1113.1690331447758
 10
790.7787708256114
 20
1113.2049209169002
  0
LWPOLYLINE
  5
B3
330
17
100
AcDbEntity
  8
CUT_IN
100
AcDbPolyline
 90
53
 70
1
 10
890.1690592140668
 20
1137.465512137174
 10
890.9520176081062
 20
1137.447869008202
 10
891.712863719612
 20
1137.6334715981716
 10
892.3997471434425
 20
1138.009671397299
 10
892.9658579093923
 20
1138.5508310109735
 10
899.7405997721905
 20
1139.2878945365592
 10
900.4098400670489
 20
1138.8811359416472
 10
901.1615534229682
 20
1138.6614494438163
 10
901.9445118170077
 20
1138.643806314844
 10
902.7053579285134
 20
1138.8294089048136
 10
903.392241352344
 20
1139.2056087039412
 10
903.9583521182938
 20
1139.746768317616
 10
904.3651107132056
 20
1140.4160086124743
 10
904.5847972110366
 20
1141.1677219683934
 10
904.6024403400088
 20
1141.950680362433
 10
904.4168377500393
 20
1142.7115264739386
 10
904.0406379509117
 20
1143.3984098977692
 10
903.4994783372371
 20
1143.964520663719
 10
902.8169328391125
 20
1150.2381584152758
 10
903.2236914340244
 20
1150.9073987101342
 10
903.4433779318555
 20
1151.6591120660532
 10
903.4610210608276
 20
1152.442070460093
 10
903.2754184708581
 20
1153.2029165715985
 10
902.8992186717305
 20
1153.8897999954293
 10
902.3580590580559
 20
1154.455910761379
 10
901.6888187631976
 20
1154.8626693562908
 10
900.9371054072782
 20
1155.082355854122
 10
900.1541470132388
 20
1155.0999989830939
 10
899.393300901733
 20
1154.9143963931247
 10
898.7064174779025
 20
1154.5381965939969
 10
898.1403067119527
 20
1153.9970369803223
 10
891.3655648491545
 20
1153.2599734547366
 10
890.6963245542961
 20
1153.6667320496485
 10
889.9446111983767
 20
1153.8864185474797
 10
889.1616528043373
 20
1153.9040616764519
 10
888.4008066928316
 20
1153.7184590864822
 10
887.713923269001
 20
1153.3422592873549
 10
887.1478125030512
 20
1152.8010996736803
 10
886.7410539081394
 20
1152.131859378822
 10
886.5213674103084
 20
1151.3801460229024
 10
886.5037242813362
 20
1150.5971876288631
 10
886.6893268713056
 20
1149.8363415173571
 10
887.0655266704333
 20
1149.1494580935268
 10
887.6066862841079
 20
1148.583347327577
 10
888.2892317822325
 20
1142.3097095760202
 10
887.8824731873206
 20
1141.6404692811618
 10
887.6627866894895
 20
1140.8887559252425
 10
887.6451435605173
 20
1140.1057975312028
 10
887.8307461504869
 20
1139.3449514196973
 10
888.2069459496145
 20
1138.6580679958668
 10
888.7481055632891
 20
1138.0919572299172
 10
889.4173458581474
 20
1137.6851986350052
 10
890.1690592140668
 20
1137.465512137174
  0
LWPOLYLINE
  5
B4
330
17
100
AcDbEntity
  8
CUT_IN
100
AcDbPolyline
 90
53
 70
1
 10
1173.581561249092
 20
639.5372608476571
 10
1173.4793387279592
 20
640.3137179829646
 10
1173.1796374604453
 20
641.0372608476571
 10
1172.7028815926515
 20
641.6585811912167
 10
1172.7028815926515
 20
651.4732998169782
 10
1173.1796374604453
 20
652.0946201605378
 10
1173.4793387279592
 20
652.8181630252302
 10
1173.581561249092
 20
653.5946201605378
 10
1173.4793387279592
 20
654.3710772958453
 10
1173.1796374604453
 20
655.0946201605378
 10
1172.7028815926515
 20
655.7159405040975
 10
1172.081561249092
 20
656.1926963718911
 10
1171.3580183843997
 20
656.492397639405
 10
1170.581561249092
 20
656.5946201605378
 10
1169.8051041137844
 20
656.492397639405
 10
1169.081561249092
 20
656.1926963718911
 10
1168.4602409055324
 20
655.7159405040975
 10
1146.6455222797708
 20
655.7159405040975
 10
1146.0242019362113
 20
656.1926963718911
 10
1145.3006590715188
 20
656.492397639405
 10
1144.5242019362113
 20
656.5946201605378
 10
1143.7477448009035
 20
656.492397639405
 10
1143.0242019362113
 20
656.1926963718911
 10
1142.4028815926517
 20
655.7159405040975
 10
1141.926125724858
 20
655.0946201605378
 10
1141.626424457344
 20
654.3710772958453
 10
1141.5242019362113
 20
653.5946201605378
 10
1141.626424457344
 20
652.8181630252302
 10
1141.926125724858
 20
652.0946201605378
 10
1142.4028815926517
 20
651.4732998169782
 10
1142.4028815926517
 20
641.6585811912167
 10
1141.926125724858
 20
641.0372608476571
 10
1141.626424457344
 20
640.3137179829646
 10
1141.5242019362113
 20
639.5372608476571
 10
1141.626424457344
 20
638.7608037123496
 10
1141.926125724858
 20
638.0372608476571
 10
1142.4028815926517
 20
637.4159405040974
 10
1143.0242019362113
 20
636.9391846363038
 10
1143.7477448009035
 20
636.6394833687899
 10
1144.5242019362113
 20
636.5372608476571
 10
1145.3006590715188
 20
636.6394833687899
 10
1146.0242019362113
 20
636.9391846363038
 10
1146.6455222797708
 20
637.4159405040974
 10
1168.4602409055324
 20
637.4159405040974
 10
1169.081561249092
 20
636.9391846363038
 10
1169.8051041137844
 20
636.6394833687899
 10
1170.581561249092
 20
636.5372608476571
 10
1171.3580183843997
 20
636.6394833687899
 10
1172.081561249092
 20
636.9391846363038
 10
1172.7028815926515
 20
637.4159405040974
 10
1173.1796374604453
 20
638.0372608476571
 10
1173.4793387279592
 20
638.7608037123496
 10
1173.581561249092
 20
639.5372608476571
  0
LWPOLYLINE
  5
B5
330
17
100
AcDbEntity
  8
CUT_IN
100
AcDbPolyline
 90
55
 70
1
 10
1294.7477448009035
 20
850.7469962787854
 10
1295.5242019362113
 20
850.6447737576527
 10
1296.3006590715188
 20
850.7469962787854
 10
1297.0242019362113
 20
851.0466975462994
 10
1297.6455222797708
 20
851.523453414093
 10
1304.4602409055324
 20
851.523453414093
 10
1304.4602409055324
 20
851.523453414093
 10
1305.081561249092
 20
851.0466975462994
 10
1305.8051041137844
 20
850.7469962787854
 10
1306.581561249092
 20
850.6447737576527
 10
1307.3580183843997
 20
850.7469962787854
 10
1308.081561249092
 20
851.0466975462994
 10
1308.7028815926515
 20
851.523453414093
 10
1309.1796374604453
 20
852.1447737576527
 10
1309.4793387279592
 20
852.8683166223451
 10
1309.581561249092
 20
853.6447737576527
 10
1309.4793387279592
 20
854.4212308929602
 10
1309.1796374604453
 20
855.1447737576527
 10
1308.7028815926515
 20
855.7660941012123
 10
1308.7028815926515
 20
877.5808127269738
 10
1309.1796374604453
 20
878.2021330705334
 10
1309.4793387279592
 20
878.9256759352259
 10
1309.581561249092
 20
879.7021330705334
 10
1309.4793387279592
 20
880.4785902058409
 10
1309.1796374604453
 20
881.2021330705334
 10
1308.7028815926515
 20
881.823453414093
 10
1308.081561249092
 20
882.3002092818867
 10
1307.3580183843997
 20
882.5999105494006
 10
1306.581561249092
 20
882.7021330705334
 10
1305.8051041137844
 20
882.5999105494006
 10
1305.081561249092
 20
882.3002092818867
 10
1304.4602409055324
 20
881.823453414093
 10
1297.6455222797708
 20
881.823453414093
 10
1297.6455222797708
 20
881.823453414093
 10
1297.0242019362113
 20
882.3002092818867
 10
1296.3006590715188
 20
882.5999105494006
 10
1295.5242019362113
 20
882.7021330705334
 10
1294.7477448009035
 20
882.5999105494006
 10
1294.0242019362113
 20
882.3002092818867
 10
1293.4028815926517
 20
881.823453414093
 10
1292.926125724858
 20
881.2021330705334
 10
1292.626424457344
 20
880.4785902058409
 10
1292.5242019362113
 20
879.7021330705334
 10
1292.626424457344
 20
878.9256759352259
 10
1292.926125724858
 20
878.2021330705334
 10
1293.4028815926517
 20
877.5808127269737
 10
1293.4028815926517
 20
855.7660941012123
 10
1292.926125724858
 20
855.1447737576527
 10
1292.626424457344
 20
854.4212308929602
 10
1292.5242019362113
 20
853.6447737576527
 10
1292.626424457344
 20
852.8683166223451
 10
1292.926125724858
 20
852.1447737576527
 10
1293.4028815926517
 20
851.523453414093
 10
1294.0242019362113
 20
851.0466975462994
 10
1294.7477448009035
 20
850.7469962787854
  0
LWPOLYLINE
  5
B6
330
17
100
AcDbEntity
  8
CUT_IN
100
AcDbPolyline
 90
53
 70
1
 10
1173.4793387279592
 20
1062.4324944963614
 10
1173.581561249092
 20
1063.208951631669
 10
1173.4793387279592
 20
1063.9854087669764
 10
1173.1796374604453
 20
1064.708951631669
 10
1172.7028815926515
 20
1065.3302719752287
 10
1172.7028815926515
 20
1075.14499060099
 10
1173.1796374604453
 20
1075.7663109445498
 10
1173.4793387279592
 20
1076.489853809242
 10
1173.581561249092
 20
1077.2663109445498
 10
1173.4793387279592
 20
1078.042768079857
 10
1173.1796374604453
 20
1078.7663109445498
 10
1172.7028815926515
 20
1079.3876312881093
 10
1172.081561249092
 20
1079.864387155903
 10
1171.3580183843997
 20
1080.1640884234168
 10
1170.581561249092
 20
1080.2663109445498
 10
1169.8051041137844
 20
1080.1640884234168
 10
1169.081561249092
 20
1079.864387155903
 10
1168.4602409055324
 20
1079.3876312881093
 10
1146.6455222797708
 20
1079.3876312881093
 10
1146.0242019362113
 20
1079.864387155903
 10
1145.3006590715188
 20
1080.1640884234168
 10
1144.5242019362113
 20
1080.2663109445498
 10
1143.7477448009035
 20
1080.1640884234168
 10
1143.0242019362113
 20
1079.864387155903
 10
1142.4028815926517
 20
1079.3876312881093
 10
1141.926125724858
 20
1078.7663109445498
 10
1141.626424457344
 20
1078.042768079857
 10
1141.5242019362113
 20
1077.2663109445498
 10
1141.626424457344
 20
1076.489853809242
 10
1141.926125724858
 20
1075.7663109445498
 10
1142.4028815926517
 20
1075.14499060099
 10
1142.4028815926517
 20
1065.3302719752287
 10
1141.926125724858
 20
1064.708951631669
 10
1141.626424457344
 20
1063.9854087669764
 10
1141.5242019362113
 20
1063.208951631669
 10
1141.626424457344
 20
1062.4324944963614
 10
1141.926125724858
 20
1061.708951631669
 10
1142.4028815926517
 20
1061.0876312881092
 10
1143.0242019362113
 20
1060.6108754203156
 10
1143.7477448009035
 20
1060.3111741528019
 10
1144.5242019362113
 20
1060.208951631669
 10
1145.3006590715188
 20
1060.3111741528019
 10
1146.0242019362113
 20
1060.6108754203156
 10
1146.6455222797708
 20
1061.0876312881092
 10
1168.4602409055324
 20
1061.0876312881092
 10
1169.081561249092
 20
1060.6108754203156
 10
1169.8051041137844
 20
1060.3111741528019
 10
1170.581561249092
 20
1060.208951631669
 10
1171.3580183843997
 20
1060.3111741528019
 10
1172.081561249092
 20
1060.6108754203156
 10
1172.7028815926515
 20
1061.0876312881092
 10
1173.1796374604453
 20
1061.708951631669
 10
1173.4793387279592
 20
1062.4324944963614
  0
LWPOLYLINE
  5
B7
330
17
100
AcDbEntity
  8
CUT_IN
100
AcDbPolyline
 90
53
 70
1
 10
1258.9154017411392
 20
1087.309074557445
 10
1259.1438201384813
 20
1086.5599683149449
 10
1259.5583383300373
 20
1085.8955062801635
 10
1260.130707586077
 20
1085.3609704426958
 10
1261.2504836811063
 20
1078.6388806303457
 10
1260.8823017749132
 20
1077.9476663287367
 10
1260.705564788453
 20
1077.1847120939271
 10
1260.7323170552809
 20
1076.402011996178
 10
1260.9607354526224
 20
1075.6529057536782
 10
1261.3752536441789
 20
1074.9884437188966
 10
1261.9476229002184
 20
1074.4539078814291
 10
1262.6388372018278
 20
1074.085725975236
 10
1263.401791436637
 20
1073.908988988776
 10
1264.184491534386
 20
1073.9357412556037
 10
1264.9335977768862
 20
1074.1641596529455
 10
1265.5980598116676
 20
1074.5786778445017
 10
1266.1325956491353
 20
1075.1510471005413
 10
1278.501591525332
 20
1077.2114935224608
 10
1279.1928058269414
 20
1076.8433116162682
 10
1279.9557600617509
 20
1076.6665746298077
 10
1280.7384601594997
 20
1076.6933268966354
 10
1281.4875664019999
 20
1076.9217452939774
 10
1282.1520284367812
 20
1077.3362634855334
 10
1282.686564274249
 20
1077.9086327415735
 10
1283.0547461804417
 20
1078.5998470431823
 10
1283.231483166902
 20
1079.3628012779918
 10
1283.2047309000743
 20
1080.1455013757409
 10
1282.9763125027325
 20
1080.894607618241
 10
1282.5617943111763
 20
1081.5590696530223
 10
1281.9894250551365
 20
1082.09360549049
 10
1280.8696489601075
 20
1088.8156953028401
 10
1281.2378308663003
 20
1089.5069096044492
 10
1281.4145678527607
 20
1090.2698638392587
 10
1281.387815585933
 20
1091.0525639370078
 10
1281.159397188591
 20
1091.8016701795077
 10
1280.744878997035
 20
1092.4661322142892
 10
1280.172509740995
 20
1093.0006680517567
 10
1279.481295439386
 20
1093.3688499579498
 10
1278.7183412045765
 20
1093.54558694441
 10
1277.9356411068275
 20
1093.5188346775822
 10
1277.1865348643273
 20
1093.2904162802404
 10
1276.522072829546
 20
1092.8758980886842
 10
1275.9875369920783
 20
1092.3035288326446
 10
1263.6185411158813
 20
1090.243082410725
 10
1262.9273268142724
 20
1090.6112643169176
 10
1262.164372579463
 20
1090.7880013033782
 10
1261.3816724817138
 20
1090.7612490365505
 10
1260.6325662392137
 20
1090.5328306392084
 10
1259.9681042044324
 20
1090.1183124476524
 10
1259.4335683669647
 20
1089.5459431916124
 10
1259.0653864607718
 20
1088.8547288900036
 10
1258.8886494743115
 20
1088.091774655194
 10
1258.9154017411392
 20
1087.309074557445
  0
LWPOLYLINE
  5
B8
330
17
100
AcDbEntity
  8
CUT_IN
100
AcDbPolyline
 90
53
 70
1
 10
1240.9099945081293
 20
1118.5594666406782
 10
1241.5695721316565
 20
1118.1372196923899
 10
1242.3159607446173
 20
1117.9000717106587
 10
1243.098295196504
 20
1117.864183938534
 10
1243.863260687289
 20
1118.0320020683794
 10
1250.0331211105513
 20
1115.1383517256872
 10
1250.3932086141497
 20
1114.4428863300354
 10
1250.9210261232035
 20
1113.8643158469197
 10
1251.580603746731
 20
1113.4420688986313
 10
1252.3269923596918
 20
1113.2049209169002
 10
1253.1093268115783
 20
1113.1690331447758
 10
1253.8742923023633
 20
1113.3368512746206
 10
1254.5697576980153
 20
1113.6969387782187
 10
1255.148328181131
 20
1114.2247562872728
 10
1255.5705751294195
 20
1114.8843339108003
 10
1255.8077231111506
 20
1115.630722523761
 10
1255.8436108832752
 20
1116.4130569756476
 10
1255.67579275343
 20
1117.1780224664326
 10
1264.5051151303514
 20
1136.0039621087853
 10
1265.2005805260033
 20
1136.3640496123835
 10
1265.7791510091192
 20
1136.8918671214374
 10
1266.2013979574076
 20
1137.5514447449646
 10
1266.4385459391387
 20
1138.2978333579254
 10
1266.4744337112631
 20
1139.080167809812
 10
1266.306615581418
 20
1139.8451333005974
 10
1265.94652807782
 20
1140.5405986962492
 10
1265.418710568766
 20
1141.1191691793647
 10
1264.7591329452387
 20
1141.541416127653
 10
1264.0127443322779
 20
1141.7785641093842
 10
1263.230409880391
 20
1141.8144518815088
 10
1262.465444389606
 20
1141.646633751664
 10
1256.2955839663439
 20
1144.5402840943557
 10
1255.9354964627455
 20
1145.2357494900075
 10
1255.4076789536916
 20
1145.8143199731235
 10
1254.7481013301644
 20
1146.2365669214118
 10
1254.0017127172034
 20
1146.473714903143
 10
1253.219378265317
 20
1146.5096026752676
 10
1252.4544127745316
 20
1146.3417845454223
 10
1251.7589473788798
 20
1145.9816970418242
 10
1251.180376895764
 20
1145.4538795327703
 10
1250.7581299474757
 20
1144.7943019092431
 10
1250.5209819657446
 20
1144.0479132962823
 10
1250.4850941936202
 20
1143.2655788443956
 10
1250.652912323465
 20
1142.5006133536103
 10
1241.8235899465437
 20
1123.674673711258
 10
1241.128124550892
 20
1123.3145862076599
 10
1240.5495540677762
 20
1122.7867686986058
 10
1240.1273071194878
 20
1122.1271910750784
 10
1239.8901591377567
 20
1121.3808024621176
 10
1239.854271365632
 20
1120.598468010231
 10
1240.022089495477
 20
1119.833502519446
 10
1240.3821769990755
 20
1119.1380371237942
 10
1240.9099945081293
 20
1118.5594666406782
  0
LWPOLYLINE
  5
B9
330
17
100
AcDbEntity
  8
CUT_IN
100
AcDbPolyline
 90
53
 70
1
 10
1140.4004052567898
 20
1138.8294089048136
 10
1141.1612513682956
 20
1138.643806314844
 10
1141.944209762335
 20
1138.6614494438163
 10
1142.6959231182543
 20
1138.8811359416472
 10
1143.3651634131127
 20
1139.2878945365592
 10
1150.139905275911
 20
1138.5508310109735
 10
1150.7060160418607
 20
1138.009671397299
 10
1151.3928994656912
 20
1137.6334715981716
 10
1152.153745577197
 20
1137.447869008202
 10
1152.9367039712365
 20
1137.465512137174
 10
1153.6884173271558
 20
1137.6851986350052
 10
1154.3576576220141
 20
1138.0919572299172
 10
1154.8988172356887
 20
1138.6580679958668
 10
1155.2750170348163
 20
1139.3449514196973
 10
1155.460619624786
 20
1140.1057975312028
 10
1155.4429764958136
 20
1140.8887559252425
 10
1155.2232899979826
 20
1141.6404692811618
 10
1154.8165314030707
 20
1142.3097095760202
 10
1155.4990769011952
 20
1148.583347327577
 10
1156.0402365148698
 20
1149.1494580935268
 10
1156.4164363139976
 20
1149.8363415173571
 10
1156.602038903967
 20
1150.5971876288631
 10
1156.5843957749948
 20
1151.3801460229024
 10
1156.364709277164
 20
1152.131859378822
 10
1155.957950682252
 20
1152.8010996736803
 10
1155.3918399163022
 20
1153.3422592873549
 10
1154.7049564924716
 20
1153.7184590864822
 10
1153.9441103809659
 20
1153.9040616764519
 10
1153.1611519869266
 20
1153.8864185474797
 10
1152.409438631007
 20
1153.6667320496485
 10
1151.7401983361488
 20
1153.2599734547366
 10
1144.9654564733505
 20
1153.9970369803223
 10
1144.3993457074007
 20
1154.5381965939969
 10
1143.7124622835702
 20
1154.9143963931247
 10
1142.9516161720644
 20
1155.0999989830939
 10
1142.1686577780251
 20
1155.082355854122
 10
1141.4169444221056
 20
1154.8626693562908
 10
1140.7477041272473
 20
1154.455910761379
 10
1140.2065445135727
 20
1153.8897999954293
 10
1139.8303447144451
 20
1153.2029165715985
 10
1139.6447421244757
 20
1152.442070460093
 10
1139.6623852534476
 20
1151.6591120660532
 10
1139.8820717512788
 20
1150.9073987101342
 10
1140.2888303461907
 20
1150.2381584152758
 10
1139.606284848066
 20
1143.964520663719
 10
1139.0651252343914
 20
1143.3984098977692
 10
1138.6889254352639
 20
1142.7115264739386
 10
1138.5033228452944
 20
1141.950680362433
 10
1138.5209659742666
 20
1141.1677219683934
 10
1138.7406524720977
 20
1140.4160086124743
 10
1139.1474110670094
 20
1139.746768317616
 10
1139.7135218329593
 20
1139.2056087039412
 10
1140.4004052567898
 20
1138.8294089048136
  0
CIRCLE
  5
BA
330
17
100
AcDbEntity
  8
DRILL
100
AcDbCircle
 10
936.5528815926516
 20
795.2376312881092
 30
0.0
 40
3.5
  0
CIRCLE
  5
BB
330
17
100
AcDbEntity
  8
DRILL
100
AcDbCircle
 10
936.5528815926516
 20
965.2376312881092
 30
0.0
 40
3.5
  0
CIRCLE
  5
BC
330
17
100
AcDbEntity
  8
DRILL
100
AcDbCircle
 10
1106.5528815926516
 20
795.2376312881092
 30
0.0
 40
3.5
  0
CIRCLE
  5
BD
330
17
100
AcDbEntity
  8
DRILL
100
AcDbCircle
 10
1106.5528815926516
 20
965.2376312881092
 30
0.0
 40
3.5
  0
LWPOLYLINE
  5
BE
330
17
100
AcDbEntity
  8
MARK
100
AcDbPolyline
 90
5
 70
0
 10
924.0528815926516
 20
782.7376312881092
 10
1119.0528815926516
 20
782.7376312881092
 10
1119.0528815926516
 20
977.7376312881092
 10
924.0528815926516
 20
977.7376312881092
 10
924.0528815926516
 20
782.7376312881092
  0
TEXT
  5
BF
330
17
100
AcDbEntity
  8
TEXT
100
AcDbText
 10
1021.249391323515
 20
897.011182510949
 30
0.0
 40
10.0
  1
П1
 72
1
 11
1021.249391323515
 21
897.011182510949
 31
0.0
100
AcDbText
 73
2
  0
LWPOLYLINE
  5
C0
330
17
100
AcDbEntity
  8
CUT_OUT
100
AcDbPolyline
 90
21
 70
1
 10
163.0
 20
1470.9361972578886
 10
405.0
 20
1470.9361972578886
 10
405.0
 20
1479.9361972578886
 10
435.0
 20
1479.9361972578886
 10
435.0
 20
1470.9361972578886
 10
556.0
 20
1470.9361972578886
 10
556.0
 20
1219.9361972578886
 10
435.0
 20
1219.9361972578886
 10
435.0
 20
1201.9361972578886
 10
405.0
 20
1201.9361972578886
 10
405.0
 20
1219.9361972578886
 10
163.0
 20
1219.9361972578886
 10
163.0
 20
1201.9361972578886
 10
133.0
 20
1201.9361972578886
 10
133.0
 20
1219.9361972578886
 10
12.0
 20
1219.9361972578886
 10
12.0
 20
1470.9361972578886
 10
133.0
 20
1470.9361972578886
 10
133.0
 20
1479.9361972578886
 10
163.0
 20
1479.9361972578886
 10
163.0
 20
1470.9361972578886
  0
LWPOLYLINE
  5
C1
330
17
100
AcDbEntity
  8
CUT_IN
100
AcDbPolyline
 90
69
 70
1
 10
241.3772580504032
 20
1265.4165652478077
 10
243.75711693136157
 20
1266.0126888645834
 10
246.06708580912724
 20
1266.8392089451063
 10
248.28491842064994
 20
1267.8881656491797
 10
250.38925582549007
 20
1269.149456950325
 10
252.35983210409114
 20
1270.61093592382
 10
254.1776695296637
 20
1272.2585277282249
 10
255.82526133406841
 20
1274.0763651537975
 10
257.2867403075636
 20
1276.0469414323986
 10
258.54803160870887
 20
1278.1512788372386
 10
259.5969883127822
 20
1280.3691114487613
 10
260.4235083933052
 20
1282.6790803265271
 10
261.0196320100807
 20
1285.0589392074853
 10
261.3796181668049
 20
1287.4857687496497
 10
261.5
 20
1289.9361972578886
 10
261.5
 20
1394.9361972578886
 10
261.3796181668049
 20
1397.3866257661275
 10
261.0196320100807
 20
1399.8134553082919
 10
260.4235083933052
 20
1402.19331418925
 10
259.5969883127822
 20
1404.503283067016
 10
258.54803160870887
 20
1406.7211156785386
 10
257.2867403075636
 20
1408.8254530833788
 10
255.82526133406841
 20
1410.7960293619797
 10
254.1776695296637
 20
1412.6138667875523
 10
252.35983210409114
 20
1414.261458591957
 10
250.38925582549007
 20
1415.7229375654522
 10
248.28491842064994
 20
1416.9842288665975
 10
246.06708580912724
 20
1418.0331855706709
 10
243.75711693136157
 20
1418.8597056511937
 10
241.3772580504032
 20
1419.4558292679694
 10
238.950428508239
 20
1419.8158154246935
 10
236.5
 20
1419.9361972578886
 10
82.0
 20
1419.9361972578886
 10
79.54957149176099
 20
1419.8158154246935
 10
77.1227419495968
 20
1419.4558292679694
 10
74.74288306863845
 20
1418.8597056511937
 10
72.43291419087276
 20
1418.0331855706709
 10
70.21508157935006
 20
1416.9842288665975
 10
68.11074417450996
 20
1415.7229375654522
 10
66.14016789590886
 20
1414.261458591957
 10
64.32233047033631
 20
1412.6138667875523
 10
62.67473866593157
 20
1410.7960293619797
 10
61.21325969243637
 20
1408.8254530833788
 10
59.951968391291125
 20
1406.7211156785386
 10
58.90301168721783
 20
1404.503283067016
 10
58.07649160669478
 20
1402.19331418925
 10
57.48036798991924
 20
1399.8134553082919
 10
57.12038183319508
 20
1397.3866257661275
 10
57.0
 20
1394.9361972578886
 10
57.0
 20
1289.9361972578886
 10
57.12038183319508
 20
1287.4857687496497
 10
57.48036798991924
 20
1285.0589392074853
 10
58.07649160669478
 20
1282.6790803265271
 10
58.90301168721783
 20
1280.3691114487613
 10
59.951968391291125
 20
1278.1512788372386
 10
61.21325969243637
 20
1276.0469414323986
 10
62.67473866593157
 20
1274.0763651537975
 10
64.32233047033631
 20
1272.2585277282249
 10
66.14016789590886
 20
1270.61093592382
 10
68.11074417450996
 20
1269.149456950325
 10
70.21508157935006
 20
1267.8881656491797
 10
72.43291419087276
 20
1266.8392089451063
 10
74.74288306863845
 20
1266.0126888645834
 10
77.1227419495968
 20
1265.4165652478077
 10
79.54957149176099
 20
1265.0565790910837
 10
82.0
 20
1264.9361972578886
 10
236.5
 20
1264.9361972578886
 10
238.950428508239
 20
1265.0565790910837
 10
241.3772580504032
 20
1265.4165652478077
  0
LWPOLYLINE
  5
C2
330
17
100
AcDbEntity
  8
CUT_IN
100
AcDbPolyline
 90
69
 70
1
 10
488.45042850823904
 20
1265.0565790910837
 10
490.8772580504032
 20
1265.4165652478077
 10
493.25711693136157
 20
1266.0126888645834
 10
495.56708580912726
 20
1266.8392089451063
 10
497.78491842064994
 20
1267.8881656491797
 10
499.88925582549007
 20
1269.149456950325
 10
501.85983210409114
 20
1270.61093592382
 10
503.6776695296637
 20
1272.2585277282249
 10
505.32526133406844
 20
1274.0763651537975
 10
506.7867403075636
 20
1276.0469414323986
 10
508.04803160870887
 20
1278.1512788372386
 10
509.0969883127822
 20
1280.3691114487613
 10
509.9235083933052
 20
1282.6790803265271
 10
510.5196320100808
 20
1285.0589392074853
 10
510.8796181668049
 20
1287.4857687496497
 10
511.0
 20
1289.9361972578886
 10
511.0
 20
1394.9361972578886
 10
510.8796181668049
 20
1397.3866257661275
 10
510.5196320100808
 20
1399.8134553082919
 10
509.9235083933052
 20
1402.19331418925
 10
509.0969883127822
 20
1404.503283067016
 10
508.04803160870887
 20
1406.7211156785386
 10
506.7867403075636
 20
1408.8254530833788
 10
505.32526133406844
 20
1410.7960293619797
 10
503.6776695296637
 20
1412.6138667875523
 10
501.85983210409114
 20
1414.261458591957
 10
499.88925582549007
 20
1415.7229375654522
 10
497.78491842064994
 20
1416.9842288665975
 10
495.56708580912726
 20
1418.0331855706709
 10
493.25711693136157
 20
1418.8597056511937
 10
490.8772580504032
 20
1419.4558292679694
 10
488.45042850823904
 20
1419.8158154246935
 10
486.0
 20
1419.9361972578886
 10
331.5
 20
1419.9361972578886
 10
329.04957149176096
 20
1419.8158154246935
 10
326.6227419495968
 20
1419.4558292679694
 10
324.24288306863843
 20
1418.8597056511937
 10
321.93291419087274
 20
1418.0331855706709
 10
319.71508157935006
 20
1416.9842288665975
 10
317.61074417450993
 20
1415.7229375654522
 10
315.64016789590886
 20
1414.261458591957
 10
313.82233047033634
 20
1412.6138667875523
 10
312.17473866593156
 20
1410.7960293619797
 10
310.7132596924364
 20
1408.8254530833788
 10
309.45196839129113
 20
1406.7211156785386
 10
308.4030116872178
 20
1404.503283067016
 10
307.5764916066948
 20
1402.19331418925
 10
306.9803679899192
 20
1399.8134553082919
 10
306.6203818331951
 20
1397.3866257661275
 10
306.5
 20
1394.9361972578886
 10
306.5
 20
1289.9361972578886
 10
306.6203818331951
 20
1287.4857687496497
 10
306.9803679899192
 20
1285.0589392074853
 10
307.5764916066948
 20
1282.6790803265271
 10
308.4030116872178
 20
1280.3691114487613
 10
309.45196839129113
 20
1278.1512788372386
 10
310.7132596924364
 20
1276.0469414323986
 10
312.17473866593156
 20
1274.0763651537975
 10
313.82233047033634
 20
1272.2585277282249
 10
315.64016789590886
 20
1270.61093592382
 10
317.61074417450993
 20
1269.149456950325
 10
319.71508157935006
 20
1267.8881656491797
 10
321.93291419087274
 20
1266.8392089451063
 10
324.24288306863843
 20
1266.0126888645834
 10
326.6227419495968
 20
1265.4165652478077
 10
329.04957149176096
 20
1265.0565790910837
 10
331.5
 20
1264.9361972578886
 10
486.0
 20
1264.9361972578886
 10
488.45042850823904
 20
1265.0565790910837
  0
TEXT
  5
C3
330
17
100
AcDbEntity
  8
TEXT
100
AcDbText
 10
34.5
 20
1342.4361972578886
 30
0.0
 40
10.0
  1
ПГ2
 72
1
 11
34.5
 21
1342.4361972578886
 31
0.0
100
AcDbText
 73
2
  0
LWPOLYLINE
  5
C4
330
17
100
AcDbEntity
  8
CUT_OUT
100
AcDbPolyline
 90
13
 70
1
 10
1114.0
 20
1219.9361972578886
 10
993.0
 20
1219.9361972578886
 10
993.0
 20
1201.9361972578886
 10
963.0
 20
1201.9361972578886
 10
963.0
 20
1219.9361972578886
 10
721.0
 20
1219.9361972578886
 10
721.0
 20
1201.9361972578886
 10
691.0
 20
1201.9361972578886
 10
691.0
 20
1219.9361972578886
 10
570.0
 20
1219.9361972578886
 10
570.0
 20
1464.9361972578886
 10
1114.0
 20
1464.9361972578886
 10
1114.0
 20
1219.9361972578886
  0
LWPOLYLINE
  5
C5
330
17
100
AcDbEntity
  8
CUT_IN
100
AcDbPolyline
 90
69
 70
1
 10
799.3772580504033
 20
1265.4165652478077
 10
801.7571169313616
 20
1266.0126888645834
 10
804.0670858091272
 20
1266.8392089451063
 10
806.28491842065
 20
1267.8881656491797
 10
808.3892558254901
 20
1269.149456950325
 10
810.3598321040911
 20
1270.61093592382
 10
812.1776695296637
 20
1272.2585277282249
 10
813.8252613340684
 20
1274.0763651537975
 10
815.2867403075636
 20
1276.0469414323986
 10
816.5480316087089
 20
1278.1512788372386
 10
817.5969883127822
 20
1280.3691114487613
 10
818.4235083933052
 20
1282.6790803265271
 10
819.0196320100807
 20
1285.0589392074853
 10
819.3796181668049
 20
1287.4857687496497
 10
819.5
 20
1289.9361972578886
 10
819.5
 20
1394.9361972578886
 10
819.3796181668049
 20
1397.3866257661275
 10
819.0196320100807
 20
1399.8134553082919
 10
818.4235083933052
 20
1402.19331418925
 10
817.5969883127822
 20
1404.503283067016
 10
816.5480316087089
 20
1406.7211156785386
 10
815.2867403075636
 20
1408.8254530833788
 10
813.8252613340684
 20
1410.7960293619797
 10
812.1776695296637
 20
1412.6138667875523
 10
810.3598321040911
 20
1414.261458591957
 10
808.3892558254901
 20
1415.7229375654522
 10
806.28491842065
 20
1416.9842288665975
 10
804.0670858091272
 20
1418.0331855706709
 10
801.7571169313616
 20
1418.8597056511937
 10
799.3772580504033
 20
1419.4558292679694
 10
796.950428508239
 20
1419.8158154246935
 10
794.5
 20
1419.9361972578886
 10
640.0
 20
1419.9361972578886
 10
637.549571491761
 20
1419.8158154246935
 10
635.1227419495968
 20
1419.4558292679694
 10
632.7428830686384
 20
1418.8597056511937
 10
630.4329141908728
 20
1418.0331855706709
 10
628.21508157935
 20
1416.9842288665975
 10
626.1107441745099
 20
1415.7229375654522
 10
624.1401678959089
 20
1414.261458591957
 10
622.3223304703363
 20
1412.6138667875523
 10
620.6747386659316
 20
1410.7960293619797
 10
619.2132596924364
 20
1408.8254530833788
 10
617.9519683912911
 20
1406.7211156785386
 10
616.9030116872178
 20
1404.503283067016
 10
616.0764916066947
 20
1402.19331418925
 10
615.4803679899193
 20
1399.8134553082919
 10
615.1203818331951
 20
1397.3866257661275
 10
615.0
 20
1394.9361972578886
 10
615.0
 20
1289.9361972578886
 10
615.1203818331951
 20
1287.4857687496497
 10
615.4803679899193
 20
1285.0589392074853
 10
616.0764916066947
 20
1282.6790803265271
 10
616.9030116872178
 20
1280.3691114487613
 10
617.9519683912911
 20
1278.1512788372386
 10
619.2132596924364
 20
1276.0469414323986
 10
620.6747386659316
 20
1274.0763651537975
 10
622.3223304703363
 20
1272.2585277282249
 10
624.1401678959089
 20
1270.61093592382
 10
626.1107441745099
 20
1269.149456950325
 10
628.21508157935
 20
1267.8881656491797
 10
630.4329141908728
 20
1266.8392089451063
 10
632.7428830686384
 20
1266.0126888645834
 10
635.1227419495968
 20
1265.4165652478077
 10
637.549571491761
 20
1265.0565790910837
 10
640.0
 20
1264.9361972578886
 10
794.5
 20
1264.9361972578886
 10
796.950428508239
 20
1265.0565790910837
 10
799.3772580504033
 20
1265.4165652478077
  0
LWPOLYLINE
  5
C6
330
17
100
AcDbEntity
  8
CUT_IN
100
AcDbPolyline
 90
69
 70
1
 10
1046.450428508239
 20
1265.0565790910837
 10
1048.8772580504033
 20
1265.4165652478077
 10
1051.2571169313615
 20
1266.0126888645834
 10
1053.5670858091273
 20
1266.8392089451063
 10
1055.78491842065
 20
1267.8881656491797
 10
1057.8892558254902
 20
1269.149456950325
 10
1059.859832104091
 20
1270.61093592382
 10
1061.6776695296637
 20
1272.2585277282249
 10
1063.3252613340685
 20
1274.0763651537975
 10
1064.7867403075636
 20
1276.0469414323986
 10
1066.048031608709
 20
1278.1512788372386
 10
1067.0969883127823
 20
1280.3691114487613
 10
1067.9235083933052
 20
1282.6790803265271
 10
1068.5196320100808
 20
1285.0589392074853
 10
1068.879618166805
 20
1287.4857687496497
 10
1069.0
 20
1289.9361972578886
 10
1069.0
 20
1394.9361972578886
 10
1068.879618166805
 20
1397.3866257661275
 10
1068.5196320100808
 20
1399.8134553082919
 10
1067.9235083933052
 20
1402.19331418925
 10
1067.0969883127823
 20
1404.503283067016
 10
1066.048031608709
 20
1406.7211156785386
 10
1064.7867403075636
 20
1408.8254530833788
 10
1063.3252613340685
 20
1410.7960293619797
 10
1061.6776695296637
 20
1412.6138667875523
 10
1059.859832104091
 20
1414.261458591957
 10
1057.8892558254902
 20
1415.7229375654522
 10
1055.78491842065
 20
1416.9842288665975
 10
1053.5670858091273
 20
1418.0331855706709
 10
1051.2571169313615
 20
1418.8597056511937
 10
1048.8772580504033
 20
1419.4558292679694
 10
1046.450428508239
 20
1419.8158154246935
 10
1044.0
 20
1419.9361972578886
 10
889.5
 20
1419.9361972578886
 10
887.049571491761
 20
1419.8158154246935
 10
884.6227419495967
 20
1419.4558292679694
 10
882.2428830686384
 20
1418.8597056511937
 10
879.9329141908727
 20
1418.0331855706709
 10
877.71508157935
 20
1416.9842288665975
 10
875.6107441745099
 20
1415.7229375654522
 10
873.6401678959089
 20
1414.261458591957
 10
871.8223304703363
 20
1412.6138667875523
 10
870.1747386659315
 20
1410.7960293619797
 10
868.7132596924364
 20
1408.8254530833788
 10
867.4519683912911
 20
1406.7211156785386
 10
866.4030116872178
 20
1404.503283067016
 10
865.5764916066948
 20
1402.19331418925
 10
864.9803679899192
 20
1399.8134553082919
 10
864.6203818331951
 20
1397.3866257661275
 10
864.5
 20
1394.9361972578886
 10
864.5
 20
1289.9361972578886
 10
864.6203818331951
 20
1287.4857687496497
 10
864.9803679899192
 20
1285.0589392074853
 10
865.5764916066948
 20
1282.6790803265271
 10
866.4030116872178
 20
1280.3691114487613
 10
867.4519683912911
 20
1278.1512788372386
 10
868.7132596924364
 20
1276.0469414323986
 10
870.1747386659315
 20
1274.0763651537975
 10
871.8223304703363
 20
1272.2585277282249
 10
873.6401678959089
 20
1270.61093592382
 10
875.6107441745099
 20
1269.149456950325
 10
877.71508157935
 20
1267.8881656491797
 10
879.9329141908727
 20
1266.8392089451063
 10
882.2428830686384
 20
1266.0126888645834
 10
884.6227419495967
 20
1265.4165652478077
 10
887.049571491761
 20
1265.0565790910837
 10
889.5
 20
1264.9361972578886
 10
1044.0
 20
1264.9361972578886
 10
1046.450428508239
 20
1265.0565790910837
  0
TEXT
  5
C7
330
17
100
AcDbEntity
  8
TEXT
100
AcDbText
 10
592.5
 20
1342.4361972578886
 30
0.0
 40
10.0
  1
ПГ3
 72
1
 11
592.5
 21
1342.4361972578886
 31
0.0
100
AcDbText
 73
2
  0
LWPOLYLINE
  5
C8
330
17
100
AcDbEntity
  8
CUT_OUT
100
AcDbPolyline
 90
69
 70
1
 10
485.3854824867466
 20
116.27564004115754
 10
165.38548248674658
 20
116.27564004115754
 10
163.42513968015538
 20
116.3719455077136
 10
161.48367604642402
 20
116.65993443309293
 10
159.57978894165734
 20
117.13683332651337
 10
157.73181383944478
 20
117.7980493909318
 10
155.95754775022664
 20
118.63721475419044
 10
154.27407782635453
 20
119.64624779510663
 10
152.69761680347366
 20
120.8154309739028
 10
151.24334686301563
 20
122.1335044174266
 10
149.92527341949184
 20
123.58777435788463
 10
148.75609024069567
 20
125.16423538076549
 10
147.74705719977948
 20
126.8477053046376
 10
146.90789183652083
 20
128.62197139385574
 10
146.2466757721024
 20
130.4699464960683
 10
145.76977687868197
 20
132.37383360083498
 10
145.48178795330264
 20
134.31529723456632
 10
145.38548248674658
 20
136.27564004115754
 10
145.38548248674658
 20
456.27564004115754
 10
145.48178795330264
 20
458.2359828477488
 10
145.76977687868197
 20
460.1774464814801
 10
146.2466757721024
 20
462.0813335862468
 10
146.90789183652083
 20
463.92930868845934
 10
147.74705719977948
 20
465.7035747776775
 10
148.75609024069567
 20
467.3870447015496
 10
149.92527341949184
 20
468.96350572443043
 10
151.24334686301563
 20
470.4177756648885
 10
152.69761680347366
 20
471.73584910841225
 10
154.27407782635453
 20
472.9050322872084
 10
155.95754775022664
 20
473.91406532812465
 10
157.73181383944478
 20
474.7532306913833
 10
159.57978894165734
 20
475.4144467558017
 10
161.48367604642402
 20
475.89134564922216
 10
163.42513968015538
 20
476.1793345746015
 10
165.38548248674658
 20
476.27564004115754
 10
485.3854824867466
 20
476.27564004115754
 10
487.34582529333784
 20
476.1793345746015
 10
489.28728892706914
 20
475.89134564922216
 10
491.1911760318358
 20
475.4144467558017
 10
493.0391511340484
 20
474.7532306913833
 10
494.8134172232665
 20
473.91406532812465
 10
496.49688714713864
 20
472.9050322872084
 10
498.0733481700195
 20
471.73584910841225
 10
499.52761811047753
 20
470.4177756648885
 10
500.8456915540013
 20
468.96350572443043
 10
502.01487473279747
 20
467.3870447015496
 10
503.0239077737137
 20
465.7035747776775
 10
503.86307313697233
 20
463.92930868845934
 10
504.52428920139073
 20
462.0813335862468
 10
505.0011880948112
 20
460.1774464814801
 10
505.28917702019055
 20
458.23598284774874
 10
505.3854824867466
 20
456.27564004115754
 10
505.3854824867466
 20
136.27564004115754
 10
505.28917702019055
 20
134.31529723456632
 10
505.0011880948112
 20
132.37383360083498
 10
504.52428920139073
 20
130.4699464960683
 10
503.86307313697233
 20
128.62197139385574
 10
503.0239077737137
 20
126.8477053046376
 10
502.01487473279747
 20
125.16423538076549
 10
500.8456915540013
 20
123.58777435788463
 10
499.52761811047753
 20
122.1335044174266
 10
498.0733481700195
 20
120.8154309739028
 10
496.49688714713864
 20
119.64624779510663
 10
494.8134172232665
 20
118.63721475419044
 10
493.0391511340484
 20
117.7980493909318
 10
491.1911760318358
 20
117.13683332651337
 10
489.28728892706914
 20
116.65993443309293
 10
487.34582529333784
 20
116.3719455077136
 10
485.3854824867466
 20
116.27564004115754
  0
CIRCLE
  5
C9
330
17
100
AcDbEntity
  8
DRILL
100
AcDbCircle
 10
240.38548248674658
 20
211.27564004115754
 30
0.0
 40
4.0
  0
CIRCLE
  5
CA
330
17
100
AcDbEntity
  8
DRILL
100
AcDbCircle
 10
240.38548248674658
 20
381.27564004115754
 30
0.0
 40
4.0
  0
CIRCLE
  5
CB
330
17
100
AcDbEntity
  8
DRILL
100
AcDbCircle
 10
410.3854824867466
 20
211.27564004115754
 30
0.0
 40
4.0
  0
CIRCLE
  5
CC
330
17
100
AcDbEntity
  8
DRILL
100
AcDbCircle
 10
410.3854824867466
 20
381.27564004115754
 30
0.0
 40
4.0
  0
LWPOLYLINE
  5
CD
330
17
100
AcDbEntity
  8
MARK
100
AcDbPolyline
 90
5
 70
0
 10
227.88548248674658
 20
198.77564004115754
 10
422.8854824867466
 20
198.77564004115754
 10
422.8854824867466
 20
393.77564004115754
 10
227.88548248674658
 20
393.77564004115754
 10
227.88548248674658
 20
198.77564004115754
  0
TEXT
  5
CE
330
17
100
AcDbEntity
  8
TEXT
100
AcDbText
 10
325.3854824867466
 20
296.27564004115754
 30
0.0
 40
10.0
  1
П2
 72
1
 11
325.3854824867466
 21
296.27564004115754
 31
0.0
100
AcDbText
 73
2
  0
LWPOLYLINE
  5
CF
330
17
100
AcDbEntity
  8
CUT_OUT
100
AcDbPolyline
 90
182
 70
1
 10
14.0
 20
698.9985457794331
 10
13.609819355967716
 20
699.0369752186266
 10
13.23463313526986
 20
699.1507867144105
 10
12.88885953396084
 20
699.335606554828
 10
12.585786437626894
 20
699.58433221706
 10
12.337060775394889
 20
699.8874053133939
 10
12.152240934977385
 20
700.2331789147029
 10
12.038429439193578
 20
700.6083651354008
 10
12.0
 20
700.9985457794331
 10
12.0
 20
830.9512957218305
 10
12.038429439193578
 20
831.3414763658628
 10
12.152240934977385
 20
831.7166625865607
 10
12.337060775394889
 20
832.0624361878697
 10
12.585786437626894
 20
832.3655092842037
 10
12.88885953396084
 20
832.6142349464357
 10
13.23463313526986
 20
832.799054786853
 10
13.609819355967716
 20
832.912866282637
 10
14.0
 20
832.9512957218305
 10
38.606580093173534
 20
832.9512957218305
 10
38.995202785371816
 20
832.9817331199945
 10
39.374348039180745
 20
833.0723030300765
 10
43.972492412738006
 20
834.5586446569439
 10
44.00006282303059
 20
834.567337175087
 10
48.95154483548015
 20
836.0892084181578
 10
49.049241552441345
 20
836.1165443940997
 10
53.988364275647314
 20
837.3643673099373
 10
54.01161229347588
 20
837.37033975746
 10
58.98019564253036
 20
838.667986612412
 10
59.01990711493602
 20
838.6779250772603
 10
63.992540963661554
 20
839.8684681487327
 10
64.007449809592
 20
839.872077935634
 10
68.98294174863827
 20
841.0902375878503
 10
69.00001800741131
 20
841.0943390200683
 10
73.979943758726
 20
842.267332623746
 10
74.02017986271187
 20
842.2763732082713
 10
78.99006596509366
 20
843.3393449794303
 10
79.00000533211994
 20
843.341444453096
 10
83.97540943868876
 20
844.3791970051752
 10
84.0247235695391
 20
844.3888379838309
 10
88.97446335053917
 20
845.292117054863
 10
89.02565122895112
 20
845.3007734312994
 10
93.9710025108036
 20
846.0712006836952
 10
94.02912071541175
 20
846.0793832550669
 10
98.96476223820616
 20
846.7005703912589
 10
99.03537863963754
 20
846.7081868687414
 10
103.99160518199233
 20
847.1538781258986
 10
108.97057451628496
 20
847.6227577324947
 10
109.02951198252686
 20
847.6274302621376
 10
113.97406027876372
 20
847.945966640923
 10
114.02597661365252
 20
847.9486341754024
 10
118.9817674919729
 20
848.1387308324802
 10
119.0000028107496
 20
848.1393470239393
 10
123.97081178116719
 20
848.2846194878903
 10
124.02923708714087
 20
848.2854730485034
 10
173.79719046641395
 20
848.2854725179402
 10
174.20096282350534
 20
848.3127791977533
 10
178.54176171715346
 20
848.902603756251
 10
178.98669780182075
 20
849.0052335639051
 10
179.40547512879516
 20
849.1872405617646
 10
183.93401702589534
 20
851.6707952895545
 10
184.0685648756795
 20
851.7381299081744
 10
188.96654961341443
 20
853.9630565250825
 10
189.0339923626292
 20
853.9922102935029
 10
193.94996529656265
 20
856.0109128118427
 10
194.04926153519864
 20
856.053795802306
 10
198.97904633239705
 20
858.289108709633
 10
199.02116809089148
 20
858.30762682357
 10
203.99332917714065
 20
860.4256415709863
 10
208.8970884225052
 20
862.5355413290624
 10
209.09932600504374
 20
862.6316558624605
 10
213.9977476132794
 20
865.1879933527437
 10
214.00000074571608
 20
865.189167373878
 10
218.7682744480557
 20
867.6698827694548
 10
219.25491508003256
 20
867.8474376064323
 10
223.9979296898104
 20
868.9079679710158
 10
228.95745957148858
 20
870.0224346283635
 10
229.04224506996525
 20
870.0427857524369
 10
233.96332790211056
 20
871.2999062235035
 10
234.03700696659632
 20
871.3172496405216
 10
238.9609114731473
 20
872.3783741599623
 10
239.03940197178855
 20
872.3936539737846
 10
243.990555744622
 20
873.2551478634052
 10
244.0000038839844
 20
873.2567685079205
 10
248.92113672743272
 20
874.088757419265
 10
249.07974998645915
 20
874.1090896807248
 10
253.82370049619885
 20
874.5252667454761
 10
254.173257553415
 20
874.5768269902368
 10
258.64562587470016
 20
875.5085305072139
 10
259.00085559557755
 20
875.549872738334
 10
259.35776915051184
 20
875.527288474503
 10
263.9551916178045
 20
874.8196662175611
 10
264.0444613673733
 20
874.8038470391241
 10
268.70801163586617
 20
873.8679486135
 10
269.2978101396336
 20
873.8093513253439
 10
328.9899105248972
 20
873.8093513253439
 10
329.0100892468489
 20
873.8094191896454
 10
333.97168031282996
 20
873.8427928316048
 10
334.02831104390907
 20
873.8437084149043
 10
338.90129739409525
 20
873.9685138478212
 10
339.0985938573463
 20
873.9638267856284
 10
343.95560110772396
 20
873.6080967319572
 10
344.04447704598977
 20
873.6029120640793
 10
348.96918985859503
 20
873.3888917136344
 10
349.030831156054
 20
873.386847454231
 10
353.9454809465448
 20
873.2744191115164
 10
354.05439050714045
 20
873.2689541109555
 10
358.9849086619465
 20
872.8865570607785
 10
358.9999953546785
 20
872.8853295287441
 10
363.9725365624123
 20
872.461790310947
 10
364.000005295055
 20
872.4592597223561
 10
368.96595561724746
 20
871.9672058995391
 10
369.0339895216006
 20
871.9592861470252
 10
373.9531862192726
 20
871.301090273921
 10
374.046988039242
 20
871.2900395785557
 10
378.96443201213884
 20
870.7890703889988
 10
379.0354214541636
 20
870.7805536495525
 10
383.97234105057635
 20
870.0985394712955
 10
383.9999719816879
 20
870.0945256314367
 10
388.9450472432329
 20
869.3408905946562
 10
389.0545002110643
 20
869.3210810323494
 10
393.93500578262933
 20
868.2968476767601
 10
394.06553469873097
 20
868.2724576045853
 10
398.9483558231403
 20
867.471482665553
 10
399.0511481226107
 20
867.4518461247989
 10
403.96545519223173
 20
866.3790805947102
 10
403.9999306467625
 20
866.3712349096975
 10
408.96352757041666
 20
865.1954124913501
 10
409.0367971937077
 20
865.1790212426678
 10
413.9865820263312
 20
864.1365611070863
 10
413.999990154941
 20
864.1336892215808
 10
418.9758125163057
 20
863.050065224377
 10
418.9999843771129
 20
863.044644115265
 10
423.9765378853145
 20
861.8961187386169
 10
424.00002456369907
 20
861.8905488205171
 10
428.9723406088471
 20
860.6796138751852
 10
429.02751388504896
 20
860.6653415509476
 10
433.96775099592935
 20
859.3120113038099
 10
434.031940472376
 20
859.293268131086
 10
438.9585434374337
 20
857.7648781016626
 10
439.0408692700394
 20
857.7373658130537
 10
443.97844270465794
 20
855.9672771385974
 10
444.02137617195024
 20
855.9513286749267
 10
448.9601696759068
 20
854.0520872168088
 10
449.0391497191345
 20
854.0197643509664
 10
453.93892936379325
 20
851.891365725858
 10
454.0592042476852
 20
851.8342889894018
 10
458.9479938597737
 20
849.311633939501
 10
459.050370174233
 20
849.2549546766846
 10
463.95908319137334
 20
846.3465207697578
 10
464.0397297264222
 20
846.2961089141104
 10
468.9608044473504
 20
843.0547344860518
 10
469.0379519830045
 20
843.001282554618
 10
473.9693301612832
 20
839.4104266964418
 10
474.0298062609543
 20
839.3646098897634
 10
478.97325971746034
 20
835.4696752239827
 10
479.0260115776709
 20
835.426636943951
 10
483.96616218529664
 20
831.2541077107863
 10
484.03254744083415
 20
831.1954703665741
 10
488.35681104880257
 20
827.2019916191643
 10
488.72577913143755
 20
826.9200748144617
 10
489.0569137997114
 20
826.7535195435805
 10
489.41318019874643
 20
826.6512205713971
 10
489.8755078451768
 20
826.6080034965945
 10
517.0
 20
826.6080034965945
 10
517.3901806440323
 20
826.569574057401
 10
517.7653668647301
 20
826.4557625616171
 10
518.1111404660392
 20
826.2709427211996
 10
518.4142135623731
 20
826.0222170589676
 10
518.6629392246051
 20
825.7191439626338
 10
518.8477590650225
 20
825.3733703613248
 10
518.9615705608064
 20
824.9981841406268
 10
519.0
 20
824.6080034965945
 10
519.0
 20
700.9985457794331
 10
518.9615705608064
 20
700.6083651354008
 10
518.8477590650225
 20
700.2331789147029
 10
518.6629392246051
 20
699.8874053133939
 10
518.4142135623731
 20
699.58433221706
 10
518.1111404660392
 20
699.335606554828
 10
517.7653668647301
 20
699.1507867144105
 10
517.3901806440323
 20
699.0369752186266
 10
517.0
 20
698.9985457794331
 10
14.0
 20
698.9985457794331
  0
TEXT
  5
D0
330
17
100
AcDbEntity
  8
TEXT
100
AcDbText
 10
265.5
 20
762.8032746380138
 30
0.0
 40
10.0
  1
БС
 72
1
 11
265.5
 21
762.8032746380138
 31
0.0
100
AcDbText
 73
2
  0
LWPOLYLINE
  5
D1
330
17
100
AcDbEntity
  8
CUT_OUT
100
AcDbPolyline
 90
182
 70
1
 10
14.0
 20
889.549872738334
 10
13.609819355967716
 20
889.5883021775276
 10
13.23463313526986
 20
889.7021136733115
 10
12.88885953396084
 20
889.8869335137289
 10
12.585786437626894
 20
890.1356591759609
 10
12.337060775394889
 20
890.4387322722948
 10
12.152240934977385
 20
890.7845058736038
 10
12.038429439193578
 20
891.1596920943017
 10
12.0
 20
891.549872738334
 10
12.0
 20
1021.5026226807314
 10
12.038429439193578
 20
1021.8928033247637
 10
12.152240934977385
 20
1022.2679895454617
 10
12.337060775394889
 20
1022.6137631467707
 10
12.585786437626894
 20
1022.9168362431045
 10
12.88885953396084
 20
1023.1655619053365
 10
13.23463313526986
 20
1023.350381745754
 10
13.609819355967716
 20
1023.4641932415379
 10
14.0
 20
1023.5026226807314
 10
38.606580093173534
 20
1023.5026226807314
 10
38.995202785371816
 20
1023.5330600788955
 10
39.374348039180745
 20
1023.6236299889773
 10
43.972492412738006
 20
1025.1099716158446
 10
44.00006282303059
 20
1025.118664133988
 10
48.95154483548015
 20
1026.6405353770585
 10
49.049241552441345
 20
1026.6678713530007
 10
53.988364275647314
 20
1027.9156942688383
 10
54.01161229347588
 20
1027.921666716361
 10
58.98019564253036
 20
1029.2193135713128
 10
59.01990711493602
 20
1029.2292520361611
 10
63.992540963661554
 20
1030.4197951076337
 10
64.007449809592
 20
1030.4234048945348
 10
68.98294174863827
 20
1031.6415645467512
 10
69.00001800741131
 20
1031.6456659789692
 10
73.979943758726
 20
1032.818659582647
 10
74.02017986271187
 20
1032.827700167172
 10
78.99006596509366
 20
1033.8906719383313
 10
79.00000533211994
 20
1033.8927714119968
 10
83.97540943868876
 20
1034.9305239640762
 10
84.0247235695391
 20
1034.9401649427318
 10
88.97446335053917
 20
1035.8434440137637
 10
89.02565122895112
 20
1035.8521003902003
 10
93.9710025108036
 20
1036.622527642596
 10
94.02912071541175
 20
1036.6307102139676
 10
98.96476223820616
 20
1037.2518973501599
 10
99.03537863963754
 20
1037.2595138276424
 10
103.99160518199233
 20
1037.7052050847994
 10
108.97057451628496
 20
1038.1740846913956
 10
109.02951198252686
 20
1038.1787572210385
 10
113.97406027876372
 20
1038.4972935998237
 10
114.02597661365252
 20
1038.4999611343032
 10
118.9817674919729
 20
1038.690057791381
 10
119.0000028107496
 20
1038.69067398284
 10
123.97081178116719
 20
1038.8359464467912
 10
124.02923708714087
 20
1038.8368000074042
 10
173.79719046641395
 20
1038.8367994768412
 10
174.20096282350534
 20
1038.8641061566543
 10
178.54176171715346
 20
1039.453930715152
 10
178.98669780182075
 20
1039.556560522806
 10
179.40547512879516
 20
1039.7385675206654
 10
183.93401702589534
 20
1042.2221222484554
 10
184.0685648756795
 20
1042.2894568670754
 10
188.96654961341443
 20
1044.5143834839832
 10
189.0339923626292
 20
1044.5435372524037
 10
193.94996529656265
 20
1046.5622397707434
 10
194.04926153519864
 20
1046.6051227612068
 10
198.97904633239705
 20
1048.8404356685337
 10
199.02116809089148
 20
1048.858953782471
 10
203.99332917714065
 20
1050.976968529887
 10
208.8970884225052
 20
1053.0868682879634
 10
209.09932600504374
 20
1053.1829828213613
 10
213.9977476132794
 20
1055.7393203116444
 10
214.00000074571608
 20
1055.740494332779
 10
218.7682744480557
 20
1058.2212097283557
 10
219.25491508003256
 20
1058.3987645653333
 10
223.9979296898104
 20
1059.4592949299167
 10
228.95745957148858
 20
1060.5737615872645
 10
229.04224506996525
 20
1060.5941127113379
 10
233.96332790211056
 20
1061.8512331824043
 10
234.03700696659632
 20
1061.8685765994223
 10
238.9609114731473
 20
1062.9297011188632
 10
239.03940197178855
 20
1062.9449809326854
 10
243.990555744622
 20
1063.8064748223062
 10
244.0000038839844
 20
1063.8080954668212
 10
248.92113672743272
 20
1064.6400843781657
 10
249.07974998645915
 20
1064.6604166396257
 10
253.82370049619885
 20
1065.076593704377
 10
254.173257553415
 20
1065.1281539491376
 10
258.64562587470016
 20
1066.0598574661149
 10
259.00085559557755
 20
1066.1011996972347
 10
259.35776915051184
 20
1066.078615433404
 10
263.9551916178045
 20
1065.370993176462
 10
264.0444613673733
 20
1065.3551739980248
 10
268.70801163586617
 20
1064.419275572401
 10
269.2978101396336
 20
1064.3606782842446
 10
328.9899105248972
 20
1064.3606782842446
 10
329.0100892468489
 20
1064.3607461485462
 10
333.97168031282996
 20
1064.3941197905056
 10
334.02831104390907
 20
1064.395035373805
 10
338.90129739409525
 20
1064.519840806722
 10
339.0985938573463
 20
1064.5151537445292
 10
343.95560110772396
 20
1064.1594236908581
 10
344.04447704598977
 20
1064.1542390229802
 10
348.96918985859503
 20
1063.9402186725351
 10
349.030831156054
 20
1063.938174413132
 10
353.9454809465448
 20
1063.8257460704172
 10
354.05439050714045
 20
1063.8202810698565
 10
358.9849086619465
 20
1063.4378840196794
 10
358.9999953546785
 20
1063.436656487645
 10
363.9725365624123
 20
1063.0131172698477
 10
364.000005295055
 20
1063.0105866812569
 10
368.96595561724746
 20
1062.51853285844
 10
369.0339895216006
 20
1062.510613105926
 10
373.9531862192726
 20
1061.8524172328218
 10
374.046988039242
 20
1061.8413665374565
 10
378.96443201213884
 20
1061.3403973478996
 10
379.0354214541636
 20
1061.3318806084535
 10
383.97234105057635
 20
1060.6498664301964
 10
383.9999719816879
 20
1060.6458525903374
 10
388.9450472432329
 20
1059.892217553557
 10
389.0545002110643
 20
1059.8724079912502
 10
393.93500578262933
 20
1058.848174635661
 10
394.06553469873097
 20
1058.823784563486
 10
398.9483558231403
 20
1058.0228096244539
 10
399.0511481226107
 20
1058.0031730836997
 10
403.96545519223173
 20
1056.930407553611
 10
403.9999306467625
 20
1056.9225618685985
 10
408.96352757041666
 20
1055.746739450251
 10
409.0367971937077
 20
1055.7303482015686
 10
413.9865820263312
 20
1054.6878880659872
 10
413.999990154941
 20
1054.6850161804816
 10
418.9758125163057
 20
1053.601392183278
 10
418.9999843771129
 20
1053.5959710741658
 10
423.9765378853145
 20
1052.4474456975177
 10
424.00002456369907
 20
1052.4418757794178
 10
428.9723406088471
 20
1051.230940834086
 10
429.02751388504896
 20
1051.2166685098484
 10
433.96775099592935
 20
1049.8633382627106
 10
434.031940472376
 20
1049.844595089987
 10
438.9585434374337
 20
1048.3162050605633
 10
439.0408692700394
 20
1048.2886927719546
 10
443.97844270465794
 20
1046.5186040974982
 10
444.02137617195024
 20
1046.5026556338275
 10
448.9601696759068
 20
1044.6034141757095
 10
449.0391497191345
 20
1044.5710913098671
 10
453.93892936379325
 20
1042.4426926847589
 10
454.0592042476852
 20
1042.3856159483028
 10
458.9479938597737
 20
1039.862960898402
 10
459.050370174233
 20
1039.8062816355855
 10
463.95908319137334
 20
1036.8978477286587
 10
464.0397297264222
 20
1036.8474358730114
 10
468.9608044473504
 20
1033.6060614449525
 10
469.0379519830045
 20
1033.5526095135187
 10
473.9693301612832
 20
1029.9617536553426
 10
474.0298062609543
 20
1029.9159368486642
 10
478.97325971746034
 20
1026.0210021828834
 10
479.0260115776709
 20
1025.977963902852
 10
483.96616218529664
 20
1021.8054346696872
 10
484.03254744083415
 20
1021.746797325475
 10
488.35681104880257
 20
1017.7533185780652
 10
488.72577913143755
 20
1017.4714017733626
 10
489.0569137997114
 20
1017.3048465024814
 10
489.41318019874643
 20
1017.2025475302978
 10
489.8755078451768
 20
1017.1593304554954
 10
517.0
 20
1017.1593304554954
 10
517.3901806440323
 20
1017.1209010163018
 10
517.7653668647301
 20
1017.0070895205179
 10
518.1111404660392
 20
1016.8222696801005
 10
518.4142135623731
 20
1016.5735440178685
 10
518.6629392246051
 20
1016.2704709215345
 10
518.8477590650225
 20
1015.9246973202255
 10
518.9615705608064
 20
1015.5495110995276
 10
519.0
 20
1015.1593304554954
 10
519.0
 20
891.549872738334
 10
518.9615705608064
 20
891.1596920943017
 10
518.8477590650225
 20
890.7845058736038
 10
518.6629392246051
 20
890.4387322722948
 10
518.4142135623731
 20
890.1356591759609
 10
518.1111404660392
 20
889.8869335137289
 10
517.7653668647301
 20
889.7021136733115
 10
517.3901806440323
 20
889.5883021775276
 10
517.0
 20
889.549872738334
 10
14.0
 20
889.549872738334
  0
TEXT
  5
D2
330
17
100
AcDbEntity
  8
TEXT
100
AcDbText
 10
265.5
 20
953.3546015969147
 30
0.0
 40
10.0
  1
БС
 72
1
 11
265.5
 21
953.3546015969147
 31
0.0
100
AcDbText
 73
2
  0
LWPOLYLINE
  5
D3
330
17
100
AcDbEntity
  8
CUT_OUT
100
AcDbPolyline
 90
5
 70
1
 10
72.0
 20
1150.1011996972347
 10
12.0
 20
1150.1011996972347
 10
12.0
 20
1080.1011996972347
 10
72.0
 20
1080.1011996972347
 10
72.0
 20
1150.1011996972347
  0
TEXT
  5
D4
330
17
100
AcDbEntity
  8
TEXT
100
AcDbText
 10
42.0
 20
1115.1011996972347
 30
0.0
 40
6.0
  1
ПР1
 72
1
 11
42.0
 21
1115.1011996972347
 31
0.0
100
AcDbText
 73
2
  0
LWPOLYLINE
  5
D5
330
17
100
AcDbEntity
  8
CUT_OUT
100
AcDbPolyline
 90
5
 70
1
 10
146.0
 20
1150.1011996972347
 10
86.0
 20
1150.1011996972347
 10
86.0
 20
1080.1011996972347
 10
146.0
 20
1080.1011996972347
 10
146.0
 20
1150.1011996972347
  0
TEXT
  5
D6
330
17
100
AcDbEntity
  8
TEXT
100
AcDbText
 10
116.0
 20
1115.1011996972347
 30
0.0
 40
6.0
  1
ПР1
 72
1
 11
116.0
 21
1115.1011996972347
 31
0.0
100
AcDbText
 73
2
  0
LWPOLYLINE
  5
D7
330
17
100
AcDbEntity
  8
CUT_OUT
100
AcDbPolyline
 90
5
 70
1
 10
220.0
 20
1150.1011996972347
 10
160.0
 20
1150.1011996972347
 10
160.0
 20
1080.1011996972347
 10
220.0
 20
1080.1011996972347
 10
220.0
 20
1150.1011996972347
  0
TEXT
  5
D8
330
17
100
AcDbEntity
  8
TEXT
100
AcDbText
 10
190.0
 20
1115.1011996972347
 30
0.0
 40
6.0
  1
ПР1
 72
1
 11
190.0
 21
1115.1011996972347
 31
0.0
100
AcDbText
 73
2
  0
LWPOLYLINE
  5
D9
330
17
100
AcDbEntity
  8
CUT_OUT
100
AcDbPolyline
 90
5
 70
1
 10
294.0
 20
1150.1011996972347
 10
234.0
 20
1150.1011996972347
 10
234.0
 20
1080.1011996972347
 10
294.0
 20
1080.1011996972347
 10
294.0
 20
1150.1011996972347
  0
TEXT
  5
DA
330
17
100
AcDbEntity
  8
TEXT
100
AcDbText
 10
264.0
 20
1115.1011996972347
 30
0.0
 40
6.0
  1
ПР1
 72
1
 11
264.0
 21
1115.1011996972347
 31
0.0
100
AcDbText
 73
2
  0
LWPOLYLINE
  5
DB
330
17
100
AcDbEntity
  8
CUT_OUT
100
AcDbPolyline
 90
5
 70
1
 10
368.0
 20
1150.1011996972347
 10
308.0
 20
1150.1011996972347
 10
308.0
 20
1080.1011996972347
 10
368.0
 20
1080.1011996972347
 10
368.0
 20
1150.1011996972347
  0
TEXT
  5
DC
330
17
100
AcDbEntity
  8
TEXT
100
AcDbText
 10
338.0
 20
1115.1011996972347
 30
0.0
 40
6.0
  1
ПР2
 72
1
 11
338.0
 21
1115.1011996972347
 31
0.0
100
AcDbText
 73
2
  0
LWPOLYLINE
  5
DD
330
17
100
AcDbEntity
  8
CUT_OUT
100
AcDbPolyline
 90
5
 70
1
 10
442.0
 20
1150.1011996972347
 10
382.0
 20
1150.1011996972347
 10
382.0
 20
1080.1011996972347
 10
442.0
 20
1080.1011996972347
 10
442.0
 20
1150.1011996972347
  0
TEXT
  5
DE
330
17
100
AcDbEntity
  8
TEXT
100
AcDbText
 10
412.0
 20
1115.1011996972347
 30
0.0
 40
6.0
  1
ПР2
 72
1
 11
412.0
 21
1115.1011996972347
 31
0.0
100
AcDbText
 73
2
  0
LWPOLYLINE
  5
DF
330
17
100
AcDbEntity
  8
CUT_OUT
100
AcDbPolyline
 90
5
 70
1
 10
516.0
 20
1150.1011996972347
 10
456.0
 20
1150.1011996972347
 10
456.0
 20
1080.1011996972347
 10
516.0
 20
1080.1011996972347
 10
516.0
 20
1150.1011996972347
  0
TEXT
  5
E0
330
17
100
AcDbEntity
  8
TEXT
100
AcDbText
 10
486.0
 20
1115.1011996972347
 30
0.0
 40
6.0
  1
ПР2
 72
1
 11
486.0
 21
1115.1011996972347
 31
0.0
100
AcDbText
 73
2
  0
LWPOLYLINE
  5
E1
330
17
100
AcDbEntity
  8
CUT_OUT
100
AcDbPolyline
 90
5
 70
1
 10
590.0
 20
1150.1011996972347
 10
530.0
 20
1150.1011996972347
 10
530.0
 20
1080.1011996972347
 10
590.0
 20
1080.1011996972347
 10
590.0
 20
1150.1011996972347
  0
TEXT
  5
E2
330
17
100
AcDbEntity
  8
TEXT
100
AcDbText
 10
560.0
 20
1115.1011996972347
 30
0.0
 40
6.0
  1
ПР2
 72
1
 11
560.0
 21
1115.1011996972347
 31
0.0
100
AcDbText
 73
2
  0
LWPOLYLINE
  5
E3
330
17
100
AcDbEntity
  8
CUT_OUT
100
AcDbPolyline
 90
5
 70
1
 10
674.0
 20
698.9985457794331
 10
674.0
 20
758.9985457794331
 10
604.0
 20
758.9985457794331
 10
604.0
 20
698.9985457794331
 10
674.0
 20
698.9985457794331
  0
TEXT
  5
E4
330
17
100
AcDbEntity
  8
TEXT
100
AcDbText
 10
639.0
 20
728.9985457794331
 30
0.0
 40
6.0
  1
ПР3
 72
1
 11
639.0
 21
728.9985457794331
 31
0.0
100
AcDbText
 73
2
  0
LWPOLYLINE
  5
E5
330
17
100
AcDbEntity
  8
CUT_OUT
100
AcDbPolyline
 90
5
 70
1
 10
674.0
 20
772.9985457794331
 10
674.0
 20
832.9985457794331
 10
604.0
 20
832.9985457794331
 10
604.0
 20
772.9985457794331
 10
674.0
 20
772.9985457794331
  0
TEXT
  5
E6
330
17
100
AcDbEntity
  8
TEXT
100
AcDbText
 10
639.0
 20
802.9985457794331
 30
0.0
 40
6.0
  1
ПР3
 72
1
 11
639.0
 21
802.9985457794331
 31
0.0
100
AcDbText
 73
2
  0
LWPOLYLINE
  5
E7
330
17
100
AcDbEntity
  8
CUT_OUT
100
AcDbPolyline
 90
5
 70
1
 10
674.0
 20
846.9985457794331
 10
674.0
 20
906.9985457794331
 10
604.0
 20
906.9985457794331
 10
604.0
 20
846.9985457794331
 10
674.0
 20
846.9985457794331
  0
TEXT
  5
E8
330
17
100
AcDbEntity
  8
TEXT
100
AcDbText
 10
639.0
 20
876.9985457794331
 30
0.0
 40
6.0
  1
ПР3
 72
1
 11
639.0
 21
876.9985457794331
 31
0.0
100
AcDbText
 73
2
  0
LWPOLYLINE
  5
E9
330
17
100
AcDbEntity
  8
CUT_OUT
100
AcDbPolyline
 90
5
 70
1
 10
674.0
 20
920.9985457794331
 10
674.0
 20
980.9985457794331
 10
604.0
 20
980.9985457794331
 10
604.0
 20
920.9985457794331
 10
674.0
 20
920.9985457794331
  0
TEXT
  5
EA
330
17
100
AcDbEntity
  8
TEXT
100
AcDbText
 10
639.0
 20
950.9985457794331
 30
0.0
 40
6.0
  1
ПР3
 72
1
 11
639.0
 21
950.9985457794331
 31
0.0
100
AcDbText
 73
2
  0
ENDSEC
  0
SECTION
  2
OBJECTS
  0
DICTIONARY
  5
A
330
0
100
AcDbDictionary
281
1
  3
ACAD_COLOR
350
B
  3
ACAD_GROUP
350
C
  3
ACAD_LAYOUT
350
D
  3
ACAD_MATERIAL
350
E
  3
ACAD_MLEADERSTYLE
350
F
  3
ACAD_MLINESTYLE
350
10
  3
ACAD_PLOTSETTINGS
350
11
  3
ACAD_PLOTSTYLENAME
350
12
  3
ACAD_SCALELIST
350
14
  3
ACAD_TABLESTYLE
350
15
  3
ACAD_VISUALSTYLE
350
16
  3
EZDXF_META
350
2D
  0
DICTIONARY
  5
B
330
A
100
AcDbDictionary
281
1
  0
DICTIONARY
  5
C
330
A
100
AcDbDictionary
281
1
  0
DICTIONARY
  5
D
330
A
100
AcDbDictionary
281
1
  3
Model
350
1A
  3
Layout1
350
1E
  0
DICTIONARY
  5
E
330
A
100
AcDbDictionary
281
1
  3
ByBlock
350
1F
  3
ByLayer
350
20
  3
Global
350
21
  0
DICTIONARY
  5
F
330
A
100
AcDbDictionary
281
1
  3
Standard
350
2C
  0
DICTIONARY
  5
10
330
A
100
AcDbDictionary
281
1
  3
Standard
350
22
  0
DICTIONARY
  5
11
330
A
100
AcDbDictionary
281
1
  0
ACDBDICTIONARYWDFLT
  5
12
330
A
100
AcDbDictionary
281
1
  3
Normal
350
13
100
AcDbDictionaryWithDefault
340
13
  0
ACDBPLACEHOLDER
  5
13
330
12
  0
DICTIONARY
  5
14
330
A
100
AcDbDictionary
281
1
  0
DICTIONARY
  5
15
330
A
100
AcDbDictionary
281
1
  0
DICTIONARY
  5
16
330
A
100
AcDbDictionary
281
1
  3
2dWireframe
350
5A
  3
Basic
350
5B
  3
Brighten
350
5C
  3
ColorChange
350
5D
  3
Conceptual
350
5E
  3
Dim
350
5F
  3
EdgeColorOff
350
60
  3
Facepattern
350
61
  3
Flat
350
62
  3
FlatWithEdges
350
63
  3
Gouraud
350
64
  3
GouraudWithEdges
350
65
  3
Hidden
350
66
  3
JitterOff
350
67
  3
Linepattern
350
68
  3
Modeling
350
69
  3
OverhangOff
350
6A
  3
Realistic
350
6B
  3
Shaded
350
6C
  3
Shaded with edges
350
6D
  3
Shades of Gray
350
6E
  3
Sketchy
350
6F
  3
Thicken
350
70
  3
Wireframe
350
71
  3
X-Ray
350
72
  0
LAYOUT
  5
1A
330
D
100
AcDbPlotSettings
  1

  4
A3
  6

 40
7.5
 41
20.0
 42
7.5
 43
20.0
 44
420.0
 45
297.0
 46
0.0
 47
0.0
 48
0.0
 49
0.0
140
0.0
141
0.0
142
1.0
143
1.0
 70
1024
 72
1
 73
0
 74
5
  7

 75
16
 76
0
 77
2
 78
300
147
1.0
148
0.0
149
0.0
100
AcDbLayout
  1
Model
 70
1
 71
0
 10
0.0
 20
0.0
 11
420.0
 21
297.0
 12
0.0
 22
0.0
 32
0.0
 14
1e+20
 24
1e+20
 34
1e+20
 15
-1e+20
 25
-1e+20
 35
-1e+20
146
0.0
 13
0.0
 23
0.0
 33
0.0
 16
1.0
 26
0.0
 36
0.0
 17
0.0
 27
1.0
 37
0.0
 76
1
330
17
  0
LAYOUT
  5
1E
330
D
100
AcDbPlotSettings
  1

  4
A3
  6

 40
7.5
 41
20.0
 42
7.5
 43
20.0
 44
420.0
 45
297.0
 46
0.0
 47
0.0
 48
0.0
 49
0.0
140
0.0
141
0.0
142
1.0
143
1.0
 70
0
 72
1
 73
0
 74
5
  7

 75
16
 76
0
 77
2
 78
300
147
1.0
148
0.0
149
0.0
100
AcDbLayout
  1
Layout1
 70
1
 71
1
 10
0.0
 20
0.0
 11
420.0
 21
297.0
 12
0.0
 22
0.0
 32
0.0
 14
1e+20
 24
1e+20
 34
1e+20
 15
-1e+20
 25
-1e+20
 35
-1e+20
146
0.0
 13
0.0
 23
0.0
 33
0.0
 16
1.0
 26
0.0
 36
0.0
 17
0.0
 27
1.0
 37
0.0
 76
1
330
1B
  0
MATERIAL
  5
1F
102
{ACAD_REACTORS
330
E
102
}
330
E
100
AcDbMaterial
  1
ByBlock
  2

 70
0
 40
1.0
 71
1
 41
1.0
 91
-1023410177
 42
1.0
 72
1
  3

 73
1
 74
1
 75
1
 44
0.5
 73
0
 45
1.0
 46
1.0
 77
1
  4

 78
1
 79
1
170
1
 48
1.0
171
1
  6

172
1
173
1
174
1
140
1.0
141
1.0
175
1
  7

176
1
177
1
178
1
143
1.0
179
1
  8

270
1
271
1
272
1
145
1.0
146
1.0
273
1
  9

274
1
275
1
276
1
 42
1.0
 72
1
  3

 73
1
 74
1
 75
1
 94
63
  0
MATERIAL
  5
20
102
{ACAD_REACTORS
330
E
102
}
330
E
100
AcDbMaterial
  1
ByLayer
  2

 70
0
 40
1.0
 71
1
 41
1.0
 91
-1023410177
 42
1.0
 72
1
  3

 73
1
 74
1
 75
1
 44
0.5
 73
0
 45
1.0
 46
1.0
 77
1
  4

 78
1
 79
1
170
1
 48
1.0
171
1
  6

172
1
173
1
174
1
140
1.0
141
1.0
175
1
  7

176
1
177
1
178
1
143
1.0
179
1
  8

270
1
271
1
272
1
145
1.0
146
1.0
273
1
  9

274
1
275
1
276
1
 42
1.0
 72
1
  3

 73
1
 74
1
 75
1
 94
63
  0
MATERIAL
  5
21
102
{ACAD_REACTORS
330
E
102
}
330
E
100
AcDbMaterial
  1
Global
  2

 70
0
 40
1.0
 71
1
 41
1.0
 91
-1023410177
 42
1.0
 72
1
  3

 73
1
 74
1
 75
1
 44
0.5
 73
0
 45
1.0
 46
1.0
 77
1
  4

 78
1
 79
1
170
1
 48
1.0
171
1
  6

172
1
173
1
174
1
140
1.0
141
1.0
175
1
  7

176
1
177
1
178
1
143
1.0
179
1
  8

270
1
271
1
272
1
145
1.0
146
1.0
273
1
  9

274
1
275
1
276
1
 42
1.0
 72
1
  3

 73
1
 74
1
 75
1
 94
63
  0
MLINESTYLE
  5
22
102
{ACAD_REACTORS
330
10
102
}
330
10
100
AcDbMlineStyle
  2
Standard
 70
0
  3

 62
256
 51
90.0
 52
90.0
 71
2
 49
0.5
 62
256
  6
BYLAYER
 49
-0.5
 62
256
  6
BYLAYER
  0
MLEADERSTYLE
  5
2C
102
{ACAD_REACTORS
330
F
102
}
330
F
100
AcDbMLeaderStyle
179
2
170
2
171
1
172
0
 90
2
 40
0.0
 41
0.0
173
1
 91
-1056964608
 92
-2
290
1
 42
2.0
291
1
 43
8.0
  3
Standard
 44
4.0
300

342
29
174
1
175
1
176
0
178
1
 93
-1056964608
 45
4.0
292
0
297
0
 46
4.0
 94
-1056964608
 47
1.0
 49
1.0
140
1.0
294
1
141
0.0
177
0
142
1.0
295
0
296
0
143
3.75
271
0
272
9
273
9
  0
DICTIONARY
  5
2D
330
A
100
AcDbDictionary
280
1
281
1
  3
CREATED_BY_EZDXF
350
2E
  3
WRITTEN_BY_EZDXF
350
ED
  0
DICTIONARYVAR
  5
2E
330
2D
100
DictionaryVariables
280
0
  1
1.4.4 @ 2026-09-30T15:12:54.969108+00:00
  0
VISUALSTYLE
  5
5A
102
{ACAD_REACTORS
330
16
102
}
330
16
100
AcDbVisualStyle
  2
2dWireframe
 70
4
 90
0
 40
0.6
 62
7
290
0
291
0
  0
VISUALSTYLE
  5
5B
102
{ACAD_REACTORS
330
16
102
}
330
16
100
AcDbVisualStyle
  2
Basic
 70
7
 90
1
 40
0.6
 62
7
290
0
291
1
  0
VISUALSTYLE
  5
5C
102
{ACAD_REACTORS
330
16
102
}
330
16
100
AcDbVisualStyle
  2
Brighten
 70
12
 90
2
 40
0.6
 62
7
290
0
291
1
  0
VISUALSTYLE
  5
5D
102
{ACAD_REACTORS
330
16
102
}
330
16
100
AcDbVisualStyle
  2
ColorChange
 70
16
 90
2
 40
0.6
 62
8
290
0
291
1
  0
VISUALSTYLE
  5
5E
102
{ACAD_REACTORS
330
16
102
}
330
16
100
AcDbVisualStyle
  2
Conceptual
 70
9
 90
3
 40
0.6
 62
7
290
0
291
0
  0
VISUALSTYLE
  5
5F
102
{ACAD_REACTORS
330
16
102
}
330
16
100
AcDbVisualStyle
  2
Dim
 70
11
 90
2
 40
0.6
 62
7
290
0
291
1
  0
VISUALSTYLE
  5
60
102
{ACAD_REACTORS
330
16
102
}
330
16
100
AcDbVisualStyle
  2
EdgeColorOff
 70
22
 90
2
 40
0.6
 62
7
290
0
291
1
  0
VISUALSTYLE
  5
61
102
{ACAD_REACTORS
330
16
102
}
330
16
100
AcDbVisualStyle
  2
Facepattern
 70
15
 90
2
 40
0.6
 62
7
290
0
291
1
  0
VISUALSTYLE
  5
62
102
{ACAD_REACTORS
330
16
102
}
330
16
100
AcDbVisualStyle
  2
Flat
 70
0
 90
2
 40
0.6
 62
7
290
0
291
1
  0
VISUALSTYLE
  5
63
102
{ACAD_REACTORS
330
16
102
}
330
16
100
AcDbVisualStyle
  2
FlatWithEdges
 70
1
 90
2
 40
0.6
 62
7
290
0
291
1
  0
VISUALSTYLE
  5
64
102
{ACAD_REACTORS
330
16
102
}
330
16
100
AcDbVisualStyle
  2
Gouraud
 70
2
 90
2
 40
0.6
 62
7
290
0
291
1
  0
VISUALSTYLE
  5
65
102
{ACAD_REACTORS
330
16
102
}
330
16
100
AcDbVisualStyle
  2
GouraudWithEdges
 70
3
 90
2
 40
0.6
 62
7
290
0
291
1
  0
VISUALSTYLE
  5
66
102
{ACAD_REACTORS
330
16
102
}
330
16
100
AcDbVisualStyle
  2
Hidden
 70
6
 90
1
 40
0.6
 62
7
290
0
291
0
  0
VISUALSTYLE
  5
67
102
{ACAD_REACTORS
330
16
102
}
330
16
100
AcDbVisualStyle
  2
JitterOff
 70
20
 90
2
 40
0.6
 62
7
290
0
291
1
  0
VISUALSTYLE
  5
68
102
{ACAD_REACTORS
330
16
102
}
330
16
100
AcDbVisualStyle
  2
Linepattern
 70
14
 90
2
 40
0.6
 62
7
290
0
291
1
  0
VISUALSTYLE
  5
69
102
{ACAD_REACTORS
330
16
102
}
330
16
100
AcDbVisualStyle
  2
Modeling
 70
10
 90
2
 40
0.6
 62
7
290
0
291
0
  0
VISUALSTYLE
  5
6A
102
{ACAD_REACTORS
330
16
102
}
330
16
100
AcDbVisualStyle
  2
OverhangOff
 70
21
 90
2
 40
0.6
 62
7
290
0
291
1
  0
VISUALSTYLE
  5
6B
102
{ACAD_REACTORS
330
16
102
}
330
16
100
AcDbVisualStyle
  2
Realistic
 70
8
 90
2
 40
0.6
 62
7
290
0
291
0
  0
VISUALSTYLE
  5
6C
102
{ACAD_REACTORS
330
16
102
}
330
16
100
AcDbVisualStyle
  2
Shaded
 70
27
 90
2
 40
0.6
 62
7
290
0
291
0
  0
VISUALSTYLE
  5
6D
102
{ACAD_REACTORS
330
16
102
}
330
16
100
AcDbVisualStyle
  2
Shaded with edges
 70
26
 90
2
 40
0.6
 62
7
290
0
291
0
  0
VISUALSTYLE
  5
6E
102
{ACAD_REACTORS
330
16
102
}
330
16
100
AcDbVisualStyle
  2
Shades of Gray
 70
23
 90
2
 40
0.6
 62
7
290
0
291
0
  0
VISUALSTYLE
  5
6F
102
{ACAD_REACTORS
330
16
102
}
330
16
100
AcDbVisualStyle
  2
Sketchy
 70
24
 90
1
 40
0.6
 62
7
290
0
291
0
  0
VISUALSTYLE
  5
70
102
{ACAD_REACTORS
330
16
102
}
330
16
100
AcDbVisualStyle
  2
Thicken
 70
13
 90
2
 40
0.6
 62
7
290
0
291
1
  0
VISUALSTYLE
  5
71
102
{ACAD_REACTORS
330
16
102
}
330
16
100
AcDbVisualStyle
  2
Wireframe
 70
5
 90
0
 40
0.6
 62
7
290
0
291
0
  0
VISUALSTYLE
  5
72
102
{ACAD_REACTORS
330
16
102
}
330
16
100
AcDbVisualStyle
  2
X-Ray
 70
25
 90
2
 40
0.5
 62
7
290
0
291
0
  0
DICTIONARYVAR
  5
ED
330
2D
100
DictionaryVariables
280
0
  1
1.4.4 @ 2026-09-30T15:12:55.006334+00:00
  0
ENDSEC
  0
EOF
